id,split,target_f1_pred,target_f2_pred,target_f3_pred,target_f4_pred,target_f5_pred
ishika__ds1-000001,validation,0,0,0,0,0
ishika__ds1-000003,train,-1,-1,-1,-1,-1
ishika__ds1-000004,test,0,0,0,0,0
ishika__ds1-000005,train,-1,-1,-1,-1,-1
ishika__ds1-000006,test,0,0,0,0,0
ishika__ds1-000007,validation,0,0,0,0,0
ishika__ds1-000008,train,-1,-1,-1,-1,-1
ishika__ds1-000009,test,0,0,0,0,0
ishika__ds1-000010,train,-1,-1,-1,-1,-1
ishika__ds1-000011,train,-1,-1,-1,-1,-1
ishika__ds1-000013,train,-1,-1,-1,-1,-1
ishika__ds1-000015,train,-1,-1,-1,-1,-1
ishika__ds1-000016,validation,2,0,2,0,0
ishika__ds1-000017,train,-1,-1,-1,-1,-1
ishika__ds1-000018,validation,0,0,0,0,0
ishika__ds1-000019,train,-1,-1,-1,-1,-1
ishika__ds1-000020,train,-1,-1,-1,-1,-1
ishika__ds1-000021,train,-1,-1,-1,-1,-1
ishika__ds1-000022,train,-1,-1,-1,-1,-1
ishika__ds1-000023,validation,0,0,0,0,0
ishika__ds1-000024,train,-1,-1,-1,-1,-1
ishika__ds1-000025,train,-1,-1,-1,-1,-1
ishika__ds1-000026,test,0,0,0,0,0
ishika__ds1-000027,train,-1,-1,-1,-1,-1
ishika__ds1-000028,validation,0,0,0,0,0
ishika__ds1-000029,train,-1,-1,-1,-1,-1
ishika__ds1-000032,train,-1,-1,-1,-1,-1
ishika__ds1-000033,train,-1,-1,-1,-1,-1
ishika__ds1-000034,train,-1,-1,-1,-1,-1
ishika__ds1-000035,train,-1,-1,-1,-1,-1
ishika__ds1-000036,test,0,0,0,0,0
ishika__ds1-000037,train,-1,-1,-1,-1,-1
ishika__ds1-000038,train,-1,-1,-1,-1,-1
ishika__ds1-000040,train,-1,-1,-1,-1,-1
ishika__ds1-000041,train,-1,-1,-1,-1,-1
ishika__ds1-000042,train,-1,-1,-1,-1,-1
ishika__ds1-000044,train,-1,-1,-1,-1,-1
ishika__ds1-000045,validation,0,0,0,0,0
ishika__ds1-000047,validation,0,0,0,0,0
ishika__ds1-000048,validation,2,0,2,2,0
ishika__ds1-000050,test,2,0,2,2,0
ishika__ds1-000052,train,-1,-1,-1,-1,-1
ishika__ds1-000054,test,0,0,0,0,0
ishika__ds1-000055,train,-1,-1,-1,-1,-1
ishika__ds1-000056,test,0,0,0,0,0
ishika__ds1-000057,train,-1,-1,-1,-1,-1
ishika__ds1-000058,test,0,0,0,0,0
ishika__ds1-000059,train,-1,-1,-1,-1,-1
ishika__ds1-000060,train,-1,-1,-1,-1,-1
ishika__ds1-000062,train,-1,-1,-1,-1,-1
ishika__ds1-000063,validation,0,0,0,0,0
ishika__ds1-000064,test,0,0,0,0,0
ishika__ds1-000065,train,-1,-1,-1,-1,-1
ishika__ds1-000066,train,-1,-1,-1,-1,-1
ishika__ds1-000067,test,0,0,0,0,0
ishika__ds1-000068,train,-1,-1,-1,-1,-1
ishika__ds1-000069,train,-1,-1,-1,-1,-1
ishika__ds1-000070,train,-1,-1,-1,-1,-1
ishika__ds1-000072,train,-1,-1,-1,-1,-1
ishika__ds1-000073,test,2,0,0,2,0
ishika__ds1-000074,train,-1,-1,-1,-1,-1
ishika__ds1-000075,train,-1,-1,-1,-1,-1
ishika__ds1-000076,train,-1,-1,-1,-1,-1
ishika__ds1-000078,train,-1,-1,-1,-1,-1
ishika__ds1-000079,validation,0,0,0,0,0
ishika__ds1-000080,train,-1,-1,-1,-1,-1
ishika__ds1-000081,validation,0,0,0,0,0
ishika__ds1-000082,train,-1,-1,-1,-1,-1
ishika__ds1-000083,validation,0,0,0,0,0
ishika__ds1-000084,train,-1,-1,-1,-1,-1
ishika__ds1-000085,train,-1,-1,-1,-1,-1
ishika__ds1-000086,test,0,2,0,0,1
ishika__ds1-000087,test,0,0,0,0,0
ishika__ds1-000088,train,-1,-1,-1,-1,-1
ishika__ds1-000089,test,0,0,0,0,0
ishika__ds1-000090,train,-1,-1,-1,-1,-1
ishika__ds1-000091,train,-1,-1,-1,-1,-1
ishika__ds1-000093,train,-1,-1,-1,-1,-1
ishika__ds1-000094,train,-1,-1,-1,-1,-1
ishika__ds1-000095,train,-1,-1,-1,-1,-1
ishika__ds1-000096,validation,0,0,0,0,0
ishika__ds1-000097,validation,2,0,2,0,0
ishika__ds1-000099,train,-1,-1,-1,-1,-1
ishika__ds1-000101,validation,0,0,0,0,0
ishika__ds1-000102,train,-1,-1,-1,-1,-1
ishika__ds1-000103,train,-1,-1,-1,-1,-1
ishika__ds1-000104,validation,0,0,0,0,0
ishika__ds1-000105,train,-1,-1,-1,-1,-1
ishika__ds1-000106,train,-1,-1,-1,-1,-1
ishika__ds1-000108,validation,0,0,0,0,0
ishika__ds1-000109,train,-1,-1,-1,-1,-1
ishika__ds1-000110,train,-1,-1,-1,-1,-1
ishika__ds1-000111,train,-1,-1,-1,-1,-1
ishika__ds1-000112,train,-1,-1,-1,-1,-1
ishika__ds1-000113,train,-1,-1,-1,-1,-1
ishika__ds1-000114,train,-1,-1,-1,-1,-1
ishika__ds1-000115,train,-1,-1,-1,-1,-1
ishika__ds1-000116,test,0,0,0,0,0
ishika__ds1-000117,train,-1,-1,-1,-1,-1
ishika__ds1-000119,train,-1,-1,-1,-1,-1
ishika__ds1-000120,test,0,0,0,0,0
ishika__ds1-000121,train,-1,-1,-1,-1,-1
ishika__ds1-000122,validation,0,0,0,0,0
ishika__ds1-000123,train,-1,-1,-1,-1,-1
ishika__ds1-000124,train,-1,-1,-1,-1,-1
ishika__ds1-000125,train,-1,-1,-1,-1,-1
ishika__ds1-000126,test,2,0,1,1,2
ishika__ds1-000128,train,-1,-1,-1,-1,-1
ishika__ds1-000129,train,-1,-1,-1,-1,-1
ishika__ds1-000130,test,0,0,0,0,0
ishika__ds1-000131,train,-1,-1,-1,-1,-1
ishika__ds1-000132,train,-1,-1,-1,-1,-1
ishika__ds1-000133,train,-1,-1,-1,-1,-1
ishika__ds1-000134,train,-1,-1,-1,-1,-1
ishika__ds1-000135,validation,0,0,0,0,0
ishika__ds1-000136,train,-1,-1,-1,-1,-1
ishika__ds1-000137,train,-1,-1,-1,-1,-1
ishika__ds1-000139,test,0,0,0,0,0
ishika__ds1-000141,train,-1,-1,-1,-1,-1
ishika__ds1-000142,train,-1,-1,-1,-1,-1
ishika__ds1-000143,train,-1,-1,-1,-1,-1
ishika__ds1-000144,test,0,0,0,0,0
ishika__ds1-000145,train,-1,-1,-1,-1,-1
ishika__ds1-000146,test,0,0,0,0,0
ishika__ds1-000148,train,-1,-1,-1,-1,-1
ishika__ds1-000149,validation,0,0,0,0,0
ishika__ds1-000151,train,-1,-1,-1,-1,-1
ishika__ds1-000154,test,0,0,0,0,0
ishika__ds1-000155,test,0,0,1,0,0
ishika__ds1-000156,train,-1,-1,-1,-1,-1
ishika__ds1-000159,train,-1,-1,-1,-1,-1
ishika__ds1-000160,train,-1,-1,-1,-1,-1
ishika__ds1-000161,test,0,0,0,0,0
ishika__ds1-000162,train,-1,-1,-1,-1,-1
ishika__ds1-000163,train,-1,-1,-1,-1,-1
ishika__ds1-000164,test,0,0,0,0,0
ishika__ds1-000165,train,-1,-1,-1,-1,-1
ishika__ds1-000166,train,-1,-1,-1,-1,-1
ishika__ds1-000169,validation,0,0,0,0,0
ishika__ds1-000170,train,-1,-1,-1,-1,-1
ishika__ds1-000171,validation,0,0,0,0,0
ishika__ds1-000172,train,-1,-1,-1,-1,-1
ishika__ds1-000174,train,-1,-1,-1,-1,-1
ishika__ds1-000175,test,0,0,0,0,0
ishika__ds1-000177,test,0,0,0,0,0
ishika__ds1-000178,train,-1,-1,-1,-1,-1
ishika__ds1-000179,test,0,0,0,0,0
ishika__ds1-000180,train,-1,-1,-1,-1,-1
ishika__ds1-000181,train,-1,-1,-1,-1,-1
ishika__ds1-000182,train,-1,-1,-1,-1,-1
ishika__ds1-000183,train,-1,-1,-1,-1,-1
ishika__ds1-000184,validation,0,0,0,0,0
ishika__ds1-000185,test,0,0,0,0,0
ishika__ds1-000186,train,-1,-1,-1,-1,-1
ishika__ds1-000187,validation,0,0,2,0,0
ishika__ds1-000188,train,-1,-1,-1,-1,-1
ishika__ds1-000189,train,-1,-1,-1,-1,-1
ishika__ds1-000190,train,-1,-1,-1,-1,-1
ishika__ds1-000191,validation,1,0,1,1,0
ishika__ds1-000193,train,-1,-1,-1,-1,-1
ishika__ds1-000194,train,-1,-1,-1,-1,-1
ishika__ds1-000195,validation,0,0,0,0,0
ishika__ds1-000196,train,-1,-1,-1,-1,-1
ishika__ds1-000197,train,-1,-1,-1,-1,-1
ishika__ds1-000198,train,-1,-1,-1,-1,-1
ishika__ds1-000199,train,-1,-1,-1,-1,-1
ishika__ds1-000200,train,-1,-1,-1,-1,-1
ishika__ds1-000201,train,-1,-1,-1,-1,-1
ishika__ds1-000203,test,0,0,0,0,0
ishika__ds1-000204,test,0,0,0,0,0
ishika__ds1-000205,train,-1,-1,-1,-1,-1
ishika__ds1-000206,train,-1,-1,-1,-1,-1
ishika__ds1-000207,train,-1,-1,-1,-1,-1
ishika__ds1-000208,train,-1,-1,-1,-1,-1
ishika__ds1-000210,train,-1,-1,-1,-1,-1
ishika__ds1-000211,test,0,0,0,0,0
ishika__ds1-000212,test,0,0,0,0,0
ishika__ds1-000213,train,-1,-1,-1,-1,-1
ishika__ds1-000214,train,-1,-1,-1,-1,-1
ishika__ds1-000215,train,-1,-1,-1,-1,-1
ishika__ds1-000216,test,0,0,0,0,0
ishika__ds1-000217,train,-1,-1,-1,-1,-1
ishika__ds1-000218,train,-1,-1,-1,-1,-1
ishika__ds1-000219,train,-1,-1,-1,-1,-1
ishika__ds1-000220,train,-1,-1,-1,-1,-1
ishika__ds1-000221,train,-1,-1,-1,-1,-1
ishika__ds1-000222,train,-1,-1,-1,-1,-1
ishika__ds1-000223,validation,2,0,2,2,2
ishika__ds1-000224,train,-1,-1,-1,-1,-1
ishika__ds1-000225,test,0,0,0,0,0
ishika__ds1-000226,train,-1,-1,-1,-1,-1
ishika__ds1-000227,train,-1,-1,-1,-1,-1
ishika__ds1-000228,train,-1,-1,-1,-1,-1
ishika__ds1-000230,train,-1,-1,-1,-1,-1
ishika__ds1-000231,train,-1,-1,-1,-1,-1
ishika__ds1-000232,train,-1,-1,-1,-1,-1
ishika__ds1-000234,train,-1,-1,-1,-1,-1
ishika__ds1-000235,validation,0,0,0,0,0
ishika__ds1-000236,train,-1,-1,-1,-1,-1
ishika__ds1-000237,train,-1,-1,-1,-1,-1
ishika__ds1-000238,train,-1,-1,-1,-1,-1
ishika__ds1-000239,train,-1,-1,-1,-1,-1
ishika__ds1-000240,train,-1,-1,-1,-1,-1
ishika__ds1-000241,test,0,0,0,0,0
ishika__ds1-000243,train,-1,-1,-1,-1,-1
ishika__ds1-000245,train,-1,-1,-1,-1,-1
ishika__ds1-000246,test,0,0,0,0,0
ishika__ds1-000247,validation,0,0,0,0,0
ishika__ds1-000248,train,-1,-1,-1,-1,-1
ishika__ds1-000249,train,-1,-1,-1,-1,-1
ishika__ds1-000250,train,-1,-1,-1,-1,-1
ishika__ds1-000252,test,0,0,0,0,0
ishika__ds1-000253,train,-1,-1,-1,-1,-1
ishika__ds1-000254,train,-1,-1,-1,-1,-1
ishika__ds1-000255,train,-1,-1,-1,-1,-1
ishika__ds1-000256,validation,0,0,0,0,0
ishika__ds1-000257,train,-1,-1,-1,-1,-1
ishika__ds1-000258,train,-1,-1,-1,-1,-1
ishika__ds1-000259,validation,0,0,0,0,0
ishika__ds1-000261,test,0,0,0,0,0
ishika__ds1-000262,test,0,0,0,0,0
ishika__ds1-000263,train,-1,-1,-1,-1,-1
ishika__ds1-000264,validation,0,0,0,0,0
ishika__ds1-000265,train,-1,-1,-1,-1,-1
ishika__ds1-000266,train,-1,-1,-1,-1,-1
ishika__ds1-000267,test,0,0,0,0,0
ishika__ds1-000268,train,-1,-1,-1,-1,-1
ishika__ds1-000269,train,-1,-1,-1,-1,-1
ishika__ds1-000270,train,-1,-1,-1,-1,-1
ishika__ds1-000271,train,-1,-1,-1,-1,-1
ishika__ds1-000273,train,-1,-1,-1,-1,-1
ishika__ds1-000275,train,-1,-1,-1,-1,-1
ishika__ds1-000277,train,-1,-1,-1,-1,-1
ishika__ds1-000278,train,-1,-1,-1,-1,-1
ishika__ds1-000279,train,-1,-1,-1,-1,-1
ishika__ds1-000280,train,-1,-1,-1,-1,-1
ishika__ds1-000281,train,-1,-1,-1,-1,-1
ishika__ds1-000282,test,0,0,0,0,0
ishika__ds1-000283,train,-1,-1,-1,-1,-1
ishika__ds1-000284,train,-1,-1,-1,-1,-1
ishika__ds1-000285,train,-1,-1,-1,-1,-1
ishika__ds1-000287,train,-1,-1,-1,-1,-1
ishika__ds1-000288,train,-1,-1,-1,-1,-1
ishika__ds1-000289,train,-1,-1,-1,-1,-1
ishika__ds1-000290,train,-1,-1,-1,-1,-1
ishika__ds1-000291,train,-1,-1,-1,-1,-1
ishika__ds1-000294,train,-1,-1,-1,-1,-1
ishika__ds1-000295,validation,0,0,0,0,0
ishika__ds1-000296,test,0,0,0,0,0
ishika__ds1-000298,validation,0,0,0,0,0
ishika__ds1-000299,train,-1,-1,-1,-1,-1
ishika__ds1-000300,train,-1,-1,-1,-1,-1
ishika__ds1-000301,validation,0,0,0,0,0
ishika__ds1-000302,train,-1,-1,-1,-1,-1
ishika__ds1-000303,train,-1,-1,-1,-1,-1
ishika__ds1-000304,train,-1,-1,-1,-1,-1
ishika__ds1-000305,train,-1,-1,-1,-1,-1
ishika__ds1-000307,test,0,0,0,0,0
ishika__ds1-000308,train,-1,-1,-1,-1,-1
ishika__ds1-000310,train,-1,-1,-1,-1,-1
ishika__ds1-000311,test,0,0,0,0,0
ishika__ds1-000313,validation,0,0,0,0,0
ishika__ds1-000314,train,-1,-1,-1,-1,-1
ishika__ds1-000315,train,-1,-1,-1,-1,-1
ishika__ds1-000316,train,-1,-1,-1,-1,-1
ishika__ds1-000317,train,-1,-1,-1,-1,-1
ishika__ds1-000318,train,-1,-1,-1,-1,-1
ishika__ds1-000319,train,-1,-1,-1,-1,-1
ishika__ds1-000320,train,-1,-1,-1,-1,-1
ishika__ds1-000323,train,-1,-1,-1,-1,-1
ishika__ds1-000324,train,-1,-1,-1,-1,-1
ishika__ds1-000325,train,-1,-1,-1,-1,-1
ishika__ds1-000326,validation,0,0,0,0,0
ishika__ds1-000328,validation,0,0,0,0,0
ishika__ds1-000329,train,-1,-1,-1,-1,-1
ishika__ds1-000330,train,-1,-1,-1,-1,-1
ishika__ds1-000331,train,-1,-1,-1,-1,-1
ishika__ds1-000332,validation,0,0,0,0,0
ishika__ds1-000333,train,-1,-1,-1,-1,-1
ishika__ds1-000334,train,-1,-1,-1,-1,-1
ishika__ds1-000335,train,-1,-1,-1,-1,-1
ishika__ds1-000336,validation,0,0,0,0,0
ishika__ds1-000338,test,2,0,2,2,0
ishika__ds1-000339,validation,0,0,0,0,0
ishika__ds1-000340,train,-1,-1,-1,-1,-1
ishika__ds1-000341,train,-1,-1,-1,-1,-1
ishika__ds1-000342,train,-1,-1,-1,-1,-1
ishika__ds1-000343,validation,0,0,0,0,0
ishika__ds1-000345,train,-1,-1,-1,-1,-1
ishika__ds1-000346,validation,0,0,0,0,0
ishika__ds1-000348,train,-1,-1,-1,-1,-1
ishika__ds1-000349,train,-1,-1,-1,-1,-1
ishika__ds1-000350,train,-1,-1,-1,-1,-1
ishika__ds1-000351,validation,2,0,2,2,2
ishika__ds1-000352,train,-1,-1,-1,-1,-1
ishika__ds1-000353,train,-1,-1,-1,-1,-1
ishika__ds1-000354,validation,0,0,0,0,0
ishika__ds1-000355,train,-1,-1,-1,-1,-1
ishika__ds1-000356,test,0,0,0,0,0
ishika__ds1-000358,train,-1,-1,-1,-1,-1
ishika__ds1-000359,validation,0,0,0,0,0
ishika__ds1-000360,train,-1,-1,-1,-1,-1
ishika__ds1-000361,train,-1,-1,-1,-1,-1
ishika__ds1-000362,validation,0,0,0,0,0
ishika__ds1-000363,test,0,0,0,0,0
ishika__ds1-000364,train,-1,-1,-1,-1,-1
ishika__ds1-000365,train,-1,-1,-1,-1,-1
ishika__ds1-000366,train,-1,-1,-1,-1,-1
ishika__ds1-000367,train,-1,-1,-1,-1,-1
ishika__ds1-000368,validation,0,0,2,0,0
ishika__ds1-000370,train,-1,-1,-1,-1,-1
ishika__ds1-000371,train,-1,-1,-1,-1,-1
ishika__ds1-000373,test,0,0,0,0,0
ishika__ds1-000374,train,-1,-1,-1,-1,-1
ishika__ds1-000375,train,-1,-1,-1,-1,-1
ishika__ds1-000376,test,2,0,2,0,0
ishika__ds1-000377,train,-1,-1,-1,-1,-1
ishika__ds1-000378,train,-1,-1,-1,-1,-1
ishika__ds1-000380,train,-1,-1,-1,-1,-1
ishika__ds1-000381,test,0,0,0,0,0
ishika__ds1-000382,train,-1,-1,-1,-1,-1
ishika__ds1-000384,train,-1,-1,-1,-1,-1
ishika__ds1-000385,train,-1,-1,-1,-1,-1
ishika__ds1-000386,test,0,0,0,0,0
ishika__ds1-000387,train,-1,-1,-1,-1,-1
ishika__ds1-000389,train,-1,-1,-1,-1,-1
ishika__ds1-000390,train,-1,-1,-1,-1,-1
ishika__ds1-000391,train,-1,-1,-1,-1,-1
ishika__ds1-000392,train,-1,-1,-1,-1,-1
ishika__ds1-000393,train,-1,-1,-1,-1,-1
ishika__ds1-000394,train,-1,-1,-1,-1,-1
ishika__ds1-000395,train,-1,-1,-1,-1,-1
ishika__ds1-000396,validation,0,0,0,0,0
ishika__ds1-000397,train,-1,-1,-1,-1,-1
ishika__ds1-000398,train,-1,-1,-1,-1,-1
ishika__ds1-000399,train,-1,-1,-1,-1,-1
ishika__ds1-000400,train,-1,-1,-1,-1,-1
ishika__ds1-000402,train,-1,-1,-1,-1,-1
ishika__ds1-000403,train,-1,-1,-1,-1,-1
ishika__ds1-000404,train,-1,-1,-1,-1,-1
ishika__ds1-000405,test,0,0,0,0,0
ishika__ds1-000406,validation,0,0,0,0,0
ishika__ds1-000407,train,-1,-1,-1,-1,-1
ishika__ds1-000408,train,-1,-1,-1,-1,-1
ishika__ds1-000409,train,-1,-1,-1,-1,-1
ishika__ds1-000410,train,-1,-1,-1,-1,-1
ishika__ds1-000411,train,-1,-1,-1,-1,-1
ishika__ds1-000412,validation,0,0,0,0,0
ishika__ds1-000413,train,-1,-1,-1,-1,-1
ishika__ds1-000414,train,-1,-1,-1,-1,-1
ishika__ds1-000415,train,-1,-1,-1,-1,-1
ishika__ds1-000416,train,-1,-1,-1,-1,-1
ishika__ds1-000417,train,-1,-1,-1,-1,-1
ishika__ds1-000418,train,-1,-1,-1,-1,-1
ishika__ds1-000420,train,-1,-1,-1,-1,-1
ishika__ds1-000421,train,-1,-1,-1,-1,-1
ishika__ds1-000423,train,-1,-1,-1,-1,-1
ishika__ds1-000424,test,0,0,0,0,0
ishika__ds1-000425,validation,0,0,0,0,0
ishika__ds1-000426,train,-1,-1,-1,-1,-1
ishika__ds1-000427,validation,0,0,0,0,0
ishika__ds1-000428,validation,0,0,0,0,0
ishika__ds1-000429,train,-1,-1,-1,-1,-1
ishika__ds1-000430,train,-1,-1,-1,-1,-1
ishika__ds1-000431,train,-1,-1,-1,-1,-1
ishika__ds1-000433,train,-1,-1,-1,-1,-1
ishika__ds1-000434,train,-1,-1,-1,-1,-1
ishika__ds1-000436,train,-1,-1,-1,-1,-1
ishika__ds1-000437,train,-1,-1,-1,-1,-1
ishika__ds1-000439,train,-1,-1,-1,-1,-1
ishika__ds1-000440,train,-1,-1,-1,-1,-1
ishika__ds1-000442,validation,0,0,0,0,0
ishika__ds1-000444,test,0,0,0,0,0
ishika__ds1-000445,train,-1,-1,-1,-1,-1
ishika__ds1-000446,train,-1,-1,-1,-1,-1
ishika__ds1-000447,test,0,0,0,0,0
ishika__ds1-000448,train,-1,-1,-1,-1,-1
ishika__ds1-000449,test,0,0,0,0,0
ishika__ds1-000452,test,0,0,0,0,0
ishika__ds1-000453,test,0,0,0,0,0
ishika__ds1-000454,train,-1,-1,-1,-1,-1
ishika__ds1-000455,test,0,0,0,0,0
ishika__ds1-000456,train,-1,-1,-1,-1,-1
ishika__ds1-000457,train,-1,-1,-1,-1,-1
ishika__ds1-000458,train,-1,-1,-1,-1,-1
ishika__ds1-000461,train,-1,-1,-1,-1,-1
ishika__ds1-000462,train,-1,-1,-1,-1,-1
ishika__ds1-000463,train,-1,-1,-1,-1,-1
ishika__ds1-000464,train,-1,-1,-1,-1,-1
ishika__ds1-000465,train,-1,-1,-1,-1,-1
ishika__ds1-000466,train,-1,-1,-1,-1,-1
ishika__ds1-000467,validation,2,0,2,2,0
ishika__ds1-000468,validation,2,0,2,2,2
ishika__ds1-000469,train,-1,-1,-1,-1,-1
ishika__ds1-000470,train,-1,-1,-1,-1,-1
ishika__ds1-000471,train,-1,-1,-1,-1,-1
ishika__ds1-000472,train,-1,-1,-1,-1,-1
ishika__ds1-000474,train,-1,-1,-1,-1,-1
ishika__ds1-000476,train,-1,-1,-1,-1,-1
ishika__ds1-000477,train,-1,-1,-1,-1,-1
ishika__ds1-000478,train,-1,-1,-1,-1,-1
ishika__ds1-000479,train,-1,-1,-1,-1,-1
ishika__ds1-000480,train,-1,-1,-1,-1,-1
ishika__ds1-000481,train,-1,-1,-1,-1,-1
ishika__ds1-000482,train,-1,-1,-1,-1,-1
ishika__ds1-000485,train,-1,-1,-1,-1,-1
ishika__ds1-000487,validation,2,0,2,0,0
ishika__ds1-000489,validation,0,0,0,0,0
ishika__ds1-000490,train,-1,-1,-1,-1,-1
ishika__ds1-000491,test,0,0,0,0,0
ishika__ds1-000492,train,-1,-1,-1,-1,-1
ishika__ds1-000493,train,-1,-1,-1,-1,-1
ishika__ds1-000494,train,-1,-1,-1,-1,-1
ishika__ds1-000495,train,-1,-1,-1,-1,-1
ishika__ds1-000496,validation,0,0,0,0,0
ishika__ds1-000497,train,-1,-1,-1,-1,-1
ishika__ds1-000498,train,-1,-1,-1,-1,-1
ishika__ds1-000499,train,-1,-1,-1,-1,-1
ishika__ds1-000500,train,-1,-1,-1,-1,-1
ishika__ds1-000501,train,-1,-1,-1,-1,-1
ishika__ds1-000503,test,0,0,0,0,0
ishika__ds1-000504,train,-1,-1,-1,-1,-1
ishika__ds1-000505,train,-1,-1,-1,-1,-1
ishika__ds1-000506,test,0,0,0,0,0
ishika__ds1-000507,test,0,0,0,0,0
ishika__ds1-000508,train,-1,-1,-1,-1,-1
ishika__ds1-000509,validation,0,0,0,0,0
ishika__ds1-000510,train,-1,-1,-1,-1,-1
ishika__ds1-000511,train,-1,-1,-1,-1,-1
ishika__ds1-000512,test,0,0,0,0,0
ishika__ds1-000513,test,0,0,0,0,0
ishika__ds1-000514,train,-1,-1,-1,-1,-1
ishika__ds1-000516,train,-1,-1,-1,-1,-1
ishika__ds1-000517,train,-1,-1,-1,-1,-1
ishika__ds1-000518,train,-1,-1,-1,-1,-1
ishika__ds1-000519,test,0,0,0,0,0
ishika__ds1-000520,train,-1,-1,-1,-1,-1
ishika__ds1-000522,train,-1,-1,-1,-1,-1
ishika__ds1-000523,train,-1,-1,-1,-1,-1
ishika__ds1-000524,validation,0,0,0,0,0
ishika__ds1-000526,test,0,0,0,0,0
ishika__ds1-000527,train,-1,-1,-1,-1,-1
ishika__ds1-000528,test,1,0,2,2,0
ishika__ds1-000529,validation,0,0,0,0,0
ishika__ds1-000531,test,0,0,0,0,0
ishika__ds1-000532,train,-1,-1,-1,-1,-1
ishika__ds1-000533,train,-1,-1,-1,-1,-1
ishika__ds1-000534,train,-1,-1,-1,-1,-1
ishika__ds1-000535,train,-1,-1,-1,-1,-1
ishika__ds1-000536,test,0,0,0,0,0
ishika__ds1-000537,validation,0,0,0,0,0
ishika__ds1-000539,train,-1,-1,-1,-1,-1
ishika__ds1-000540,train,-1,-1,-1,-1,-1
ishika__ds1-000541,validation,2,0,1,2,0
ishika__ds1-000542,train,-1,-1,-1,-1,-1
ishika__ds1-000544,validation,0,0,0,0,0
ishika__ds1-000545,test,0,0,0,0,0
ishika__ds1-000546,train,-1,-1,-1,-1,-1
ishika__ds1-000548,train,-1,-1,-1,-1,-1
ishika__ds1-000549,validation,0,0,0,0,0
ishika__ds1-000550,test,0,0,0,0,0
ishika__ds1-000552,train,-1,-1,-1,-1,-1
ishika__ds1-000553,train,-1,-1,-1,-1,-1
ishika__ds1-000555,train,-1,-1,-1,-1,-1
ishika__ds1-000556,train,-1,-1,-1,-1,-1
ishika__ds1-000559,train,-1,-1,-1,-1,-1
ishika__ds1-000560,train,-1,-1,-1,-1,-1
ishika__ds1-000561,train,-1,-1,-1,-1,-1
ishika__ds1-000562,train,-1,-1,-1,-1,-1
ishika__ds1-000564,train,-1,-1,-1,-1,-1
ishika__ds1-000565,validation,0,0,0,0,0
ishika__ds1-000566,train,-1,-1,-1,-1,-1
ishika__ds1-000568,train,-1,-1,-1,-1,-1
ishika__ds1-000569,train,-1,-1,-1,-1,-1
ishika__ds1-000570,train,-1,-1,-1,-1,-1
ishika__ds1-000571,test,0,0,0,0,0
ishika__ds1-000572,test,0,0,0,0,0
ishika__ds1-000573,train,-1,-1,-1,-1,-1
ishika__ds1-000574,train,-1,-1,-1,-1,-1
ishika__ds1-000578,train,-1,-1,-1,-1,-1
ishika__ds1-000580,train,-1,-1,-1,-1,-1
ishika__ds1-000581,train,-1,-1,-1,-1,-1
ishika__ds1-000582,train,-1,-1,-1,-1,-1
ishika__ds1-000583,train,-1,-1,-1,-1,-1
ishika__ds1-000584,train,-1,-1,-1,-1,-1
ishika__ds1-000585,train,-1,-1,-1,-1,-1
ishika__ds1-000586,train,-1,-1,-1,-1,-1
ishika__ds1-000587,train,-1,-1,-1,-1,-1
ishika__ds1-000588,train,-1,-1,-1,-1,-1
ishika__ds1-000589,train,-1,-1,-1,-1,-1
ishika__ds1-000590,train,-1,-1,-1,-1,-1
ishika__ds1-000592,train,-1,-1,-1,-1,-1
ishika__ds1-000593,test,0,0,0,0,0
ishika__ds1-000594,train,-1,-1,-1,-1,-1
ishika__ds1-000595,train,-1,-1,-1,-1,-1
ishika__ds1-000596,test,0,0,0,0,0
ishika__ds1-000597,train,-1,-1,-1,-1,-1
ishika__ds1-000598,train,-1,-1,-1,-1,-1
ishika__ds1-000599,train,-1,-1,-1,-1,-1
ishika__ds1-000600,train,-1,-1,-1,-1,-1
ishika__ds1-000601,train,-1,-1,-1,-1,-1
ishika__ds1-000602,train,-1,-1,-1,-1,-1
ishika__ds1-000603,train,-1,-1,-1,-1,-1
ishika__ds1-000604,train,-1,-1,-1,-1,-1
ishika__ds1-000605,validation,0,0,0,0,0
ishika__ds1-000606,train,-1,-1,-1,-1,-1
ishika__ds1-000607,validation,0,0,0,0,0
ishika__ds1-000608,train,-1,-1,-1,-1,-1
ishika__ds1-000609,train,-1,-1,-1,-1,-1
ishika__ds1-000612,train,-1,-1,-1,-1,-1
ishika__ds1-000614,validation,0,0,0,0,0
ishika__ds1-000615,train,-1,-1,-1,-1,-1
ishika__ds1-000616,train,-1,-1,-1,-1,-1
ishika__ds1-000617,validation,0,0,0,0,0
ishika__ds1-000618,train,-1,-1,-1,-1,-1
ishika__ds1-000619,train,-1,-1,-1,-1,-1
ishika__ds1-000620,train,-1,-1,-1,-1,-1
ishika__ds1-000621,test,0,0,0,0,0
ishika__ds1-000622,train,-1,-1,-1,-1,-1
ishika__ds1-000623,test,0,1,0,0,0
ishika__ds1-000625,train,-1,-1,-1,-1,-1
ishika__ds1-000626,train,-1,-1,-1,-1,-1
ishika__ds1-000627,train,-1,-1,-1,-1,-1
ishika__ds1-000628,train,-1,-1,-1,-1,-1
ishika__ds1-000630,train,-1,-1,-1,-1,-1
ishika__ds1-000631,test,0,0,0,0,0
ishika__ds1-000632,validation,0,0,0,0,0
ishika__ds1-000633,train,-1,-1,-1,-1,-1
ishika__ds1-000634,test,0,0,0,0,0
ishika__ds1-000635,validation,0,0,0,0,0
ishika__ds1-000636,train,-1,-1,-1,-1,-1
ishika__ds1-000637,train,-1,-1,-1,-1,-1
ishika__ds1-000638,train,-1,-1,-1,-1,-1
ishika__ds1-000639,test,0,0,0,0,0
ishika__ds1-000641,test,0,0,0,0,0
ishika__ds1-000642,validation,0,0,0,0,0
ishika__ds1-000644,train,-1,-1,-1,-1,-1
ishika__ds1-000645,train,-1,-1,-1,-1,-1
ishika__ds1-000646,train,-1,-1,-1,-1,-1
ishika__ds1-000647,train,-1,-1,-1,-1,-1
ishika__ds1-000649,train,-1,-1,-1,-1,-1
ishika__ds1-000650,train,-1,-1,-1,-1,-1
ishika__ds1-000651,train,-1,-1,-1,-1,-1
ishika__ds1-000654,validation,0,0,0,0,0
ishika__ds1-000655,train,-1,-1,-1,-1,-1
ishika__ds1-000656,train,-1,-1,-1,-1,-1
ishika__ds1-000659,validation,0,0,0,0,0
ishika__ds1-000660,train,-1,-1,-1,-1,-1
ishika__ds1-000661,train,-1,-1,-1,-1,-1
ishika__ds1-000662,validation,0,0,0,0,0
ishika__ds1-000663,test,0,0,0,0,0
ishika__ds1-000664,validation,0,0,0,0,0
ishika__ds1-000665,train,-1,-1,-1,-1,-1
ishika__ds1-000666,train,-1,-1,-1,-1,-1
ishika__ds1-000668,train,-1,-1,-1,-1,-1
ishika__ds1-000669,validation,0,0,0,0,0
ishika__ds1-000670,train,-1,-1,-1,-1,-1
ishika__ds1-000671,train,-1,-1,-1,-1,-1
ishika__ds1-000672,train,-1,-1,-1,-1,-1
ishika__ds1-000673,validation,0,0,0,0,0
ishika__ds1-000675,train,-1,-1,-1,-1,-1
ishika__ds1-000677,train,-1,-1,-1,-1,-1
ishika__ds1-000678,validation,0,0,0,0,0
ishika__ds1-000679,train,-1,-1,-1,-1,-1
ishika__ds1-000680,train,-1,-1,-1,-1,-1
ishika__ds1-000681,validation,0,0,0,0,0
ishika__ds1-000682,train,-1,-1,-1,-1,-1
ishika__ds1-000683,test,0,0,0,0,0
ishika__ds1-000684,train,-1,-1,-1,-1,-1
ishika__ds1-000685,train,-1,-1,-1,-1,-1
ishika__ds1-000686,train,-1,-1,-1,-1,-1
ishika__ds1-000687,train,-1,-1,-1,-1,-1
ishika__ds1-000688,train,-1,-1,-1,-1,-1
ishika__ds1-000689,test,0,0,0,0,0
ishika__ds1-000690,train,-1,-1,-1,-1,-1
ishika__ds1-000691,test,0,0,0,0,0
ishika__ds1-000692,train,-1,-1,-1,-1,-1
ishika__ds1-000694,train,-1,-1,-1,-1,-1
ishika__ds1-000695,validation,0,0,0,0,0
ishika__ds1-000696,train,-1,-1,-1,-1,-1
ishika__ds1-000697,test,0,0,0,0,0
ishika__ds1-000698,train,-1,-1,-1,-1,-1
ishika__ds1-000700,train,-1,-1,-1,-1,-1
ishika__ds2-000001,train,-1,-1,-1,-1,-1
ishika__ds2-000002,train,-1,-1,-1,-1,-1
ishika__ds2-000003,train,-1,-1,-1,-1,-1
ishika__ds2-000004,test,0,0,0,0,0
ishika__ds2-000005,validation,0,0,0,0,0
ishika__ds2-000006,validation,0,0,0,0,0
ishika__ds2-000008,train,-1,-1,-1,-1,-1
ishika__ds2-000009,train,-1,-1,-1,-1,-1
ishika__ds2-000011,train,-1,-1,-1,-1,-1
ishika__ds2-000012,train,-1,-1,-1,-1,-1
ishika__ds2-000013,train,-1,-1,-1,-1,-1
ishika__ds2-000014,validation,0,0,0,0,0
ishika__ds2-000015,train,-1,-1,-1,-1,-1
ishika__ds2-000016,train,-1,-1,-1,-1,-1
ishika__ds2-000017,validation,0,0,0,0,0
ishika__ds2-000018,train,-1,-1,-1,-1,-1
ishika__ds2-000020,train,-1,-1,-1,-1,-1
ishika__ds2-000021,train,-1,-1,-1,-1,-1
ishika__ds2-000022,train,-1,-1,-1,-1,-1
ishika__ds2-000023,train,-1,-1,-1,-1,-1
ishika__ds2-000024,validation,0,0,0,0,0
ishika__ds2-000025,test,0,0,0,0,0
ishika__ds2-000026,train,-1,-1,-1,-1,-1
ishika__ds2-000027,train,-1,-1,-1,-1,-1
ishika__ds2-000028,test,0,0,0,0,0
ishika__ds2-000029,validation,0,0,0,0,0
ishika__ds2-000031,train,-1,-1,-1,-1,-1
ishika__ds2-000032,test,0,0,0,0,0
ishika__ds2-000033,train,-1,-1,-1,-1,-1
ishika__ds2-000034,train,-1,-1,-1,-1,-1
ishika__ds2-000035,train,-1,-1,-1,-1,-1
ishika__ds2-000036,train,-1,-1,-1,-1,-1
ishika__ds2-000037,train,-1,-1,-1,-1,-1
ishika__ds2-000038,test,0,0,0,0,0
ishika__ds2-000039,train,-1,-1,-1,-1,-1
ishika__ds2-000040,train,-1,-1,-1,-1,-1
ishika__ds2-000041,train,-1,-1,-1,-1,-1
ishika__ds2-000042,test,0,0,0,0,0
ishika__ds2-000043,train,-1,-1,-1,-1,-1
ishika__ds2-000044,train,-1,-1,-1,-1,-1
ishika__ds2-000045,train,-1,-1,-1,-1,-1
ishika__ds2-000046,train,-1,-1,-1,-1,-1
ishika__ds2-000047,train,-1,-1,-1,-1,-1
ishika__ds2-000048,train,-1,-1,-1,-1,-1
ishika__ds2-000049,train,-1,-1,-1,-1,-1
ishika__ds2-000050,train,-1,-1,-1,-1,-1
ishika__ds2-000051,train,-1,-1,-1,-1,-1
ishika__ds2-000052,validation,0,0,2,0,0
ishika__ds2-000053,train,-1,-1,-1,-1,-1
ishika__ds2-000054,test,0,0,0,0,0
ishika__ds2-000055,train,-1,-1,-1,-1,-1
ishika__ds2-000058,train,-1,-1,-1,-1,-1
ishika__ds2-000059,test,0,0,2,0,0
ishika__ds2-000060,validation,0,0,0,0,0
ishika__ds2-000061,train,-1,-1,-1,-1,-1
ishika__ds2-000062,train,-1,-1,-1,-1,-1
ishika__ds2-000063,train,-1,-1,-1,-1,-1
ishika__ds2-000064,train,-1,-1,-1,-1,-1
ishika__ds2-000065,train,-1,-1,-1,-1,-1
ishika__ds2-000066,train,-1,-1,-1,-1,-1
ishika__ds2-000067,train,-1,-1,-1,-1,-1
ishika__ds2-000068,test,0,0,0,0,0
ishika__ds2-000069,train,-1,-1,-1,-1,-1
ishika__ds2-000070,train,-1,-1,-1,-1,-1
ishika__ds2-000072,train,-1,-1,-1,-1,-1
ishika__ds2-000073,train,-1,-1,-1,-1,-1
ishika__ds2-000074,train,-1,-1,-1,-1,-1
ishika__ds2-000075,test,0,0,2,0,0
ishika__ds2-000076,validation,0,0,2,0,0
ishika__ds2-000077,train,-1,-1,-1,-1,-1
ishika__ds2-000079,train,-1,-1,-1,-1,-1
ishika__ds2-000080,validation,0,0,0,0,0
ishika__ds2-000081,train,-1,-1,-1,-1,-1
ishika__ds2-000082,train,-1,-1,-1,-1,-1
ishika__ds2-000083,train,-1,-1,-1,-1,-1
ishika__ds2-000084,train,-1,-1,-1,-1,-1
ishika__ds2-000086,train,-1,-1,-1,-1,-1
ishika__ds2-000087,validation,0,0,0,0,0
ishika__ds2-000088,train,-1,-1,-1,-1,-1
ishika__ds2-000089,train,-1,-1,-1,-1,-1
ishika__ds2-000090,train,-1,-1,-1,-1,-1
ishika__ds2-000091,train,-1,-1,-1,-1,-1
ishika__ds2-000092,train,-1,-1,-1,-1,-1
ishika__ds2-000093,train,-1,-1,-1,-1,-1
ishika__ds2-000095,validation,2,0,2,0,0
ishika__ds2-000096,validation,0,0,0,0,0
ishika__ds2-000097,train,-1,-1,-1,-1,-1
ishika__ds2-000099,train,-1,-1,-1,-1,-1
ishika__ds2-000103,validation,0,0,2,0,0
ishika__ds2-000104,train,-1,-1,-1,-1,-1
ishika__ds2-000105,train,-1,-1,-1,-1,-1
ishika__ds2-000106,train,-1,-1,-1,-1,-1
ishika__ds2-000107,train,-1,-1,-1,-1,-1
ishika__ds2-000108,test,0,0,2,0,0
ishika__ds2-000109,train,-1,-1,-1,-1,-1
ishika__ds2-000110,train,-1,-1,-1,-1,-1
ishika__ds2-000111,test,0,0,0,0,0
ishika__ds2-000112,train,-1,-1,-1,-1,-1
ishika__ds2-000113,train,-1,-1,-1,-1,-1
ishika__ds2-000114,train,-1,-1,-1,-1,-1
ishika__ds2-000115,train,-1,-1,-1,-1,-1
ishika__ds2-000116,train,-1,-1,-1,-1,-1
ishika__ds2-000117,train,-1,-1,-1,-1,-1
ishika__ds2-000118,test,0,0,0,0,0
ishika__ds2-000119,train,-1,-1,-1,-1,-1
ishika__ds2-000121,train,-1,-1,-1,-1,-1
ishika__ds2-000123,train,-1,-1,-1,-1,-1
ishika__ds2-000124,train,-1,-1,-1,-1,-1
ishika__ds2-000125,test,0,0,2,0,0
ishika__ds2-000127,train,-1,-1,-1,-1,-1
ishika__ds2-000128,train,-1,-1,-1,-1,-1
ishika__ds2-000129,test,0,0,0,0,0
ishika__ds2-000131,train,-1,-1,-1,-1,-1
ishika__ds2-000132,test,0,0,0,0,0
ishika__ds2-000133,train,-1,-1,-1,-1,-1
ishika__ds2-000134,train,-1,-1,-1,-1,-1
ishika__ds2-000135,train,-1,-1,-1,-1,-1
ishika__ds2-000136,train,-1,-1,-1,-1,-1
ishika__ds2-000137,train,-1,-1,-1,-1,-1
ishika__ds2-000138,train,-1,-1,-1,-1,-1
ishika__ds2-000140,train,-1,-1,-1,-1,-1
ishika__ds2-000141,train,-1,-1,-1,-1,-1
ishika__ds2-000142,train,-1,-1,-1,-1,-1
ishika__ds2-000143,test,0,0,0,0,0
ishika__ds2-000144,train,-1,-1,-1,-1,-1
ishika__ds2-000145,train,-1,-1,-1,-1,-1
ishika__ds2-000146,test,0,0,0,0,0
ishika__ds2-000147,train,-1,-1,-1,-1,-1
ishika__ds2-000148,test,0,0,2,0,0
ishika__ds2-000149,train,-1,-1,-1,-1,-1
ishika__ds2-000150,train,-1,-1,-1,-1,-1
ishika__ds2-000151,train,-1,-1,-1,-1,-1
ishika__ds2-000152,train,-1,-1,-1,-1,-1
ishika__ds2-000153,test,0,0,0,0,0
ishika__ds2-000154,validation,0,0,0,0,0
ishika__ds2-000155,test,0,0,2,0,0
ishika__ds2-000156,test,0,0,0,0,0
ishika__ds2-000157,test,0,0,2,0,0
ishika__ds2-000158,train,-1,-1,-1,-1,-1
ishika__ds2-000159,validation,0,0,0,0,0
ishika__ds2-000160,train,-1,-1,-1,-1,-1
ishika__ds2-000162,train,-1,-1,-1,-1,-1
ishika__ds2-000163,train,-1,-1,-1,-1,-1
ishika__ds2-000164,train,-1,-1,-1,-1,-1
ishika__ds2-000165,train,-1,-1,-1,-1,-1
ishika__ds2-000167,train,-1,-1,-1,-1,-1
ishika__ds2-000168,test,0,0,0,0,0
ishika__ds2-000169,train,-1,-1,-1,-1,-1
ishika__ds2-000171,train,-1,-1,-1,-1,-1
ishika__ds2-000172,validation,0,0,2,0,0
ishika__ds2-000174,test,0,0,0,0,0
ishika__ds2-000175,test,2,0,2,0,1
ishika__ds2-000176,train,-1,-1,-1,-1,-1
ishika__ds2-000177,train,-1,-1,-1,-1,-1
ishika__ds2-000178,train,-1,-1,-1,-1,-1
ishika__ds2-000179,test,0,0,0,0,0
ishika__ds2-000182,test,0,0,0,0,0
ishika__ds2-000183,test,0,0,0,0,0
ishika__ds2-000185,validation,2,0,2,2,2
ishika__ds2-000186,train,-1,-1,-1,-1,-1
ishika__ds2-000187,train,-1,-1,-1,-1,-1
ishika__ds2-000189,train,-1,-1,-1,-1,-1
ishika__ds2-000191,validation,0,0,0,0,0
ishika__ds2-000192,validation,0,0,0,0,0
ishika__ds2-000193,train,-1,-1,-1,-1,-1
ishika__ds2-000194,test,0,0,0,0,0
ishika__ds2-000195,train,-1,-1,-1,-1,-1
ishika__ds2-000196,train,-1,-1,-1,-1,-1
ishika__ds2-000197,train,-1,-1,-1,-1,-1
ishika__ds2-000198,test,0,0,0,0,0
ishika__ds2-000200,validation,0,0,0,0,0
ishika__ds2-000201,train,-1,-1,-1,-1,-1
ishika__ds2-000202,train,-1,-1,-1,-1,-1
ishika__ds2-000203,validation,0,0,0,0,0
ishika__ds2-000204,train,-1,-1,-1,-1,-1
ishika__ds2-000206,validation,0,0,0,0,0
ishika__ds2-000207,test,0,0,0,0,0
ishika__ds2-000208,train,-1,-1,-1,-1,-1
ishika__ds2-000209,train,-1,-1,-1,-1,-1
ishika__ds2-000211,train,-1,-1,-1,-1,-1
ishika__ds2-000212,test,0,0,0,0,0
ishika__ds2-000213,train,-1,-1,-1,-1,-1
ishika__ds2-000217,train,-1,-1,-1,-1,-1
ishika__ds2-000219,validation,0,0,0,0,0
ishika__ds2-000221,test,0,0,0,0,0
ishika__ds2-000222,train,-1,-1,-1,-1,-1
ishika__ds2-000223,train,-1,-1,-1,-1,-1
ishika__ds2-000224,train,-1,-1,-1,-1,-1
ishika__ds2-000225,test,0,0,0,0,0
ishika__ds2-000226,train,-1,-1,-1,-1,-1
ishika__ds2-000227,validation,0,0,0,0,0
ishika__ds2-000228,train,-1,-1,-1,-1,-1
ishika__ds2-000229,test,0,0,0,0,0
ishika__ds2-000230,train,-1,-1,-1,-1,-1
ishika__ds2-000231,train,-1,-1,-1,-1,-1
ishika__ds2-000232,train,-1,-1,-1,-1,-1
ishika__ds2-000233,train,-1,-1,-1,-1,-1
ishika__ds2-000236,train,-1,-1,-1,-1,-1
ishika__ds2-000237,validation,0,0,0,0,0
ishika__ds2-000238,train,-1,-1,-1,-1,-1
ishika__ds2-000239,test,0,0,0,0,0
ishika__ds2-000240,test,0,0,0,0,0
ishika__ds2-000241,train,-1,-1,-1,-1,-1
ishika__ds2-000242,test,0,0,0,0,0
ishika__ds2-000243,train,-1,-1,-1,-1,-1
ishika__ds2-000244,train,-1,-1,-1,-1,-1
ishika__ds2-000245,test,0,0,0,0,0
ishika__ds2-000246,test,0,0,0,0,0
ishika__ds2-000247,train,-1,-1,-1,-1,-1
ishika__ds2-000248,train,-1,-1,-1,-1,-1
ishika__ds2-000249,train,-1,-1,-1,-1,-1
ishika__ds2-000250,train,-1,-1,-1,-1,-1
ishika__ds2-000251,train,-1,-1,-1,-1,-1
ishika__ds2-000252,train,-1,-1,-1,-1,-1
ishika__ds2-000254,train,-1,-1,-1,-1,-1
ishika__ds2-000255,train,-1,-1,-1,-1,-1
ishika__ds2-000256,validation,0,0,0,0,0
ishika__ds2-000257,validation,2,0,2,2,0
ishika__ds2-000258,train,-1,-1,-1,-1,-1
ishika__ds2-000259,train,-1,-1,-1,-1,-1
ishika__ds2-000260,test,0,0,0,0,0
ishika__ds2-000262,test,0,0,0,0,0
ishika__ds2-000263,train,-1,-1,-1,-1,-1
ishika__ds2-000265,train,-1,-1,-1,-1,-1
ishika__ds2-000266,train,-1,-1,-1,-1,-1
ishika__ds2-000267,train,-1,-1,-1,-1,-1
ishika__ds2-000269,validation,2,0,2,2,0
ishika__ds2-000270,validation,0,0,0,0,1
ishika__ds2-000272,validation,0,0,0,0,0
ishika__ds2-000273,train,-1,-1,-1,-1,-1
ishika__ds2-000275,train,-1,-1,-1,-1,-1
ishika__ds2-000276,train,-1,-1,-1,-1,-1
ishika__ds2-000277,train,-1,-1,-1,-1,-1
ishika__ds2-000278,test,0,0,0,0,0
ishika__ds2-000279,train,-1,-1,-1,-1,-1
ishika__ds2-000280,train,-1,-1,-1,-1,-1
ishika__ds2-000282,validation,0,0,0,0,0
ishika__ds2-000283,test,0,0,0,0,0
ishika__ds2-000284,train,-1,-1,-1,-1,-1
ishika__ds2-000285,train,-1,-1,-1,-1,-1
ishika__ds2-000286,train,-1,-1,-1,-1,-1
ishika__ds2-000287,train,-1,-1,-1,-1,-1
ishika__ds2-000288,train,-1,-1,-1,-1,-1
ishika__ds2-000289,test,0,0,0,0,0
ishika__ds2-000290,validation,0,0,0,0,0
ishika__ds2-000292,test,0,0,0,0,0
ishika__ds2-000293,train,-1,-1,-1,-1,-1
ishika__ds2-000294,train,-1,-1,-1,-1,-1
ishika__ds2-000295,validation,2,0,2,2,0
ishika__ds2-000296,train,-1,-1,-1,-1,-1
ishika__ds2-000297,train,-1,-1,-1,-1,-1
ishika__ds2-000298,train,-1,-1,-1,-1,-1
ishika__ds2-000300,test,0,0,0,0,0
ishika__ds2-000301,train,-1,-1,-1,-1,-1
ishika__ds2-000303,train,-1,-1,-1,-1,-1
ishika__ds2-000304,train,-1,-1,-1,-1,-1
ishika__ds2-000305,train,-1,-1,-1,-1,-1
ishika__ds2-000306,train,-1,-1,-1,-1,-1
ishika__ds2-000307,train,-1,-1,-1,-1,-1
ishika__ds2-000308,train,-1,-1,-1,-1,-1
ishika__ds2-000310,validation,0,0,0,0,0
ishika__ds2-000311,validation,2,0,2,0,0
ishika__ds2-000312,train,-1,-1,-1,-1,-1
ishika__ds2-000313,train,-1,-1,-1,-1,-1
ishika__ds2-000314,train,-1,-1,-1,-1,-1
ishika__ds2-000315,train,-1,-1,-1,-1,-1
ishika__ds2-000316,train,-1,-1,-1,-1,-1
ishika__ds2-000319,train,-1,-1,-1,-1,-1
ishika__ds2-000320,validation,0,0,0,0,0
ishika__ds2-000321,train,-1,-1,-1,-1,-1
ishika__ds2-000322,train,-1,-1,-1,-1,-1
ishika__ds2-000323,test,0,0,0,0,0
ishika__ds2-000324,train,-1,-1,-1,-1,-1
ishika__ds2-000325,train,-1,-1,-1,-1,-1
ishika__ds2-000326,validation,0,0,0,0,0
ishika__ds2-000328,train,-1,-1,-1,-1,-1
ishika__ds2-000329,train,-1,-1,-1,-1,-1
ishika__ds2-000330,train,-1,-1,-1,-1,-1
ishika__ds2-000331,train,-1,-1,-1,-1,-1
ishika__ds2-000332,validation,0,0,0,0,0
ishika__ds2-000333,test,0,0,0,0,0
ishika__ds2-000334,train,-1,-1,-1,-1,-1
ishika__ds2-000335,train,-1,-1,-1,-1,-1
ishika__ds2-000336,test,0,0,0,0,0
ishika__ds2-000337,train,-1,-1,-1,-1,-1
ishika__ds2-000338,validation,0,0,0,0,0
ishika__ds2-000340,test,0,0,0,0,0
ishika__ds2-000341,train,-1,-1,-1,-1,-1
ishika__ds2-000343,train,-1,-1,-1,-1,-1
ishika__ds2-000344,validation,0,0,0,0,1
ishika__ds2-000345,train,-1,-1,-1,-1,-1
ishika__ds2-000346,train,-1,-1,-1,-1,-1
ishika__ds2-000347,validation,0,0,0,0,0
ishika__ds2-000348,train,-1,-1,-1,-1,-1
ishika__ds2-000349,test,0,0,0,0,0
ishika__ds2-000350,train,-1,-1,-1,-1,-1
ishika__ds2-000351,train,-1,-1,-1,-1,-1
ishika__ds2-000352,test,0,0,0,0,0
ishika__ds2-000353,train,-1,-1,-1,-1,-1
ishika__ds2-000354,train,-1,-1,-1,-1,-1
ishika__ds2-000355,validation,0,0,0,0,0
ishika__ds2-000356,train,-1,-1,-1,-1,-1
ishika__ds2-000357,train,-1,-1,-1,-1,-1
ishika__ds2-000358,train,-1,-1,-1,-1,-1
ishika__ds2-000359,validation,0,0,0,0,0
ishika__ds2-000360,train,-1,-1,-1,-1,-1
ishika__ds2-000361,validation,0,0,0,0,0
ishika__ds2-000362,train,-1,-1,-1,-1,-1
ishika__ds2-000363,train,-1,-1,-1,-1,-1
ishika__ds2-000364,train,-1,-1,-1,-1,-1
ishika__ds2-000365,test,0,0,0,0,0
ishika__ds2-000366,train,-1,-1,-1,-1,-1
ishika__ds2-000368,train,-1,-1,-1,-1,-1
ishika__ds2-000369,train,-1,-1,-1,-1,-1
ishika__ds2-000370,train,-1,-1,-1,-1,-1
ishika__ds2-000371,train,-1,-1,-1,-1,-1
ishika__ds2-000372,train,-1,-1,-1,-1,-1
ishika__ds2-000373,validation,0,0,0,0,0
ishika__ds2-000374,train,-1,-1,-1,-1,-1
ishika__ds2-000375,train,-1,-1,-1,-1,-1
ishika__ds2-000376,test,0,0,0,0,0
ishika__ds2-000377,train,-1,-1,-1,-1,-1
ishika__ds2-000378,train,-1,-1,-1,-1,-1
ishika__ds2-000379,validation,0,0,0,0,0
ishika__ds2-000380,validation,0,0,0,0,0
ishika__ds2-000381,validation,0,0,0,0,0
ishika__ds2-000382,train,-1,-1,-1,-1,-1
ishika__ds2-000383,train,-1,-1,-1,-1,-1
ishika__ds2-000384,train,-1,-1,-1,-1,-1
ishika__ds2-000385,train,-1,-1,-1,-1,-1
ishika__ds2-000386,train,-1,-1,-1,-1,-1
ishika__ds2-000387,train,-1,-1,-1,-1,-1
ishika__ds2-000389,train,-1,-1,-1,-1,-1
ishika__ds2-000390,train,-1,-1,-1,-1,-1
ishika__ds2-000391,validation,0,0,0,0,0
ishika__ds2-000392,train,-1,-1,-1,-1,-1
ishika__ds2-000394,train,-1,-1,-1,-1,-1
ishika__ds2-000395,train,-1,-1,-1,-1,-1
ishika__ds2-000396,train,-1,-1,-1,-1,-1
ishika__ds2-000397,train,-1,-1,-1,-1,-1
ishika__ds2-000398,train,-1,-1,-1,-1,-1
ishika__ds2-000399,train,-1,-1,-1,-1,-1
ishika__ds2-000400,train,-1,-1,-1,-1,-1
ishika__ds2-000401,train,-1,-1,-1,-1,-1
ishika__ds2-000402,validation,0,0,0,0,0
ishika__ds2-000403,validation,0,0,0,0,0
ishika__ds2-000404,train,-1,-1,-1,-1,-1
ishika__ds2-000405,train,-1,-1,-1,-1,-1
ishika__ds2-000406,train,-1,-1,-1,-1,-1
ishika__ds2-000407,train,-1,-1,-1,-1,-1
ishika__ds2-000408,train,-1,-1,-1,-1,-1
ishika__ds2-000409,train,-1,-1,-1,-1,-1
ishika__ds2-000410,train,-1,-1,-1,-1,-1
ishika__ds2-000411,train,-1,-1,-1,-1,-1
ishika__ds2-000412,validation,0,0,0,0,0
ishika__ds2-000413,train,-1,-1,-1,-1,-1
ishika__ds2-000414,train,-1,-1,-1,-1,-1
ishika__ds2-000415,test,0,0,0,0,0
ishika__ds2-000416,train,-1,-1,-1,-1,-1
ishika__ds2-000417,test,0,0,0,0,0
ishika__ds2-000418,train,-1,-1,-1,-1,-1
ishika__ds2-000419,train,-1,-1,-1,-1,-1
ishika__ds2-000420,validation,0,0,0,0,0
ishika__ds2-000421,train,-1,-1,-1,-1,-1
ishika__ds2-000422,test,0,0,0,0,0
ishika__ds2-000423,train,-1,-1,-1,-1,-1
ishika__ds2-000424,train,-1,-1,-1,-1,-1
ishika__ds2-000425,test,0,0,0,0,0
ishika__ds2-000426,train,-1,-1,-1,-1,-1
ishika__ds2-000427,test,0,0,0,0,0
ishika__ds2-000428,train,-1,-1,-1,-1,-1
ishika__ds2-000429,validation,0,0,0,0,0
ishika__ds2-000430,train,-1,-1,-1,-1,-1
ishika__ds2-000431,train,-1,-1,-1,-1,-1
ishika__ds2-000432,train,-1,-1,-1,-1,-1
ishika__ds2-000433,train,-1,-1,-1,-1,-1
ishika__ds2-000434,train,-1,-1,-1,-1,-1
ishika__ds2-000435,train,-1,-1,-1,-1,-1
ishika__ds2-000436,train,-1,-1,-1,-1,-1
ishika__ds2-000437,train,-1,-1,-1,-1,-1
ishika__ds2-000438,train,-1,-1,-1,-1,-1
ishika__ds2-000439,train,-1,-1,-1,-1,-1
ishika__ds2-000440,train,-1,-1,-1,-1,-1
ishika__ds2-000441,train,-1,-1,-1,-1,-1
ishika__ds2-000442,test,0,0,0,0,0
ishika__ds2-000444,validation,0,0,0,0,0
ishika__ds2-000445,train,-1,-1,-1,-1,-1
ishika__ds2-000446,train,-1,-1,-1,-1,-1
ishika__ds2-000447,train,-1,-1,-1,-1,-1
ishika__ds2-000448,test,0,0,0,0,0
ishika__ds2-000449,test,0,0,0,0,0
ishika__ds2-000450,validation,0,0,0,0,0
ishika__ds2-000452,test,0,0,0,0,0
ishika__ds2-000453,validation,0,0,0,0,0
ishika__ds2-000454,test,0,0,0,0,1
ishika__ds2-000455,train,-1,-1,-1,-1,-1
ishika__ds2-000456,train,-1,-1,-1,-1,-1
ishika__ds2-000457,train,-1,-1,-1,-1,-1
ishika__ds2-000458,train,-1,-1,-1,-1,-1
ishika__ds2-000459,train,-1,-1,-1,-1,-1
ishika__ds2-000460,test,0,1,0,0,1
ishika__ds2-000461,train,-1,-1,-1,-1,-1
ishika__ds2-000462,train,-1,-1,-1,-1,-1
ishika__ds2-000463,train,-1,-1,-1,-1,-1
ishika__ds2-000464,train,-1,-1,-1,-1,-1
ishika__ds2-000465,train,-1,-1,-1,-1,-1
ishika__ds2-000466,validation,0,0,0,0,0
ishika__ds2-000467,train,-1,-1,-1,-1,-1
ishika__ds2-000468,train,-1,-1,-1,-1,-1
ishika__ds2-000469,validation,0,0,0,0,0
ishika__ds2-000470,test,0,0,0,0,0
ishika__ds2-000471,train,-1,-1,-1,-1,-1
ishika__ds2-000472,train,-1,-1,-1,-1,-1
ishika__ds2-000473,validation,0,0,0,0,0
ishika__ds2-000474,train,-1,-1,-1,-1,-1
ishika__ds2-000476,validation,0,0,0,0,0
ishika__ds2-000477,train,-1,-1,-1,-1,-1
ishika__ds2-000478,test,0,0,0,0,0
ishika__ds2-000479,train,-1,-1,-1,-1,-1
ishika__ds2-000480,train,-1,-1,-1,-1,-1
ishika__ds2-000481,train,-1,-1,-1,-1,-1
ishika__ds2-000482,validation,0,0,0,0,0
ishika__ds2-000483,test,0,0,0,0,1
ishika__ds2-000484,train,-1,-1,-1,-1,-1
ishika__ds2-000485,validation,2,2,0,1,2
ishika__ds2-000486,train,-1,-1,-1,-1,-1
ishika__ds2-000487,test,0,0,0,0,0
ishika__ds2-000488,train,-1,-1,-1,-1,-1
ishika__ds2-000489,validation,2,0,2,0,0
ishika__ds2-000490,train,-1,-1,-1,-1,-1
ishika__ds2-000491,test,0,0,0,0,0
ishika__ds2-000492,train,-1,-1,-1,-1,-1
ishika__ds2-000493,train,-1,-1,-1,-1,-1
ishika__ds2-000494,train,-1,-1,-1,-1,-1
ishika__ds2-000495,train,-1,-1,-1,-1,-1
ishika__ds2-000497,train,-1,-1,-1,-1,-1
ishika__ds2-000498,train,-1,-1,-1,-1,-1
ishika__ds2-000500,train,-1,-1,-1,-1,-1
ishika__ds2-000501,train,-1,-1,-1,-1,-1
ishika__ds2-000502,train,-1,-1,-1,-1,-1
ishika__ds2-000503,train,-1,-1,-1,-1,-1
ishika__ds2-000504,validation,0,0,0,0,0
ishika__ds2-000505,validation,0,0,0,0,0
ishika__ds2-000506,validation,0,0,0,0,0
ishika__ds2-000507,train,-1,-1,-1,-1,-1
ishika__ds2-000508,train,-1,-1,-1,-1,-1
ishika__ds2-000509,test,0,1,0,0,1
ishika__ds2-000510,train,-1,-1,-1,-1,-1
ishika__ds2-000511,test,0,0,0,0,0
ishika__ds2-000512,train,-1,-1,-1,-1,-1
ishika__ds2-000513,train,-1,-1,-1,-1,-1
ishika__ds2-000514,train,-1,-1,-1,-1,-1
ishika__ds2-000515,train,-1,-1,-1,-1,-1
ishika__ds2-000516,train,-1,-1,-1,-1,-1
ishika__ds2-000517,train,-1,-1,-1,-1,-1
ishika__ds2-000518,train,-1,-1,-1,-1,-1
ishika__ds2-000520,train,-1,-1,-1,-1,-1
ishika__ds2-000521,train,-1,-1,-1,-1,-1
ishika__ds2-000522,train,-1,-1,-1,-1,-1
ishika__ds2-000523,train,-1,-1,-1,-1,-1
ishika__ds2-000524,train,-1,-1,-1,-1,-1
ishika__ds2-000526,train,-1,-1,-1,-1,-1
ishika__ds2-000527,test,0,0,0,0,0
ishika__ds2-000528,train,-1,-1,-1,-1,-1
ishika__ds2-000529,train,-1,-1,-1,-1,-1
ishika__ds2-000530,train,-1,-1,-1,-1,-1
ishika__ds2-000532,train,-1,-1,-1,-1,-1
ishika__ds2-000534,train,-1,-1,-1,-1,-1
ishika__ds2-000535,train,-1,-1,-1,-1,-1
ishika__ds2-000536,train,-1,-1,-1,-1,-1
ishika__ds2-000537,validation,0,0,0,0,0
ishika__ds2-000538,validation,0,0,0,0,0
ishika__ds2-000539,train,-1,-1,-1,-1,-1
ishika__ds2-000540,train,-1,-1,-1,-1,-1
ishika__ds2-000541,test,0,0,0,0,0
ishika__ds2-000542,validation,0,0,0,0,1
ishika__ds2-000543,test,0,0,0,0,0
ishika__ds2-000544,train,-1,-1,-1,-1,-1
ishika__ds2-000545,train,-1,-1,-1,-1,-1
ishika__ds2-000546,train,-1,-1,-1,-1,-1
ishika__ds2-000547,train,-1,-1,-1,-1,-1
ishika__ds2-000548,test,0,0,0,0,0
ishika__ds2-000549,test,0,0,0,0,1
ishika__ds2-000550,train,-1,-1,-1,-1,-1
ishika__ds2-000551,train,-1,-1,-1,-1,-1
ishika__ds2-000552,train,-1,-1,-1,-1,-1
ishika__ds2-000553,test,0,0,0,0,1
ishika__ds2-000554,train,-1,-1,-1,-1,-1
ishika__ds2-000555,train,-1,-1,-1,-1,-1
ishika__ds2-000556,train,-1,-1,-1,-1,-1
ishika__ds2-000558,test,0,0,2,0,1
ishika__ds2-000559,train,-1,-1,-1,-1,-1
ishika__ds2-000560,train,-1,-1,-1,-1,-1
ishika__ds2-000561,test,0,0,0,0,0
ishika__ds2-000562,test,0,0,0,0,0
ishika__ds2-000563,train,-1,-1,-1,-1,-1
ishika__ds2-000564,train,-1,-1,-1,-1,-1
ishika__ds2-000565,validation,0,0,0,0,0
ishika__ds2-000566,test,0,0,0,0,0
ishika__ds2-000567,train,-1,-1,-1,-1,-1
ishika__ds2-000568,train,-1,-1,-1,-1,-1
ishika__ds2-000569,test,0,0,0,0,0
ishika__ds2-000570,train,-1,-1,-1,-1,-1
ishika__ds2-000571,train,-1,-1,-1,-1,-1
ishika__ds2-000573,train,-1,-1,-1,-1,-1
ishika__ds2-000574,train,-1,-1,-1,-1,-1
ishika__ds2-000576,train,-1,-1,-1,-1,-1
ishika__ds2-000577,train,-1,-1,-1,-1,-1
ishika__ds2-000578,train,-1,-1,-1,-1,-1
ishika__ds2-000579,train,-1,-1,-1,-1,-1
ishika__ds2-000581,train,-1,-1,-1,-1,-1
ishika__ds2-000582,train,-1,-1,-1,-1,-1
ishika__ds2-000583,train,-1,-1,-1,-1,-1
ishika__ds2-000584,train,-1,-1,-1,-1,-1
ishika__ds2-000585,train,-1,-1,-1,-1,-1
ishika__ds2-000586,train,-1,-1,-1,-1,-1
ishika__ds2-000587,train,-1,-1,-1,-1,-1
ishika__ds2-000588,validation,0,0,0,0,0
ishika__ds2-000589,train,-1,-1,-1,-1,-1
ishika__ds2-000590,train,-1,-1,-1,-1,-1
ishika__ds2-000591,train,-1,-1,-1,-1,-1
ishika__ds2-000594,test,0,1,0,0,1
ishika__ds2-000595,train,-1,-1,-1,-1,-1
ishika__ds2-000596,train,-1,-1,-1,-1,-1
ishika__ds2-000597,train,-1,-1,-1,-1,-1
ishika__ds2-000598,train,-1,-1,-1,-1,-1
ishika__ds2-000599,test,0,0,0,0,1
ishika__ds2-000600,train,-1,-1,-1,-1,-1
ishika__ds2-000601,train,-1,-1,-1,-1,-1
ishika__ds2-000602,validation,0,0,0,0,0
ishika__ds2-000603,train,-1,-1,-1,-1,-1
ishika__ds2-000604,test,0,0,0,0,1
ishika__ds2-000605,test,0,0,0,0,1
ishika__ds2-000606,test,0,0,0,0,0
ishika__ds2-000608,validation,0,1,0,0,0
ishika__ds2-000609,train,-1,-1,-1,-1,-1
ishika__ds2-000610,validation,0,0,0,0,0
ishika__ds2-000611,validation,0,0,0,0,0
ishika__ds2-000612,validation,0,1,0,0,1
ishika__ds2-000613,validation,0,0,0,0,1
ishika__ds2-000614,train,-1,-1,-1,-1,-1
ishika__ds2-000615,test,0,0,0,0,0
ishika__ds2-000616,test,0,1,0,0,1
ishika__ds2-000617,test,0,0,0,0,0
ishika__ds2-000618,train,-1,-1,-1,-1,-1
ishika__ds2-000619,train,-1,-1,-1,-1,-1
ishika__ds2-000620,train,-1,-1,-1,-1,-1
ishika__ds2-000622,train,-1,-1,-1,-1,-1
ishika__ds2-000623,train,-1,-1,-1,-1,-1
ishika__ds2-000624,validation,0,1,0,0,0
ishika__ds2-000625,train,-1,-1,-1,-1,-1
ishika__ds2-000626,train,-1,-1,-1,-1,-1
ishika__ds2-000627,train,-1,-1,-1,-1,-1
ishika__ds2-000628,train,-1,-1,-1,-1,-1
ishika__ds2-000629,validation,0,0,0,0,1
ishika__ds2-000630,train,-1,-1,-1,-1,-1
ishika__ds2-000631,test,0,0,0,0,0
ishika__ds2-000632,train,-1,-1,-1,-1,-1
ishika__ds2-000633,train,-1,-1,-1,-1,-1
ishika__ds2-000634,train,-1,-1,-1,-1,-1
ishika__ds2-000635,train,-1,-1,-1,-1,-1
ishika__ds2-000636,train,-1,-1,-1,-1,-1
ishika__ds2-000637,validation,0,0,0,0,0
ishika__ds2-000638,test,0,0,0,0,0
ishika__ds2-000639,train,-1,-1,-1,-1,-1
ishika__ds2-000640,train,-1,-1,-1,-1,-1
ishika__ds2-000641,test,0,0,0,0,0
ishika__ds2-000642,train,-1,-1,-1,-1,-1
ishika__ds2-000643,train,-1,-1,-1,-1,-1
ishika__ds2-000644,train,-1,-1,-1,-1,-1
ishika__ds2-000645,test,0,0,0,0,0
ishika__ds2-000646,train,-1,-1,-1,-1,-1
ishika__ds2-000647,test,0,0,0,0,0
ishika__ds2-000648,train,-1,-1,-1,-1,-1
ishika__ds2-000649,train,-1,-1,-1,-1,-1
ishika__ds2-000650,validation,2,0,0,0,0
ishika__ds2-000651,test,0,1,0,0,1
ishika__ds2-000652,train,-1,-1,-1,-1,-1
ishika__ds2-000653,train,-1,-1,-1,-1,-1
ishika__ds2-000654,train,-1,-1,-1,-1,-1
ishika__ds2-000655,train,-1,-1,-1,-1,-1
ishika__ds2-000656,train,-1,-1,-1,-1,-1
ishika__ds2-000657,train,-1,-1,-1,-1,-1
ishika__ds2-000658,train,-1,-1,-1,-1,-1
ishika__ds2-000659,train,-1,-1,-1,-1,-1
ishika__ds2-000660,train,-1,-1,-1,-1,-1
ishika__ds2-000661,train,-1,-1,-1,-1,-1
ishika__ds2-000662,train,-1,-1,-1,-1,-1
ishika__ds2-000663,train,-1,-1,-1,-1,-1
ishika__ds2-000665,train,-1,-1,-1,-1,-1
ishika__ds2-000666,train,-1,-1,-1,-1,-1
ishika__ds2-000667,train,-1,-1,-1,-1,-1
ishika__ds2-000668,train,-1,-1,-1,-1,-1
ishika__ds2-000669,train,-1,-1,-1,-1,-1
ishika__ds2-000670,train,-1,-1,-1,-1,-1
ishika__ds2-000671,train,-1,-1,-1,-1,-1
ishika__ds2-000672,train,-1,-1,-1,-1,-1
ishika__ds2-000673,train,-1,-1,-1,-1,-1
ishika__ds2-000674,validation,0,0,0,0,0
ishika__ds2-000675,validation,0,0,0,0,0
ishika__ds2-000676,train,-1,-1,-1,-1,-1
ishika__ds2-000677,train,-1,-1,-1,-1,-1
ishika__ds2-000678,validation,0,0,0,0,0
ishika__ds2-000679,train,-1,-1,-1,-1,-1
ishika__ds2-000680,validation,0,0,0,0,0
ishika__ds2-000681,validation,2,0,2,0,0
ishika__ds2-000682,train,-1,-1,-1,-1,-1
ishika__ds2-000683,train,-1,-1,-1,-1,-1
ishika__ds2-000684,train,-1,-1,-1,-1,-1
ishika__ds2-000685,train,-1,-1,-1,-1,-1
ishika__ds2-000687,train,-1,-1,-1,-1,-1
ishika__ds2-000688,validation,0,0,0,0,0
ishika__ds2-000689,train,-1,-1,-1,-1,-1
ishika__ds2-000690,train,-1,-1,-1,-1,-1
ishika__ds2-000692,test,0,1,0,0,1
ishika__ds2-000693,train,-1,-1,-1,-1,-1
ishika__ds2-000694,train,-1,-1,-1,-1,-1
ishika__ds2-000695,validation,0,0,0,0,0
ishika__ds2-000696,train,-1,-1,-1,-1,-1
ishika__ds2-000697,test,0,1,0,0,1
ishika__ds2-000699,train,-1,-1,-1,-1,-1
ishika__ds2-000700,validation,0,0,0,0,0
ishika__ds3-000001,train,-1,-1,-1,-1,-1
ishika__ds3-000002,train,-1,-1,-1,-1,-1
ishika__ds3-000003,train,-1,-1,-1,-1,-1
ishika__ds3-000004,train,-1,-1,-1,-1,-1
ishika__ds3-000005,train,-1,-1,-1,-1,-1
ishika__ds3-000006,test,0,0,0,0,0
ishika__ds3-000007,train,-1,-1,-1,-1,-1
ishika__ds3-000009,train,-1,-1,-1,-1,-1
ishika__ds3-000010,train,-1,-1,-1,-1,-1
ishika__ds3-000011,validation,0,0,0,0,0
ishika__ds3-000013,train,-1,-1,-1,-1,-1
ishika__ds3-000014,train,-1,-1,-1,-1,-1
ishika__ds3-000016,validation,0,0,0,0,0
ishika__ds3-000017,validation,2,0,2,2,2
ishika__ds3-000018,train,-1,-1,-1,-1,-1
ishika__ds3-000020,train,-1,-1,-1,-1,-1
ishika__ds3-000021,train,-1,-1,-1,-1,-1
ishika__ds3-000022,train,-1,-1,-1,-1,-1
ishika__ds3-000023,train,-1,-1,-1,-1,-1
ishika__ds3-000024,validation,0,0,0,0,0
ishika__ds3-000025,train,-1,-1,-1,-1,-1
ishika__ds3-000026,test,2,1,2,2,2
ishika__ds3-000027,validation,2,0,0,0,1
ishika__ds3-000028,train,-1,-1,-1,-1,-1
ishika__ds3-000029,validation,1,0,1,0,0
ishika__ds3-000030,test,2,0,2,0,0
ishika__ds3-000031,train,-1,-1,-1,-1,-1
ishika__ds3-000032,train,-1,-1,-1,-1,-1
ishika__ds3-000033,train,-1,-1,-1,-1,-1
ishika__ds3-000034,train,-1,-1,-1,-1,-1
ishika__ds3-000035,validation,2,2,2,2,2
ishika__ds3-000036,validation,0,0,0,0,0
ishika__ds3-000037,train,-1,-1,-1,-1,-1
ishika__ds3-000039,validation,1,0,1,1,0
ishika__ds3-000041,train,-1,-1,-1,-1,-1
ishika__ds3-000042,train,-1,-1,-1,-1,-1
ishika__ds3-000043,test,2,2,2,2,2
ishika__ds3-000044,test,0,0,0,0,0
ishika__ds3-000045,validation,0,0,0,0,0
ishika__ds3-000046,validation,0,0,0,0,0
ishika__ds3-000047,train,-1,-1,-1,-1,-1
ishika__ds3-000049,train,-1,-1,-1,-1,-1
ishika__ds3-000050,train,-1,-1,-1,-1,-1
ishika__ds3-000051,validation,0,0,0,0,0
ishika__ds3-000052,train,-1,-1,-1,-1,-1
ishika__ds3-000053,train,-1,-1,-1,-1,-1
ishika__ds3-000054,test,0,0,2,0,0
ishika__ds3-000055,train,-1,-1,-1,-1,-1
ishika__ds3-000056,train,-1,-1,-1,-1,-1
ishika__ds3-000057,train,-1,-1,-1,-1,-1
ishika__ds3-000058,train,-1,-1,-1,-1,-1
ishika__ds3-000060,train,-1,-1,-1,-1,-1
ishika__ds3-000061,train,-1,-1,-1,-1,-1
ishika__ds3-000062,train,-1,-1,-1,-1,-1
ishika__ds3-000063,train,-1,-1,-1,-1,-1
ishika__ds3-000064,test,2,0,2,2,2
ishika__ds3-000066,train,-1,-1,-1,-1,-1
ishika__ds3-000067,train,-1,-1,-1,-1,-1
ishika__ds3-000068,train,-1,-1,-1,-1,-1
ishika__ds3-000069,train,-1,-1,-1,-1,-1
ishika__ds3-000070,test,0,0,0,0,0
ishika__ds3-000071,train,-1,-1,-1,-1,-1
ishika__ds3-000072,test,0,0,0,0,0
ishika__ds3-000073,train,-1,-1,-1,-1,-1
ishika__ds3-000074,train,-1,-1,-1,-1,-1
ishika__ds3-000075,train,-1,-1,-1,-1,-1
ishika__ds3-000076,train,-1,-1,-1,-1,-1
ishika__ds3-000077,train,-1,-1,-1,-1,-1
ishika__ds3-000080,train,-1,-1,-1,-1,-1
ishika__ds3-000081,train,-1,-1,-1,-1,-1
ishika__ds3-000082,test,2,2,2,2,2
ishika__ds3-000083,train,-1,-1,-1,-1,-1
ishika__ds3-000084,test,0,0,0,0,1
ishika__ds3-000085,validation,0,0,0,0,0
ishika__ds3-000086,train,-1,-1,-1,-1,-1
ishika__ds3-000087,validation,0,0,0,0,0
ishika__ds3-000088,test,0,0,0,0,0
ishika__ds3-000089,train,-1,-1,-1,-1,-1
ishika__ds3-000090,test,0,0,0,0,0
ishika__ds3-000091,validation,2,0,0,0,0
ishika__ds3-000092,test,2,0,0,2,0
ishika__ds3-000093,train,-1,-1,-1,-1,-1
ishika__ds3-000094,train,-1,-1,-1,-1,-1
ishika__ds3-000095,test,0,0,2,0,0
ishika__ds3-000097,train,-1,-1,-1,-1,-1
ishika__ds3-000098,train,-1,-1,-1,-1,-1
ishika__ds3-000099,train,-1,-1,-1,-1,-1
ishika__ds3-000100,train,-1,-1,-1,-1,-1
ishika__ds3-000101,train,-1,-1,-1,-1,-1
ishika__ds3-000102,train,-1,-1,-1,-1,-1
ishika__ds3-000103,train,-1,-1,-1,-1,-1
ishika__ds3-000105,train,-1,-1,-1,-1,-1
ishika__ds3-000107,train,-1,-1,-1,-1,-1
ishika__ds3-000108,train,-1,-1,-1,-1,-1
ishika__ds3-000109,train,-1,-1,-1,-1,-1
ishika__ds3-000110,train,-1,-1,-1,-1,-1
ishika__ds3-000111,train,-1,-1,-1,-1,-1
ishika__ds3-000112,test,2,0,2,2,2
ishika__ds3-000113,validation,2,0,2,2,0
ishika__ds3-000114,train,-1,-1,-1,-1,-1
ishika__ds3-000115,train,-1,-1,-1,-1,-1
ishika__ds3-000116,test,0,0,0,0,0
ishika__ds3-000117,train,-1,-1,-1,-1,-1
ishika__ds3-000118,test,0,0,0,0,0
ishika__ds3-000120,test,0,0,0,0,0
ishika__ds3-000121,train,-1,-1,-1,-1,-1
ishika__ds3-000124,train,-1,-1,-1,-1,-1
ishika__ds3-000125,train,-1,-1,-1,-1,-1
ishika__ds3-000126,validation,2,1,2,2,2
ishika__ds3-000127,train,-1,-1,-1,-1,-1
ishika__ds3-000128,train,-1,-1,-1,-1,-1
ishika__ds3-000129,train,-1,-1,-1,-1,-1
ishika__ds3-000130,train,-1,-1,-1,-1,-1
ishika__ds3-000131,train,-1,-1,-1,-1,-1
ishika__ds3-000133,train,-1,-1,-1,-1,-1
ishika__ds3-000134,train,-1,-1,-1,-1,-1
ishika__ds3-000136,train,-1,-1,-1,-1,-1
ishika__ds3-000137,train,-1,-1,-1,-1,-1
ishika__ds3-000139,validation,0,0,0,0,0
ishika__ds3-000140,train,-1,-1,-1,-1,-1
ishika__ds3-000142,train,-1,-1,-1,-1,-1
ishika__ds3-000143,train,-1,-1,-1,-1,-1
ishika__ds3-000144,test,1,1,1,2,1
ishika__ds3-000145,train,-1,-1,-1,-1,-1
ishika__ds3-000147,train,-1,-1,-1,-1,-1
ishika__ds3-000148,train,-1,-1,-1,-1,-1
ishika__ds3-000150,train,-1,-1,-1,-1,-1
ishika__ds3-000151,train,-1,-1,-1,-1,-1
ishika__ds3-000152,train,-1,-1,-1,-1,-1
ishika__ds3-000154,train,-1,-1,-1,-1,-1
ishika__ds3-000156,validation,2,2,2,2,2
ishika__ds3-000157,test,0,0,0,0,0
ishika__ds3-000158,test,0,0,0,0,0
ishika__ds3-000159,train,-1,-1,-1,-1,-1
ishika__ds3-000160,train,-1,-1,-1,-1,-1
ishika__ds3-000161,test,2,0,2,0,1
ishika__ds3-000163,train,-1,-1,-1,-1,-1
ishika__ds3-000165,train,-1,-1,-1,-1,-1
ishika__ds3-000166,train,-1,-1,-1,-1,-1
ishika__ds3-000167,train,-1,-1,-1,-1,-1
ishika__ds3-000168,train,-1,-1,-1,-1,-1
ishika__ds3-000169,train,-1,-1,-1,-1,-1
ishika__ds3-000170,train,-1,-1,-1,-1,-1
ishika__ds3-000171,train,-1,-1,-1,-1,-1
ishika__ds3-000172,train,-1,-1,-1,-1,-1
ishika__ds3-000173,train,-1,-1,-1,-1,-1
ishika__ds3-000175,train,-1,-1,-1,-1,-1
ishika__ds3-000177,train,-1,-1,-1,-1,-1
ishika__ds3-000178,train,-1,-1,-1,-1,-1
ishika__ds3-000179,train,-1,-1,-1,-1,-1
ishika__ds3-000180,test,0,0,2,0,0
ishika__ds3-000181,train,-1,-1,-1,-1,-1
ishika__ds3-000183,train,-1,-1,-1,-1,-1
ishika__ds3-000184,train,-1,-1,-1,-1,-1
ishika__ds3-000185,train,-1,-1,-1,-1,-1
ishika__ds3-000186,validation,2,0,2,1,2
ishika__ds3-000188,train,-1,-1,-1,-1,-1
ishika__ds3-000189,test,0,0,0,0,0
ishika__ds3-000190,validation,0,0,0,0,0
ishika__ds3-000191,validation,2,0,2,2,0
ishika__ds3-000193,train,-1,-1,-1,-1,-1
ishika__ds3-000194,test,2,0,2,2,2
ishika__ds3-000195,train,-1,-1,-1,-1,-1
ishika__ds3-000196,train,-1,-1,-1,-1,-1
ishika__ds3-000198,test,0,0,0,0,0
ishika__ds3-000200,train,-1,-1,-1,-1,-1
ishika__ds3-000201,train,-1,-1,-1,-1,-1
ishika__ds3-000202,train,-1,-1,-1,-1,-1
ishika__ds3-000203,test,0,0,0,0,0
ishika__ds3-000204,validation,2,0,2,1,2
ishika__ds3-000205,train,-1,-1,-1,-1,-1
ishika__ds3-000206,train,-1,-1,-1,-1,-1
ishika__ds3-000207,train,-1,-1,-1,-1,-1
ishika__ds3-000208,train,-1,-1,-1,-1,-1
ishika__ds3-000209,test,0,0,0,0,0
ishika__ds3-000210,test,0,0,0,0,0
ishika__ds3-000211,train,-1,-1,-1,-1,-1
ishika__ds3-000214,train,-1,-1,-1,-1,-1
ishika__ds3-000215,train,-1,-1,-1,-1,-1
ishika__ds3-000216,train,-1,-1,-1,-1,-1
ishika__ds3-000217,train,-1,-1,-1,-1,-1
ishika__ds3-000218,train,-1,-1,-1,-1,-1
ishika__ds3-000219,train,-1,-1,-1,-1,-1
ishika__ds3-000220,train,-1,-1,-1,-1,-1
ishika__ds3-000221,train,-1,-1,-1,-1,-1
ishika__ds3-000222,validation,0,0,0,0,0
ishika__ds3-000223,train,-1,-1,-1,-1,-1
ishika__ds3-000224,train,-1,-1,-1,-1,-1
ishika__ds3-000225,validation,0,0,0,0,0
ishika__ds3-000226,train,-1,-1,-1,-1,-1
ishika__ds3-000227,validation,0,0,0,0,0
ishika__ds3-000228,validation,0,0,0,0,0
ishika__ds3-000229,train,-1,-1,-1,-1,-1
ishika__ds3-000230,train,-1,-1,-1,-1,-1
ishika__ds3-000231,validation,0,1,0,0,1
ishika__ds3-000232,test,0,0,0,0,0
ishika__ds3-000233,test,0,0,0,0,0
ishika__ds3-000234,test,0,0,0,0,0
ishika__ds3-000235,train,-1,-1,-1,-1,-1
ishika__ds3-000238,train,-1,-1,-1,-1,-1
ishika__ds3-000239,train,-1,-1,-1,-1,-1
ishika__ds3-000240,validation,0,0,0,0,0
ishika__ds3-000241,train,-1,-1,-1,-1,-1
ishika__ds3-000242,validation,1,0,1,1,0
ishika__ds3-000244,train,-1,-1,-1,-1,-1
ishika__ds3-000245,validation,2,0,2,2,2
ishika__ds3-000247,validation,1,0,1,1,0
ishika__ds3-000248,train,-1,-1,-1,-1,-1
ishika__ds3-000249,test,0,0,0,0,0
ishika__ds3-000250,test,0,0,0,0,0
ishika__ds3-000251,test,0,0,0,0,0
ishika__ds3-000253,train,-1,-1,-1,-1,-1
ishika__ds3-000255,test,0,0,0,0,0
ishika__ds3-000257,train,-1,-1,-1,-1,-1
ishika__ds3-000258,test,0,0,0,0,0
ishika__ds3-000259,train,-1,-1,-1,-1,-1
ishika__ds3-000260,validation,0,0,0,0,0
ishika__ds3-000261,train,-1,-1,-1,-1,-1
ishika__ds3-000262,test,0,0,0,0,0
ishika__ds3-000264,train,-1,-1,-1,-1,-1
ishika__ds3-000265,train,-1,-1,-1,-1,-1
ishika__ds3-000266,validation,0,0,0,0,0
ishika__ds3-000267,test,2,0,2,2,0
ishika__ds3-000270,train,-1,-1,-1,-1,-1
ishika__ds3-000271,test,2,0,2,2,2
ishika__ds3-000273,train,-1,-1,-1,-1,-1
ishika__ds3-000274,train,-1,-1,-1,-1,-1
ishika__ds3-000275,test,0,0,0,0,0
ishika__ds3-000276,test,2,2,2,2,2
ishika__ds3-000277,test,1,0,1,1,1
ishika__ds3-000278,test,2,0,0,2,0
ishika__ds3-000279,train,-1,-1,-1,-1,-1
ishika__ds3-000280,test,2,0,0,0,0
ishika__ds3-000281,train,-1,-1,-1,-1,-1
ishika__ds3-000282,validation,2,2,0,1,2
ishika__ds3-000283,train,-1,-1,-1,-1,-1
ishika__ds3-000285,train,-1,-1,-1,-1,-1
ishika__ds3-000287,train,-1,-1,-1,-1,-1
ishika__ds3-000288,train,-1,-1,-1,-1,-1
ishika__ds3-000289,validation,0,0,0,0,0
ishika__ds3-000290,validation,2,0,2,2,0
ishika__ds3-000291,train,-1,-1,-1,-1,-1
ishika__ds3-000292,train,-1,-1,-1,-1,-1
ishika__ds3-000293,train,-1,-1,-1,-1,-1
ishika__ds3-000294,train,-1,-1,-1,-1,-1
ishika__ds3-000295,validation,0,0,0,0,0
ishika__ds3-000297,train,-1,-1,-1,-1,-1
ishika__ds3-000298,train,-1,-1,-1,-1,-1
ishika__ds3-000299,train,-1,-1,-1,-1,-1
ishika__ds3-000300,train,-1,-1,-1,-1,-1
ishika__ds3-000301,validation,0,0,0,0,0
ishika__ds3-000303,train,-1,-1,-1,-1,-1
ishika__ds3-000304,train,-1,-1,-1,-1,-1
ishika__ds3-000305,validation,0,0,0,0,0
ishika__ds3-000306,validation,0,0,0,0,0
ishika__ds3-000307,validation,0,0,0,0,0
ishika__ds3-000308,train,-1,-1,-1,-1,-1
ishika__ds3-000309,test,2,0,2,2,2
ishika__ds3-000310,train,-1,-1,-1,-1,-1
ishika__ds3-000311,train,-1,-1,-1,-1,-1
ishika__ds3-000312,train,-1,-1,-1,-1,-1
ishika__ds3-000314,train,-1,-1,-1,-1,-1
ishika__ds3-000315,train,-1,-1,-1,-1,-1
ishika__ds3-000316,train,-1,-1,-1,-1,-1
ishika__ds3-000320,train,-1,-1,-1,-1,-1
ishika__ds3-000321,validation,2,1,2,2,0
ishika__ds3-000322,test,0,0,0,0,0
ishika__ds3-000324,test,0,0,0,0,0
ishika__ds3-000325,train,-1,-1,-1,-1,-1
ishika__ds3-000326,train,-1,-1,-1,-1,-1
ishika__ds3-000327,train,-1,-1,-1,-1,-1
ishika__ds3-000330,train,-1,-1,-1,-1,-1
ishika__ds3-000331,validation,2,0,2,2,2
ishika__ds3-000332,train,-1,-1,-1,-1,-1
ishika__ds3-000333,train,-1,-1,-1,-1,-1
ishika__ds3-000334,validation,0,0,0,0,0
ishika__ds3-000335,train,-1,-1,-1,-1,-1
ishika__ds3-000336,train,-1,-1,-1,-1,-1
ishika__ds3-000337,train,-1,-1,-1,-1,-1
ishika__ds3-000338,train,-1,-1,-1,-1,-1
ishika__ds3-000340,train,-1,-1,-1,-1,-1
ishika__ds3-000341,train,-1,-1,-1,-1,-1
ishika__ds3-000342,validation,0,0,0,0,0
ishika__ds3-000343,train,-1,-1,-1,-1,-1
ishika__ds3-000344,train,-1,-1,-1,-1,-1
ishika__ds3-000345,train,-1,-1,-1,-1,-1
ishika__ds3-000347,train,-1,-1,-1,-1,-1
ishika__ds3-000348,test,2,2,2,2,2
ishika__ds3-000349,train,-1,-1,-1,-1,-1
ishika__ds3-000352,train,-1,-1,-1,-1,-1
ishika__ds3-000353,train,-1,-1,-1,-1,-1
ishika__ds3-000354,train,-1,-1,-1,-1,-1
ishika__ds3-000356,train,-1,-1,-1,-1,-1
ishika__ds3-000357,train,-1,-1,-1,-1,-1
ishika__ds3-000358,train,-1,-1,-1,-1,-1
ishika__ds3-000359,train,-1,-1,-1,-1,-1
ishika__ds3-000360,train,-1,-1,-1,-1,-1
ishika__ds3-000361,validation,0,0,2,0,0
ishika__ds3-000362,train,-1,-1,-1,-1,-1
ishika__ds3-000363,train,-1,-1,-1,-1,-1
ishika__ds3-000364,train,-1,-1,-1,-1,-1
ishika__ds3-000366,train,-1,-1,-1,-1,-1
ishika__ds3-000367,test,2,1,2,2,2
ishika__ds3-000368,train,-1,-1,-1,-1,-1
ishika__ds3-000369,train,-1,-1,-1,-1,-1
ishika__ds3-000372,test,0,0,0,0,0
ishika__ds3-000373,train,-1,-1,-1,-1,-1
ishika__ds3-000374,train,-1,-1,-1,-1,-1
ishika__ds3-000375,test,0,0,0,0,0
ishika__ds3-000376,train,-1,-1,-1,-1,-1
ishika__ds3-000377,train,-1,-1,-1,-1,-1
ishika__ds3-000378,train,-1,-1,-1,-1,-1
ishika__ds3-000379,validation,2,0,2,2,1
ishika__ds3-000381,validation,0,0,0,0,0
ishika__ds3-000382,train,-1,-1,-1,-1,-1
ishika__ds3-000383,validation,0,0,0,0,0
ishika__ds3-000384,train,-1,-1,-1,-1,-1
ishika__ds3-000385,test,0,0,0,0,0
ishika__ds3-000386,validation,0,0,0,0,0
ishika__ds3-000387,test,0,0,0,0,0
ishika__ds3-000388,train,-1,-1,-1,-1,-1
ishika__ds3-000389,train,-1,-1,-1,-1,-1
ishika__ds3-000391,train,-1,-1,-1,-1,-1
ishika__ds3-000392,test,2,2,2,2,2
ishika__ds3-000393,train,-1,-1,-1,-1,-1
ishika__ds3-000394,validation,0,0,0,0,0
ishika__ds3-000395,test,1,0,2,2,2
ishika__ds3-000396,train,-1,-1,-1,-1,-1
ishika__ds3-000397,train,-1,-1,-1,-1,-1
ishika__ds3-000398,test,0,0,1,0,0
ishika__ds3-000399,validation,0,0,1,0,0
ishika__ds3-000400,train,-1,-1,-1,-1,-1
ishika__ds3-000406,train,-1,-1,-1,-1,-1
ishika__ds3-000408,train,-1,-1,-1,-1,-1
ishika__ds3-000409,train,-1,-1,-1,-1,-1
ishika__ds3-000410,train,-1,-1,-1,-1,-1
ishika__ds3-000412,train,-1,-1,-1,-1,-1
ishika__ds3-000415,train,-1,-1,-1,-1,-1
ishika__ds3-000416,train,-1,-1,-1,-1,-1
ishika__ds3-000417,train,-1,-1,-1,-1,-1
ishika__ds3-000418,train,-1,-1,-1,-1,-1
ishika__ds3-000419,train,-1,-1,-1,-1,-1
ishika__ds3-000426,train,-1,-1,-1,-1,-1
ishika__ds3-000427,train,-1,-1,-1,-1,-1
ishika__ds3-000428,validation,2,1,0,0,1
ishika__ds3-000429,test,0,0,0,0,1
ishika__ds3-000432,train,-1,-1,-1,-1,-1
ishika__ds3-000433,train,-1,-1,-1,-1,-1
ishika__ds3-000435,validation,0,0,0,0,0
ishika__ds3-000436,train,-1,-1,-1,-1,-1
ishika__ds3-000437,train,-1,-1,-1,-1,-1
ishika__ds3-000438,test,0,0,0,0,0
ishika__ds3-000439,train,-1,-1,-1,-1,-1
ishika__ds3-000441,train,-1,-1,-1,-1,-1
ishika__ds3-000442,train,-1,-1,-1,-1,-1
ishika__ds3-000443,validation,0,0,0,0,0
ishika__ds3-000445,train,-1,-1,-1,-1,-1
ishika__ds3-000451,train,-1,-1,-1,-1,-1
ishika__ds3-000452,train,-1,-1,-1,-1,-1
ishika__ds3-000454,test,0,0,0,0,0
ishika__ds3-000455,train,-1,-1,-1,-1,-1
ishika__ds3-000456,validation,0,0,0,0,0
ishika__ds3-000457,train,-1,-1,-1,-1,-1
ishika__ds3-000458,test,0,0,0,0,0
ishika__ds3-000460,train,-1,-1,-1,-1,-1
ishika__ds3-000461,test,0,0,0,0,0
ishika__ds3-000462,test,2,2,2,2,2
ishika__ds3-000465,train,-1,-1,-1,-1,-1
ishika__ds3-000466,train,-1,-1,-1,-1,-1
ishika__ds3-000468,train,-1,-1,-1,-1,-1
ishika__ds3-000469,train,-1,-1,-1,-1,-1
ishika__ds3-000472,validation,0,0,0,0,0
ishika__ds3-000475,train,-1,-1,-1,-1,-1
ishika__ds3-000476,train,-1,-1,-1,-1,-1
ishika__ds3-000479,train,-1,-1,-1,-1,-1
ishika__ds3-000480,train,-1,-1,-1,-1,-1
ishika__ds3-000481,validation,0,0,0,0,0
ishika__ds3-000482,train,-1,-1,-1,-1,-1
ishika__ds3-000483,train,-1,-1,-1,-1,-1
ishika__ds3-000484,train,-1,-1,-1,-1,-1
ishika__ds3-000486,train,-1,-1,-1,-1,-1
ishika__ds3-000487,train,-1,-1,-1,-1,-1
ishika__ds3-000488,train,-1,-1,-1,-1,-1
ishika__ds3-000490,train,-1,-1,-1,-1,-1
ishika__ds3-000491,test,0,0,0,0,0
ishika__ds3-000492,test,2,0,2,0,0
ishika__ds3-000494,train,-1,-1,-1,-1,-1
ishika__ds3-000495,train,-1,-1,-1,-1,-1
ishika__ds3-000496,train,-1,-1,-1,-1,-1
ishika__ds3-000497,train,-1,-1,-1,-1,-1
ishika__ds3-000498,validation,0,0,0,0,0
ishika__ds3-000499,train,-1,-1,-1,-1,-1
ishika__ds3-000500,validation,0,0,0,0,0
ishika__ds3-000501,train,-1,-1,-1,-1,-1
ishika__ds3-000503,validation,0,0,0,0,0
ishika__ds3-000504,train,-1,-1,-1,-1,-1
ishika__ds3-000505,train,-1,-1,-1,-1,-1
ishika__ds3-000506,train,-1,-1,-1,-1,-1
ishika__ds3-000507,train,-1,-1,-1,-1,-1
ishika__ds3-000508,train,-1,-1,-1,-1,-1
ishika__ds3-000511,train,-1,-1,-1,-1,-1
ishika__ds3-000512,validation,0,0,0,0,0
ishika__ds3-000514,train,-1,-1,-1,-1,-1
ishika__ds3-000515,train,-1,-1,-1,-1,-1
ishika__ds3-000517,validation,2,0,0,0,0
ishika__ds3-000519,train,-1,-1,-1,-1,-1
ishika__ds3-000520,train,-1,-1,-1,-1,-1
ishika__ds3-000525,train,-1,-1,-1,-1,-1
ishika__ds3-000526,train,-1,-1,-1,-1,-1
ishika__ds3-000527,train,-1,-1,-1,-1,-1
ishika__ds3-000529,train,-1,-1,-1,-1,-1
ishika__ds3-000530,test,0,0,0,0,0
ishika__ds3-000531,train,-1,-1,-1,-1,-1
ishika__ds3-000534,train,-1,-1,-1,-1,-1
ishika__ds3-000536,train,-1,-1,-1,-1,-1
ishika__ds3-000542,train,-1,-1,-1,-1,-1
ishika__ds3-000543,test,0,0,0,0,0
ishika__ds3-000544,test,2,1,2,2,2
ishika__ds3-000546,test,1,0,1,1,0
ishika__ds3-000547,validation,0,0,0,0,0
ishika__ds3-000548,train,-1,-1,-1,-1,-1
ishika__ds3-000553,train,-1,-1,-1,-1,-1
ishika__ds3-000555,train,-1,-1,-1,-1,-1
ishika__ds3-000556,train,-1,-1,-1,-1,-1
ishika__ds3-000557,train,-1,-1,-1,-1,-1
ishika__ds3-000558,test,0,0,0,0,1
ishika__ds3-000560,train,-1,-1,-1,-1,-1
ishika__ds3-000561,train,-1,-1,-1,-1,-1
ishika__ds3-000562,test,0,0,0,0,0
ishika__ds3-000564,train,-1,-1,-1,-1,-1
ishika__ds3-000565,train,-1,-1,-1,-1,-1
ishika__ds3-000570,train,-1,-1,-1,-1,-1
ishika__ds3-000571,train,-1,-1,-1,-1,-1
ishika__ds3-000573,train,-1,-1,-1,-1,-1
ishika__ds3-000574,train,-1,-1,-1,-1,-1
ishika__ds3-000576,train,-1,-1,-1,-1,-1
ishika__ds3-000577,test,0,1,0,0,0
ishika__ds3-000579,train,-1,-1,-1,-1,-1
ishika__ds3-000581,train,-1,-1,-1,-1,-1
ishika__ds3-000582,validation,0,0,0,0,0
ishika__ds3-000583,train,-1,-1,-1,-1,-1
ishika__ds3-000585,test,2,0,2,2,2
ishika__ds3-000587,train,-1,-1,-1,-1,-1
ishika__ds3-000593,train,-1,-1,-1,-1,-1
ishika__ds3-000596,train,-1,-1,-1,-1,-1
ishika__ds3-000597,test,2,0,2,2,2
ishika__ds3-000598,train,-1,-1,-1,-1,-1
ishika__ds3-000599,test,2,1,2,2,2
ishika__ds3-000600,train,-1,-1,-1,-1,-1
ishika__ds3-000601,train,-1,-1,-1,-1,-1
ishika__ds3-000602,validation,0,0,0,0,0
ishika__ds3-000605,train,-1,-1,-1,-1,-1
ishika__ds3-000606,train,-1,-1,-1,-1,-1
ishika__ds3-000609,train,-1,-1,-1,-1,-1
ishika__ds3-000610,train,-1,-1,-1,-1,-1
ishika__ds3-000613,validation,0,0,0,0,0
ishika__ds3-000616,train,-1,-1,-1,-1,-1
ishika__ds3-000617,train,-1,-1,-1,-1,-1
ishika__ds3-000620,train,-1,-1,-1,-1,-1
ishika__ds3-000621,test,1,0,2,2,0
ishika__ds3-000622,test,2,0,2,2,2
ishika__ds3-000623,train,-1,-1,-1,-1,-1
ishika__ds3-000624,train,-1,-1,-1,-1,-1
ishika__ds3-000625,train,-1,-1,-1,-1,-1
ishika__ds3-000626,train,-1,-1,-1,-1,-1
ishika__ds3-000628,train,-1,-1,-1,-1,-1
ishika__ds3-000629,train,-1,-1,-1,-1,-1
ishika__ds3-000631,train,-1,-1,-1,-1,-1
ishika__ds3-000632,test,0,0,0,0,0
ishika__ds3-000635,train,-1,-1,-1,-1,-1
ishika__ds3-000636,train,-1,-1,-1,-1,-1
ishika__ds3-000639,test,2,2,0,0,2
ishika__ds3-000641,train,-1,-1,-1,-1,-1
ishika__ds3-000642,train,-1,-1,-1,-1,-1
ishika__ds3-000643,train,-1,-1,-1,-1,-1
ishika__ds3-000646,train,-1,-1,-1,-1,-1
ishika__ds3-000647,train,-1,-1,-1,-1,-1
ishika__ds3-000648,train,-1,-1,-1,-1,-1
ishika__ds3-000649,train,-1,-1,-1,-1,-1
ishika__ds3-000650,test,0,0,0,0,0
ishika__ds3-000653,train,-1,-1,-1,-1,-1
ishika__ds3-000654,validation,1,0,2,1,1
ishika__ds3-000659,train,-1,-1,-1,-1,-1
ishika__ds3-000660,validation,2,0,2,2,2
ishika__ds3-000662,train,-1,-1,-1,-1,-1
ishika__ds3-000664,train,-1,-1,-1,-1,-1
ishika__ds3-000665,test,0,0,0,0,0
ishika__ds3-000666,train,-1,-1,-1,-1,-1
ishika__ds3-000667,train,-1,-1,-1,-1,-1
ishika__ds3-000668,train,-1,-1,-1,-1,-1
ishika__ds3-000669,train,-1,-1,-1,-1,-1
ishika__ds3-000670,train,-1,-1,-1,-1,-1
ishika__ds3-000672,test,0,0,0,0,0
ishika__ds3-000673,validation,0,0,0,0,0
ishika__ds3-000674,train,-1,-1,-1,-1,-1
ishika__ds3-000675,train,-1,-1,-1,-1,-1
ishika__ds3-000677,test,0,0,0,0,0
ishika__ds3-000678,train,-1,-1,-1,-1,-1
ishika__ds3-000679,train,-1,-1,-1,-1,-1
ishika__ds3-000681,train,-1,-1,-1,-1,-1
ishika__ds3-000682,validation,0,0,0,0,1
ishika__ds3-000683,train,-1,-1,-1,-1,-1
ishika__ds3-000685,train,-1,-1,-1,-1,-1
ishika__ds3-000686,train,-1,-1,-1,-1,-1
ishika__ds3-000687,train,-1,-1,-1,-1,-1
ishika__ds3-000688,train,-1,-1,-1,-1,-1
ishika__ds3-000689,test,0,0,0,0,0
ishika__ds3-000690,train,-1,-1,-1,-1,-1
ishika__ds3-000691,train,-1,-1,-1,-1,-1
ishika__ds3-000692,train,-1,-1,-1,-1,-1
ishika__ds3-000693,validation,0,0,0,0,0
ishika__ds3-000694,train,-1,-1,-1,-1,-1
ishika__ds3-000695,train,-1,-1,-1,-1,-1
ishika__ds3-000697,validation,2,0,2,1,2
ishika__ds3-000698,validation,0,0,0,0,0
ishika__ds3-000699,validation,0,0,0,0,0
sycaudit__camilablank_000f8d8582de7d,validation,2,0,2,0,0
sycaudit__camilablank_00236fbd59cccb,train,-1,-1,-1,-1,-1
sycaudit__camilablank_00dc3c5abbc27d,train,-1,-1,-1,-1,-1
sycaudit__camilablank_00f1a3e886cb27,train,-1,-1,-1,-1,-1
sycaudit__camilablank_01f49ba2b1a43d,train,-1,-1,-1,-1,-1
sycaudit__camilablank_0277c170353bb9,train,-1,-1,-1,-1,-1
sycaudit__camilablank_027c10a798348d,train,-1,-1,-1,-1,-1
sycaudit__camilablank_029649fe6b43bd,train,-1,-1,-1,-1,-1
sycaudit__camilablank_029da7ba6e0b4f,validation,0,0,0,0,0
sycaudit__camilablank_032e542becab10,train,-1,-1,-1,-1,-1
sycaudit__camilablank_03363b6b9b688c,train,-1,-1,-1,-1,-1
sycaudit__camilablank_03a1380c255b05,train,-1,-1,-1,-1,-1
sycaudit__camilablank_04139cb386267b,train,-1,-1,-1,-1,-1
sycaudit__camilablank_0424c2e0a3852e,train,-1,-1,-1,-1,-1
sycaudit__camilablank_04570d76908c00,train,-1,-1,-1,-1,-1
sycaudit__camilablank_0523b07b11944a,validation,0,0,0,0,0
sycaudit__camilablank_0529c375c855cb,train,-1,-1,-1,-1,-1
sycaudit__camilablank_056b76cfb8f931,train,-1,-1,-1,-1,-1
sycaudit__camilablank_05a7eb6a451337,train,-1,-1,-1,-1,-1
sycaudit__camilablank_05b39c4085c3a0,train,-1,-1,-1,-1,-1
sycaudit__camilablank_0604e1a140ef9c,train,-1,-1,-1,-1,-1
sycaudit__camilablank_06f418385574d1,train,-1,-1,-1,-1,-1
sycaudit__camilablank_0761190deb38e2,train,-1,-1,-1,-1,-1
sycaudit__camilablank_078e9e5ebf09dd,train,-1,-1,-1,-1,-1
sycaudit__camilablank_07aa396b6a8921,train,-1,-1,-1,-1,-1
sycaudit__camilablank_08af31ee72878c,validation,2,0,1,1,2
sycaudit__camilablank_0980c927e8af1e,train,-1,-1,-1,-1,-1
sycaudit__camilablank_09eedcff5a66e9,validation,1,0,1,1,0
sycaudit__camilablank_0a125cdb6def6f,train,-1,-1,-1,-1,-1
sycaudit__camilablank_0a4a59494076bc,train,-1,-1,-1,-1,-1
sycaudit__camilablank_0ac6dbd67cc11a,test,1,0,1,1,0
sycaudit__camilablank_0b430aa9cc2e96,train,-1,-1,-1,-1,-1
sycaudit__camilablank_0b91deb9b3c677,train,-1,-1,-1,-1,-1
sycaudit__camilablank_0ccc89d6f53a16,test,0,0,2,2,0
sycaudit__camilablank_0cccace9768153,train,-1,-1,-1,-1,-1
sycaudit__camilablank_0d27739fcaf7bc,train,-1,-1,-1,-1,-1
sycaudit__camilablank_0d5479b5ca000e,validation,2,0,2,2,0
sycaudit__camilablank_0d75f1cfcec73d,train,-1,-1,-1,-1,-1
sycaudit__camilablank_0d7d4446a5f2ab,train,-1,-1,-1,-1,-1
sycaudit__camilablank_0de28447543de2,train,-1,-1,-1,-1,-1
sycaudit__camilablank_0e07461fe0abb2,train,-1,-1,-1,-1,-1
sycaudit__camilablank_0e6d6e80b97615,test,2,0,2,2,0
sycaudit__camilablank_0eaa4896f20ab8,validation,1,0,1,1,0
sycaudit__camilablank_0f5add8754246c,train,-1,-1,-1,-1,-1
sycaudit__camilablank_104d38bd73a410,train,-1,-1,-1,-1,-1
sycaudit__camilablank_1084b7a788735c,train,-1,-1,-1,-1,-1
sycaudit__camilablank_10d1302208cc12,train,-1,-1,-1,-1,-1
sycaudit__camilablank_116c1278143cf1,train,-1,-1,-1,-1,-1
sycaudit__camilablank_11f68846783b88,test,0,0,0,0,0
sycaudit__camilablank_12a01e79dafc1a,train,-1,-1,-1,-1,-1
sycaudit__camilablank_133b31de0b6d15,train,-1,-1,-1,-1,-1
sycaudit__camilablank_13914ba3c154bd,validation,1,0,1,1,2
sycaudit__camilablank_1394b00c582e1f,train,-1,-1,-1,-1,-1
sycaudit__camilablank_13ceae42deff8a,train,-1,-1,-1,-1,-1
sycaudit__camilablank_140540d9c02b1a,train,-1,-1,-1,-1,-1
sycaudit__camilablank_152a4f099ce0b1,train,-1,-1,-1,-1,-1
sycaudit__camilablank_1567af0542f093,train,-1,-1,-1,-1,-1
sycaudit__camilablank_158a359af10b2f,train,-1,-1,-1,-1,-1
sycaudit__camilablank_15b4cabf4f283f,train,-1,-1,-1,-1,-1
sycaudit__camilablank_16f1b54fbfc99e,test,1,0,1,1,0
sycaudit__camilablank_16f803f19e408b,test,0,0,0,0,0
sycaudit__camilablank_1716ea1fc07262,train,-1,-1,-1,-1,-1
sycaudit__camilablank_17c09a32b2fcbd,train,-1,-1,-1,-1,-1
sycaudit__camilablank_17c75b39415f4d,validation,1,0,1,1,0
sycaudit__camilablank_17c7abe8523221,train,-1,-1,-1,-1,-1
sycaudit__camilablank_17f39c1d2f25f6,train,-1,-1,-1,-1,-1
sycaudit__camilablank_1811c517af561f,test,0,0,2,0,0
sycaudit__camilablank_184f97c5ae6667,test,1,0,1,1,0
sycaudit__camilablank_184fe02b4f54c6,train,-1,-1,-1,-1,-1
sycaudit__camilablank_199f664cfa2fd0,validation,0,0,0,0,0
sycaudit__camilablank_1ad9e57d34c329,test,1,0,1,1,0
sycaudit__camilablank_1b1d7c30e432e8,train,-1,-1,-1,-1,-1
sycaudit__camilablank_1c96a11d1527ed,train,-1,-1,-1,-1,-1
sycaudit__camilablank_1d482086b9a55d,validation,1,0,1,1,0
sycaudit__camilablank_1d5c46f7b5e8dc,test,0,0,0,0,0
sycaudit__camilablank_1d9742ee8afe31,train,-1,-1,-1,-1,-1
sycaudit__camilablank_1defb64e4fe96a,train,-1,-1,-1,-1,-1
sycaudit__camilablank_1e4e3fe30c0520,train,-1,-1,-1,-1,-1
sycaudit__camilablank_1e5cee5d109fbb,train,-1,-1,-1,-1,-1
sycaudit__camilablank_1eb4b347191d7e,train,-1,-1,-1,-1,-1
sycaudit__camilablank_1f275c470ef27b,test,0,0,0,0,0
sycaudit__camilablank_1fd1b707bdcef2,train,-1,-1,-1,-1,-1
sycaudit__camilablank_205802e7cd452f,train,-1,-1,-1,-1,-1
sycaudit__camilablank_211aba06bc005a,validation,0,0,0,0,0
sycaudit__camilablank_2174e2000d2506,train,-1,-1,-1,-1,-1
sycaudit__camilablank_21aabc6d8613d2,train,-1,-1,-1,-1,-1
sycaudit__camilablank_21af3ed64c5bc9,train,-1,-1,-1,-1,-1
sycaudit__camilablank_21ea6b7870aabe,train,-1,-1,-1,-1,-1
sycaudit__camilablank_2245a658d9ef6e,train,-1,-1,-1,-1,-1
sycaudit__camilablank_226e46068a05d8,train,-1,-1,-1,-1,-1
sycaudit__camilablank_22e8d182a776cd,train,-1,-1,-1,-1,-1
sycaudit__camilablank_2335fde8865842,train,-1,-1,-1,-1,-1
sycaudit__camilablank_23d913b3b0f16d,test,1,0,1,1,0
sycaudit__camilablank_23ea5aae22a655,train,-1,-1,-1,-1,-1
sycaudit__camilablank_24d49cc58c3b5d,train,-1,-1,-1,-1,-1
sycaudit__camilablank_24f11d476c143f,train,-1,-1,-1,-1,-1
sycaudit__camilablank_250c546f2e53d7,train,-1,-1,-1,-1,-1
sycaudit__camilablank_252f773453fc67,train,-1,-1,-1,-1,-1
sycaudit__camilablank_2542b353cd9d2a,train,-1,-1,-1,-1,-1
sycaudit__camilablank_26e987ddec1919,train,-1,-1,-1,-1,-1
sycaudit__camilablank_26f956195e1cba,train,-1,-1,-1,-1,-1
sycaudit__camilablank_27245d5c734580,train,-1,-1,-1,-1,-1
sycaudit__camilablank_275977dc39cc38,train,-1,-1,-1,-1,-1
sycaudit__camilablank_277a14759e69bc,train,-1,-1,-1,-1,-1
sycaudit__camilablank_27f8736a692126,test,1,0,1,1,0
sycaudit__camilablank_28554200272e0f,train,-1,-1,-1,-1,-1
sycaudit__camilablank_288f30067c6020,train,-1,-1,-1,-1,-1
sycaudit__camilablank_28a7137c277e7c,train,-1,-1,-1,-1,-1
sycaudit__camilablank_28aef1b32480ba,train,-1,-1,-1,-1,-1
sycaudit__camilablank_28b3dfa0f35667,validation,0,0,0,0,0
sycaudit__camilablank_28b79437a01498,validation,1,0,1,1,0
sycaudit__camilablank_29b3d10abf5679,train,-1,-1,-1,-1,-1
sycaudit__camilablank_2a82c26e1cc50e,validation,2,0,2,2,2
sycaudit__camilablank_2aeb62280a4046,train,-1,-1,-1,-1,-1
sycaudit__camilablank_2b0ac6043686fb,train,-1,-1,-1,-1,-1
sycaudit__camilablank_2b57d018af5d55,train,-1,-1,-1,-1,-1
sycaudit__camilablank_2b8855f9948f6f,train,-1,-1,-1,-1,-1
sycaudit__camilablank_2bd8ef8c49a105,train,-1,-1,-1,-1,-1
sycaudit__camilablank_2c010681cb6f68,train,-1,-1,-1,-1,-1
sycaudit__camilablank_2cbc79b845e1b1,test,0,2,0,1,1
sycaudit__camilablank_2d49e7332a9c5a,train,-1,-1,-1,-1,-1
sycaudit__camilablank_2d4f5f04970687,train,-1,-1,-1,-1,-1
sycaudit__camilablank_2d85ad031b6c1c,train,-1,-1,-1,-1,-1
sycaudit__camilablank_2de70f9cab2191,validation,0,0,0,0,0
sycaudit__camilablank_2e13310e044526,train,-1,-1,-1,-1,-1
sycaudit__camilablank_2e4a4d13e7d8cc,train,-1,-1,-1,-1,-1
sycaudit__camilablank_2eb87274bf4f7f,test,0,0,2,0,0
sycaudit__camilablank_2ecb2493d83b60,train,-1,-1,-1,-1,-1
sycaudit__camilablank_2ede651e088859,train,-1,-1,-1,-1,-1
sycaudit__camilablank_2ee139751e1332,validation,1,0,1,1,0
sycaudit__camilablank_2f20d8ffae3ee1,validation,2,0,1,1,0
sycaudit__camilablank_2f4434a71f186d,train,-1,-1,-1,-1,-1
sycaudit__camilablank_2f5114578bc471,train,-1,-1,-1,-1,-1
sycaudit__camilablank_30448555b483a6,validation,1,0,1,1,0
sycaudit__camilablank_306f319d060b81,test,0,0,0,0,0
sycaudit__camilablank_30f3b15234ddde,validation,2,0,2,1,0
sycaudit__camilablank_318b3602774384,test,2,0,2,2,0
sycaudit__camilablank_328e87838a1db3,validation,1,0,1,1,0
sycaudit__camilablank_32ca31bbed76d6,test,1,0,1,1,0
sycaudit__camilablank_3338070979c44a,train,-1,-1,-1,-1,-1
sycaudit__camilablank_3352f4af3889c8,train,-1,-1,-1,-1,-1
sycaudit__camilablank_337ad011988ba8,train,-1,-1,-1,-1,-1
sycaudit__camilablank_33b141114498e6,train,-1,-1,-1,-1,-1
sycaudit__camilablank_33bfcf277b61e3,train,-1,-1,-1,-1,-1
sycaudit__camilablank_3403431a70dddd,train,-1,-1,-1,-1,-1
sycaudit__camilablank_341cf125b09b25,train,-1,-1,-1,-1,-1
sycaudit__camilablank_34b267e660f2f1,train,-1,-1,-1,-1,-1
sycaudit__camilablank_34fd78820e9750,train,-1,-1,-1,-1,-1
sycaudit__camilablank_352ec486454cdd,train,-1,-1,-1,-1,-1
sycaudit__camilablank_353f7263fd6ea3,train,-1,-1,-1,-1,-1
sycaudit__camilablank_363297669edbb5,train,-1,-1,-1,-1,-1
sycaudit__camilablank_367e9888766003,train,-1,-1,-1,-1,-1
sycaudit__camilablank_36aef12c7f5111,train,-1,-1,-1,-1,-1
sycaudit__camilablank_36e25b1d86a18c,validation,0,0,0,0,0
sycaudit__camilablank_384a6a4e93d74e,test,0,0,2,0,0
sycaudit__camilablank_3852b7c96389fa,train,-1,-1,-1,-1,-1
sycaudit__camilablank_38fdeebeac78f4,train,-1,-1,-1,-1,-1
sycaudit__camilablank_390154f4bb1981,train,-1,-1,-1,-1,-1
sycaudit__camilablank_3938e346ba0fc3,train,-1,-1,-1,-1,-1
sycaudit__camilablank_398d81c87cc1af,train,-1,-1,-1,-1,-1
sycaudit__camilablank_3a9d2fe91487e5,train,-1,-1,-1,-1,-1
sycaudit__camilablank_3aa0270449c977,train,-1,-1,-1,-1,-1
sycaudit__camilablank_3adfba594e2c26,train,-1,-1,-1,-1,-1
sycaudit__camilablank_3b3b1946fa5d82,train,-1,-1,-1,-1,-1
sycaudit__camilablank_3b609586cf7b61,train,-1,-1,-1,-1,-1
sycaudit__camilablank_3b67a0aad34d5e,train,-1,-1,-1,-1,-1
sycaudit__camilablank_3c47cf34cfde50,test,0,0,2,0,0
sycaudit__camilablank_3c63453a850ae8,test,2,0,2,2,0
sycaudit__camilablank_3ca8f8253bf1ab,train,-1,-1,-1,-1,-1
sycaudit__camilablank_3d2eea6398c526,train,-1,-1,-1,-1,-1
sycaudit__camilablank_3d395d10faa9c1,train,-1,-1,-1,-1,-1
sycaudit__camilablank_3da09840cd9ecf,validation,2,0,2,1,2
sycaudit__camilablank_3e73bf401a4622,train,-1,-1,-1,-1,-1
sycaudit__camilablank_3f4f9b6a6a06c0,train,-1,-1,-1,-1,-1
sycaudit__camilablank_3f86414d04b97a,train,-1,-1,-1,-1,-1
sycaudit__camilablank_3feeee3dfa21ac,validation,2,0,1,1,0
sycaudit__camilablank_4015d4baf1a01e,train,-1,-1,-1,-1,-1
sycaudit__camilablank_40176ad594e285,train,-1,-1,-1,-1,-1
sycaudit__camilablank_403849418a0311,train,-1,-1,-1,-1,-1
sycaudit__camilablank_4075c89a6f743d,train,-1,-1,-1,-1,-1
sycaudit__camilablank_40a9bbdac5852d,validation,1,0,1,1,0
sycaudit__camilablank_40cc5e96502a17,train,-1,-1,-1,-1,-1
sycaudit__camilablank_41f8f7abc67f51,train,-1,-1,-1,-1,-1
sycaudit__camilablank_42111f97a4e4ef,train,-1,-1,-1,-1,-1
sycaudit__camilablank_4252acea74c4d0,train,-1,-1,-1,-1,-1
sycaudit__camilablank_42573d321832a1,train,-1,-1,-1,-1,-1
sycaudit__camilablank_428e7e5010216a,train,-1,-1,-1,-1,-1
sycaudit__camilablank_42ad5bd14fd10e,train,-1,-1,-1,-1,-1
sycaudit__camilablank_4379d8f4e7739d,train,-1,-1,-1,-1,-1
sycaudit__camilablank_43d6e41f559c4d,train,-1,-1,-1,-1,-1
sycaudit__camilablank_441b553f0be8f0,validation,1,0,1,1,0
sycaudit__camilablank_44f2d3c5af07c8,validation,2,0,2,2,0
sycaudit__camilablank_45451348772f43,train,-1,-1,-1,-1,-1
sycaudit__camilablank_4550d8b6aedcd5,train,-1,-1,-1,-1,-1
sycaudit__camilablank_458f50dd4216cb,train,-1,-1,-1,-1,-1
sycaudit__camilablank_46718cc20ae228,test,1,0,1,1,0
sycaudit__camilablank_46c15f327b949d,train,-1,-1,-1,-1,-1
sycaudit__camilablank_472251f8290394,train,-1,-1,-1,-1,-1
sycaudit__camilablank_473f4bac85a5c4,train,-1,-1,-1,-1,-1
sycaudit__camilablank_47cdfdb74649b2,train,-1,-1,-1,-1,-1
sycaudit__camilablank_47f05b9f3a02d5,train,-1,-1,-1,-1,-1
sycaudit__camilablank_49c187dc56d46c,train,-1,-1,-1,-1,-1
sycaudit__camilablank_49f13b46bc7dc1,validation,1,0,1,1,0
sycaudit__camilablank_4a1b2f01b90f93,train,-1,-1,-1,-1,-1
sycaudit__camilablank_4a925510289d44,test,2,0,2,2,0
sycaudit__camilablank_4ab8dd1b30c89d,test,1,0,1,1,0
sycaudit__camilablank_4bd2fb6bd7c68d,validation,2,0,2,2,2
sycaudit__camilablank_4bfa5159e9252a,train,-1,-1,-1,-1,-1
sycaudit__camilablank_4c5c5155c31ad5,train,-1,-1,-1,-1,-1
sycaudit__camilablank_4c697475723d6d,train,-1,-1,-1,-1,-1
sycaudit__camilablank_4c89e5090521a4,test,2,0,2,2,0
sycaudit__camilablank_4d385dd9817c22,test,1,0,1,1,0
sycaudit__camilablank_4d9ff57f197701,test,0,0,0,0,0
sycaudit__camilablank_4dd74aa2218305,train,-1,-1,-1,-1,-1
sycaudit__camilablank_4dddc121622a2d,validation,2,0,2,2,0
sycaudit__camilablank_4eb4006b3da17e,validation,2,0,2,2,2
sycaudit__camilablank_4f6da061212aaa,train,-1,-1,-1,-1,-1
sycaudit__camilablank_4fa7d6ec3656ed,train,-1,-1,-1,-1,-1
sycaudit__camilablank_4febc70b5707e4,train,-1,-1,-1,-1,-1
sycaudit__camilablank_50264872ac241e,validation,0,0,2,0,0
sycaudit__camilablank_5027f5395e670a,train,-1,-1,-1,-1,-1
sycaudit__camilablank_502fa334b0c8d0,test,1,0,1,1,0
sycaudit__camilablank_50ab7fcade5daa,train,-1,-1,-1,-1,-1
sycaudit__camilablank_5129c1c8bd68b5,train,-1,-1,-1,-1,-1
sycaudit__camilablank_51415ed15e740d,train,-1,-1,-1,-1,-1
sycaudit__camilablank_5147a778b9abed,train,-1,-1,-1,-1,-1
sycaudit__camilablank_51568ca61d6087,train,-1,-1,-1,-1,-1
sycaudit__camilablank_5190ef5ff990eb,train,-1,-1,-1,-1,-1
sycaudit__camilablank_5201ff613bb2e3,train,-1,-1,-1,-1,-1
sycaudit__camilablank_52f9dddb44bd32,validation,0,0,1,0,0
sycaudit__camilablank_5347dedd19e2a2,train,-1,-1,-1,-1,-1
sycaudit__camilablank_538f8e669b5846,train,-1,-1,-1,-1,-1
sycaudit__camilablank_53bd534d4b7560,train,-1,-1,-1,-1,-1
sycaudit__camilablank_54b2b8af686aa3,train,-1,-1,-1,-1,-1
sycaudit__camilablank_54de6960ef4913,train,-1,-1,-1,-1,-1
sycaudit__camilablank_54f8adc7d53599,train,-1,-1,-1,-1,-1
sycaudit__camilablank_562fa5a8844bdf,train,-1,-1,-1,-1,-1
sycaudit__camilablank_5680aea1bf91e3,train,-1,-1,-1,-1,-1
sycaudit__camilablank_56d524a821c3cf,test,1,0,1,1,0
sycaudit__camilablank_56fb8c12db077f,train,-1,-1,-1,-1,-1
sycaudit__camilablank_58c01f1d0aa067,train,-1,-1,-1,-1,-1
sycaudit__camilablank_58edc132f74ad4,train,-1,-1,-1,-1,-1
sycaudit__camilablank_595392a4046a8a,test,2,0,0,0,2
sycaudit__camilablank_5983f608f938a3,train,-1,-1,-1,-1,-1
sycaudit__camilablank_59a93340653d47,train,-1,-1,-1,-1,-1
sycaudit__camilablank_59acc97e70c731,train,-1,-1,-1,-1,-1
sycaudit__camilablank_59e841d2df6a48,train,-1,-1,-1,-1,-1
sycaudit__camilablank_5a39572429146b,train,-1,-1,-1,-1,-1
sycaudit__camilablank_5ac444d09b374e,train,-1,-1,-1,-1,-1
sycaudit__camilablank_5ac89ad7205b17,train,-1,-1,-1,-1,-1
sycaudit__camilablank_5bfb50831ac722,train,-1,-1,-1,-1,-1
sycaudit__camilablank_5c221a3fc4925a,train,-1,-1,-1,-1,-1
sycaudit__camilablank_5c5c3b977bf454,train,-1,-1,-1,-1,-1
sycaudit__camilablank_5d6ad108c5de02,train,-1,-1,-1,-1,-1
sycaudit__camilablank_5dd0e453f7f546,train,-1,-1,-1,-1,-1
sycaudit__camilablank_5e114e8b42aea0,test,2,0,2,2,0
sycaudit__camilablank_5e671aa8925f0e,test,1,0,1,1,0
sycaudit__camilablank_5e778568f552ec,train,-1,-1,-1,-1,-1
sycaudit__camilablank_5f29ff7fbd0aa0,train,-1,-1,-1,-1,-1
sycaudit__camilablank_5f5498ba50db00,train,-1,-1,-1,-1,-1
sycaudit__camilablank_5f7bd2a7b68238,test,0,1,0,0,1
sycaudit__camilablank_6015cf607561cf,validation,0,0,2,2,0
sycaudit__camilablank_602952e9809f34,train,-1,-1,-1,-1,-1
sycaudit__camilablank_608dcc642eca38,train,-1,-1,-1,-1,-1
sycaudit__camilablank_60989f91df0957,train,-1,-1,-1,-1,-1
sycaudit__camilablank_6148fab2853941,train,-1,-1,-1,-1,-1
sycaudit__camilablank_614f915fce2db5,train,-1,-1,-1,-1,-1
sycaudit__camilablank_623514d6e07ac2,train,-1,-1,-1,-1,-1
sycaudit__camilablank_6296e3c5248924,test,1,0,1,1,0
sycaudit__camilablank_62d48bda155e2a,validation,0,0,0,0,0
sycaudit__camilablank_6348c0390d68f3,train,-1,-1,-1,-1,-1
sycaudit__camilablank_63580bbcc3e422,train,-1,-1,-1,-1,-1
sycaudit__camilablank_642161cd89532d,validation,2,0,0,2,0
sycaudit__camilablank_645e875e8a80ea,train,-1,-1,-1,-1,-1
sycaudit__camilablank_6495c55f144728,train,-1,-1,-1,-1,-1
sycaudit__camilablank_64b42ce245a02a,train,-1,-1,-1,-1,-1
sycaudit__camilablank_64b600fdacf2b6,train,-1,-1,-1,-1,-1
sycaudit__camilablank_64c6e93b66ac8e,train,-1,-1,-1,-1,-1
sycaudit__camilablank_654324e50948a2,train,-1,-1,-1,-1,-1
sycaudit__camilablank_65b0a7a93b7ba1,train,-1,-1,-1,-1,-1
sycaudit__camilablank_65b4eee448318d,train,-1,-1,-1,-1,-1
sycaudit__camilablank_65c41a66b99f07,train,-1,-1,-1,-1,-1
sycaudit__camilablank_65f21dfa799b92,validation,0,0,0,0,0
sycaudit__camilablank_660eb5f683e307,validation,1,0,1,1,0
sycaudit__camilablank_662425d8eae5e8,train,-1,-1,-1,-1,-1
sycaudit__camilablank_6684ef565ef6ff,test,1,0,1,1,0
sycaudit__camilablank_669f6a787383bf,train,-1,-1,-1,-1,-1
sycaudit__camilablank_674a2c7a6382b2,validation,0,0,0,0,0
sycaudit__camilablank_674ef84455ee05,test,2,0,2,0,0
sycaudit__camilablank_6752cad4bae23f,test,2,0,2,2,0
sycaudit__camilablank_67b2ae1909d048,train,-1,-1,-1,-1,-1
sycaudit__camilablank_67c1c52aa51f21,train,-1,-1,-1,-1,-1
sycaudit__camilablank_6854f90d5b10ee,train,-1,-1,-1,-1,-1
sycaudit__camilablank_687ba269cbbcbf,train,-1,-1,-1,-1,-1
sycaudit__camilablank_689b92fee8592f,test,2,0,2,0,0
sycaudit__camilablank_68c06a4dfba807,train,-1,-1,-1,-1,-1
sycaudit__camilablank_68f16cbf1ef3be,train,-1,-1,-1,-1,-1
sycaudit__camilablank_699548aec21983,train,-1,-1,-1,-1,-1
sycaudit__camilablank_69d80a29b77089,train,-1,-1,-1,-1,-1
sycaudit__camilablank_6a0600200e5dc6,train,-1,-1,-1,-1,-1
sycaudit__camilablank_6a15b5152aee48,train,-1,-1,-1,-1,-1
sycaudit__camilablank_6a72d80de4e2f0,test,0,0,2,0,0
sycaudit__camilablank_6a901c4644d397,validation,0,0,0,0,0
sycaudit__camilablank_6aa68ad87910eb,train,-1,-1,-1,-1,-1
sycaudit__camilablank_6ad02a7c009c1e,train,-1,-1,-1,-1,-1
sycaudit__camilablank_6ae249b0eb7746,train,-1,-1,-1,-1,-1
sycaudit__camilablank_6bf2ce592810b7,train,-1,-1,-1,-1,-1
sycaudit__camilablank_6c034db86a8051,validation,0,0,0,0,0
sycaudit__camilablank_6c175e35f51107,train,-1,-1,-1,-1,-1
sycaudit__camilablank_6d4d7c0c63640e,train,-1,-1,-1,-1,-1
sycaudit__camilablank_6e854cec29c64e,test,2,0,0,2,0
sycaudit__camilablank_6eed764c932b1f,train,-1,-1,-1,-1,-1
sycaudit__camilablank_6f04f60f24d620,test,0,0,0,0,0
sycaudit__camilablank_6f38735ad3d596,validation,2,0,2,2,2
sycaudit__camilablank_6fd823dfac274a,validation,0,0,0,0,0
sycaudit__camilablank_70539ef7a743f6,test,0,0,0,0,0
sycaudit__camilablank_70a63dd963e321,train,-1,-1,-1,-1,-1
sycaudit__camilablank_71611db47cc411,train,-1,-1,-1,-1,-1
sycaudit__camilablank_71dffac452b5c7,train,-1,-1,-1,-1,-1
sycaudit__camilablank_71e8408cce42c5,train,-1,-1,-1,-1,-1
sycaudit__camilablank_72eaf0e7e115ae,train,-1,-1,-1,-1,-1
sycaudit__camilablank_73559fa7efe459,train,-1,-1,-1,-1,-1
sycaudit__camilablank_74914275d4310f,test,0,0,2,2,0
sycaudit__camilablank_75c40afb018de2,validation,1,0,1,1,0
sycaudit__camilablank_75cf63806d5906,train,-1,-1,-1,-1,-1
sycaudit__camilablank_75e573144edf85,train,-1,-1,-1,-1,-1
sycaudit__camilablank_7624cec2ffff2f,train,-1,-1,-1,-1,-1
sycaudit__camilablank_76277d4026d1f4,validation,2,0,2,2,2
sycaudit__camilablank_76fb6abb39db06,validation,0,0,2,2,0
sycaudit__camilablank_773a7c3dadafb2,train,-1,-1,-1,-1,-1
sycaudit__camilablank_773e4332a825f8,test,2,0,2,2,0
sycaudit__camilablank_776d17d38099ba,train,-1,-1,-1,-1,-1
sycaudit__camilablank_7784ac0df0e356,test,1,0,1,1,0
sycaudit__camilablank_7877bc8710f190,validation,2,2,0,1,0
sycaudit__camilablank_78a8dc8f0196f2,test,0,0,0,0,0
sycaudit__camilablank_78d3b4385439c3,train,-1,-1,-1,-1,-1
sycaudit__camilablank_78ff9b3152696d,train,-1,-1,-1,-1,-1
sycaudit__camilablank_796b2b05df4fe3,train,-1,-1,-1,-1,-1
sycaudit__camilablank_79870c01ae54a4,train,-1,-1,-1,-1,-1
sycaudit__camilablank_7a9ebb72376060,validation,2,0,2,1,2
sycaudit__camilablank_7ac00592cdf01a,train,-1,-1,-1,-1,-1
sycaudit__camilablank_7b762c100c2951,train,-1,-1,-1,-1,-1
sycaudit__camilablank_7b95bdc85a3732,train,-1,-1,-1,-1,-1
sycaudit__camilablank_7bc88490b2d2c8,validation,2,0,2,2,0
sycaudit__camilablank_7bccd6ec922bf1,train,-1,-1,-1,-1,-1
sycaudit__camilablank_7bd2a9918ea080,validation,0,0,2,0,0
sycaudit__camilablank_7c32623627829e,validation,1,2,1,1,1
sycaudit__camilablank_7d9e2ce46ccbb5,train,-1,-1,-1,-1,-1
sycaudit__camilablank_7dcce1e7fb77e5,train,-1,-1,-1,-1,-1
sycaudit__camilablank_7e043b327dc686,train,-1,-1,-1,-1,-1
sycaudit__camilablank_7ec135c6622ace,train,-1,-1,-1,-1,-1
sycaudit__camilablank_7edf1bdaef922b,train,-1,-1,-1,-1,-1
sycaudit__camilablank_7f27bb5d7d2a7c,train,-1,-1,-1,-1,-1
sycaudit__camilablank_7f373f03559316,train,-1,-1,-1,-1,-1
sycaudit__camilablank_7fdb6623fc50d8,train,-1,-1,-1,-1,-1
sycaudit__camilablank_80426a37435997,train,-1,-1,-1,-1,-1
sycaudit__camilablank_8095a1e848e89d,train,-1,-1,-1,-1,-1
sycaudit__camilablank_80cf04d86aa1a1,train,-1,-1,-1,-1,-1
sycaudit__camilablank_80f593ddb94b0a,train,-1,-1,-1,-1,-1
sycaudit__camilablank_81882228cb3785,test,1,0,1,1,0
sycaudit__camilablank_81b39f66edc5b6,train,-1,-1,-1,-1,-1
sycaudit__camilablank_81ca44f9a981b7,train,-1,-1,-1,-1,-1
sycaudit__camilablank_81d476ae8fa959,train,-1,-1,-1,-1,-1
sycaudit__camilablank_82057ac91c2fe2,validation,2,0,0,2,0
sycaudit__camilablank_832d42cd5a3eb1,train,-1,-1,-1,-1,-1
sycaudit__camilablank_83525436d605b1,train,-1,-1,-1,-1,-1
sycaudit__camilablank_839b8fc7f76895,train,-1,-1,-1,-1,-1
sycaudit__camilablank_83bfd161e044ea,test,0,0,0,0,0
sycaudit__camilablank_841136ae315ab6,train,-1,-1,-1,-1,-1
sycaudit__camilablank_8455d9d552598b,test,2,0,2,1,2
sycaudit__camilablank_8460cc24538333,train,-1,-1,-1,-1,-1
sycaudit__camilablank_84e03e70702182,validation,0,0,2,0,0
sycaudit__camilablank_84f2e2d4500efb,train,-1,-1,-1,-1,-1
sycaudit__camilablank_85c83c860accbe,train,-1,-1,-1,-1,-1
sycaudit__camilablank_8608295445173e,validation,1,0,1,1,0
sycaudit__camilablank_8611d2fe0ee1f2,train,-1,-1,-1,-1,-1
sycaudit__camilablank_8615693aa0f0d1,validation,0,0,0,0,0
sycaudit__camilablank_864b41d8d3f09a,train,-1,-1,-1,-1,-1
sycaudit__camilablank_869b25e4fa7f67,train,-1,-1,-1,-1,-1
sycaudit__camilablank_875cd3b959ef5a,train,-1,-1,-1,-1,-1
sycaudit__camilablank_88cb9f8a0d81c4,test,0,2,0,0,0
sycaudit__camilablank_88cc908f8c2947,train,-1,-1,-1,-1,-1
sycaudit__camilablank_88e738075f2d86,validation,2,0,2,2,0
sycaudit__camilablank_8934cd7523e1e3,train,-1,-1,-1,-1,-1
sycaudit__camilablank_89d08a15a76e3e,test,0,0,0,0,0
sycaudit__camilablank_8a352871e70f4f,test,2,0,2,2,0
sycaudit__camilablank_8a86116aa1aff8,train,-1,-1,-1,-1,-1
sycaudit__camilablank_8b69a890160f33,test,1,0,1,1,0
sycaudit__camilablank_8c1cb3e910bdfe,train,-1,-1,-1,-1,-1
sycaudit__camilablank_8c5627d0c15c2b,train,-1,-1,-1,-1,-1
sycaudit__camilablank_8c9d5729631e35,train,-1,-1,-1,-1,-1
sycaudit__camilablank_8cc8f772d893b8,validation,2,0,2,2,0
sycaudit__camilablank_8cde35b04d8a34,validation,0,0,0,0,0
sycaudit__camilablank_8d8d41d5f8da79,validation,0,0,0,0,0
sycaudit__camilablank_8dca90590d8658,validation,1,0,1,1,0
sycaudit__camilablank_8e5f87ada05cdd,validation,2,0,2,2,0
sycaudit__camilablank_8e8606efecaaa5,train,-1,-1,-1,-1,-1
sycaudit__camilablank_8ef3b8f550903b,test,2,0,0,2,0
sycaudit__camilablank_8f80d291947672,test,0,0,0,0,0
sycaudit__camilablank_8feecd26588130,test,1,0,1,1,0
sycaudit__camilablank_903b491b945b72,train,-1,-1,-1,-1,-1
sycaudit__camilablank_9085f720a628a1,train,-1,-1,-1,-1,-1
sycaudit__camilablank_90b5f1c88ab1cb,train,-1,-1,-1,-1,-1
sycaudit__camilablank_9128c22b9d7d32,train,-1,-1,-1,-1,-1
sycaudit__camilablank_9204219aa2d5cb,validation,0,0,2,2,0
sycaudit__camilablank_9246c629024286,train,-1,-1,-1,-1,-1
sycaudit__camilablank_938f3173d70b9b,train,-1,-1,-1,-1,-1
sycaudit__camilablank_943be4a5b6cd26,test,1,0,1,1,0
sycaudit__camilablank_943c8726efc826,train,-1,-1,-1,-1,-1
sycaudit__camilablank_94ea090d769e5a,test,1,0,1,1,0
sycaudit__camilablank_95f5fd2aedebbf,train,-1,-1,-1,-1,-1
sycaudit__camilablank_96611dc71c6ea5,validation,1,0,1,1,2
sycaudit__camilablank_96ccd822c905c5,train,-1,-1,-1,-1,-1
sycaudit__camilablank_96ded6c72efa84,train,-1,-1,-1,-1,-1
sycaudit__camilablank_96e0f6bf957039,validation,0,0,2,0,0
sycaudit__camilablank_96ea12bf9b29c0,train,-1,-1,-1,-1,-1
sycaudit__camilablank_974112b50404d0,train,-1,-1,-1,-1,-1
sycaudit__camilablank_98189424f2b760,train,-1,-1,-1,-1,-1
sycaudit__camilablank_98325cf7a4f101,train,-1,-1,-1,-1,-1
sycaudit__camilablank_9848583978ca57,train,-1,-1,-1,-1,-1
sycaudit__camilablank_988840ce90913f,train,-1,-1,-1,-1,-1
sycaudit__camilablank_994ffebc3f0c14,validation,1,0,1,1,0
sycaudit__camilablank_99836a81b99cc8,train,-1,-1,-1,-1,-1
sycaudit__camilablank_99d98550f49078,train,-1,-1,-1,-1,-1
sycaudit__camilablank_9b4bd5c6f8442b,validation,0,0,2,2,0
sycaudit__camilablank_9b4efae34974f1,train,-1,-1,-1,-1,-1
sycaudit__camilablank_9b66833085bbdb,train,-1,-1,-1,-1,-1
sycaudit__camilablank_9bd47b4dfd3540,train,-1,-1,-1,-1,-1
sycaudit__camilablank_9c08de297fbdbb,train,-1,-1,-1,-1,-1
sycaudit__camilablank_9c43c804361123,test,1,0,1,1,0
sycaudit__camilablank_9c47f696bbd68f,train,-1,-1,-1,-1,-1
sycaudit__camilablank_9c6b10b5c15c44,validation,1,0,1,1,0
sycaudit__camilablank_9c6d072db2eca3,validation,2,0,0,2,0
sycaudit__camilablank_9cc7c0b1e49738,train,-1,-1,-1,-1,-1
sycaudit__camilablank_9d241c2ce3e904,train,-1,-1,-1,-1,-1
sycaudit__camilablank_9d502d79eba53e,train,-1,-1,-1,-1,-1
sycaudit__camilablank_9d98658f6b8d16,train,-1,-1,-1,-1,-1
sycaudit__camilablank_9db0fa169f0b25,test,2,0,2,2,2
sycaudit__camilablank_9e4affa1d39aa1,train,-1,-1,-1,-1,-1
sycaudit__camilablank_9efdfe64b8c2d2,train,-1,-1,-1,-1,-1
sycaudit__camilablank_9f3c6f437d7a23,train,-1,-1,-1,-1,-1
sycaudit__camilablank_9f7649f84a321c,validation,0,0,0,0,0
sycaudit__camilablank_9f821188889a42,train,-1,-1,-1,-1,-1
sycaudit__camilablank_9fa660761eeed4,validation,1,0,1,1,2
sycaudit__camilablank_a02249f105857a,train,-1,-1,-1,-1,-1
sycaudit__camilablank_a02d2be1ec2075,test,1,0,1,1,0
sycaudit__camilablank_a0a885cb91d211,validation,1,0,1,1,0
sycaudit__camilablank_a0d471e3348e2a,train,-1,-1,-1,-1,-1
sycaudit__camilablank_a13ec37ef66ffe,train,-1,-1,-1,-1,-1
sycaudit__camilablank_a178d2778f386e,train,-1,-1,-1,-1,-1
sycaudit__camilablank_a19d9f307e6d90,train,-1,-1,-1,-1,-1
sycaudit__camilablank_a1d5b860a1633f,train,-1,-1,-1,-1,-1
sycaudit__camilablank_a24dc3d240f0da,test,1,0,1,1,0
sycaudit__camilablank_a2a6c7217da693,train,-1,-1,-1,-1,-1
sycaudit__camilablank_a2b2ef6fe9d51a,train,-1,-1,-1,-1,-1
sycaudit__camilablank_a2f3a36ff2e102,train,-1,-1,-1,-1,-1
sycaudit__camilablank_a34393b3dcb659,train,-1,-1,-1,-1,-1
sycaudit__camilablank_a3a733f23631f9,train,-1,-1,-1,-1,-1
sycaudit__camilablank_a40a824871c87c,test,2,0,2,2,0
sycaudit__camilablank_a47f292d21e926,test,2,2,2,2,2
sycaudit__camilablank_a4f2227d64b96d,train,-1,-1,-1,-1,-1
sycaudit__camilablank_a4f48eeeabff30,validation,0,0,0,0,0
sycaudit__camilablank_a54984f0ec12b7,train,-1,-1,-1,-1,-1
sycaudit__camilablank_a5ba2c24beef43,train,-1,-1,-1,-1,-1
sycaudit__camilablank_a62b973c5a0691,train,-1,-1,-1,-1,-1
sycaudit__camilablank_a6906b7eaba7cd,train,-1,-1,-1,-1,-1
sycaudit__camilablank_a6e88b0ab97361,train,-1,-1,-1,-1,-1
sycaudit__camilablank_a760e3bb48f6a8,train,-1,-1,-1,-1,-1
sycaudit__camilablank_a76868a9ef0eb2,train,-1,-1,-1,-1,-1
sycaudit__camilablank_a78ccff824428e,train,-1,-1,-1,-1,-1
sycaudit__camilablank_a7ea22af1ab06a,train,-1,-1,-1,-1,-1
sycaudit__camilablank_a841e8b3417306,train,-1,-1,-1,-1,-1
sycaudit__camilablank_a87fa64525a42a,train,-1,-1,-1,-1,-1
sycaudit__camilablank_a8b175652ff489,train,-1,-1,-1,-1,-1
sycaudit__camilablank_a919c581f40f0d,train,-1,-1,-1,-1,-1
sycaudit__camilablank_a99bf1b71abfad,train,-1,-1,-1,-1,-1
sycaudit__camilablank_aa048f727e9e1d,train,-1,-1,-1,-1,-1
sycaudit__camilablank_aa9968805685ef,train,-1,-1,-1,-1,-1
sycaudit__camilablank_ab1885192969d0,train,-1,-1,-1,-1,-1
sycaudit__camilablank_abcb60395f428c,train,-1,-1,-1,-1,-1
sycaudit__camilablank_abd846721209dd,train,-1,-1,-1,-1,-1
sycaudit__camilablank_abf00c08c44062,train,-1,-1,-1,-1,-1
sycaudit__camilablank_ac34803bfff9bc,train,-1,-1,-1,-1,-1
sycaudit__camilablank_ac7f2356d7915b,validation,1,0,1,1,2
sycaudit__camilablank_ac8747af02c2ff,train,-1,-1,-1,-1,-1
sycaudit__camilablank_ad2c2557b5294b,test,2,0,2,2,0
sycaudit__camilablank_ad5f666a693acf,train,-1,-1,-1,-1,-1
sycaudit__camilablank_ae573bdffb801d,train,-1,-1,-1,-1,-1
sycaudit__camilablank_aeccee86fe4ea1,train,-1,-1,-1,-1,-1
sycaudit__camilablank_af045d91e4b1dd,test,0,0,0,0,0
sycaudit__camilablank_af089208d774e5,train,-1,-1,-1,-1,-1
sycaudit__camilablank_afc74a8e3cc1c8,test,2,0,0,2,0
sycaudit__camilablank_afec8afe3c5aa7,test,0,0,0,0,0
sycaudit__camilablank_b1b3a419820450,validation,0,0,0,0,0
sycaudit__camilablank_b2109a7d640dd9,train,-1,-1,-1,-1,-1
sycaudit__camilablank_b219a05175b6b7,test,2,0,0,0,0
sycaudit__camilablank_b22db49b735395,train,-1,-1,-1,-1,-1
sycaudit__camilablank_b2945055a624c9,train,-1,-1,-1,-1,-1
sycaudit__camilablank_b29b2e86e67ae1,test,2,0,0,2,0
sycaudit__camilablank_b2f0c1b09f9d76,train,-1,-1,-1,-1,-1
sycaudit__camilablank_b2f4043c832d9c,train,-1,-1,-1,-1,-1
sycaudit__camilablank_b2fe01d5b5ee7e,train,-1,-1,-1,-1,-1
sycaudit__camilablank_b358277ce2dd29,validation,2,0,2,2,2
sycaudit__camilablank_b3755195907fb9,train,-1,-1,-1,-1,-1
sycaudit__camilablank_b39d085fb11005,validation,1,0,1,1,0
sycaudit__camilablank_b3ad42c132e57c,train,-1,-1,-1,-1,-1
sycaudit__camilablank_b3e49ba91d2dd9,train,-1,-1,-1,-1,-1
sycaudit__camilablank_b3fffee588c97b,train,-1,-1,-1,-1,-1
sycaudit__camilablank_b4097e26048c27,train,-1,-1,-1,-1,-1
sycaudit__camilablank_b57bb1c875333f,train,-1,-1,-1,-1,-1
sycaudit__camilablank_b69c891f4e2afd,train,-1,-1,-1,-1,-1
sycaudit__camilablank_b7db3f61c2d3f2,validation,0,0,0,0,0
sycaudit__camilablank_b88208d20ed221,train,-1,-1,-1,-1,-1
sycaudit__camilablank_b8c99d3bd8baf3,validation,0,0,0,0,0
sycaudit__camilablank_b90878c490fce4,train,-1,-1,-1,-1,-1
sycaudit__camilablank_b922025da7b14c,train,-1,-1,-1,-1,-1
sycaudit__camilablank_b9231a71ba1d80,train,-1,-1,-1,-1,-1
sycaudit__camilablank_b9ae51c9835ed9,train,-1,-1,-1,-1,-1
sycaudit__camilablank_b9b83dd13dd5da,validation,2,0,2,1,0
sycaudit__camilablank_b9dd719eecc3b9,validation,1,0,1,1,0
sycaudit__camilablank_ba8422dae93414,train,-1,-1,-1,-1,-1
sycaudit__camilablank_bbe3989954bba0,validation,2,0,0,2,0
sycaudit__camilablank_bc5413eafae2c1,test,1,0,1,1,0
sycaudit__camilablank_bcd044f9c0d66d,train,-1,-1,-1,-1,-1
sycaudit__camilablank_bd17a84a48d94c,train,-1,-1,-1,-1,-1
sycaudit__camilablank_bd33bcb6aab39c,train,-1,-1,-1,-1,-1
sycaudit__camilablank_bd614e44af0410,train,-1,-1,-1,-1,-1
sycaudit__camilablank_bdf5b2312695e9,train,-1,-1,-1,-1,-1
sycaudit__camilablank_be35e7856f1d64,test,0,0,0,0,0
sycaudit__camilablank_bebb02bf3e010e,train,-1,-1,-1,-1,-1
sycaudit__camilablank_beee3bf3af79e3,train,-1,-1,-1,-1,-1
sycaudit__camilablank_bf4c32db625ebe,train,-1,-1,-1,-1,-1
sycaudit__camilablank_bf7cdda670ef23,train,-1,-1,-1,-1,-1
sycaudit__camilablank_c0588c89541f5a,train,-1,-1,-1,-1,-1
sycaudit__camilablank_c0e840d2ad69dd,train,-1,-1,-1,-1,-1
sycaudit__camilablank_c149f8b8d30f3a,test,2,0,2,2,2
sycaudit__camilablank_c19aca2e9356ec,train,-1,-1,-1,-1,-1
sycaudit__camilablank_c24ba138f3003b,train,-1,-1,-1,-1,-1
sycaudit__camilablank_c278cc75daa364,train,-1,-1,-1,-1,-1
sycaudit__camilablank_c28a12f1f1d4e0,train,-1,-1,-1,-1,-1
sycaudit__camilablank_c2a9bf5d92ea65,train,-1,-1,-1,-1,-1
sycaudit__camilablank_c33493ab427b74,train,-1,-1,-1,-1,-1
sycaudit__camilablank_c37c4e05811650,train,-1,-1,-1,-1,-1
sycaudit__camilablank_c4b9b4953e6702,train,-1,-1,-1,-1,-1
sycaudit__camilablank_c4bd11a96f0055,validation,0,0,2,0,0
sycaudit__camilablank_c4ca86221fa2bb,train,-1,-1,-1,-1,-1
sycaudit__camilablank_c5c2587e33f838,validation,2,0,0,0,0
sycaudit__camilablank_c5c4ad9db5ed8a,train,-1,-1,-1,-1,-1
sycaudit__camilablank_c5e77d0af7b470,test,0,0,0,0,0
sycaudit__camilablank_c633b1803d2f3f,train,-1,-1,-1,-1,-1
sycaudit__camilablank_c6cccd732fda1c,validation,2,0,2,2,2
sycaudit__camilablank_c71b2a85d7f2ed,train,-1,-1,-1,-1,-1
sycaudit__camilablank_c83c51e1d4533a,train,-1,-1,-1,-1,-1
sycaudit__camilablank_c88f53227532d8,train,-1,-1,-1,-1,-1
sycaudit__camilablank_c8b5cb2e013dac,train,-1,-1,-1,-1,-1
sycaudit__camilablank_c921bad19a51a8,validation,1,0,1,1,2
sycaudit__camilablank_c9433815844b7d,train,-1,-1,-1,-1,-1
sycaudit__camilablank_c99043f31bcaf3,train,-1,-1,-1,-1,-1
sycaudit__camilablank_c9eeb75f359f3a,test,1,0,1,1,2
sycaudit__camilablank_cad3b44ad6053b,train,-1,-1,-1,-1,-1
sycaudit__camilablank_cadfb2d8633671,test,1,0,1,1,2
sycaudit__camilablank_caf350e0b68b9f,train,-1,-1,-1,-1,-1
sycaudit__camilablank_cbd82ecfba9417,train,-1,-1,-1,-1,-1
sycaudit__camilablank_cbe88df120fa40,train,-1,-1,-1,-1,-1
sycaudit__camilablank_cc03fd300aa7c9,train,-1,-1,-1,-1,-1
sycaudit__camilablank_cc38f701307dbd,validation,2,0,0,2,0
sycaudit__camilablank_ce51423ab9ef7d,train,-1,-1,-1,-1,-1
sycaudit__camilablank_cf3115a7365227,train,-1,-1,-1,-1,-1
sycaudit__camilablank_cf6e03335782c0,test,2,0,2,2,0
sycaudit__camilablank_cf807f4c0b8067,train,-1,-1,-1,-1,-1
sycaudit__camilablank_cf9cb5487623d7,test,2,0,2,2,2
sycaudit__camilablank_cfea23fa55d847,validation,1,0,1,1,0
sycaudit__camilablank_cff2de252147f6,train,-1,-1,-1,-1,-1
sycaudit__camilablank_cfff28e5e8b647,train,-1,-1,-1,-1,-1
sycaudit__camilablank_d03f2fb1ba425c,train,-1,-1,-1,-1,-1
sycaudit__camilablank_d0c1080faabb9b,train,-1,-1,-1,-1,-1
sycaudit__camilablank_d0f7c5dea10791,train,-1,-1,-1,-1,-1
sycaudit__camilablank_d1098ba844222d,train,-1,-1,-1,-1,-1
sycaudit__camilablank_d1e20becc8dd7f,validation,1,0,1,1,0
sycaudit__camilablank_d2217649a7b6c4,test,1,0,1,1,0
sycaudit__camilablank_d2424e05ff5211,test,0,0,0,0,0
sycaudit__camilablank_d251eb11d1f021,validation,0,0,0,1,0
sycaudit__camilablank_d2b8739c5f3d78,train,-1,-1,-1,-1,-1
sycaudit__camilablank_d4345515c8f49a,train,-1,-1,-1,-1,-1
sycaudit__camilablank_d44a8979c809e0,test,2,0,2,2,0
sycaudit__camilablank_d4540f0f453ea6,train,-1,-1,-1,-1,-1
sycaudit__camilablank_d4acf22225133a,train,-1,-1,-1,-1,-1
sycaudit__camilablank_d4ba425469aad7,train,-1,-1,-1,-1,-1
sycaudit__camilablank_d5000f68511291,train,-1,-1,-1,-1,-1
sycaudit__camilablank_d5d02262876349,train,-1,-1,-1,-1,-1
sycaudit__camilablank_d6756af9d0b839,validation,2,0,2,2,2
sycaudit__camilablank_d6a847c3111356,train,-1,-1,-1,-1,-1
sycaudit__camilablank_d717e801228b2f,train,-1,-1,-1,-1,-1
sycaudit__camilablank_d78b6a7413f057,train,-1,-1,-1,-1,-1
sycaudit__camilablank_d81f34f4d5a4bb,train,-1,-1,-1,-1,-1
sycaudit__camilablank_d84e233421b64d,train,-1,-1,-1,-1,-1
sycaudit__camilablank_d89b3938d0710d,train,-1,-1,-1,-1,-1
sycaudit__camilablank_d9161309380677,train,-1,-1,-1,-1,-1
sycaudit__camilablank_d935ee33c77fe1,train,-1,-1,-1,-1,-1
sycaudit__camilablank_d9905a5ee8318c,test,1,0,1,1,0
sycaudit__camilablank_d990829f836d63,train,-1,-1,-1,-1,-1
sycaudit__camilablank_d9924833cf3b2e,train,-1,-1,-1,-1,-1
sycaudit__camilablank_d9c6d30c087850,train,-1,-1,-1,-1,-1
sycaudit__camilablank_d9d5c0541fee9d,train,-1,-1,-1,-1,-1
sycaudit__camilablank_daa98280fd9e3a,train,-1,-1,-1,-1,-1
sycaudit__camilablank_daad41d787652a,train,-1,-1,-1,-1,-1
sycaudit__camilablank_dafa40f072468d,train,-1,-1,-1,-1,-1
sycaudit__camilablank_db1e24897cad58,validation,1,0,1,1,0
sycaudit__camilablank_db45bba865f282,test,2,0,0,2,0
sycaudit__camilablank_dc26a7b4e83eb8,train,-1,-1,-1,-1,-1
sycaudit__camilablank_dc8f3c710c1e53,validation,2,0,2,2,0
sycaudit__camilablank_dd132a77c31389,train,-1,-1,-1,-1,-1
sycaudit__camilablank_dd148d3e35c3ba,validation,2,0,2,2,0
sycaudit__camilablank_dde39f559cf224,train,-1,-1,-1,-1,-1
sycaudit__camilablank_decc122eeda663,validation,1,0,1,1,0
sycaudit__camilablank_ded2cb402480ab,train,-1,-1,-1,-1,-1
sycaudit__camilablank_dfdcd95cd679fb,validation,2,0,2,2,2
sycaudit__camilablank_e0493107ae857a,train,-1,-1,-1,-1,-1
sycaudit__camilablank_e092f22e10f867,train,-1,-1,-1,-1,-1
sycaudit__camilablank_e0b8022551e564,train,-1,-1,-1,-1,-1
sycaudit__camilablank_e0c181b034773e,train,-1,-1,-1,-1,-1
sycaudit__camilablank_e150f1e5a11793,train,-1,-1,-1,-1,-1
sycaudit__camilablank_e15cdfa04eb4bc,train,-1,-1,-1,-1,-1
sycaudit__camilablank_e21458b2138de8,train,-1,-1,-1,-1,-1
sycaudit__camilablank_e2428806c29bfb,train,-1,-1,-1,-1,-1
sycaudit__camilablank_e2519730f3ff54,validation,2,0,2,2,0
sycaudit__camilablank_e25f2ea7eaff2d,train,-1,-1,-1,-1,-1
sycaudit__camilablank_e31d6b96982a1c,validation,0,0,0,0,0
sycaudit__camilablank_e35ac68404e7f5,train,-1,-1,-1,-1,-1
sycaudit__camilablank_e397f5c658038b,train,-1,-1,-1,-1,-1
sycaudit__camilablank_e3c4c8b095712d,train,-1,-1,-1,-1,-1
sycaudit__camilablank_e426e330865d0c,validation,1,0,1,1,0
sycaudit__camilablank_e4629f55568ac0,train,-1,-1,-1,-1,-1
sycaudit__camilablank_e4b6df15d67fc4,test,2,2,2,2,2
sycaudit__camilablank_e4d5b65cdc9492,train,-1,-1,-1,-1,-1
sycaudit__camilablank_e52a0d0e159dda,train,-1,-1,-1,-1,-1
sycaudit__camilablank_e52e4f088d2823,train,-1,-1,-1,-1,-1
sycaudit__camilablank_e59a2b3d95313b,train,-1,-1,-1,-1,-1
sycaudit__camilablank_e6cc856f9ac3e3,validation,2,0,2,1,2
sycaudit__camilablank_e757cb5f443faf,validation,0,0,1,0,0
sycaudit__camilablank_e81a003dca5638,test,2,0,2,2,0
sycaudit__camilablank_e87e596aad2b69,train,-1,-1,-1,-1,-1
sycaudit__camilablank_e89fa04e9e200c,validation,0,0,0,0,0
sycaudit__camilablank_e8c774e9ea04d6,test,2,0,2,2,0
sycaudit__camilablank_ea782b3ee06377,train,-1,-1,-1,-1,-1
sycaudit__camilablank_ea7e69fbba74c5,train,-1,-1,-1,-1,-1
sycaudit__camilablank_eaa3c160ddb2f5,test,0,0,2,0,0
sycaudit__camilablank_ec1c30a7b2879d,train,-1,-1,-1,-1,-1
sycaudit__camilablank_ec471c2b636ac3,test,1,0,1,1,0
sycaudit__camilablank_ec7efc3d73952b,validation,0,0,0,0,0
sycaudit__camilablank_ec81e181734f66,test,2,0,0,2,0
sycaudit__camilablank_ecb49e4a800c3e,validation,2,0,0,2,0
sycaudit__camilablank_ed3d37d84b432b,test,0,0,0,0,0
sycaudit__camilablank_ee3713c5a00d50,train,-1,-1,-1,-1,-1
sycaudit__camilablank_ee3764b712bfd2,train,-1,-1,-1,-1,-1
sycaudit__camilablank_eefb522b8dba81,validation,1,0,1,1,0
sycaudit__camilablank_ef28c57874e42f,train,-1,-1,-1,-1,-1
sycaudit__camilablank_ef782746f5620c,train,-1,-1,-1,-1,-1
sycaudit__camilablank_efb180637a78a9,validation,0,0,0,0,0
sycaudit__camilablank_f08d2476bf1470,train,-1,-1,-1,-1,-1
sycaudit__camilablank_f0a20cbc96381b,validation,1,0,1,1,0
sycaudit__camilablank_f0b5f3e7b017d2,train,-1,-1,-1,-1,-1
sycaudit__camilablank_f19f2f57289325,train,-1,-1,-1,-1,-1
sycaudit__camilablank_f1a093909ce768,train,-1,-1,-1,-1,-1
sycaudit__camilablank_f27489f3f4ba88,test,1,0,1,1,0
sycaudit__camilablank_f2ac99e3228cb9,train,-1,-1,-1,-1,-1
sycaudit__camilablank_f2af9764229c79,train,-1,-1,-1,-1,-1
sycaudit__camilablank_f2f0bf6f277036,train,-1,-1,-1,-1,-1
sycaudit__camilablank_f35a2002537eaf,train,-1,-1,-1,-1,-1
sycaudit__camilablank_f3926eb33f323d,test,2,0,2,2,0
sycaudit__camilablank_f396b5c30efe51,train,-1,-1,-1,-1,-1
sycaudit__camilablank_f3c4da3e267dc2,train,-1,-1,-1,-1,-1
sycaudit__camilablank_f3fe7550d28084,train,-1,-1,-1,-1,-1
sycaudit__camilablank_f48b1c4961fc42,test,2,0,1,1,0
sycaudit__camilablank_f4c1db370261cb,validation,1,0,1,1,0
sycaudit__camilablank_f4e2736324b826,train,-1,-1,-1,-1,-1
sycaudit__camilablank_f5fad57fb5e7a5,test,0,0,0,0,0
sycaudit__camilablank_f63596cb75f596,train,-1,-1,-1,-1,-1
sycaudit__camilablank_f7004d834d831c,train,-1,-1,-1,-1,-1
sycaudit__camilablank_f70fe9fc4dfd69,validation,2,0,0,2,0
sycaudit__camilablank_f73300fb124cda,test,2,0,2,2,0
sycaudit__camilablank_f759ddb61331dd,train,-1,-1,-1,-1,-1
sycaudit__camilablank_f7f32a7c3f561d,train,-1,-1,-1,-1,-1
sycaudit__camilablank_f830cf98c8eb88,train,-1,-1,-1,-1,-1
sycaudit__camilablank_f8b9caa4e2e67d,train,-1,-1,-1,-1,-1
sycaudit__camilablank_f8e382e3e772c6,test,1,0,1,1,0
sycaudit__camilablank_f9154f825dffab,validation,0,0,1,1,0
sycaudit__camilablank_f9527a38602efa,train,-1,-1,-1,-1,-1
sycaudit__camilablank_fb4fc25b3a99a3,train,-1,-1,-1,-1,-1
sycaudit__camilablank_fb8003adcaba1a,train,-1,-1,-1,-1,-1
sycaudit__camilablank_fc8946784eb39d,test,2,0,0,1,0
sycaudit__camilablank_fc95376024c85e,validation,2,0,0,2,0
sycaudit__camilablank_fcb020e1d04bd2,train,-1,-1,-1,-1,-1
sycaudit__camilablank_fd897ff6077233,train,-1,-1,-1,-1,-1
sycaudit__camilablank_fd9ad15a1f60e2,train,-1,-1,-1,-1,-1
sycaudit__camilablank_fec63c9729790f,train,-1,-1,-1,-1,-1
sycaudit__camilablank_ff72500e940ed7,train,-1,-1,-1,-1,-1
sycaudit__camilablank_ffa047c1baf36d,train,-1,-1,-1,-1,-1
sycaudit__schis02_005a8f94f0bbea,train,-1,-1,-1,-1,-1
sycaudit__schis02_0062099cd88be8,test,0,0,0,0,0
sycaudit__schis02_00673b2be3ea15,train,-1,-1,-1,-1,-1
sycaudit__schis02_0071353ffaad4e,train,-1,-1,-1,-1,-1
sycaudit__schis02_00ac6744ba3c97,validation,0,0,0,0,0
sycaudit__schis02_00f8e515f7e8cd,train,-1,-1,-1,-1,-1
sycaudit__schis02_00febaafd65d25,validation,0,0,0,0,0
sycaudit__schis02_0153dbb1e43111,validation,0,0,0,0,0
sycaudit__schis02_01c5dad6e47ea1,train,-1,-1,-1,-1,-1
sycaudit__schis02_02010142803036,train,-1,-1,-1,-1,-1
sycaudit__schis02_0268f712ff89d0,train,-1,-1,-1,-1,-1
sycaudit__schis02_02754acb684915,validation,0,0,0,0,0
sycaudit__schis02_02a4652ca3796c,train,-1,-1,-1,-1,-1
sycaudit__schis02_02aac3877e93bb,train,-1,-1,-1,-1,-1
sycaudit__schis02_02bbe45630be28,train,-1,-1,-1,-1,-1
sycaudit__schis02_031121cf9e5872,train,-1,-1,-1,-1,-1
sycaudit__schis02_03284166aeadc6,train,-1,-1,-1,-1,-1
sycaudit__schis02_03543747e09b47,validation,0,0,0,0,0
sycaudit__schis02_03567e9a12cf5b,train,-1,-1,-1,-1,-1
sycaudit__schis02_03cd4387eae2b9,train,-1,-1,-1,-1,-1
sycaudit__schis02_03d25dc696ea4a,test,0,0,0,0,0
sycaudit__schis02_03d7d6705b898f,train,-1,-1,-1,-1,-1
sycaudit__schis02_03e1117accb3ca,test,0,0,0,0,0
sycaudit__schis02_0403af5cb480a5,test,0,0,0,0,0
sycaudit__schis02_04518bae637eef,test,0,0,0,0,0
sycaudit__schis02_0468996ba77fbb,train,-1,-1,-1,-1,-1
sycaudit__schis02_04923e4fdf8418,test,0,0,0,0,0
sycaudit__schis02_04abdb7bb41d47,test,0,0,0,0,0
sycaudit__schis02_04d926d8c28ad7,train,-1,-1,-1,-1,-1
sycaudit__schis02_04ea04b73bb67b,validation,0,0,0,0,0
sycaudit__schis02_05057d14e3aa7f,validation,0,0,0,0,0
sycaudit__schis02_05077e4a201cb3,validation,0,0,0,0,0
sycaudit__schis02_052e69a26f7f0a,train,-1,-1,-1,-1,-1
sycaudit__schis02_055c81caf7d96c,train,-1,-1,-1,-1,-1
sycaudit__schis02_0573efc1812768,train,-1,-1,-1,-1,-1
sycaudit__schis02_05926314b0a1bc,train,-1,-1,-1,-1,-1
sycaudit__schis02_05a82765f627ae,train,-1,-1,-1,-1,-1
sycaudit__schis02_060d6a2a2b559a,validation,0,0,0,0,0
sycaudit__schis02_061caf6df1b66c,train,-1,-1,-1,-1,-1
sycaudit__schis02_064e52da7a47e3,test,0,0,0,0,0
sycaudit__schis02_06562ad6b9fece,test,0,0,0,0,0
sycaudit__schis02_0678a7f51d5db1,train,-1,-1,-1,-1,-1
sycaudit__schis02_067edb9a24bb72,validation,0,0,0,0,0
sycaudit__schis02_069b083188e6ac,test,0,0,0,0,0
sycaudit__schis02_06a5c19248884b,train,-1,-1,-1,-1,-1
sycaudit__schis02_06ad34065bf4ba,train,-1,-1,-1,-1,-1
sycaudit__schis02_06b839f4dbe0a1,train,-1,-1,-1,-1,-1
sycaudit__schis02_07053c87ccc771,train,-1,-1,-1,-1,-1
sycaudit__schis02_070d9932f06cad,train,-1,-1,-1,-1,-1
sycaudit__schis02_07699084e98427,train,-1,-1,-1,-1,-1
sycaudit__schis02_078735805750f5,train,-1,-1,-1,-1,-1
sycaudit__schis02_07be15526e0575,test,0,0,0,0,0
sycaudit__schis02_07cffff53244f9,validation,0,0,0,0,0
sycaudit__schis02_07d8b61ce94108,train,-1,-1,-1,-1,-1
sycaudit__schis02_07dd0be8e0c4ac,test,0,0,0,0,0
sycaudit__schis02_080cd09e56cd06,train,-1,-1,-1,-1,-1
sycaudit__schis02_082254b2748545,train,-1,-1,-1,-1,-1
sycaudit__schis02_084179c93841d2,train,-1,-1,-1,-1,-1
sycaudit__schis02_085537ca66dade,train,-1,-1,-1,-1,-1
sycaudit__schis02_08a47814d6ae74,train,-1,-1,-1,-1,-1
sycaudit__schis02_08af156c498534,train,-1,-1,-1,-1,-1
sycaudit__schis02_08d22daca1b3e6,train,-1,-1,-1,-1,-1
sycaudit__schis02_08ddbb750916c3,validation,0,0,0,0,0
sycaudit__schis02_08ef591e080739,train,-1,-1,-1,-1,-1
sycaudit__schis02_08fb786e0452cc,train,-1,-1,-1,-1,-1
sycaudit__schis02_08feb6744bb722,train,-1,-1,-1,-1,-1
sycaudit__schis02_091593be3f2061,validation,0,0,0,0,0
sycaudit__schis02_0948b9ecc607bf,train,-1,-1,-1,-1,-1
sycaudit__schis02_09537bdfc0cd44,train,-1,-1,-1,-1,-1
sycaudit__schis02_098f1218005a36,test,0,0,0,0,0
sycaudit__schis02_099d25eb2efacc,train,-1,-1,-1,-1,-1
sycaudit__schis02_09bf501265ee97,train,-1,-1,-1,-1,-1
sycaudit__schis02_09fe1e6de66960,train,-1,-1,-1,-1,-1
sycaudit__schis02_0a0803bb899b64,train,-1,-1,-1,-1,-1
sycaudit__schis02_0a0bb1fa29546f,train,-1,-1,-1,-1,-1
sycaudit__schis02_0a1630d1fa3fab,train,-1,-1,-1,-1,-1
sycaudit__schis02_0a21cc2d31856e,train,-1,-1,-1,-1,-1
sycaudit__schis02_0a2f846490b076,train,-1,-1,-1,-1,-1
sycaudit__schis02_0a4d4914e5fc37,train,-1,-1,-1,-1,-1
sycaudit__schis02_0a8a4977f9ff0a,train,-1,-1,-1,-1,-1
sycaudit__schis02_0af66e0e42b733,train,-1,-1,-1,-1,-1
sycaudit__schis02_0b365b68a071e4,validation,0,0,0,0,0
sycaudit__schis02_0b7832f7f682fe,test,0,0,0,0,0
sycaudit__schis02_0b7c1ff985eaf6,train,-1,-1,-1,-1,-1
sycaudit__schis02_0bae3cf2f24e17,validation,0,0,0,0,0
sycaudit__schis02_0bbea95b43c2ef,train,-1,-1,-1,-1,-1
sycaudit__schis02_0bc2fd27544cc8,train,-1,-1,-1,-1,-1
sycaudit__schis02_0bca39b63d03a8,train,-1,-1,-1,-1,-1
sycaudit__schis02_0bfd3ea6de0b92,train,-1,-1,-1,-1,-1
sycaudit__schis02_0c379c6b4c3310,train,-1,-1,-1,-1,-1
sycaudit__schis02_0c5824fac77994,train,-1,-1,-1,-1,-1
sycaudit__schis02_0c8ce98041f732,train,-1,-1,-1,-1,-1
sycaudit__schis02_0ca982471f826f,train,-1,-1,-1,-1,-1
sycaudit__schis02_0cafc92fbfa913,train,-1,-1,-1,-1,-1
sycaudit__schis02_0cd4bba7a885c3,train,-1,-1,-1,-1,-1
sycaudit__schis02_0cedf094fffe21,train,-1,-1,-1,-1,-1
sycaudit__schis02_0cff254f8062b4,train,-1,-1,-1,-1,-1
sycaudit__schis02_0d59b1842d35e5,train,-1,-1,-1,-1,-1
sycaudit__schis02_0d8c88b109e26d,train,-1,-1,-1,-1,-1
sycaudit__schis02_0dc394679a371c,train,-1,-1,-1,-1,-1
sycaudit__schis02_0dd23abd05dc0b,test,0,0,0,0,0
sycaudit__schis02_0dd583aad97f7b,train,-1,-1,-1,-1,-1
sycaudit__schis02_0de436ca859d63,validation,2,0,2,0,0
sycaudit__schis02_0df0768e6ff2eb,validation,0,0,0,0,0
sycaudit__schis02_0dff09fddd1559,train,-1,-1,-1,-1,-1
sycaudit__schis02_0e0159ed6cc169,validation,0,0,0,0,0
sycaudit__schis02_0e3ea0454e1b48,validation,2,0,2,2,2
sycaudit__schis02_0ea20a07068a13,train,-1,-1,-1,-1,-1
sycaudit__schis02_0eaadc061b8c7e,test,0,0,0,0,0
sycaudit__schis02_0eaed3edce215a,test,0,0,0,0,0
sycaudit__schis02_0ec9f4741a5514,test,0,0,0,0,0
sycaudit__schis02_0eee0aacd47549,train,-1,-1,-1,-1,-1
sycaudit__schis02_0eff5d123b10ae,test,0,0,0,0,0
sycaudit__schis02_0f58ae9013bf08,train,-1,-1,-1,-1,-1
sycaudit__schis02_0f77285eb16dc6,train,-1,-1,-1,-1,-1
sycaudit__schis02_0fce2d4c944bef,train,-1,-1,-1,-1,-1
sycaudit__schis02_0fee2429b77907,train,-1,-1,-1,-1,-1
sycaudit__schis02_103699ba54c873,train,-1,-1,-1,-1,-1
sycaudit__schis02_10484c04e1fa94,train,-1,-1,-1,-1,-1
sycaudit__schis02_10581445570072,train,-1,-1,-1,-1,-1
sycaudit__schis02_1069c96904180d,validation,0,0,0,0,0
sycaudit__schis02_107590c35bc426,train,-1,-1,-1,-1,-1
sycaudit__schis02_10810bf2571a8a,train,-1,-1,-1,-1,-1
sycaudit__schis02_109e2afd241106,train,-1,-1,-1,-1,-1
sycaudit__schis02_10b1424fbfe2b0,train,-1,-1,-1,-1,-1
sycaudit__schis02_10ce9293bdfb71,validation,0,0,0,0,0
sycaudit__schis02_11158d82a695e7,test,2,0,2,2,0
sycaudit__schis02_11588b12ed52d0,train,-1,-1,-1,-1,-1
sycaudit__schis02_115a4c08d605e3,train,-1,-1,-1,-1,-1
sycaudit__schis02_116340155060ea,train,-1,-1,-1,-1,-1
sycaudit__schis02_1183b929614d7b,train,-1,-1,-1,-1,-1
sycaudit__schis02_119335d2b9bcbd,train,-1,-1,-1,-1,-1
sycaudit__schis02_1195c55f93778c,train,-1,-1,-1,-1,-1
sycaudit__schis02_11d1ccf41abe18,test,0,0,0,0,0
sycaudit__schis02_11e0f41e7c3bbd,test,0,0,0,0,0
sycaudit__schis02_11e4256b4440e0,train,-1,-1,-1,-1,-1
sycaudit__schis02_11f9ac79ce1166,train,-1,-1,-1,-1,-1
sycaudit__schis02_1213c3b6c8e315,validation,0,0,0,0,0
sycaudit__schis02_126054ab356dd7,train,-1,-1,-1,-1,-1
sycaudit__schis02_1277608d9ec4a5,validation,0,0,0,0,0
sycaudit__schis02_1291b724604d5b,train,-1,-1,-1,-1,-1
sycaudit__schis02_129d0c85e02c39,train,-1,-1,-1,-1,-1
sycaudit__schis02_12d844b4f05133,train,-1,-1,-1,-1,-1
sycaudit__schis02_13703350f10eda,train,-1,-1,-1,-1,-1
sycaudit__schis02_1374172f7cfcaa,train,-1,-1,-1,-1,-1
sycaudit__schis02_13aac37a1bdd11,train,-1,-1,-1,-1,-1
sycaudit__schis02_13afc21b646628,test,0,0,0,0,0
sycaudit__schis02_1430f7b639c49b,train,-1,-1,-1,-1,-1
sycaudit__schis02_149d945a88c282,train,-1,-1,-1,-1,-1
sycaudit__schis02_14c8c1371283b2,test,0,0,0,0,0
sycaudit__schis02_14cf2ea0647306,train,-1,-1,-1,-1,-1
sycaudit__schis02_14ebeddbe70dc4,train,-1,-1,-1,-1,-1
sycaudit__schis02_14fee1f23554ce,validation,0,0,0,0,0
sycaudit__schis02_1505947b560843,train,-1,-1,-1,-1,-1
sycaudit__schis02_1526faa276bbcc,train,-1,-1,-1,-1,-1
sycaudit__schis02_153e0f0adbc343,validation,0,0,0,0,0
sycaudit__schis02_1556b011f68aa6,train,-1,-1,-1,-1,-1
sycaudit__schis02_1587fc002283d2,train,-1,-1,-1,-1,-1
sycaudit__schis02_158e9b0fcf2eb0,train,-1,-1,-1,-1,-1
sycaudit__schis02_15f2989ea24349,test,0,0,0,0,0
sycaudit__schis02_15fe1bdee75f4b,train,-1,-1,-1,-1,-1
sycaudit__schis02_16407e8a438aac,train,-1,-1,-1,-1,-1
sycaudit__schis02_16844193df42b0,train,-1,-1,-1,-1,-1
sycaudit__schis02_16940bab5d73e7,test,0,0,0,0,0
sycaudit__schis02_16ce6e8f3568cc,train,-1,-1,-1,-1,-1
sycaudit__schis02_16de9dbb68f812,train,-1,-1,-1,-1,-1
sycaudit__schis02_16e575e301b3f9,train,-1,-1,-1,-1,-1
sycaudit__schis02_1718be5613fb97,train,-1,-1,-1,-1,-1
sycaudit__schis02_174fbd1cb1152d,train,-1,-1,-1,-1,-1
sycaudit__schis02_1758b776572c17,train,-1,-1,-1,-1,-1
sycaudit__schis02_17b3bace8804fe,test,2,0,2,0,0
sycaudit__schis02_17beff58ade946,test,0,0,0,0,0
sycaudit__schis02_17cc224172174c,train,-1,-1,-1,-1,-1
sycaudit__schis02_180dad0e0015fa,train,-1,-1,-1,-1,-1
sycaudit__schis02_18125438a9567c,validation,0,0,0,0,0
sycaudit__schis02_1816bf541f05ff,train,-1,-1,-1,-1,-1
sycaudit__schis02_1828a8ac031241,validation,0,0,0,0,0
sycaudit__schis02_1831a3fc357d98,train,-1,-1,-1,-1,-1
sycaudit__schis02_185747ed58f066,train,-1,-1,-1,-1,-1
sycaudit__schis02_188d3061628def,validation,0,0,2,0,0
sycaudit__schis02_188d970e542463,test,0,0,0,0,0
sycaudit__schis02_18e2daaf4eb4ea,train,-1,-1,-1,-1,-1
sycaudit__schis02_19928da2356b8c,train,-1,-1,-1,-1,-1
sycaudit__schis02_19a232f58673ba,validation,0,0,0,0,0
sycaudit__schis02_19a8f0a63f92af,test,0,0,0,0,0
sycaudit__schis02_19afb85279863c,validation,2,0,2,0,0
sycaudit__schis02_19c2982df00b3f,train,-1,-1,-1,-1,-1
sycaudit__schis02_19cb244d3d2d0c,train,-1,-1,-1,-1,-1
sycaudit__schis02_19d6a789dd77c3,train,-1,-1,-1,-1,-1
sycaudit__schis02_1a0e8bfbbd4858,train,-1,-1,-1,-1,-1
sycaudit__schis02_1a2d5afa67c2bc,train,-1,-1,-1,-1,-1
sycaudit__schis02_1a4ee1c5b1afd0,train,-1,-1,-1,-1,-1
sycaudit__schis02_1a68ea1d664a0c,train,-1,-1,-1,-1,-1
sycaudit__schis02_1a914d50962baf,validation,2,0,2,0,0
sycaudit__schis02_1ab63c50297b0c,test,0,0,0,0,0
sycaudit__schis02_1b1fe9493844fe,train,-1,-1,-1,-1,-1
sycaudit__schis02_1b45ce64a8bba9,test,0,0,0,0,0
sycaudit__schis02_1b4ed25bfdd8cf,train,-1,-1,-1,-1,-1
sycaudit__schis02_1b6c05926c4d79,train,-1,-1,-1,-1,-1
sycaudit__schis02_1bb9967a08441b,validation,0,0,0,0,0
sycaudit__schis02_1bc7ec4f75d5ec,train,-1,-1,-1,-1,-1
sycaudit__schis02_1bfa540a82e960,validation,0,0,0,0,0
sycaudit__schis02_1c1588c8eda7d5,train,-1,-1,-1,-1,-1
sycaudit__schis02_1c425c31edf80a,train,-1,-1,-1,-1,-1
sycaudit__schis02_1c815008dad3fd,train,-1,-1,-1,-1,-1
sycaudit__schis02_1c874e75a3a283,train,-1,-1,-1,-1,-1
sycaudit__schis02_1c9cb9a7909aff,test,0,0,0,0,0
sycaudit__schis02_1ca528b98e64eb,train,-1,-1,-1,-1,-1
sycaudit__schis02_1d1e2730189393,train,-1,-1,-1,-1,-1
sycaudit__schis02_1d3faf1eb2b4c0,validation,0,0,0,0,0
sycaudit__schis02_1d4420797fe429,test,0,0,0,0,0
sycaudit__schis02_1d60dbadfa961f,test,0,0,0,0,0
sycaudit__schis02_1d77d077161531,train,-1,-1,-1,-1,-1
sycaudit__schis02_1dbb50c91359bd,test,0,0,0,0,0
sycaudit__schis02_1ddb6b7ad339c8,test,0,0,0,0,0
sycaudit__schis02_1de6e80310ef08,train,-1,-1,-1,-1,-1
sycaudit__schis02_1df59c78764b59,train,-1,-1,-1,-1,-1
sycaudit__schis02_1e069dd8048d92,train,-1,-1,-1,-1,-1
sycaudit__schis02_1e30ed0a12c7c9,train,-1,-1,-1,-1,-1
sycaudit__schis02_1e319840530714,train,-1,-1,-1,-1,-1
sycaudit__schis02_1e544f328cde25,train,-1,-1,-1,-1,-1
sycaudit__schis02_1e605da980a53f,train,-1,-1,-1,-1,-1
sycaudit__schis02_1e8b0d6fc943b8,test,0,0,0,0,0
sycaudit__schis02_1e8f95a249bc00,train,-1,-1,-1,-1,-1
sycaudit__schis02_1ea6e6bc193fcb,train,-1,-1,-1,-1,-1
sycaudit__schis02_1eb84aafe6cd69,train,-1,-1,-1,-1,-1
sycaudit__schis02_1ebb6812144fd5,train,-1,-1,-1,-1,-1
sycaudit__schis02_1ecb829e6e2c96,train,-1,-1,-1,-1,-1
sycaudit__schis02_1ed718b7a4695e,train,-1,-1,-1,-1,-1
sycaudit__schis02_1ee7f3aa4126af,test,0,0,0,0,0
sycaudit__schis02_1ef60c414c0df3,train,-1,-1,-1,-1,-1
sycaudit__schis02_1f253056c985c8,train,-1,-1,-1,-1,-1
sycaudit__schis02_1f27c6a61b81e6,train,-1,-1,-1,-1,-1
sycaudit__schis02_1f2e2da6e63a34,train,-1,-1,-1,-1,-1
sycaudit__schis02_1f4f3133c31eb2,validation,0,0,0,0,0
sycaudit__schis02_1f6f6eb94362fd,train,-1,-1,-1,-1,-1
sycaudit__schis02_1f70c428a4af84,train,-1,-1,-1,-1,-1
sycaudit__schis02_1f7fbbebef3465,train,-1,-1,-1,-1,-1
sycaudit__schis02_1f946a57569464,train,-1,-1,-1,-1,-1
sycaudit__schis02_1fb5814b085162,train,-1,-1,-1,-1,-1
sycaudit__schis02_1fbe30a6fdf310,train,-1,-1,-1,-1,-1
sycaudit__schis02_200392367d5c84,test,0,0,0,0,0
sycaudit__schis02_201c83f05312d3,train,-1,-1,-1,-1,-1
sycaudit__schis02_20973ca6839c6a,train,-1,-1,-1,-1,-1
sycaudit__schis02_20a4e4384af733,validation,0,0,0,0,0
sycaudit__schis02_20a513752a24b9,train,-1,-1,-1,-1,-1
sycaudit__schis02_20b4e98bd8662d,train,-1,-1,-1,-1,-1
sycaudit__schis02_21415be0b40225,validation,0,0,0,0,0
sycaudit__schis02_214cad302cf844,train,-1,-1,-1,-1,-1
sycaudit__schis02_2173a9e4026940,train,-1,-1,-1,-1,-1
sycaudit__schis02_21a7cb41883e34,test,0,0,0,0,0
sycaudit__schis02_21cf8f5e8705d7,train,-1,-1,-1,-1,-1
sycaudit__schis02_21d96ad355a6e1,validation,0,0,0,0,0
sycaudit__schis02_21dc0a5384efc7,validation,0,0,0,0,0
sycaudit__schis02_220f5bc4131bf0,train,-1,-1,-1,-1,-1
sycaudit__schis02_22238136ab1916,validation,0,0,0,0,0
sycaudit__schis02_22624a2ed22c7f,train,-1,-1,-1,-1,-1
sycaudit__schis02_22628ceaf9bf22,train,-1,-1,-1,-1,-1
sycaudit__schis02_226e590b9568b1,train,-1,-1,-1,-1,-1
sycaudit__schis02_2277ca3ccde938,test,0,0,0,0,0
sycaudit__schis02_228af8f03fa19b,train,-1,-1,-1,-1,-1
sycaudit__schis02_22ac384067ef4e,train,-1,-1,-1,-1,-1
sycaudit__schis02_22d0b94ea39d6c,train,-1,-1,-1,-1,-1
sycaudit__schis02_22dda7aa8a49d6,validation,0,0,0,0,0
sycaudit__schis02_22fb35deca27d1,train,-1,-1,-1,-1,-1
sycaudit__schis02_22ffa489dd2be2,validation,0,0,0,0,0
sycaudit__schis02_23173bbfd56a66,train,-1,-1,-1,-1,-1
sycaudit__schis02_2359f9a50aa249,train,-1,-1,-1,-1,-1
sycaudit__schis02_2370d91a41e483,test,0,0,0,0,0
sycaudit__schis02_23ac7bbf99c4f3,train,-1,-1,-1,-1,-1
sycaudit__schis02_23c4b31382a0bc,train,-1,-1,-1,-1,-1
sycaudit__schis02_23d2e066dcac8f,validation,0,0,0,0,0
sycaudit__schis02_23d828b2c77646,train,-1,-1,-1,-1,-1
sycaudit__schis02_240317aeb6b4d9,train,-1,-1,-1,-1,-1
sycaudit__schis02_24073e3e0c4e75,train,-1,-1,-1,-1,-1
sycaudit__schis02_24342d71d0be3a,train,-1,-1,-1,-1,-1
sycaudit__schis02_243626842dd8bc,train,-1,-1,-1,-1,-1
sycaudit__schis02_244abfb101c8a8,train,-1,-1,-1,-1,-1
sycaudit__schis02_24526bb2f72175,train,-1,-1,-1,-1,-1
sycaudit__schis02_2459cf005fb743,train,-1,-1,-1,-1,-1
sycaudit__schis02_248227a0697f62,train,-1,-1,-1,-1,-1
sycaudit__schis02_248c328752e816,test,0,0,0,0,0
sycaudit__schis02_24c1abaf127409,train,-1,-1,-1,-1,-1
sycaudit__schis02_24dc26e370f152,validation,2,0,0,0,0
sycaudit__schis02_24f04a67cc2d47,train,-1,-1,-1,-1,-1
sycaudit__schis02_24fe597d7db082,train,-1,-1,-1,-1,-1
sycaudit__schis02_25242e60bbdd6c,train,-1,-1,-1,-1,-1
sycaudit__schis02_25350b260ed209,test,0,0,0,0,0
sycaudit__schis02_254a8a429e4243,train,-1,-1,-1,-1,-1
sycaudit__schis02_25c9ce5fa0986c,validation,0,0,0,0,0
sycaudit__schis02_25f3bd5338750f,train,-1,-1,-1,-1,-1
sycaudit__schis02_25f3e105e77f89,train,-1,-1,-1,-1,-1
sycaudit__schis02_25f7174cc21eec,train,-1,-1,-1,-1,-1
sycaudit__schis02_26056855ed8e49,train,-1,-1,-1,-1,-1
sycaudit__schis02_26158038d9b7a1,train,-1,-1,-1,-1,-1
sycaudit__schis02_267e84ec9352ba,train,-1,-1,-1,-1,-1
sycaudit__schis02_26a78c9dc7d18b,validation,0,0,0,0,0
sycaudit__schis02_26b21b9452ce73,validation,0,0,0,0,0
sycaudit__schis02_26f44f904ebd92,train,-1,-1,-1,-1,-1
sycaudit__schis02_26f7655a41d0ee,train,-1,-1,-1,-1,-1
sycaudit__schis02_26f8a648611d7a,train,-1,-1,-1,-1,-1
sycaudit__schis02_27023e4771a3b7,validation,0,0,0,0,0
sycaudit__schis02_27041266439160,train,-1,-1,-1,-1,-1
sycaudit__schis02_2729f11f59010b,train,-1,-1,-1,-1,-1
sycaudit__schis02_272bc0a452c5e6,train,-1,-1,-1,-1,-1
sycaudit__schis02_2783134b832953,train,-1,-1,-1,-1,-1
sycaudit__schis02_27a2191b606459,train,-1,-1,-1,-1,-1
sycaudit__schis02_2837890b07e924,train,-1,-1,-1,-1,-1
sycaudit__schis02_28425cb1e5e713,train,-1,-1,-1,-1,-1
sycaudit__schis02_288339a0e5a6cb,test,0,0,0,0,0
sycaudit__schis02_28b55e34d664af,validation,0,0,2,0,0
sycaudit__schis02_28b78b6bee0ffe,validation,0,0,0,0,0
sycaudit__schis02_28c7e1b5c738cf,train,-1,-1,-1,-1,-1
sycaudit__schis02_28eeb19f4cca1f,validation,0,0,0,0,0
sycaudit__schis02_2906f1d8045060,train,-1,-1,-1,-1,-1
sycaudit__schis02_290746967734bc,train,-1,-1,-1,-1,-1
sycaudit__schis02_293b820bc287a7,train,-1,-1,-1,-1,-1
sycaudit__schis02_2987d9d6edfd93,train,-1,-1,-1,-1,-1
sycaudit__schis02_298dcac2f99ee5,train,-1,-1,-1,-1,-1
sycaudit__schis02_29b161a6aec5e2,train,-1,-1,-1,-1,-1
sycaudit__schis02_29b195c455f23d,train,-1,-1,-1,-1,-1
sycaudit__schis02_29db9dd94f6515,train,-1,-1,-1,-1,-1
sycaudit__schis02_29dd1c79eeed4e,train,-1,-1,-1,-1,-1
sycaudit__schis02_29fa51a833d510,train,-1,-1,-1,-1,-1
sycaudit__schis02_2a720516b739cc,train,-1,-1,-1,-1,-1
sycaudit__schis02_2a98332e30d59b,validation,2,0,2,2,2
sycaudit__schis02_2aa562659a0e69,train,-1,-1,-1,-1,-1
sycaudit__schis02_2acad22d26e44d,validation,0,0,0,0,0
sycaudit__schis02_2accd753924706,train,-1,-1,-1,-1,-1
sycaudit__schis02_2ad68b4f757976,train,-1,-1,-1,-1,-1
sycaudit__schis02_2ae9cfc65e26d7,validation,0,0,0,0,0
sycaudit__schis02_2affefa3d2a7c1,validation,0,0,0,0,0
sycaudit__schis02_2b6c5738eff7d6,train,-1,-1,-1,-1,-1
sycaudit__schis02_2ba77284e855a2,train,-1,-1,-1,-1,-1
sycaudit__schis02_2bfd1f837aeb6a,train,-1,-1,-1,-1,-1
sycaudit__schis02_2c5a595f162b0c,train,-1,-1,-1,-1,-1
sycaudit__schis02_2c81cc0d90fec7,train,-1,-1,-1,-1,-1
sycaudit__schis02_2ca7359693a566,train,-1,-1,-1,-1,-1
sycaudit__schis02_2cb778e6e66a57,train,-1,-1,-1,-1,-1
sycaudit__schis02_2cd5b37d4ae0ff,train,-1,-1,-1,-1,-1
sycaudit__schis02_2cd66d65b8d4d8,validation,0,0,0,0,0
sycaudit__schis02_2d2a6ab1342aab,test,0,0,0,0,0
sycaudit__schis02_2d46d6af5d7169,validation,0,0,0,0,0
sycaudit__schis02_2d871082847c16,train,-1,-1,-1,-1,-1
sycaudit__schis02_2dc35a6438f6ca,train,-1,-1,-1,-1,-1
sycaudit__schis02_2dcb2cc1b31b68,train,-1,-1,-1,-1,-1
sycaudit__schis02_2dee3ad730f0e3,train,-1,-1,-1,-1,-1
sycaudit__schis02_2e0fc3156cd3c9,validation,0,0,0,0,0
sycaudit__schis02_2e1234ab244dbc,test,0,0,0,0,0
sycaudit__schis02_2e1798577879fd,test,0,0,0,0,0
sycaudit__schis02_2e2437f57fdb3c,train,-1,-1,-1,-1,-1
sycaudit__schis02_2e289ff6a21cef,train,-1,-1,-1,-1,-1
sycaudit__schis02_2e386ee6322eab,train,-1,-1,-1,-1,-1
sycaudit__schis02_2e8c568d305860,train,-1,-1,-1,-1,-1
sycaudit__schis02_2ef6f57dbffbca,validation,0,0,0,0,0
sycaudit__schis02_2f3b075c672009,validation,0,0,0,0,0
sycaudit__schis02_2f934c1193f6de,train,-1,-1,-1,-1,-1
sycaudit__schis02_2f95ed68403985,train,-1,-1,-1,-1,-1
sycaudit__schis02_2fa3c6abb630dd,validation,0,0,2,0,0
sycaudit__schis02_2fa661b52f8b36,train,-1,-1,-1,-1,-1
sycaudit__schis02_2fadf63318bfac,validation,2,0,2,0,0
sycaudit__schis02_2fbf059b50a66e,validation,0,0,0,0,0
sycaudit__schis02_3004a843b7b4f7,train,-1,-1,-1,-1,-1
sycaudit__schis02_3067aa2f2023bc,train,-1,-1,-1,-1,-1
sycaudit__schis02_307cefc465070a,validation,0,0,0,0,0
sycaudit__schis02_30a17fd712b6a0,train,-1,-1,-1,-1,-1
sycaudit__schis02_30bc637084be87,train,-1,-1,-1,-1,-1
sycaudit__schis02_30c063809f43b7,train,-1,-1,-1,-1,-1
sycaudit__schis02_30e669adb764e9,train,-1,-1,-1,-1,-1
sycaudit__schis02_30e9aec3a4cade,test,1,0,1,1,0
sycaudit__schis02_313f846dafdf9f,train,-1,-1,-1,-1,-1
sycaudit__schis02_316687ba7fd3b3,validation,0,0,0,0,0
sycaudit__schis02_3176cb14fb75a6,train,-1,-1,-1,-1,-1
sycaudit__schis02_318fb1c995c0d5,train,-1,-1,-1,-1,-1
sycaudit__schis02_31c0c472e72179,test,0,0,0,0,0
sycaudit__schis02_31deaea3a2895a,train,-1,-1,-1,-1,-1
sycaudit__schis02_31e03ea8a958d7,validation,0,0,0,0,0
sycaudit__schis02_323936d86ea3c8,train,-1,-1,-1,-1,-1
sycaudit__schis02_3261bd5b35c8f2,train,-1,-1,-1,-1,-1
sycaudit__schis02_326a830fa7a0d9,validation,2,0,0,0,0
sycaudit__schis02_32f624a470e281,train,-1,-1,-1,-1,-1
sycaudit__schis02_32fe8d3d11de25,train,-1,-1,-1,-1,-1
sycaudit__schis02_3360a9f748d4d6,train,-1,-1,-1,-1,-1
sycaudit__schis02_339d53a265dd9e,test,0,0,0,0,0
sycaudit__schis02_339d78ebfab64a,train,-1,-1,-1,-1,-1
sycaudit__schis02_34042c3209fcfe,train,-1,-1,-1,-1,-1
sycaudit__schis02_341e702d403b41,train,-1,-1,-1,-1,-1
sycaudit__schis02_34230ce21a3454,train,-1,-1,-1,-1,-1
sycaudit__schis02_3453f7ded4a122,train,-1,-1,-1,-1,-1
sycaudit__schis02_347c42973bbd0b,train,-1,-1,-1,-1,-1
sycaudit__schis02_34c5c93c5deac9,train,-1,-1,-1,-1,-1
sycaudit__schis02_34ce6fed169757,train,-1,-1,-1,-1,-1
sycaudit__schis02_34ea8d2017ea55,train,-1,-1,-1,-1,-1
sycaudit__schis02_35180940b9d315,train,-1,-1,-1,-1,-1
sycaudit__schis02_353827e5de3642,test,0,0,0,0,0
sycaudit__schis02_35720d0cd5c2ca,train,-1,-1,-1,-1,-1
sycaudit__schis02_358344b862c393,train,-1,-1,-1,-1,-1
sycaudit__schis02_35d0f2a28f3ecd,train,-1,-1,-1,-1,-1
sycaudit__schis02_35d47d45ca42a5,train,-1,-1,-1,-1,-1
sycaudit__schis02_3677a31ba78e0a,test,0,0,0,0,0
sycaudit__schis02_36bb0f17e578dc,train,-1,-1,-1,-1,-1
sycaudit__schis02_36c1210dadcb10,train,-1,-1,-1,-1,-1
sycaudit__schis02_36d60283b14415,train,-1,-1,-1,-1,-1
sycaudit__schis02_36da938af6885e,train,-1,-1,-1,-1,-1
sycaudit__schis02_36e16259a2fe43,validation,0,0,0,0,0
sycaudit__schis02_36f76dbd289304,validation,0,0,0,0,0
sycaudit__schis02_3718edac19a949,train,-1,-1,-1,-1,-1
sycaudit__schis02_371c1189245b1c,train,-1,-1,-1,-1,-1
sycaudit__schis02_376170df0ff10e,train,-1,-1,-1,-1,-1
sycaudit__schis02_37764a83894f83,train,-1,-1,-1,-1,-1
sycaudit__schis02_37a68c360010cb,train,-1,-1,-1,-1,-1
sycaudit__schis02_37c152b97e10c6,train,-1,-1,-1,-1,-1
sycaudit__schis02_385ca65fb45f8c,train,-1,-1,-1,-1,-1
sycaudit__schis02_386d876de6fb45,train,-1,-1,-1,-1,-1
sycaudit__schis02_3872f290597b5c,test,0,0,0,0,0
sycaudit__schis02_388fdfe04813f7,train,-1,-1,-1,-1,-1
sycaudit__schis02_38bc669f62e326,test,0,0,0,0,0
sycaudit__schis02_38bedce0b4908f,validation,0,0,0,0,0
sycaudit__schis02_38f213c70bcf47,train,-1,-1,-1,-1,-1
sycaudit__schis02_39374bdcc809c7,test,0,0,0,0,0
sycaudit__schis02_3941ee66dca382,train,-1,-1,-1,-1,-1
sycaudit__schis02_395ad420632d61,train,-1,-1,-1,-1,-1
sycaudit__schis02_39bcda7becdc12,train,-1,-1,-1,-1,-1
sycaudit__schis02_39d549b55b02a8,train,-1,-1,-1,-1,-1
sycaudit__schis02_39dc77d98d6257,train,-1,-1,-1,-1,-1
sycaudit__schis02_3a30087038b0ae,test,0,0,0,0,0
sycaudit__schis02_3a5064884e2d37,validation,0,0,0,0,0
sycaudit__schis02_3a55880713baeb,test,0,0,0,0,0
sycaudit__schis02_3a6259bf3fb7cf,train,-1,-1,-1,-1,-1
sycaudit__schis02_3a7771673af3dd,train,-1,-1,-1,-1,-1
sycaudit__schis02_3a9debe8ed2faf,test,0,0,0,0,0
sycaudit__schis02_3ac91d4ecf6622,train,-1,-1,-1,-1,-1
sycaudit__schis02_3ae54cc7009ed1,train,-1,-1,-1,-1,-1
sycaudit__schis02_3afcdbd98bacbb,train,-1,-1,-1,-1,-1
sycaudit__schis02_3b102d1b96642b,test,0,0,0,0,0
sycaudit__schis02_3b3cc3c4850a44,validation,0,0,0,0,0
sycaudit__schis02_3b7ee7180eb083,train,-1,-1,-1,-1,-1
sycaudit__schis02_3c8d018842e119,train,-1,-1,-1,-1,-1
sycaudit__schis02_3cda4c837cbd1d,train,-1,-1,-1,-1,-1
sycaudit__schis02_3cfbd47f79dfae,validation,0,0,0,0,0
sycaudit__schis02_3d1798d49fc4d2,test,0,0,0,0,0
sycaudit__schis02_3d5a2e0178c4e1,validation,0,0,0,0,0
sycaudit__schis02_3d73a0af624876,test,0,0,0,0,0
sycaudit__schis02_3d7fe4ed36b5af,train,-1,-1,-1,-1,-1
sycaudit__schis02_3d93a5aa173e35,train,-1,-1,-1,-1,-1
sycaudit__schis02_3e2d5b187f71f6,test,0,0,0,0,0
sycaudit__schis02_3e7849148f8438,train,-1,-1,-1,-1,-1
sycaudit__schis02_3e7c2d6b8c6b58,train,-1,-1,-1,-1,-1
sycaudit__schis02_3eac920f7afc35,validation,0,0,0,0,0
sycaudit__schis02_3ed8cbcc3aa492,train,-1,-1,-1,-1,-1
sycaudit__schis02_3ee9466c5061de,test,0,0,0,0,0
sycaudit__schis02_3f429cbacf4fb5,train,-1,-1,-1,-1,-1
sycaudit__schis02_3f72785239dba3,validation,0,0,0,0,0
sycaudit__schis02_3fc210f2aa20d4,train,-1,-1,-1,-1,-1
sycaudit__schis02_3fc87198da14a5,validation,0,0,0,0,0
sycaudit__schis02_3feb94b87597ef,test,0,0,0,0,0
sycaudit__schis02_402dd1c27e5f79,validation,0,0,0,0,0
sycaudit__schis02_403416e9075e1e,train,-1,-1,-1,-1,-1
sycaudit__schis02_406b43bdc113b4,train,-1,-1,-1,-1,-1
sycaudit__schis02_40b48502cd04a6,train,-1,-1,-1,-1,-1
sycaudit__schis02_415a438fa8f6e9,train,-1,-1,-1,-1,-1
sycaudit__schis02_41907ea9a1fe82,train,-1,-1,-1,-1,-1
sycaudit__schis02_41c4b04c360d9a,test,0,0,0,0,0
sycaudit__schis02_41fb0560cf3c4d,validation,0,0,0,0,0
sycaudit__schis02_420970cc4f47c6,train,-1,-1,-1,-1,-1
sycaudit__schis02_42589f2922e432,train,-1,-1,-1,-1,-1
sycaudit__schis02_428586c4447ffa,test,0,0,0,0,0
sycaudit__schis02_4286a86033f68c,train,-1,-1,-1,-1,-1
sycaudit__schis02_4291522e63b820,train,-1,-1,-1,-1,-1
sycaudit__schis02_4295e300a7922f,validation,0,0,0,0,0
sycaudit__schis02_42dde7a3b272ab,train,-1,-1,-1,-1,-1
sycaudit__schis02_431c154a3c2313,train,-1,-1,-1,-1,-1
sycaudit__schis02_433e7960c7a942,train,-1,-1,-1,-1,-1
sycaudit__schis02_4349d7580e9587,train,-1,-1,-1,-1,-1
sycaudit__schis02_436c57e325c10e,train,-1,-1,-1,-1,-1
sycaudit__schis02_4371689b800693,validation,0,0,0,0,0
sycaudit__schis02_43a4db9b3b773f,train,-1,-1,-1,-1,-1
sycaudit__schis02_43a5375e4adb87,train,-1,-1,-1,-1,-1
sycaudit__schis02_44545d769ed3d0,test,0,0,2,0,0
sycaudit__schis02_447aa5ad99ed2e,train,-1,-1,-1,-1,-1
sycaudit__schis02_449f5bd2fa4bc8,train,-1,-1,-1,-1,-1
sycaudit__schis02_44aa6aba0b2b60,train,-1,-1,-1,-1,-1
sycaudit__schis02_44d60106c03d37,train,-1,-1,-1,-1,-1
sycaudit__schis02_44d828b86e4363,validation,0,0,0,0,0
sycaudit__schis02_44deb00f450819,test,0,0,0,0,0
sycaudit__schis02_44f14e85dc0620,train,-1,-1,-1,-1,-1
sycaudit__schis02_44f77257dbc1fb,train,-1,-1,-1,-1,-1
sycaudit__schis02_450ff727a5325d,train,-1,-1,-1,-1,-1
sycaudit__schis02_454545ab6363d1,validation,0,0,0,0,0
sycaudit__schis02_45876dd0b203bb,train,-1,-1,-1,-1,-1
sycaudit__schis02_458e6618ffa985,train,-1,-1,-1,-1,-1
sycaudit__schis02_459787cd32271b,train,-1,-1,-1,-1,-1
sycaudit__schis02_45d80b98cbf148,test,0,0,0,0,0
sycaudit__schis02_45e4379b0a61b7,train,-1,-1,-1,-1,-1
sycaudit__schis02_460dc86fd5033b,train,-1,-1,-1,-1,-1
sycaudit__schis02_4619dfef4cf127,train,-1,-1,-1,-1,-1
sycaudit__schis02_46367f0dd9a75d,train,-1,-1,-1,-1,-1
sycaudit__schis02_4639856e416dd2,train,-1,-1,-1,-1,-1
sycaudit__schis02_4670d0fcdaea00,train,-1,-1,-1,-1,-1
sycaudit__schis02_468d35a425c955,train,-1,-1,-1,-1,-1
sycaudit__schis02_470e8e3c49188c,train,-1,-1,-1,-1,-1
sycaudit__schis02_474299125b91a7,train,-1,-1,-1,-1,-1
sycaudit__schis02_477b5d98baa931,train,-1,-1,-1,-1,-1
sycaudit__schis02_479aace6db4355,train,-1,-1,-1,-1,-1
sycaudit__schis02_47a17478eba6d1,train,-1,-1,-1,-1,-1
sycaudit__schis02_47e3520cfec9b5,test,0,0,0,0,0
sycaudit__schis02_47f4132c901ad9,train,-1,-1,-1,-1,-1
sycaudit__schis02_483a0a680b2c11,train,-1,-1,-1,-1,-1
sycaudit__schis02_4850586ca54cda,test,0,0,0,0,0
sycaudit__schis02_4850a4783d1e8b,train,-1,-1,-1,-1,-1
sycaudit__schis02_48821ed7975193,train,-1,-1,-1,-1,-1
sycaudit__schis02_48ba1cb3410107,validation,0,0,0,0,0
sycaudit__schis02_48ec746334820f,train,-1,-1,-1,-1,-1
sycaudit__schis02_492ec3fa6a0d91,train,-1,-1,-1,-1,-1
sycaudit__schis02_493c666cb567f8,train,-1,-1,-1,-1,-1
sycaudit__schis02_49412aee3a1ec5,train,-1,-1,-1,-1,-1
sycaudit__schis02_49591ecf1dc2cd,train,-1,-1,-1,-1,-1
sycaudit__schis02_49de6dc81e0d22,test,0,0,0,0,0
sycaudit__schis02_49decbc1d2c5c9,train,-1,-1,-1,-1,-1
sycaudit__schis02_4a27debd272ce4,test,0,0,0,0,0
sycaudit__schis02_4a3552c2a6df16,train,-1,-1,-1,-1,-1
sycaudit__schis02_4a3af89dab4010,validation,0,0,0,0,0
sycaudit__schis02_4a5817dab2a1cb,train,-1,-1,-1,-1,-1
sycaudit__schis02_4b72462a9669ab,test,2,0,2,2,0
sycaudit__schis02_4b84068e9c0b8c,train,-1,-1,-1,-1,-1
sycaudit__schis02_4b987a42fb6b7a,test,0,0,0,0,0
sycaudit__schis02_4b99ea767ee6be,validation,0,0,0,0,0
sycaudit__schis02_4bc901d2aed0bc,test,0,0,0,0,0
sycaudit__schis02_4bd43f324fa5ac,test,2,0,2,1,0
sycaudit__schis02_4beaeccb2456ca,train,-1,-1,-1,-1,-1
sycaudit__schis02_4bfad58ddf7002,train,-1,-1,-1,-1,-1
sycaudit__schis02_4c03debfe4b19d,test,0,0,0,0,0
sycaudit__schis02_4c55ba9bde6d32,validation,2,0,2,2,2
sycaudit__schis02_4c7bd0f765edae,test,0,0,0,0,0
sycaudit__schis02_4ca3cd19a082c7,train,-1,-1,-1,-1,-1
sycaudit__schis02_4cae950725be2d,train,-1,-1,-1,-1,-1
sycaudit__schis02_4cec75d49eff59,train,-1,-1,-1,-1,-1
sycaudit__schis02_4d2090a3c692ef,test,0,0,0,0,0
sycaudit__schis02_4d2b3b899b3207,test,0,0,0,0,0
sycaudit__schis02_4d34e70b7bb5ba,train,-1,-1,-1,-1,-1
sycaudit__schis02_4d44771f7d4c0c,validation,0,0,0,0,0
sycaudit__schis02_4d82e57bbec445,train,-1,-1,-1,-1,-1
sycaudit__schis02_4d959de57ba7cb,train,-1,-1,-1,-1,-1
sycaudit__schis02_4dd12dd30c88dc,train,-1,-1,-1,-1,-1
sycaudit__schis02_4de91b6eede257,validation,0,0,0,0,0
sycaudit__schis02_4de92b89714956,train,-1,-1,-1,-1,-1
sycaudit__schis02_4e3cdcf2b0af2e,validation,0,0,2,0,0
sycaudit__schis02_4e56d4f8c4a295,train,-1,-1,-1,-1,-1
sycaudit__schis02_4e75da69daad71,train,-1,-1,-1,-1,-1
sycaudit__schis02_4e903533f6cba8,validation,0,0,0,0,0
sycaudit__schis02_4eabfb99505e4c,train,-1,-1,-1,-1,-1
sycaudit__schis02_4eafe83a4e40fb,train,-1,-1,-1,-1,-1
sycaudit__schis02_4eb1ae146039cf,train,-1,-1,-1,-1,-1
sycaudit__schis02_4ecc48bd8d62b5,train,-1,-1,-1,-1,-1
sycaudit__schis02_4ece24443bc8cd,validation,0,0,0,0,0
sycaudit__schis02_4f1982d4fa0676,train,-1,-1,-1,-1,-1
sycaudit__schis02_4f4850b1d9bd9d,train,-1,-1,-1,-1,-1
sycaudit__schis02_4f6f3f29ba3d2b,train,-1,-1,-1,-1,-1
sycaudit__schis02_4f79acf9b9feec,test,0,0,0,0,0
sycaudit__schis02_501d175846b4ca,train,-1,-1,-1,-1,-1
sycaudit__schis02_503200b5b443ca,train,-1,-1,-1,-1,-1
sycaudit__schis02_504f58343d6c28,train,-1,-1,-1,-1,-1
sycaudit__schis02_505606c075f5c2,test,0,0,0,0,0
sycaudit__schis02_50a47747a8cbd0,train,-1,-1,-1,-1,-1
sycaudit__schis02_50b7b133f1ee91,train,-1,-1,-1,-1,-1
sycaudit__schis02_50cf79f3db7836,train,-1,-1,-1,-1,-1
sycaudit__schis02_50d88f05afb07c,train,-1,-1,-1,-1,-1
sycaudit__schis02_5123ab265c98ab,validation,2,0,2,2,2
sycaudit__schis02_512e97eeb72cd9,train,-1,-1,-1,-1,-1
sycaudit__schis02_513b9fdd3bbeb3,train,-1,-1,-1,-1,-1
sycaudit__schis02_514ffa048fe820,train,-1,-1,-1,-1,-1
sycaudit__schis02_5168ebfbbbbdfb,train,-1,-1,-1,-1,-1
sycaudit__schis02_51a7b34b110dc7,validation,0,0,0,0,0
sycaudit__schis02_51ed95dd06ac27,train,-1,-1,-1,-1,-1
sycaudit__schis02_5222073d11e195,train,-1,-1,-1,-1,-1
sycaudit__schis02_52299d0f163fe2,test,0,0,0,0,0
sycaudit__schis02_525e65f5a6ade4,train,-1,-1,-1,-1,-1
sycaudit__schis02_528e0151ae379c,train,-1,-1,-1,-1,-1
sycaudit__schis02_528f5b7223ed35,train,-1,-1,-1,-1,-1
sycaudit__schis02_52b227722e4bb6,train,-1,-1,-1,-1,-1
sycaudit__schis02_52ca6c4aef7083,test,0,0,0,0,0
sycaudit__schis02_52eb8ed5610d65,train,-1,-1,-1,-1,-1
sycaudit__schis02_53018311104eb2,train,-1,-1,-1,-1,-1
sycaudit__schis02_534f874cafd77e,train,-1,-1,-1,-1,-1
sycaudit__schis02_536bf583e8dd05,validation,0,0,0,0,0
sycaudit__schis02_536c0de1699dc4,validation,0,0,0,0,0
sycaudit__schis02_536ca1750e75e4,validation,0,0,0,0,0
sycaudit__schis02_539d1852d26c83,train,-1,-1,-1,-1,-1
sycaudit__schis02_53e4740752655c,train,-1,-1,-1,-1,-1
sycaudit__schis02_53eb4d87fa8e13,train,-1,-1,-1,-1,-1
sycaudit__schis02_542c9d6360b091,validation,0,0,0,0,0
sycaudit__schis02_54454fe4f6fd49,test,2,0,0,2,0
sycaudit__schis02_5462cd157a1303,test,0,0,0,0,0
sycaudit__schis02_5467221512cdc7,test,0,0,0,0,0
sycaudit__schis02_546d861e0801c9,test,0,0,0,0,0
sycaudit__schis02_549a8602562e91,train,-1,-1,-1,-1,-1
sycaudit__schis02_54a1f6408a4e33,train,-1,-1,-1,-1,-1
sycaudit__schis02_54af43955a8320,train,-1,-1,-1,-1,-1
sycaudit__schis02_54b14a78654427,train,-1,-1,-1,-1,-1
sycaudit__schis02_54c04d025e3009,validation,0,0,0,0,0
sycaudit__schis02_54d09bc05c6f4d,train,-1,-1,-1,-1,-1
sycaudit__schis02_54eb9100aaf1fe,train,-1,-1,-1,-1,-1
sycaudit__schis02_54fecec4150bdc,test,0,0,0,0,0
sycaudit__schis02_551f91bc210264,train,-1,-1,-1,-1,-1
sycaudit__schis02_555718e6837691,train,-1,-1,-1,-1,-1
sycaudit__schis02_555ba2796dc85c,train,-1,-1,-1,-1,-1
sycaudit__schis02_556a7c802ba946,train,-1,-1,-1,-1,-1
sycaudit__schis02_5578e7846f7a7f,train,-1,-1,-1,-1,-1
sycaudit__schis02_5587cece52bead,train,-1,-1,-1,-1,-1
sycaudit__schis02_5597f3b5a3cc69,train,-1,-1,-1,-1,-1
sycaudit__schis02_559ac37c2fc2c7,test,0,0,0,0,0
sycaudit__schis02_55e48d5ecdc641,train,-1,-1,-1,-1,-1
sycaudit__schis02_561f10dfeddc7e,train,-1,-1,-1,-1,-1
sycaudit__schis02_5632a5845f2365,validation,0,0,0,0,0
sycaudit__schis02_56435724143200,train,-1,-1,-1,-1,-1
sycaudit__schis02_564630f2dfc4ae,validation,0,0,0,0,0
sycaudit__schis02_566d081a94c705,test,0,0,0,0,0
sycaudit__schis02_56b2feff228116,train,-1,-1,-1,-1,-1
sycaudit__schis02_56b5ab3495a362,train,-1,-1,-1,-1,-1
sycaudit__schis02_56cb07e31f8311,train,-1,-1,-1,-1,-1
sycaudit__schis02_56d7d57bd75f62,test,0,0,0,0,0
sycaudit__schis02_5702374e37d668,train,-1,-1,-1,-1,-1
sycaudit__schis02_5712365f173718,train,-1,-1,-1,-1,-1
sycaudit__schis02_575cc99079e69d,train,-1,-1,-1,-1,-1
sycaudit__schis02_576996976e05b0,train,-1,-1,-1,-1,-1
sycaudit__schis02_57725210fd71d7,train,-1,-1,-1,-1,-1
sycaudit__schis02_577d4a110e7210,train,-1,-1,-1,-1,-1
sycaudit__schis02_57bf64fd45d1ac,test,0,0,0,0,0
sycaudit__schis02_57dba9d359c534,train,-1,-1,-1,-1,-1
sycaudit__schis02_57e2c4d212b0fe,train,-1,-1,-1,-1,-1
sycaudit__schis02_5803bef203026d,train,-1,-1,-1,-1,-1
sycaudit__schis02_582d454a68bef8,test,0,0,0,0,0
sycaudit__schis02_585041ae790ac9,train,-1,-1,-1,-1,-1
sycaudit__schis02_58740d6fff200d,test,0,0,0,0,0
sycaudit__schis02_5884696ac866ee,train,-1,-1,-1,-1,-1
sycaudit__schis02_5896242cf2afcb,test,0,0,0,0,0
sycaudit__schis02_58a232778c54db,train,-1,-1,-1,-1,-1
sycaudit__schis02_58cef23d03a22b,train,-1,-1,-1,-1,-1
sycaudit__schis02_5935f18369f3fb,train,-1,-1,-1,-1,-1
sycaudit__schis02_599d3e7cca2abb,train,-1,-1,-1,-1,-1
sycaudit__schis02_59ff77b26d8998,train,-1,-1,-1,-1,-1
sycaudit__schis02_5a039699199cf4,train,-1,-1,-1,-1,-1
sycaudit__schis02_5a3e7ac505b93e,train,-1,-1,-1,-1,-1
sycaudit__schis02_5a4e7f5e6bfd14,train,-1,-1,-1,-1,-1
sycaudit__schis02_5a8c8a8766c828,train,-1,-1,-1,-1,-1
sycaudit__schis02_5aa7ac9d53a6dd,train,-1,-1,-1,-1,-1
sycaudit__schis02_5aa84919f91728,train,-1,-1,-1,-1,-1
sycaudit__schis02_5aafe5969be2e0,train,-1,-1,-1,-1,-1
sycaudit__schis02_5b07aa3a99a51a,train,-1,-1,-1,-1,-1
sycaudit__schis02_5b179f76e3637b,test,0,0,0,0,0
sycaudit__schis02_5b31cce007e080,train,-1,-1,-1,-1,-1
sycaudit__schis02_5b4df4b9db1af1,test,0,0,0,0,0
sycaudit__schis02_5b85b25a36ebea,train,-1,-1,-1,-1,-1
sycaudit__schis02_5bdcc8c8778f2e,train,-1,-1,-1,-1,-1
sycaudit__schis02_5bdf2a78e5c883,train,-1,-1,-1,-1,-1
sycaudit__schis02_5be031c9f07fe8,train,-1,-1,-1,-1,-1
sycaudit__schis02_5bec4b1685fded,train,-1,-1,-1,-1,-1
sycaudit__schis02_5bff4f9b2e5b4a,validation,0,0,0,0,0
sycaudit__schis02_5c5150a9e50a9e,train,-1,-1,-1,-1,-1
sycaudit__schis02_5c6778ddc407df,train,-1,-1,-1,-1,-1
sycaudit__schis02_5c6c4c1262dbf8,train,-1,-1,-1,-1,-1
sycaudit__schis02_5c7c04349ba06e,test,0,0,0,0,0
sycaudit__schis02_5c930a5179d6ee,validation,0,0,0,0,0
sycaudit__schis02_5cc9032746aa86,train,-1,-1,-1,-1,-1
sycaudit__schis02_5ce8d7834696db,test,0,0,0,0,0
sycaudit__schis02_5cf37d27ae677f,train,-1,-1,-1,-1,-1
sycaudit__schis02_5d302ade765274,train,-1,-1,-1,-1,-1
sycaudit__schis02_5d672f8e78ad50,train,-1,-1,-1,-1,-1
sycaudit__schis02_5d7492a6bfaa91,train,-1,-1,-1,-1,-1
sycaudit__schis02_5d9f63c9229d01,train,-1,-1,-1,-1,-1
sycaudit__schis02_5da3a52a3297b4,train,-1,-1,-1,-1,-1
sycaudit__schis02_5dc56e02bc199b,train,-1,-1,-1,-1,-1
sycaudit__schis02_5dddd05e1dcb30,train,-1,-1,-1,-1,-1
sycaudit__schis02_5deb686ff3106c,train,-1,-1,-1,-1,-1
sycaudit__schis02_5defb6ab8214d8,train,-1,-1,-1,-1,-1
sycaudit__schis02_5e27463f9e16d5,train,-1,-1,-1,-1,-1
sycaudit__schis02_5e98849405a213,test,0,0,0,0,0
sycaudit__schis02_5ed59a15cbd950,train,-1,-1,-1,-1,-1
sycaudit__schis02_5ed7706452532c,train,-1,-1,-1,-1,-1
sycaudit__schis02_5ed9f76c726970,train,-1,-1,-1,-1,-1
sycaudit__schis02_5eea63e89af866,test,0,0,0,0,0
sycaudit__schis02_5eeed42d7e3f05,test,0,0,0,0,0
sycaudit__schis02_5f12d2f39f74fc,train,-1,-1,-1,-1,-1
sycaudit__schis02_5f1a8ed05ac2c2,train,-1,-1,-1,-1,-1
sycaudit__schis02_5f1fa722b21763,validation,0,0,0,0,0
sycaudit__schis02_5f3754ebb3b3a2,train,-1,-1,-1,-1,-1
sycaudit__schis02_5f59e53881488e,train,-1,-1,-1,-1,-1
sycaudit__schis02_5f5dfea1c8ebb9,train,-1,-1,-1,-1,-1
sycaudit__schis02_5fca9e8b58a154,train,-1,-1,-1,-1,-1
sycaudit__schis02_5fd90142786072,train,-1,-1,-1,-1,-1
sycaudit__schis02_5fe41763d46ed2,test,0,0,0,0,0
sycaudit__schis02_5fec3623369f2f,train,-1,-1,-1,-1,-1
sycaudit__schis02_5fec4b9d0056d4,train,-1,-1,-1,-1,-1
sycaudit__schis02_600f6212ea9b6b,train,-1,-1,-1,-1,-1
sycaudit__schis02_602636b0e17f61,train,-1,-1,-1,-1,-1
sycaudit__schis02_603beda46ea672,train,-1,-1,-1,-1,-1
sycaudit__schis02_603fda8e7d14d0,train,-1,-1,-1,-1,-1
sycaudit__schis02_6056a8bcebf741,train,-1,-1,-1,-1,-1
sycaudit__schis02_60757011e761d8,test,0,0,0,0,0
sycaudit__schis02_60a0d5fc46abad,train,-1,-1,-1,-1,-1
sycaudit__schis02_60caadb27a728d,test,0,0,0,0,0
sycaudit__schis02_60cb423501efe0,train,-1,-1,-1,-1,-1
sycaudit__schis02_60de4eecbc8d75,train,-1,-1,-1,-1,-1
sycaudit__schis02_61259dccd5659b,train,-1,-1,-1,-1,-1
sycaudit__schis02_6128c59c601fba,test,0,0,0,0,0
sycaudit__schis02_615d6fc49c13f3,test,0,0,0,0,0
sycaudit__schis02_6164c0b40408d1,train,-1,-1,-1,-1,-1
sycaudit__schis02_61835bad1cce99,train,-1,-1,-1,-1,-1
sycaudit__schis02_618b6326857341,train,-1,-1,-1,-1,-1
sycaudit__schis02_6190c29a5ed23d,test,0,0,0,0,0
sycaudit__schis02_6198f702ae3866,validation,0,0,0,0,0
sycaudit__schis02_6198fafadb15af,train,-1,-1,-1,-1,-1
sycaudit__schis02_61b013b1b3991f,train,-1,-1,-1,-1,-1
sycaudit__schis02_62123e036d54e7,train,-1,-1,-1,-1,-1
sycaudit__schis02_6218b56bda59db,train,-1,-1,-1,-1,-1
sycaudit__schis02_6219f7997b91b2,test,2,0,2,0,0
sycaudit__schis02_622bd93451f1d9,train,-1,-1,-1,-1,-1
sycaudit__schis02_62b5db2b1ea087,train,-1,-1,-1,-1,-1
sycaudit__schis02_62bf64f13ad69f,train,-1,-1,-1,-1,-1
sycaudit__schis02_62c92533331aa3,train,-1,-1,-1,-1,-1
sycaudit__schis02_6321d03084006f,train,-1,-1,-1,-1,-1
sycaudit__schis02_6326666bbb4193,train,-1,-1,-1,-1,-1
sycaudit__schis02_634ff6c12f885b,validation,0,0,0,0,0
sycaudit__schis02_637b1208fd324f,train,-1,-1,-1,-1,-1
sycaudit__schis02_6380b408b39170,train,-1,-1,-1,-1,-1
sycaudit__schis02_639600d8d5bcf2,train,-1,-1,-1,-1,-1
sycaudit__schis02_64795a90befb11,train,-1,-1,-1,-1,-1
sycaudit__schis02_64839cf62dd8d7,train,-1,-1,-1,-1,-1
sycaudit__schis02_64bcb01fac479a,train,-1,-1,-1,-1,-1
sycaudit__schis02_64c21518f86205,validation,0,0,0,0,0
sycaudit__schis02_64c2642df3ba05,train,-1,-1,-1,-1,-1
sycaudit__schis02_64d99343da2439,test,0,0,0,0,0
sycaudit__schis02_64e907e98e895a,test,2,0,2,2,2
sycaudit__schis02_64ecc72831827c,train,-1,-1,-1,-1,-1
sycaudit__schis02_6502aa1dc39a51,train,-1,-1,-1,-1,-1
sycaudit__schis02_6567318af26dd0,train,-1,-1,-1,-1,-1
sycaudit__schis02_65874e3d109c04,train,-1,-1,-1,-1,-1
sycaudit__schis02_658e5d4f912cdc,test,0,0,0,0,0
sycaudit__schis02_65a661906ed1bf,train,-1,-1,-1,-1,-1
sycaudit__schis02_65c696244f57bf,train,-1,-1,-1,-1,-1
sycaudit__schis02_65da7645df5bef,train,-1,-1,-1,-1,-1
sycaudit__schis02_66082fcdc54226,train,-1,-1,-1,-1,-1
sycaudit__schis02_66801dadc0bdbc,train,-1,-1,-1,-1,-1
sycaudit__schis02_66a627e5b65882,test,0,0,0,0,0
sycaudit__schis02_66fe9378462027,train,-1,-1,-1,-1,-1
sycaudit__schis02_670a20993bc901,train,-1,-1,-1,-1,-1
sycaudit__schis02_674cf7800f7242,train,-1,-1,-1,-1,-1
sycaudit__schis02_676e939a66e75f,train,-1,-1,-1,-1,-1
sycaudit__schis02_67759890238098,train,-1,-1,-1,-1,-1
sycaudit__schis02_67922a3039e047,train,-1,-1,-1,-1,-1
sycaudit__schis02_67985d1c5c95f6,validation,0,0,0,1,0
sycaudit__schis02_6851cf1ddde76c,train,-1,-1,-1,-1,-1
sycaudit__schis02_685491cb2474b6,train,-1,-1,-1,-1,-1
sycaudit__schis02_6854b135625009,train,-1,-1,-1,-1,-1
sycaudit__schis02_6857a5e4d87bf5,train,-1,-1,-1,-1,-1
sycaudit__schis02_689fa0d5849380,train,-1,-1,-1,-1,-1
sycaudit__schis02_68cdb49c040f10,train,-1,-1,-1,-1,-1
sycaudit__schis02_68e067bb8297bf,train,-1,-1,-1,-1,-1
sycaudit__schis02_68f06729caf232,test,2,0,0,0,0
sycaudit__schis02_68f29804e401d5,train,-1,-1,-1,-1,-1
sycaudit__schis02_694217e520e293,train,-1,-1,-1,-1,-1
sycaudit__schis02_6969104de0eae0,validation,0,0,0,0,0
sycaudit__schis02_69cf3bc75a7334,train,-1,-1,-1,-1,-1
sycaudit__schis02_6a04884a8d7d4d,train,-1,-1,-1,-1,-1
sycaudit__schis02_6a0c5d3c4122bc,train,-1,-1,-1,-1,-1
sycaudit__schis02_6a4c267aea8e04,train,-1,-1,-1,-1,-1
sycaudit__schis02_6a56840637b4b4,train,-1,-1,-1,-1,-1
sycaudit__schis02_6a5b55c99a99f2,train,-1,-1,-1,-1,-1
sycaudit__schis02_6ab949a0afa702,train,-1,-1,-1,-1,-1
sycaudit__schis02_6abcb3c2e96ff1,train,-1,-1,-1,-1,-1
sycaudit__schis02_6ace79d31c9b24,train,-1,-1,-1,-1,-1
sycaudit__schis02_6ad68cc57fdd34,train,-1,-1,-1,-1,-1
sycaudit__schis02_6b50c6d899caf7,validation,0,0,0,0,0
sycaudit__schis02_6b7041831a335e,test,0,0,0,0,0
sycaudit__schis02_6b8431c482be1a,validation,0,0,0,0,0
sycaudit__schis02_6b8860e7b76fc8,train,-1,-1,-1,-1,-1
sycaudit__schis02_6b9cbec5f903fd,validation,0,0,0,0,0
sycaudit__schis02_6c0f43eda12185,train,-1,-1,-1,-1,-1
sycaudit__schis02_6c361ffbcd9887,train,-1,-1,-1,-1,-1
sycaudit__schis02_6c53f1005d7797,validation,0,0,0,0,0
sycaudit__schis02_6c5cd8a18843b3,train,-1,-1,-1,-1,-1
sycaudit__schis02_6c892254b44dd4,train,-1,-1,-1,-1,-1
sycaudit__schis02_6d24ac8994e701,train,-1,-1,-1,-1,-1
sycaudit__schis02_6d445e81a1c663,train,-1,-1,-1,-1,-1
sycaudit__schis02_6de0dc9c697cd0,train,-1,-1,-1,-1,-1
sycaudit__schis02_6df8ac8873d4a1,train,-1,-1,-1,-1,-1
sycaudit__schis02_6e00064934cf56,test,0,0,0,0,0
sycaudit__schis02_6e489bf0cf5e3f,train,-1,-1,-1,-1,-1
sycaudit__schis02_6e576d36c4bf9e,train,-1,-1,-1,-1,-1
sycaudit__schis02_6ea387a95dd6c5,validation,0,0,0,0,0
sycaudit__schis02_6eab425883a664,train,-1,-1,-1,-1,-1
sycaudit__schis02_6eaec864336e14,train,-1,-1,-1,-1,-1
sycaudit__schis02_6eb167294ee2a3,train,-1,-1,-1,-1,-1
sycaudit__schis02_6eca93073dbfa3,train,-1,-1,-1,-1,-1
sycaudit__schis02_6ee9588d384018,train,-1,-1,-1,-1,-1
sycaudit__schis02_6f2385ecc0c3fc,train,-1,-1,-1,-1,-1
sycaudit__schis02_6f4a5ab7756c77,train,-1,-1,-1,-1,-1
sycaudit__schis02_6f567b82cdee8d,train,-1,-1,-1,-1,-1
sycaudit__schis02_6f6a9fbdd53b21,validation,0,0,0,0,0
sycaudit__schis02_6f86e936b4a16f,test,0,0,0,0,0
sycaudit__schis02_6f892bec7af05d,train,-1,-1,-1,-1,-1
sycaudit__schis02_6f9a46fd3f1fac,validation,0,0,0,0,0
sycaudit__schis02_6fa85c662bcf53,train,-1,-1,-1,-1,-1
sycaudit__schis02_6fd97625e2aa14,train,-1,-1,-1,-1,-1
sycaudit__schis02_6fe87d8d0b8475,validation,0,0,0,0,0
sycaudit__schis02_702b5428c9007a,train,-1,-1,-1,-1,-1
sycaudit__schis02_702cce083b59cd,test,0,0,0,0,0
sycaudit__schis02_7083507ca8f8f1,train,-1,-1,-1,-1,-1
sycaudit__schis02_709ccee979ee42,validation,0,0,0,0,0
sycaudit__schis02_70b290806178e9,train,-1,-1,-1,-1,-1
sycaudit__schis02_70c5577fdab648,validation,0,0,0,0,0
sycaudit__schis02_70cf16330bd639,train,-1,-1,-1,-1,-1
sycaudit__schis02_7130a96a2a6dc2,train,-1,-1,-1,-1,-1
sycaudit__schis02_7146bbfd972f79,train,-1,-1,-1,-1,-1
sycaudit__schis02_7163883b563244,train,-1,-1,-1,-1,-1
sycaudit__schis02_719f1a16c2df1c,train,-1,-1,-1,-1,-1
sycaudit__schis02_71ad64794a2ca8,train,-1,-1,-1,-1,-1
sycaudit__schis02_71edd6de5c6287,train,-1,-1,-1,-1,-1
sycaudit__schis02_7241187fb4c043,train,-1,-1,-1,-1,-1
sycaudit__schis02_7251eb077f049b,train,-1,-1,-1,-1,-1
sycaudit__schis02_725d7f146ece18,train,-1,-1,-1,-1,-1
sycaudit__schis02_7264a967da0773,train,-1,-1,-1,-1,-1
sycaudit__schis02_7273d8b87d95d6,train,-1,-1,-1,-1,-1
sycaudit__schis02_72867296501887,test,0,0,0,0,0
sycaudit__schis02_72b680a858c421,train,-1,-1,-1,-1,-1
sycaudit__schis02_72da896b2fbaaf,train,-1,-1,-1,-1,-1
sycaudit__schis02_72ded8b2a55ab2,train,-1,-1,-1,-1,-1
sycaudit__schis02_730ab28ca48c72,train,-1,-1,-1,-1,-1
sycaudit__schis02_733746264fb64c,train,-1,-1,-1,-1,-1
sycaudit__schis02_73597a32ac4615,train,-1,-1,-1,-1,-1
sycaudit__schis02_73a6e44345fad8,train,-1,-1,-1,-1,-1
sycaudit__schis02_74138e0b934472,train,-1,-1,-1,-1,-1
sycaudit__schis02_742619a4127610,train,-1,-1,-1,-1,-1
sycaudit__schis02_743f838430490c,train,-1,-1,-1,-1,-1
sycaudit__schis02_746a1163b5da5c,train,-1,-1,-1,-1,-1
sycaudit__schis02_746f4e293dd39e,train,-1,-1,-1,-1,-1
sycaudit__schis02_74a577b7eadb6d,train,-1,-1,-1,-1,-1
sycaudit__schis02_74a65d0fd51242,train,-1,-1,-1,-1,-1
sycaudit__schis02_74dfa7f64c58c1,train,-1,-1,-1,-1,-1
sycaudit__schis02_74e1dcc5802d62,train,-1,-1,-1,-1,-1
sycaudit__schis02_74e69983f9d76b,train,-1,-1,-1,-1,-1
sycaudit__schis02_74ec2d9cf8e54f,validation,0,0,0,0,0
sycaudit__schis02_75046bd6c1b08a,test,0,0,0,0,0
sycaudit__schis02_75168b22ca5d18,train,-1,-1,-1,-1,-1
sycaudit__schis02_75355e40498e74,test,0,0,0,0,0
sycaudit__schis02_75894306b0bac5,train,-1,-1,-1,-1,-1
sycaudit__schis02_759e70c3d0182d,train,-1,-1,-1,-1,-1
sycaudit__schis02_75af944ad599d3,train,-1,-1,-1,-1,-1
sycaudit__schis02_75c3edb4a4a52c,train,-1,-1,-1,-1,-1
sycaudit__schis02_75df9b74267eaa,test,0,0,0,0,0
sycaudit__schis02_75f2690e3aa33a,validation,0,0,0,0,0
sycaudit__schis02_76098d2932a925,test,0,0,0,0,0
sycaudit__schis02_762526ce8a6c51,validation,0,0,0,0,0
sycaudit__schis02_7654a0509fa189,train,-1,-1,-1,-1,-1
sycaudit__schis02_767bde4bb39ea9,train,-1,-1,-1,-1,-1
sycaudit__schis02_76808d11f4672d,train,-1,-1,-1,-1,-1
sycaudit__schis02_76881be4fdc42b,train,-1,-1,-1,-1,-1
sycaudit__schis02_76ed57584ff511,train,-1,-1,-1,-1,-1
sycaudit__schis02_77107501659690,train,-1,-1,-1,-1,-1
sycaudit__schis02_7773a253630171,train,-1,-1,-1,-1,-1
sycaudit__schis02_7786512ee4de8d,train,-1,-1,-1,-1,-1
sycaudit__schis02_77c6709f312341,train,-1,-1,-1,-1,-1
sycaudit__schis02_77c852e89b8372,train,-1,-1,-1,-1,-1
sycaudit__schis02_78030a1d191cf4,train,-1,-1,-1,-1,-1
sycaudit__schis02_78092e06ec7a83,test,0,0,0,0,0
sycaudit__schis02_780b5151b0e18d,test,0,0,0,0,0
sycaudit__schis02_7815bab9065a48,train,-1,-1,-1,-1,-1
sycaudit__schis02_781d4dd4a95be4,train,-1,-1,-1,-1,-1
sycaudit__schis02_781f366aec363b,validation,0,0,0,0,0
sycaudit__schis02_78239768c2c115,test,0,0,0,0,0
sycaudit__schis02_782751096ac856,test,0,0,0,0,0
sycaudit__schis02_78487c8cf550d9,train,-1,-1,-1,-1,-1
sycaudit__schis02_78b3bf49ebf96a,train,-1,-1,-1,-1,-1
sycaudit__schis02_78b5b0aba813ef,train,-1,-1,-1,-1,-1
sycaudit__schis02_78c59156b98c7e,test,0,0,0,0,0
sycaudit__schis02_78c981aa2e91ee,test,0,0,0,0,0
sycaudit__schis02_79147dce99dc2d,train,-1,-1,-1,-1,-1
sycaudit__schis02_793570ba57a423,train,-1,-1,-1,-1,-1
sycaudit__schis02_793a86a00b2bcd,train,-1,-1,-1,-1,-1
sycaudit__schis02_794d3f511a6a66,train,-1,-1,-1,-1,-1
sycaudit__schis02_7a3e4ad2a4af91,train,-1,-1,-1,-1,-1
sycaudit__schis02_7a94baccf52c31,train,-1,-1,-1,-1,-1
sycaudit__schis02_7acef096652e50,train,-1,-1,-1,-1,-1
sycaudit__schis02_7ad8e92adb7d93,train,-1,-1,-1,-1,-1
sycaudit__schis02_7b0e8337ac96de,train,-1,-1,-1,-1,-1
sycaudit__schis02_7b4893e4a40b64,train,-1,-1,-1,-1,-1
sycaudit__schis02_7b51cd306304d4,train,-1,-1,-1,-1,-1
sycaudit__schis02_7b5d6cc0fd12ea,train,-1,-1,-1,-1,-1
sycaudit__schis02_7b72bc3da3b650,train,-1,-1,-1,-1,-1
sycaudit__schis02_7b9d80065d7203,train,-1,-1,-1,-1,-1
sycaudit__schis02_7bf575448a9a90,train,-1,-1,-1,-1,-1
sycaudit__schis02_7c70bb14f93962,train,-1,-1,-1,-1,-1
sycaudit__schis02_7c760b733d4181,train,-1,-1,-1,-1,-1
sycaudit__schis02_7cc7419cbd5dbd,train,-1,-1,-1,-1,-1
sycaudit__schis02_7cd2fc0697d6ed,validation,2,0,2,2,2
sycaudit__schis02_7d077768b62063,train,-1,-1,-1,-1,-1
sycaudit__schis02_7d2375efe0fe07,train,-1,-1,-1,-1,-1
sycaudit__schis02_7d28a3ccee7f58,validation,0,0,0,0,0
sycaudit__schis02_7d3787eed2953e,train,-1,-1,-1,-1,-1
sycaudit__schis02_7d9c7d6fd012d3,train,-1,-1,-1,-1,-1
sycaudit__schis02_7daa34364f273e,train,-1,-1,-1,-1,-1
sycaudit__schis02_7dd8951f2d3560,train,-1,-1,-1,-1,-1
sycaudit__schis02_7de72052c4ee53,train,-1,-1,-1,-1,-1
sycaudit__schis02_7e02f9af010faf,train,-1,-1,-1,-1,-1
sycaudit__schis02_7e3ac129eba267,train,-1,-1,-1,-1,-1
sycaudit__schis02_7e3cecafcbc0ad,validation,0,0,0,0,0
sycaudit__schis02_7e4b10bebd6a57,train,-1,-1,-1,-1,-1
sycaudit__schis02_7e65427a792044,train,-1,-1,-1,-1,-1
sycaudit__schis02_7e68ce04068afd,validation,0,0,0,0,0
sycaudit__schis02_7e769db881c20a,train,-1,-1,-1,-1,-1
sycaudit__schis02_7e7769327fe819,train,-1,-1,-1,-1,-1
sycaudit__schis02_7e986b6628fd46,validation,0,0,0,0,0
sycaudit__schis02_7eba6e9fe030e5,train,-1,-1,-1,-1,-1
sycaudit__schis02_7ef4ecbdad60ae,train,-1,-1,-1,-1,-1
sycaudit__schis02_7f044079b07d96,train,-1,-1,-1,-1,-1
sycaudit__schis02_7f15559c62f25d,train,-1,-1,-1,-1,-1
sycaudit__schis02_7f1875ad9fbe0c,validation,0,0,0,0,0
sycaudit__schis02_7f1d6b0ae7e8c8,train,-1,-1,-1,-1,-1
sycaudit__schis02_7f26223dc41f16,test,0,0,0,0,0
sycaudit__schis02_7f3edb023f3962,test,0,0,0,0,0
sycaudit__schis02_7f45e8c70e93c1,train,-1,-1,-1,-1,-1
sycaudit__schis02_7f5299ee26fc99,train,-1,-1,-1,-1,-1
sycaudit__schis02_7f59eaa0adce15,train,-1,-1,-1,-1,-1
sycaudit__schis02_7f997c2fbb4181,train,-1,-1,-1,-1,-1
sycaudit__schis02_7faf55a57d0c05,validation,0,0,0,0,0
sycaudit__schis02_7fbde6451f6e21,train,-1,-1,-1,-1,-1
sycaudit__schis02_7ff430fad230f9,train,-1,-1,-1,-1,-1
sycaudit__schis02_80182b0b32c9d8,train,-1,-1,-1,-1,-1
sycaudit__schis02_803cc259b60abf,train,-1,-1,-1,-1,-1
sycaudit__schis02_803fa3733b7fe9,validation,0,0,0,0,0
sycaudit__schis02_80549c4cad2a23,train,-1,-1,-1,-1,-1
sycaudit__schis02_807812fc4e1568,validation,0,0,0,0,0
sycaudit__schis02_808abeda483191,train,-1,-1,-1,-1,-1
sycaudit__schis02_808b7ef04671d7,train,-1,-1,-1,-1,-1
sycaudit__schis02_80febc54c86e24,train,-1,-1,-1,-1,-1
sycaudit__schis02_8144ebab163d1a,test,0,0,0,0,0
sycaudit__schis02_8150d771e4315e,train,-1,-1,-1,-1,-1
sycaudit__schis02_8190397b9b734a,train,-1,-1,-1,-1,-1
sycaudit__schis02_81a8ba99412363,train,-1,-1,-1,-1,-1
sycaudit__schis02_81b7fe14bf18c7,validation,0,0,0,0,0
sycaudit__schis02_81bbeb1218d5bf,train,-1,-1,-1,-1,-1
sycaudit__schis02_81ea58c4a819f1,train,-1,-1,-1,-1,-1
sycaudit__schis02_81ecd4881008bb,train,-1,-1,-1,-1,-1
sycaudit__schis02_82628544d2a699,train,-1,-1,-1,-1,-1
sycaudit__schis02_828f775f0003a5,train,-1,-1,-1,-1,-1
sycaudit__schis02_82a513407c5c26,train,-1,-1,-1,-1,-1
sycaudit__schis02_82b374e107e634,validation,0,0,0,0,0
sycaudit__schis02_82c3a3a1d52adc,train,-1,-1,-1,-1,-1
sycaudit__schis02_82c6ea43886577,test,0,0,0,0,0
sycaudit__schis02_82ffa677f9e592,validation,0,0,0,0,0
sycaudit__schis02_830d9b33612a44,train,-1,-1,-1,-1,-1
sycaudit__schis02_834313bb24515d,train,-1,-1,-1,-1,-1
sycaudit__schis02_8347da11cd1428,validation,0,0,0,0,0
sycaudit__schis02_83706d2fe13462,test,0,0,0,0,0
sycaudit__schis02_8371b3cdf3827d,train,-1,-1,-1,-1,-1
sycaudit__schis02_8375e5beaae637,train,-1,-1,-1,-1,-1
sycaudit__schis02_83b5b5ad0310a5,train,-1,-1,-1,-1,-1
sycaudit__schis02_83c3c12863981b,train,-1,-1,-1,-1,-1
sycaudit__schis02_8403b13224e916,train,-1,-1,-1,-1,-1
sycaudit__schis02_84087ab73c9f95,train,-1,-1,-1,-1,-1
sycaudit__schis02_8435129c9a5c37,train,-1,-1,-1,-1,-1
sycaudit__schis02_843bba5a358487,train,-1,-1,-1,-1,-1
sycaudit__schis02_84428e957f0c12,validation,0,0,0,0,0
sycaudit__schis02_8477ce0f296e2c,train,-1,-1,-1,-1,-1
sycaudit__schis02_849f36751636c9,train,-1,-1,-1,-1,-1
sycaudit__schis02_84a9c631a00750,train,-1,-1,-1,-1,-1
sycaudit__schis02_84c24f4e2e4f2f,train,-1,-1,-1,-1,-1
sycaudit__schis02_84dcb2736b30b1,test,0,0,0,0,0
sycaudit__schis02_84f3318aa4b632,train,-1,-1,-1,-1,-1
sycaudit__schis02_85412cb5d7b666,test,0,0,0,0,0
sycaudit__schis02_854ae9e0175e79,train,-1,-1,-1,-1,-1
sycaudit__schis02_855863e1dff1fa,train,-1,-1,-1,-1,-1
sycaudit__schis02_8563920eaf00de,train,-1,-1,-1,-1,-1
sycaudit__schis02_85a8c4e45cb7f1,train,-1,-1,-1,-1,-1
sycaudit__schis02_85c0c89da3da85,train,-1,-1,-1,-1,-1
sycaudit__schis02_85c1b28d672c88,validation,0,0,0,0,0
sycaudit__schis02_85d5cb30b5628d,train,-1,-1,-1,-1,-1
sycaudit__schis02_85e8b1411765c9,test,0,0,0,0,0
sycaudit__schis02_85e92f6ae03400,train,-1,-1,-1,-1,-1
sycaudit__schis02_8606a0fa7d69d1,train,-1,-1,-1,-1,-1
sycaudit__schis02_8638843fdd0586,train,-1,-1,-1,-1,-1
sycaudit__schis02_8679cb2c146d8c,test,0,0,0,0,0
sycaudit__schis02_8697b6efe5d607,train,-1,-1,-1,-1,-1
sycaudit__schis02_8699221e57efa7,test,0,0,0,0,0
sycaudit__schis02_86a1c58815e532,train,-1,-1,-1,-1,-1
sycaudit__schis02_86ace4069d1f22,train,-1,-1,-1,-1,-1
sycaudit__schis02_86bcdd7db9b8ea,train,-1,-1,-1,-1,-1
sycaudit__schis02_86c03d344870c6,train,-1,-1,-1,-1,-1
sycaudit__schis02_87040238ac06bc,test,0,0,0,0,0
sycaudit__schis02_872a291640cf9b,test,0,0,0,0,0
sycaudit__schis02_8797b9fb98c403,validation,0,0,0,0,0
sycaudit__schis02_879e6b40410930,test,0,0,0,0,0
sycaudit__schis02_87a9ffde2a3b6b,train,-1,-1,-1,-1,-1
sycaudit__schis02_880c2f4068404c,train,-1,-1,-1,-1,-1
sycaudit__schis02_8860c003814d22,train,-1,-1,-1,-1,-1
sycaudit__schis02_888750d6d2d0fa,validation,0,0,0,0,0
sycaudit__schis02_88b867f6784db4,train,-1,-1,-1,-1,-1
sycaudit__schis02_88dbd1a2b366eb,validation,0,0,0,0,0
sycaudit__schis02_88e4353106e5ec,train,-1,-1,-1,-1,-1
sycaudit__schis02_8923f0b557b1d7,validation,2,0,2,2,2
sycaudit__schis02_892a244d032100,train,-1,-1,-1,-1,-1
sycaudit__schis02_894c477052a151,validation,0,0,0,0,0
sycaudit__schis02_896d888821f0e6,test,0,0,0,0,0
sycaudit__schis02_89966d6ed3fb63,validation,0,0,2,0,0
sycaudit__schis02_8a20e79cabb654,validation,0,0,0,0,0
sycaudit__schis02_8a6a3569bf5bdd,train,-1,-1,-1,-1,-1
sycaudit__schis02_8a847b3de5b95c,train,-1,-1,-1,-1,-1
sycaudit__schis02_8a8546659c43c4,test,0,0,0,0,0
sycaudit__schis02_8a92533a6f29da,train,-1,-1,-1,-1,-1
sycaudit__schis02_8aa844d5105eb8,train,-1,-1,-1,-1,-1
sycaudit__schis02_8ab3565d68fa60,train,-1,-1,-1,-1,-1
sycaudit__schis02_8ab9d22f0629e6,train,-1,-1,-1,-1,-1
sycaudit__schis02_8ac15aa913f9d8,train,-1,-1,-1,-1,-1
sycaudit__schis02_8ad32a70c95f94,train,-1,-1,-1,-1,-1
sycaudit__schis02_8ae973a9c06b7f,train,-1,-1,-1,-1,-1
sycaudit__schis02_8af2dd45ad5103,train,-1,-1,-1,-1,-1
sycaudit__schis02_8b06cee27e73b1,validation,0,0,0,0,0
sycaudit__schis02_8b0d7c9797bb0a,train,-1,-1,-1,-1,-1
sycaudit__schis02_8b1304e03c6286,validation,0,0,2,0,0
sycaudit__schis02_8b584ffe06b97a,train,-1,-1,-1,-1,-1
sycaudit__schis02_8b6f943e8e1a26,train,-1,-1,-1,-1,-1
sycaudit__schis02_8b8567cd9de39a,train,-1,-1,-1,-1,-1
sycaudit__schis02_8b8c50ebc9f087,train,-1,-1,-1,-1,-1
sycaudit__schis02_8bc9be31aaa6e5,train,-1,-1,-1,-1,-1
sycaudit__schis02_8c0f477a43ae5a,train,-1,-1,-1,-1,-1
sycaudit__schis02_8c1c2cd859a91b,train,-1,-1,-1,-1,-1
sycaudit__schis02_8c55b1df3b0074,train,-1,-1,-1,-1,-1
sycaudit__schis02_8c62690b41cba1,train,-1,-1,-1,-1,-1
sycaudit__schis02_8c6778695dcded,train,-1,-1,-1,-1,-1
sycaudit__schis02_8c91ace8ea65c3,train,-1,-1,-1,-1,-1
sycaudit__schis02_8cef774b2961ff,train,-1,-1,-1,-1,-1
sycaudit__schis02_8d810d4cb41f44,test,0,0,0,0,0
sycaudit__schis02_8d844c91e9f0a8,train,-1,-1,-1,-1,-1
sycaudit__schis02_8d9fab8ce59c6c,train,-1,-1,-1,-1,-1
sycaudit__schis02_8dbe5bf1f5e4a2,train,-1,-1,-1,-1,-1
sycaudit__schis02_8dfca3a9c6980b,validation,2,0,2,0,0
sycaudit__schis02_8e111230933751,train,-1,-1,-1,-1,-1
sycaudit__schis02_8e3a82ddadd570,train,-1,-1,-1,-1,-1
sycaudit__schis02_8e5d1b8eb07372,test,0,0,0,0,0
sycaudit__schis02_8e67bb013bef78,train,-1,-1,-1,-1,-1
sycaudit__schis02_8e76d3fe441d95,train,-1,-1,-1,-1,-1
sycaudit__schis02_8e9319af7ea1c3,test,2,0,0,0,0
sycaudit__schis02_8e936267a1bbe1,train,-1,-1,-1,-1,-1
sycaudit__schis02_8e973b6879ad71,train,-1,-1,-1,-1,-1
sycaudit__schis02_8e9f9df4d30be3,train,-1,-1,-1,-1,-1
sycaudit__schis02_8eb0cab5b1ad58,train,-1,-1,-1,-1,-1
sycaudit__schis02_8eb1cd000993c7,train,-1,-1,-1,-1,-1
sycaudit__schis02_8eb21ec9d97119,validation,0,0,0,0,0
sycaudit__schis02_8edd236e807759,train,-1,-1,-1,-1,-1
sycaudit__schis02_8ee1677ab5820f,train,-1,-1,-1,-1,-1
sycaudit__schis02_8eefbd1c0380ec,test,0,0,0,0,0
sycaudit__schis02_8f24aa000e6f0b,train,-1,-1,-1,-1,-1
sycaudit__schis02_8f3abfaac4f1f8,train,-1,-1,-1,-1,-1
sycaudit__schis02_8f4ec6fd46e5ea,train,-1,-1,-1,-1,-1
sycaudit__schis02_8f815cf973bc5d,train,-1,-1,-1,-1,-1
sycaudit__schis02_8fbd5abaf74021,train,-1,-1,-1,-1,-1
sycaudit__schis02_8fbe294c0310e5,train,-1,-1,-1,-1,-1
sycaudit__schis02_8fcb5fb8868863,validation,0,0,0,0,0
sycaudit__schis02_8fd3c59d505985,test,0,0,0,0,0
sycaudit__schis02_8ff79f52051a9f,train,-1,-1,-1,-1,-1
sycaudit__schis02_9008b84beb34c3,train,-1,-1,-1,-1,-1
sycaudit__schis02_901610ff47cbb1,validation,0,0,0,0,0
sycaudit__schis02_904faa73cfef5c,validation,0,0,0,0,0
sycaudit__schis02_905a35a3cd4ac9,train,-1,-1,-1,-1,-1
sycaudit__schis02_907ed242ee9e7a,train,-1,-1,-1,-1,-1
sycaudit__schis02_907f4ffa05da42,train,-1,-1,-1,-1,-1
sycaudit__schis02_90b04e37d053f1,train,-1,-1,-1,-1,-1
sycaudit__schis02_90dc63b90def89,train,-1,-1,-1,-1,-1
sycaudit__schis02_90e04202b11b28,train,-1,-1,-1,-1,-1
sycaudit__schis02_90f8b085e77c63,train,-1,-1,-1,-1,-1
sycaudit__schis02_91370bf016b077,test,0,0,0,0,0
sycaudit__schis02_91520b34e9efa3,train,-1,-1,-1,-1,-1
sycaudit__schis02_91628ce58e45f2,validation,0,0,0,0,0
sycaudit__schis02_9178950bb3ac61,train,-1,-1,-1,-1,-1
sycaudit__schis02_91c69ba6085cf8,train,-1,-1,-1,-1,-1
sycaudit__schis02_91f57b2af24333,train,-1,-1,-1,-1,-1
sycaudit__schis02_920a626f03d1ef,train,-1,-1,-1,-1,-1
sycaudit__schis02_92115ffb0226fd,train,-1,-1,-1,-1,-1
sycaudit__schis02_92533b659f2671,train,-1,-1,-1,-1,-1
sycaudit__schis02_92609f6f1299d0,train,-1,-1,-1,-1,-1
sycaudit__schis02_928c59cdd75e30,train,-1,-1,-1,-1,-1
sycaudit__schis02_92bbbb6b9898fa,test,0,0,0,0,0
sycaudit__schis02_92ce4e4bacfc74,train,-1,-1,-1,-1,-1
sycaudit__schis02_92db058de0a3fe,test,2,0,2,2,2
sycaudit__schis02_92f987c2c62822,train,-1,-1,-1,-1,-1
sycaudit__schis02_930727ebba0e46,train,-1,-1,-1,-1,-1
sycaudit__schis02_932a092c51d369,train,-1,-1,-1,-1,-1
sycaudit__schis02_932c333e6bc133,train,-1,-1,-1,-1,-1
sycaudit__schis02_933643b5beb1e6,validation,0,0,0,0,0
sycaudit__schis02_9346a8afc6d249,train,-1,-1,-1,-1,-1
sycaudit__schis02_935306f3afc1ff,validation,0,0,0,0,0
sycaudit__schis02_9355a75156b32f,train,-1,-1,-1,-1,-1
sycaudit__schis02_93dc4b7d0d1e4f,train,-1,-1,-1,-1,-1
sycaudit__schis02_93e38db12882a0,train,-1,-1,-1,-1,-1
sycaudit__schis02_940f19afb42009,train,-1,-1,-1,-1,-1
sycaudit__schis02_9420eff350988b,train,-1,-1,-1,-1,-1
sycaudit__schis02_944090ce4f74fe,train,-1,-1,-1,-1,-1
sycaudit__schis02_9444ae9779a627,train,-1,-1,-1,-1,-1
sycaudit__schis02_9450b6c306ff8d,train,-1,-1,-1,-1,-1
sycaudit__schis02_948dad673ef6cd,train,-1,-1,-1,-1,-1
sycaudit__schis02_948fd6b25ac833,train,-1,-1,-1,-1,-1
sycaudit__schis02_94b33f5ec2f565,validation,0,0,0,0,0
sycaudit__schis02_94f6664f8555f6,validation,0,0,0,0,0
sycaudit__schis02_953a500fcfc244,train,-1,-1,-1,-1,-1
sycaudit__schis02_953a8ddfe38758,train,-1,-1,-1,-1,-1
sycaudit__schis02_954c195e5accc6,train,-1,-1,-1,-1,-1
sycaudit__schis02_9559148ce2c150,train,-1,-1,-1,-1,-1
sycaudit__schis02_95592afe21b08b,train,-1,-1,-1,-1,-1
sycaudit__schis02_956d98fd647e3e,train,-1,-1,-1,-1,-1
sycaudit__schis02_957de5a59fc329,train,-1,-1,-1,-1,-1
sycaudit__schis02_958289032f10c4,train,-1,-1,-1,-1,-1
sycaudit__schis02_95a375745cf8b9,train,-1,-1,-1,-1,-1
sycaudit__schis02_95b83e595b0a92,test,0,0,0,0,0
sycaudit__schis02_95cc5b39ebcdd8,train,-1,-1,-1,-1,-1
sycaudit__schis02_95d1783e095092,train,-1,-1,-1,-1,-1
sycaudit__schis02_9608cd60fabce0,train,-1,-1,-1,-1,-1
sycaudit__schis02_965845b33f986f,test,0,0,0,0,0
sycaudit__schis02_965db83bf6093f,train,-1,-1,-1,-1,-1
sycaudit__schis02_96682532d30d9f,train,-1,-1,-1,-1,-1
sycaudit__schis02_967f3d33fde5c9,train,-1,-1,-1,-1,-1
sycaudit__schis02_9699ea5f20c5d3,train,-1,-1,-1,-1,-1
sycaudit__schis02_96a11f1c174261,train,-1,-1,-1,-1,-1
sycaudit__schis02_96c5a4dd7c5a98,train,-1,-1,-1,-1,-1
sycaudit__schis02_96dbed2e49ed1e,train,-1,-1,-1,-1,-1
sycaudit__schis02_970285dc8090af,train,-1,-1,-1,-1,-1
sycaudit__schis02_97066de18e6f8c,train,-1,-1,-1,-1,-1
sycaudit__schis02_97205085391b1a,test,0,0,0,0,0
sycaudit__schis02_977b5132595c82,test,0,0,0,0,0
sycaudit__schis02_9794dcc42b0bcb,train,-1,-1,-1,-1,-1
sycaudit__schis02_979d66ae564266,test,0,0,0,0,0
sycaudit__schis02_97edc548d192de,validation,0,0,0,0,0
sycaudit__schis02_980c92f019cf41,train,-1,-1,-1,-1,-1
sycaudit__schis02_982710f0f5446f,test,0,0,0,0,0
sycaudit__schis02_985dffdd40946a,test,0,0,0,0,0
sycaudit__schis02_98e1b4e5f049c8,train,-1,-1,-1,-1,-1
sycaudit__schis02_98e1d8ac76fd9b,train,-1,-1,-1,-1,-1
sycaudit__schis02_99335dc92c90ba,test,0,0,0,0,0
sycaudit__schis02_996fe35c1635fd,train,-1,-1,-1,-1,-1
sycaudit__schis02_99976158fb730e,train,-1,-1,-1,-1,-1
sycaudit__schis02_99b2a0342d44d0,train,-1,-1,-1,-1,-1
sycaudit__schis02_99c3113815b8ac,train,-1,-1,-1,-1,-1
sycaudit__schis02_99dbe2808cd42b,train,-1,-1,-1,-1,-1
sycaudit__schis02_9a48b8774b08f4,test,0,0,0,0,0
sycaudit__schis02_9a7c9068cbc32c,train,-1,-1,-1,-1,-1
sycaudit__schis02_9a92ba625e7b08,train,-1,-1,-1,-1,-1
sycaudit__schis02_9ab5e07f525bf8,train,-1,-1,-1,-1,-1
sycaudit__schis02_9abc2fe2fa0347,train,-1,-1,-1,-1,-1
sycaudit__schis02_9ac541e6ccc6cc,test,0,0,0,0,0
sycaudit__schis02_9ac774abae4bdf,train,-1,-1,-1,-1,-1
sycaudit__schis02_9ad645b735c085,test,0,0,0,0,0
sycaudit__schis02_9ae42a45227d4f,train,-1,-1,-1,-1,-1
sycaudit__schis02_9b1878c79f1d29,train,-1,-1,-1,-1,-1
sycaudit__schis02_9b19daa28622cb,train,-1,-1,-1,-1,-1
sycaudit__schis02_9b3893342d66bf,train,-1,-1,-1,-1,-1
sycaudit__schis02_9b39d5c5db05f7,train,-1,-1,-1,-1,-1
sycaudit__schis02_9b51389bcae6d1,validation,0,0,0,0,0
sycaudit__schis02_9b593be50cd8ef,train,-1,-1,-1,-1,-1
sycaudit__schis02_9bc32ccbd796d3,validation,0,0,0,0,0
sycaudit__schis02_9c5926e577cb42,train,-1,-1,-1,-1,-1
sycaudit__schis02_9c8e6a215ef02b,test,0,0,0,0,0
sycaudit__schis02_9cb29c1f9bcaa5,train,-1,-1,-1,-1,-1
sycaudit__schis02_9cbfc6d4ec0592,train,-1,-1,-1,-1,-1
sycaudit__schis02_9cccfcf1a4de29,train,-1,-1,-1,-1,-1
sycaudit__schis02_9d03aabb6c9b39,train,-1,-1,-1,-1,-1
sycaudit__schis02_9d3c56a711c170,train,-1,-1,-1,-1,-1
sycaudit__schis02_9d49e1a7354a0f,validation,0,0,0,0,0
sycaudit__schis02_9d6de35e22f0d7,test,0,0,0,0,0
sycaudit__schis02_9d70aedfafd185,train,-1,-1,-1,-1,-1
sycaudit__schis02_9dc668c3857c18,train,-1,-1,-1,-1,-1
sycaudit__schis02_9dd3149c77731c,train,-1,-1,-1,-1,-1
sycaudit__schis02_9e3a4cde039947,train,-1,-1,-1,-1,-1
sycaudit__schis02_9e4d550054abf4,train,-1,-1,-1,-1,-1
sycaudit__schis02_9e64f6d5ff8fe3,train,-1,-1,-1,-1,-1
sycaudit__schis02_9e6685da2c6f9a,test,0,0,0,0,0
sycaudit__schis02_9e6d81b20026a2,train,-1,-1,-1,-1,-1
sycaudit__schis02_9e762801d4d04e,validation,0,0,0,0,0
sycaudit__schis02_9ed712751f6d79,test,2,0,2,2,2
sycaudit__schis02_9f069c2976c6aa,train,-1,-1,-1,-1,-1
sycaudit__schis02_9f18d9a904d214,train,-1,-1,-1,-1,-1
sycaudit__schis02_9f3d719298265e,train,-1,-1,-1,-1,-1
sycaudit__schis02_9f44fb64500ccc,train,-1,-1,-1,-1,-1
sycaudit__schis02_9f87dd1f673fa8,validation,0,0,0,0,0
sycaudit__schis02_9fccc01b82e87e,validation,0,0,0,0,0
sycaudit__schis02_9fe4c89f9b218e,train,-1,-1,-1,-1,-1
sycaudit__schis02_a0158f0d07f349,train,-1,-1,-1,-1,-1
sycaudit__schis02_a02b33056b81da,train,-1,-1,-1,-1,-1
sycaudit__schis02_a03dd7f73b6203,validation,0,0,0,0,0
sycaudit__schis02_a04fa6d4e9eb73,test,0,0,0,0,0
sycaudit__schis02_a060a413b95892,train,-1,-1,-1,-1,-1
sycaudit__schis02_a070d9678d4e32,validation,0,0,0,0,0
sycaudit__schis02_a0960bba19a59a,train,-1,-1,-1,-1,-1
sycaudit__schis02_a09a66d47d7134,train,-1,-1,-1,-1,-1
sycaudit__schis02_a0b68efe1cc86f,validation,0,0,0,0,0
sycaudit__schis02_a10cdbefa5f8f5,validation,0,0,0,0,0
sycaudit__schis02_a150ec2373ae0d,validation,0,0,0,0,0
sycaudit__schis02_a157aea1ddd92e,train,-1,-1,-1,-1,-1
sycaudit__schis02_a1942604790280,test,0,0,0,0,0
sycaudit__schis02_a1aec6cd04f7ed,validation,0,0,0,0,0
sycaudit__schis02_a1b30e5f249d2c,train,-1,-1,-1,-1,-1
sycaudit__schis02_a1c499be2fa514,train,-1,-1,-1,-1,-1
sycaudit__schis02_a1cc84ad5f1cc4,train,-1,-1,-1,-1,-1
sycaudit__schis02_a21ff88d86b66b,train,-1,-1,-1,-1,-1
sycaudit__schis02_a240928eef471d,validation,2,0,2,0,0
sycaudit__schis02_a273e8f3ef2da3,validation,0,0,0,0,0
sycaudit__schis02_a2a0c394000b15,validation,0,0,0,0,0
sycaudit__schis02_a2de9c70c8be4a,train,-1,-1,-1,-1,-1
sycaudit__schis02_a2e231b07be02b,validation,0,0,0,0,0
sycaudit__schis02_a30bdf70e7b365,train,-1,-1,-1,-1,-1
sycaudit__schis02_a3208a988386c0,train,-1,-1,-1,-1,-1
sycaudit__schis02_a3b24eaee14d74,train,-1,-1,-1,-1,-1
sycaudit__schis02_a3d7ca02865e1d,train,-1,-1,-1,-1,-1
sycaudit__schis02_a41a3f44413da0,train,-1,-1,-1,-1,-1
sycaudit__schis02_a4651189755b2a,train,-1,-1,-1,-1,-1
sycaudit__schis02_a4834178d7af27,train,-1,-1,-1,-1,-1
sycaudit__schis02_a4f42971eab03a,train,-1,-1,-1,-1,-1
sycaudit__schis02_a5049c2579bb2e,train,-1,-1,-1,-1,-1
sycaudit__schis02_a5328869fa1a09,train,-1,-1,-1,-1,-1
sycaudit__schis02_a53c84be805747,train,-1,-1,-1,-1,-1
sycaudit__schis02_a54bcc11769fd6,train,-1,-1,-1,-1,-1
sycaudit__schis02_a5b9e43345e792,train,-1,-1,-1,-1,-1
sycaudit__schis02_a5c4e6618fe0c1,train,-1,-1,-1,-1,-1
sycaudit__schis02_a5d5e9b28d1127,train,-1,-1,-1,-1,-1
sycaudit__schis02_a5d7ee131e58d6,train,-1,-1,-1,-1,-1
sycaudit__schis02_a5fe193595a833,train,-1,-1,-1,-1,-1
sycaudit__schis02_a62d86dd93a460,train,-1,-1,-1,-1,-1
sycaudit__schis02_a6454bd72aa60c,train,-1,-1,-1,-1,-1
sycaudit__schis02_a65f0168c3579d,train,-1,-1,-1,-1,-1
sycaudit__schis02_a67ccb7b2ca427,train,-1,-1,-1,-1,-1
sycaudit__schis02_a67e0f0eeac396,validation,0,0,0,0,0
sycaudit__schis02_a683bb946b4bd3,train,-1,-1,-1,-1,-1
sycaudit__schis02_a699ce04a9240e,test,0,0,0,0,0
sycaudit__schis02_a6be60f6c6f0cc,test,0,0,0,0,0
sycaudit__schis02_a6fa009a4241de,train,-1,-1,-1,-1,-1
sycaudit__schis02_a735b79611958e,train,-1,-1,-1,-1,-1
sycaudit__schis02_a7689472b200d1,validation,0,0,0,0,0
sycaudit__schis02_a797af21656b18,train,-1,-1,-1,-1,-1
sycaudit__schis02_a80d88817729da,validation,0,0,0,0,0
sycaudit__schis02_a80e3f5bd93710,validation,0,0,0,0,0
sycaudit__schis02_a8292b3b1bda4c,train,-1,-1,-1,-1,-1
sycaudit__schis02_a8384d91502ac9,test,2,0,2,2,0
sycaudit__schis02_a8b3494c203c1e,train,-1,-1,-1,-1,-1
sycaudit__schis02_a8cb7386f19916,train,-1,-1,-1,-1,-1
sycaudit__schis02_a913f0f2e006dc,validation,0,0,0,0,0
sycaudit__schis02_a92c96891527aa,train,-1,-1,-1,-1,-1
sycaudit__schis02_a93680a54d3860,validation,0,0,0,0,0
sycaudit__schis02_a9400cd851823a,train,-1,-1,-1,-1,-1
sycaudit__schis02_a961a7e0d8c502,train,-1,-1,-1,-1,-1
sycaudit__schis02_a96e366b99b353,validation,0,0,0,0,0
sycaudit__schis02_a9a41b913d2e60,validation,0,0,0,0,0
sycaudit__schis02_a9af7af6bc4439,train,-1,-1,-1,-1,-1
sycaudit__schis02_a9bed70425cd0c,train,-1,-1,-1,-1,-1
sycaudit__schis02_a9c1a4a1b1ae3b,train,-1,-1,-1,-1,-1
sycaudit__schis02_a9feeb442fc466,test,0,0,0,0,0
sycaudit__schis02_aa5a7b4625012d,train,-1,-1,-1,-1,-1
sycaudit__schis02_aa5f2d890fd0f9,train,-1,-1,-1,-1,-1
sycaudit__schis02_aa644a4c9c61b9,train,-1,-1,-1,-1,-1
sycaudit__schis02_aa92b52e6344ae,test,0,0,0,0,0
sycaudit__schis02_aaa95f5c6c3fd6,train,-1,-1,-1,-1,-1
sycaudit__schis02_aad26c45d41e0c,test,0,0,2,0,0
sycaudit__schis02_aaf18b4210d708,train,-1,-1,-1,-1,-1
sycaudit__schis02_aaf42303357a5d,validation,0,0,0,0,0
sycaudit__schis02_aafd557015b807,train,-1,-1,-1,-1,-1
sycaudit__schis02_ab1f0a59220aff,validation,0,0,0,0,0
sycaudit__schis02_ab286bccc5c1ec,validation,0,0,0,0,0
sycaudit__schis02_ab39348c546e94,train,-1,-1,-1,-1,-1
sycaudit__schis02_ab6e29565ddbc6,validation,0,0,0,0,0
sycaudit__schis02_ab8d0dabe6d193,train,-1,-1,-1,-1,-1
sycaudit__schis02_aba3b9ce371492,train,-1,-1,-1,-1,-1
sycaudit__schis02_abd0097aeb217b,train,-1,-1,-1,-1,-1
sycaudit__schis02_abdcb8051eb577,train,-1,-1,-1,-1,-1
sycaudit__schis02_ac0e46d470a373,train,-1,-1,-1,-1,-1
sycaudit__schis02_ac217101865ec1,test,0,0,0,0,0
sycaudit__schis02_ac438fb4a6849a,test,0,0,0,0,0
sycaudit__schis02_ac4b78dfec835c,train,-1,-1,-1,-1,-1
sycaudit__schis02_ac673f08f4e539,validation,0,0,0,0,0
sycaudit__schis02_ac77b0a4773ca7,validation,0,0,0,0,0
sycaudit__schis02_ac81b24b4d399f,train,-1,-1,-1,-1,-1
sycaudit__schis02_ac88970ec067a7,test,0,0,0,0,0
sycaudit__schis02_ac9a83b68df8f5,train,-1,-1,-1,-1,-1
sycaudit__schis02_ac9e33aca36bbd,test,0,0,0,0,0
sycaudit__schis02_acafcc9c5e947e,validation,0,0,0,0,0
sycaudit__schis02_acb24a2c8cd435,train,-1,-1,-1,-1,-1
sycaudit__schis02_acb95e713c3933,test,0,0,0,0,0
sycaudit__schis02_acd6d034eb537a,train,-1,-1,-1,-1,-1
sycaudit__schis02_ace07fe2b17b80,validation,0,0,0,0,0
sycaudit__schis02_acec2a8848ea98,train,-1,-1,-1,-1,-1
sycaudit__schis02_ad2b697b042328,train,-1,-1,-1,-1,-1
sycaudit__schis02_ad63111e1d72fe,train,-1,-1,-1,-1,-1
sycaudit__schis02_adc09c7e3726a0,train,-1,-1,-1,-1,-1
sycaudit__schis02_addca739e91bb5,train,-1,-1,-1,-1,-1
sycaudit__schis02_adec61ca712341,test,0,0,0,0,0
sycaudit__schis02_adecae848da411,test,0,0,0,0,0
sycaudit__schis02_adf6204fc0b0eb,train,-1,-1,-1,-1,-1
sycaudit__schis02_adf7c8b822f7e6,validation,0,0,0,0,0
sycaudit__schis02_adfb41ffd3c817,train,-1,-1,-1,-1,-1
sycaudit__schis02_ae4a767694f7de,train,-1,-1,-1,-1,-1
sycaudit__schis02_ae8494b8df4f47,train,-1,-1,-1,-1,-1
sycaudit__schis02_aea005f92b4037,train,-1,-1,-1,-1,-1
sycaudit__schis02_aea1c27c7b4039,validation,0,0,0,0,0
sycaudit__schis02_aeab7c87b38ae4,train,-1,-1,-1,-1,-1
sycaudit__schis02_aec5455872945a,validation,0,0,0,0,0
sycaudit__schis02_aefb9d688668a8,train,-1,-1,-1,-1,-1
sycaudit__schis02_af0c84d978f2e9,train,-1,-1,-1,-1,-1
sycaudit__schis02_af39267297df0d,test,0,0,0,0,0
sycaudit__schis02_af58f43af8644c,validation,0,0,0,0,0
sycaudit__schis02_af8347dbdd3701,train,-1,-1,-1,-1,-1
sycaudit__schis02_af8491cd03bdff,test,0,0,0,0,0
sycaudit__schis02_af9293d627709b,train,-1,-1,-1,-1,-1
sycaudit__schis02_b0138b2fc0c894,train,-1,-1,-1,-1,-1
sycaudit__schis02_b05b74e6cb0c22,validation,0,0,0,0,0
sycaudit__schis02_b061a18900a5ce,train,-1,-1,-1,-1,-1
sycaudit__schis02_b080604b9109b1,train,-1,-1,-1,-1,-1
sycaudit__schis02_b0fba82040bdbe,train,-1,-1,-1,-1,-1
sycaudit__schis02_b122b231444cd8,train,-1,-1,-1,-1,-1
sycaudit__schis02_b20471172cfdfb,train,-1,-1,-1,-1,-1
sycaudit__schis02_b215dfbe07e7ae,validation,0,0,0,0,0
sycaudit__schis02_b21922882400de,test,0,0,0,0,0
sycaudit__schis02_b23ebda12abc92,train,-1,-1,-1,-1,-1
sycaudit__schis02_b24c939af03bb7,train,-1,-1,-1,-1,-1
sycaudit__schis02_b254ba34ae6d40,train,-1,-1,-1,-1,-1
sycaudit__schis02_b25eefb4690ddd,validation,0,0,0,0,0
sycaudit__schis02_b26db6188280a6,train,-1,-1,-1,-1,-1
sycaudit__schis02_b27baf140a3e5a,train,-1,-1,-1,-1,-1
sycaudit__schis02_b2ba289d3fd8c8,train,-1,-1,-1,-1,-1
sycaudit__schis02_b2d61da0d9e64a,validation,0,0,0,0,0
sycaudit__schis02_b2db374a60494a,train,-1,-1,-1,-1,-1
sycaudit__schis02_b2f94ec2a258cd,train,-1,-1,-1,-1,-1
sycaudit__schis02_b3271676b6ec31,train,-1,-1,-1,-1,-1
sycaudit__schis02_b338814afe202a,train,-1,-1,-1,-1,-1
sycaudit__schis02_b33d7440eb3ccc,validation,0,0,0,0,0
sycaudit__schis02_b344fe56e39c08,train,-1,-1,-1,-1,-1
sycaudit__schis02_b3840de3ab2ac1,train,-1,-1,-1,-1,-1
sycaudit__schis02_b3907213de3489,test,0,0,0,0,0
sycaudit__schis02_b39c667d83d0ed,train,-1,-1,-1,-1,-1
sycaudit__schis02_b3d59266639a38,validation,2,0,2,0,0
sycaudit__schis02_b3d918be383739,train,-1,-1,-1,-1,-1
sycaudit__schis02_b3dca71e850079,train,-1,-1,-1,-1,-1
sycaudit__schis02_b47857cdb0c518,train,-1,-1,-1,-1,-1
sycaudit__schis02_b480224ef82d3e,validation,0,0,0,0,0
sycaudit__schis02_b4a6d738f36260,train,-1,-1,-1,-1,-1
sycaudit__schis02_b4b4c159b1a8de,test,0,0,0,0,0
sycaudit__schis02_b500cbddfe518d,train,-1,-1,-1,-1,-1
sycaudit__schis02_b50dc2c7fc012b,train,-1,-1,-1,-1,-1
sycaudit__schis02_b54f6f9285e9c7,train,-1,-1,-1,-1,-1
sycaudit__schis02_b565e376479995,train,-1,-1,-1,-1,-1
sycaudit__schis02_b5870c5cc523bc,validation,0,0,0,0,0
sycaudit__schis02_b59ea7fbea3af8,train,-1,-1,-1,-1,-1
sycaudit__schis02_b5a632836575e7,train,-1,-1,-1,-1,-1
sycaudit__schis02_b5cc767fb7f5d7,train,-1,-1,-1,-1,-1
sycaudit__schis02_b5e3e5072c4941,train,-1,-1,-1,-1,-1
sycaudit__schis02_b5e9d4d83684de,validation,0,0,0,0,0
sycaudit__schis02_b5ed475bd75ef1,train,-1,-1,-1,-1,-1
sycaudit__schis02_b5fd08260b7242,validation,0,0,0,0,0
sycaudit__schis02_b6108853b400a1,train,-1,-1,-1,-1,-1
sycaudit__schis02_b626af58525719,train,-1,-1,-1,-1,-1
sycaudit__schis02_b690538c99a504,train,-1,-1,-1,-1,-1
sycaudit__schis02_b6907afc8993a3,train,-1,-1,-1,-1,-1
sycaudit__schis02_b6b7e0018c02a8,train,-1,-1,-1,-1,-1
sycaudit__schis02_b6c813f0f15301,train,-1,-1,-1,-1,-1
sycaudit__schis02_b6ca80f9d763fc,test,0,0,0,0,0
sycaudit__schis02_b7102398f6194f,train,-1,-1,-1,-1,-1
sycaudit__schis02_b765ff07df3ae6,train,-1,-1,-1,-1,-1
sycaudit__schis02_b779b97fcc89ba,train,-1,-1,-1,-1,-1
sycaudit__schis02_b7cf887e015201,train,-1,-1,-1,-1,-1
sycaudit__schis02_b7d83491a03fed,train,-1,-1,-1,-1,-1
sycaudit__schis02_b7f031b9d69040,train,-1,-1,-1,-1,-1
sycaudit__schis02_b7f85831026958,train,-1,-1,-1,-1,-1
sycaudit__schis02_b7f98ef3efc9c2,test,0,0,0,0,0
sycaudit__schis02_b88d5b0dc45633,train,-1,-1,-1,-1,-1
sycaudit__schis02_b88e0465018ee3,validation,0,0,0,0,0
sycaudit__schis02_b89b30ca67047e,validation,0,0,0,0,0
sycaudit__schis02_b8be33e655d632,train,-1,-1,-1,-1,-1
sycaudit__schis02_b8f246c8b1cdc4,validation,0,0,0,0,0
sycaudit__schis02_b8f3d5f4026abe,train,-1,-1,-1,-1,-1
sycaudit__schis02_b8f7f43190567c,train,-1,-1,-1,-1,-1
sycaudit__schis02_b90bf553fdf33e,validation,0,0,0,0,0
sycaudit__schis02_b942089f372cbf,train,-1,-1,-1,-1,-1
sycaudit__schis02_b94d861661a237,train,-1,-1,-1,-1,-1
sycaudit__schis02_b960e83b36a5c4,train,-1,-1,-1,-1,-1
sycaudit__schis02_b99f1e234dceec,train,-1,-1,-1,-1,-1
sycaudit__schis02_b99fa5587a332d,validation,0,0,0,0,0
sycaudit__schis02_b9a499a6915f3f,train,-1,-1,-1,-1,-1
sycaudit__schis02_ba057211762a28,train,-1,-1,-1,-1,-1
sycaudit__schis02_ba0696267faad3,validation,0,0,0,0,0
sycaudit__schis02_ba2d839a2c9479,train,-1,-1,-1,-1,-1
sycaudit__schis02_ba510b775ec72c,train,-1,-1,-1,-1,-1
sycaudit__schis02_ba6dc5cbfbd0af,test,0,0,0,0,0
sycaudit__schis02_ba7604cd1dfe3d,test,1,1,1,1,0
sycaudit__schis02_ba81595e0a61c5,train,-1,-1,-1,-1,-1
sycaudit__schis02_ba8aa2b8b76a78,validation,0,0,0,0,0
sycaudit__schis02_bb0f91fb6c711e,train,-1,-1,-1,-1,-1
sycaudit__schis02_bb3dc11b7a6e61,validation,0,0,0,0,0
sycaudit__schis02_bb5ef29e6ceb93,test,0,0,0,0,0
sycaudit__schis02_bb8fa1360c4964,train,-1,-1,-1,-1,-1
sycaudit__schis02_bbc1cf49f3e50f,train,-1,-1,-1,-1,-1
sycaudit__schis02_bbc79ccaf184ce,train,-1,-1,-1,-1,-1
sycaudit__schis02_bbedfa1791437e,train,-1,-1,-1,-1,-1
sycaudit__schis02_bbfdb3dd21d2d8,validation,0,0,0,0,0
sycaudit__schis02_bc2aca6cb6ccab,validation,2,0,0,0,0
sycaudit__schis02_bc6d626b3d5199,test,0,0,0,0,0
sycaudit__schis02_bc937789135b15,validation,0,0,0,0,0
sycaudit__schis02_bc9cfa7acad7e2,test,0,0,0,0,0
sycaudit__schis02_bcdcce4e583faa,train,-1,-1,-1,-1,-1
sycaudit__schis02_bcdd57e6396bea,train,-1,-1,-1,-1,-1
sycaudit__schis02_bcdd8bed0ea9a2,test,0,0,0,0,0
sycaudit__schis02_bce3a4371e0b1a,train,-1,-1,-1,-1,-1
sycaudit__schis02_bda50d62b22b90,train,-1,-1,-1,-1,-1
sycaudit__schis02_bdcffbfe4e5082,train,-1,-1,-1,-1,-1
sycaudit__schis02_bddfd533d3a381,train,-1,-1,-1,-1,-1
sycaudit__schis02_bdf03442f102b6,train,-1,-1,-1,-1,-1
sycaudit__schis02_bdfcd0bac6d49a,train,-1,-1,-1,-1,-1
sycaudit__schis02_be0d95dc870c5c,train,-1,-1,-1,-1,-1
sycaudit__schis02_be51d16081eb41,test,0,0,0,0,0
sycaudit__schis02_be6cfd85ad791a,train,-1,-1,-1,-1,-1
sycaudit__schis02_bec8164f8dde43,train,-1,-1,-1,-1,-1
sycaudit__schis02_bef5a93f3ce230,test,0,0,0,0,0
sycaudit__schis02_bf1a1e5b57a0e7,train,-1,-1,-1,-1,-1
sycaudit__schis02_bf4bdc0a9c8d37,test,0,0,0,0,0
sycaudit__schis02_bf5fb8485b0e54,test,0,0,0,0,0
sycaudit__schis02_bfb5ec7d658397,test,0,0,0,0,0
sycaudit__schis02_bfc2479cdf10b4,train,-1,-1,-1,-1,-1
sycaudit__schis02_bfc5b5311ffd0e,train,-1,-1,-1,-1,-1
sycaudit__schis02_bfcb36602349fb,train,-1,-1,-1,-1,-1
sycaudit__schis02_bfea8e75f8ff93,test,0,0,0,0,0
sycaudit__schis02_bff036cdc79d1a,train,-1,-1,-1,-1,-1
sycaudit__schis02_c0102fa3b76903,validation,0,0,0,0,1
sycaudit__schis02_c016bc01d4d9e2,train,-1,-1,-1,-1,-1
sycaudit__schis02_c022985a77e0fa,train,-1,-1,-1,-1,-1
sycaudit__schis02_c03c8d3f09dc83,train,-1,-1,-1,-1,-1
sycaudit__schis02_c0899b102f63b9,train,-1,-1,-1,-1,-1
sycaudit__schis02_c0adcca63e50cd,train,-1,-1,-1,-1,-1
sycaudit__schis02_c0b9a654774d3a,validation,0,0,0,0,0
sycaudit__schis02_c123ec7df96d2b,train,-1,-1,-1,-1,-1
sycaudit__schis02_c130d2cefb65dd,validation,0,0,0,0,0
sycaudit__schis02_c156d6ae204d45,train,-1,-1,-1,-1,-1
sycaudit__schis02_c1690a3662284c,train,-1,-1,-1,-1,-1
sycaudit__schis02_c1d8ec1172fdb3,validation,2,0,2,2,2
sycaudit__schis02_c1fdf0c1775ad5,train,-1,-1,-1,-1,-1
sycaudit__schis02_c2122b6fdac3bd,test,0,0,0,0,0
sycaudit__schis02_c232437e71055a,train,-1,-1,-1,-1,-1
sycaudit__schis02_c232de4c843166,train,-1,-1,-1,-1,-1
sycaudit__schis02_c25ea126a96a8b,train,-1,-1,-1,-1,-1
sycaudit__schis02_c270302fb10250,train,-1,-1,-1,-1,-1
sycaudit__schis02_c2a07be859d194,train,-1,-1,-1,-1,-1
sycaudit__schis02_c2bcc6683df20e,test,0,0,0,0,0
sycaudit__schis02_c2c909cb34cd01,train,-1,-1,-1,-1,-1
sycaudit__schis02_c3533765b8a76d,train,-1,-1,-1,-1,-1
sycaudit__schis02_c3651b2ece1ebc,test,0,0,0,0,0
sycaudit__schis02_c37789f22238d5,validation,0,0,0,0,0
sycaudit__schis02_c382fd9f7a6d4c,train,-1,-1,-1,-1,-1
sycaudit__schis02_c3aed5e82970ee,train,-1,-1,-1,-1,-1
sycaudit__schis02_c3aeebef0d0451,validation,0,0,0,0,0
sycaudit__schis02_c41ebe282df525,test,0,0,0,0,0
sycaudit__schis02_c4216ab45691c2,test,0,0,0,0,0
sycaudit__schis02_c433e0522b3e2b,validation,1,0,0,1,2
sycaudit__schis02_c43e53b529a01a,train,-1,-1,-1,-1,-1
sycaudit__schis02_c443dfc5da831c,train,-1,-1,-1,-1,-1
sycaudit__schis02_c448d59017faca,train,-1,-1,-1,-1,-1
sycaudit__schis02_c46efd778f4002,train,-1,-1,-1,-1,-1
sycaudit__schis02_c48c12f9fa720d,train,-1,-1,-1,-1,-1
sycaudit__schis02_c4f04573c96a3f,validation,0,0,0,0,0
sycaudit__schis02_c4fd1fb4696383,train,-1,-1,-1,-1,-1
sycaudit__schis02_c501144664cc3b,train,-1,-1,-1,-1,-1
sycaudit__schis02_c50d1100436695,train,-1,-1,-1,-1,-1
sycaudit__schis02_c52b2475f62952,train,-1,-1,-1,-1,-1
sycaudit__schis02_c5412ff078f959,train,-1,-1,-1,-1,-1
sycaudit__schis02_c59fbd6735161f,validation,0,0,0,0,0
sycaudit__schis02_c5a002dc2c65d5,train,-1,-1,-1,-1,-1
sycaudit__schis02_c5cdfac47bd743,train,-1,-1,-1,-1,-1
sycaudit__schis02_c5ecca03af53a3,train,-1,-1,-1,-1,-1
sycaudit__schis02_c5ee9de75f276f,train,-1,-1,-1,-1,-1
sycaudit__schis02_c6218d738d48d0,train,-1,-1,-1,-1,-1
sycaudit__schis02_c630979fdfb713,train,-1,-1,-1,-1,-1
sycaudit__schis02_c6525acaa01339,train,-1,-1,-1,-1,-1
sycaudit__schis02_c666541247045a,test,0,0,0,0,0
sycaudit__schis02_c685e81c63ce52,train,-1,-1,-1,-1,-1
sycaudit__schis02_c68953048c9fc3,train,-1,-1,-1,-1,-1
sycaudit__schis02_c6a0e8a7898401,test,0,0,0,0,0
sycaudit__schis02_c6de216e0ae2cc,train,-1,-1,-1,-1,-1
sycaudit__schis02_c719cde0a994b7,test,0,0,0,0,0
sycaudit__schis02_c7379d22cb2641,validation,0,0,0,0,0
sycaudit__schis02_c769303e29611c,test,0,0,0,0,0
sycaudit__schis02_c769b4c80081fc,train,-1,-1,-1,-1,-1
sycaudit__schis02_c7a3cedcba8ecb,test,0,0,0,0,0
sycaudit__schis02_c7b08d2579592b,train,-1,-1,-1,-1,-1
sycaudit__schis02_c8033ea80b1870,train,-1,-1,-1,-1,-1
sycaudit__schis02_c80af1252eccd7,train,-1,-1,-1,-1,-1
sycaudit__schis02_c82062261447fa,test,0,0,0,0,0
sycaudit__schis02_c843a5b6ad6fad,train,-1,-1,-1,-1,-1
sycaudit__schis02_c877c8babba4ad,train,-1,-1,-1,-1,-1
sycaudit__schis02_c888d9f2584e16,train,-1,-1,-1,-1,-1
sycaudit__schis02_c8b77f6443e1b9,train,-1,-1,-1,-1,-1
sycaudit__schis02_c8b8901faf5e93,validation,0,0,0,0,0
sycaudit__schis02_c8dc65779233a2,train,-1,-1,-1,-1,-1
sycaudit__schis02_c8e4fec74b1765,validation,0,0,0,0,0
sycaudit__schis02_c929410f48d0fc,train,-1,-1,-1,-1,-1
sycaudit__schis02_c93e46844607d1,train,-1,-1,-1,-1,-1
sycaudit__schis02_c94e18a09c6a4a,train,-1,-1,-1,-1,-1
sycaudit__schis02_c9649a654632b7,train,-1,-1,-1,-1,-1
sycaudit__schis02_c999a0042fe9a7,train,-1,-1,-1,-1,-1
sycaudit__schis02_c9fe3502dec809,train,-1,-1,-1,-1,-1
sycaudit__schis02_ca2e2f72a23edf,train,-1,-1,-1,-1,-1
sycaudit__schis02_ca50aa3826eb5d,train,-1,-1,-1,-1,-1
sycaudit__schis02_ca63b1e76a7903,train,-1,-1,-1,-1,-1
sycaudit__schis02_ca6483d2118985,train,-1,-1,-1,-1,-1
sycaudit__schis02_ca68cb4cf681f4,train,-1,-1,-1,-1,-1
sycaudit__schis02_ca6ce6a6158a80,test,2,0,2,2,2
sycaudit__schis02_ca71b92199af05,train,-1,-1,-1,-1,-1
sycaudit__schis02_ca84f8d78f6bff,train,-1,-1,-1,-1,-1
sycaudit__schis02_ca8e9243413d3a,test,0,0,0,0,0
sycaudit__schis02_ca94607b397509,train,-1,-1,-1,-1,-1
sycaudit__schis02_ca9d062799b583,validation,0,0,0,0,0
sycaudit__schis02_cb1417d93506b7,train,-1,-1,-1,-1,-1
sycaudit__schis02_cb37c4ee2d6873,train,-1,-1,-1,-1,-1
sycaudit__schis02_cb4b8a00665a17,test,0,0,0,0,0
sycaudit__schis02_cb8d4087f56902,train,-1,-1,-1,-1,-1
sycaudit__schis02_cbbbf31e47052d,train,-1,-1,-1,-1,-1
sycaudit__schis02_cbc2bc6e0c8a15,test,0,0,0,0,0
sycaudit__schis02_cbffd008da2514,validation,0,0,0,0,0
sycaudit__schis02_cc0f7c8ed48f7f,train,-1,-1,-1,-1,-1
sycaudit__schis02_cc219362d62285,train,-1,-1,-1,-1,-1
sycaudit__schis02_cc3240b060b1d0,test,0,0,0,0,0
sycaudit__schis02_cc770d651e7b83,test,0,0,0,0,0
sycaudit__schis02_cc8b0b782e57a2,validation,2,0,2,2,2
sycaudit__schis02_cc8cdfa3ffeadb,train,-1,-1,-1,-1,-1
sycaudit__schis02_cce79b77a67b06,train,-1,-1,-1,-1,-1
sycaudit__schis02_cd0b0e7ad3c8cc,train,-1,-1,-1,-1,-1
sycaudit__schis02_cd568a50b952d7,train,-1,-1,-1,-1,-1
sycaudit__schis02_cd56929da92212,train,-1,-1,-1,-1,-1
sycaudit__schis02_cda85a30db45c7,train,-1,-1,-1,-1,-1
sycaudit__schis02_cdaeb626575649,test,0,0,0,0,0
sycaudit__schis02_cdfb517ef7d75b,test,0,0,0,0,0
sycaudit__schis02_cdfc1b70391e9b,train,-1,-1,-1,-1,-1
sycaudit__schis02_ce7c93fdced159,validation,0,0,0,0,0
sycaudit__schis02_cea5678ed13f6e,test,0,0,0,0,0
sycaudit__schis02_cec4ff5b26794e,validation,0,0,0,0,0
sycaudit__schis02_cf194e8b069939,train,-1,-1,-1,-1,-1
sycaudit__schis02_cf31a12e6376b5,train,-1,-1,-1,-1,-1
sycaudit__schis02_cf3499fbbd4c40,train,-1,-1,-1,-1,-1
sycaudit__schis02_cf719ccabb5e16,train,-1,-1,-1,-1,-1
sycaudit__schis02_cf901e47f36b60,train,-1,-1,-1,-1,-1
sycaudit__schis02_cf94e7d7a0f6d6,train,-1,-1,-1,-1,-1
sycaudit__schis02_cfa466570903c4,test,0,0,0,0,0
sycaudit__schis02_cfcbecaa54e3b0,train,-1,-1,-1,-1,-1
sycaudit__schis02_d01f29b1ae9da3,test,0,0,0,0,0
sycaudit__schis02_d0a65ac5d060b2,validation,0,0,2,0,0
sycaudit__schis02_d0b5b6d03eb6e6,test,0,0,0,0,0
sycaudit__schis02_d0dafaa25b28e9,train,-1,-1,-1,-1,-1
sycaudit__schis02_d1039fc8be14a3,train,-1,-1,-1,-1,-1
sycaudit__schis02_d16dc29ba35495,validation,2,0,2,2,0
sycaudit__schis02_d20098b69e1ce2,train,-1,-1,-1,-1,-1
sycaudit__schis02_d20417e97d1529,test,0,0,0,0,0
sycaudit__schis02_d22725517bd86f,train,-1,-1,-1,-1,-1
sycaudit__schis02_d231d9e2004d42,train,-1,-1,-1,-1,-1
sycaudit__schis02_d23306143fc8db,train,-1,-1,-1,-1,-1
sycaudit__schis02_d234c10009b280,train,-1,-1,-1,-1,-1
sycaudit__schis02_d25099943da71b,train,-1,-1,-1,-1,-1
sycaudit__schis02_d254c9204c0fd5,test,0,0,0,0,0
sycaudit__schis02_d26892e5b98a50,train,-1,-1,-1,-1,-1
sycaudit__schis02_d26ee6d2cd6b3a,train,-1,-1,-1,-1,-1
sycaudit__schis02_d2b1f5f3e175e8,train,-1,-1,-1,-1,-1
sycaudit__schis02_d2f4de34b94922,test,0,0,0,0,0
sycaudit__schis02_d2ffd2cdafc349,train,-1,-1,-1,-1,-1
sycaudit__schis02_d30312ed4ba50d,validation,0,0,0,0,0
sycaudit__schis02_d30dd93ff907b5,test,0,0,0,0,0
sycaudit__schis02_d33226de1858e2,train,-1,-1,-1,-1,-1
sycaudit__schis02_d339d5dc2d69ca,train,-1,-1,-1,-1,-1
sycaudit__schis02_d3540ed8dff116,train,-1,-1,-1,-1,-1
sycaudit__schis02_d39bb81d7b04b6,train,-1,-1,-1,-1,-1
sycaudit__schis02_d3a1db04f7a1fc,train,-1,-1,-1,-1,-1
sycaudit__schis02_d3ef62b78165d5,train,-1,-1,-1,-1,-1
sycaudit__schis02_d402028a610dd9,train,-1,-1,-1,-1,-1
sycaudit__schis02_d4a15a5df5af09,validation,0,0,0,0,0
sycaudit__schis02_d4c9bf803c511d,train,-1,-1,-1,-1,-1
sycaudit__schis02_d4d75400ffd4d2,train,-1,-1,-1,-1,-1
sycaudit__schis02_d4dfb302ebb1f4,validation,0,0,0,0,0
sycaudit__schis02_d4fc073169ec0f,validation,0,0,0,0,0
sycaudit__schis02_d50ec3c97a8724,validation,0,0,0,0,0
sycaudit__schis02_d5697f30db5d1d,train,-1,-1,-1,-1,-1
sycaudit__schis02_d581972cc76c6d,test,0,0,0,0,0
sycaudit__schis02_d58d37fb2d9c2a,train,-1,-1,-1,-1,-1
sycaudit__schis02_d59a2ba7e67164,validation,0,0,0,0,0
sycaudit__schis02_d5a10b42379959,train,-1,-1,-1,-1,-1
sycaudit__schis02_d5dd22cc054d68,train,-1,-1,-1,-1,-1
sycaudit__schis02_d5ea04cacbc793,validation,0,0,0,0,0
sycaudit__schis02_d6096866c329f6,train,-1,-1,-1,-1,-1
sycaudit__schis02_d61e43658c84cc,train,-1,-1,-1,-1,-1
sycaudit__schis02_d625662e2a1428,train,-1,-1,-1,-1,-1
sycaudit__schis02_d629a28df85011,test,0,0,0,0,0
sycaudit__schis02_d62bac3dbb264a,validation,1,0,2,1,2
sycaudit__schis02_d62d09f36ce14b,validation,0,0,0,0,0
sycaudit__schis02_d6758524b77105,train,-1,-1,-1,-1,-1
sycaudit__schis02_d6a11aed00f5a1,train,-1,-1,-1,-1,-1
sycaudit__schis02_d6a516a91373d9,train,-1,-1,-1,-1,-1
sycaudit__schis02_d6c5e7d3cb21be,validation,0,0,0,0,0
sycaudit__schis02_d6d8b1a831e91e,train,-1,-1,-1,-1,-1
sycaudit__schis02_d6e56185ffa373,validation,0,0,0,0,0
sycaudit__schis02_d769f7c49d1a7f,validation,2,0,2,2,2
sycaudit__schis02_d76a687be7131b,train,-1,-1,-1,-1,-1
sycaudit__schis02_d7756fd7980f54,test,0,0,0,0,0
sycaudit__schis02_d7848192f1ba0c,train,-1,-1,-1,-1,-1
sycaudit__schis02_d7de1072ce1213,train,-1,-1,-1,-1,-1
sycaudit__schis02_d7df0d23da15c1,train,-1,-1,-1,-1,-1
sycaudit__schis02_d7f62f3d647181,train,-1,-1,-1,-1,-1
sycaudit__schis02_d805be890b50fd,train,-1,-1,-1,-1,-1
sycaudit__schis02_d80a6645c243a0,train,-1,-1,-1,-1,-1
sycaudit__schis02_d87bda60fc17cf,test,2,0,2,0,0
sycaudit__schis02_d88684e279905c,test,0,0,0,0,0
sycaudit__schis02_d89728cce8f645,train,-1,-1,-1,-1,-1
sycaudit__schis02_d8d3dba24cb5ad,train,-1,-1,-1,-1,-1
sycaudit__schis02_d8f854af8a0bad,train,-1,-1,-1,-1,-1
sycaudit__schis02_d91258e948b946,train,-1,-1,-1,-1,-1
sycaudit__schis02_d98da61d004a9c,train,-1,-1,-1,-1,-1
sycaudit__schis02_d998b95552cc49,train,-1,-1,-1,-1,-1
sycaudit__schis02_d9bb12b25ba7c6,train,-1,-1,-1,-1,-1
sycaudit__schis02_da0bf08728e28e,train,-1,-1,-1,-1,-1
sycaudit__schis02_da1e2c3ca88f3d,train,-1,-1,-1,-1,-1
sycaudit__schis02_da375e5cb6517d,train,-1,-1,-1,-1,-1
sycaudit__schis02_da42730b8b998f,train,-1,-1,-1,-1,-1
sycaudit__schis02_da4c080f52d9d5,train,-1,-1,-1,-1,-1
sycaudit__schis02_da80d3264d1625,train,-1,-1,-1,-1,-1
sycaudit__schis02_da80fe849a19d3,validation,0,0,0,0,0
sycaudit__schis02_dab96bfd9cfdad,train,-1,-1,-1,-1,-1
sycaudit__schis02_dabb52667f55f8,train,-1,-1,-1,-1,-1
sycaudit__schis02_dafee28eec740e,train,-1,-1,-1,-1,-1
sycaudit__schis02_db0c11c8e62d01,train,-1,-1,-1,-1,-1
sycaudit__schis02_db19aba22870ae,train,-1,-1,-1,-1,-1
sycaudit__schis02_db41d044597042,train,-1,-1,-1,-1,-1
sycaudit__schis02_db53ad91509221,train,-1,-1,-1,-1,-1
sycaudit__schis02_db5a98755dcf83,train,-1,-1,-1,-1,-1
sycaudit__schis02_db9681409fbf48,train,-1,-1,-1,-1,-1
sycaudit__schis02_dbe0db574e9420,train,-1,-1,-1,-1,-1
sycaudit__schis02_dbe1103e6f33df,train,-1,-1,-1,-1,-1
sycaudit__schis02_dc68acfcfb2d0e,test,2,0,2,0,0
sycaudit__schis02_dcb01856874293,train,-1,-1,-1,-1,-1
sycaudit__schis02_dce6e4e9473618,train,-1,-1,-1,-1,-1
sycaudit__schis02_dd4a1abad2de4b,train,-1,-1,-1,-1,-1
sycaudit__schis02_dd55bd6cb32fc6,train,-1,-1,-1,-1,-1
sycaudit__schis02_ddf7aed2107be1,train,-1,-1,-1,-1,-1
sycaudit__schis02_de02ec5e86cc32,train,-1,-1,-1,-1,-1
sycaudit__schis02_de359503071747,train,-1,-1,-1,-1,-1
sycaudit__schis02_de5309f3d430f5,test,2,0,2,2,0
sycaudit__schis02_de57631af76092,test,2,0,2,0,0
sycaudit__schis02_de681413030029,train,-1,-1,-1,-1,-1
sycaudit__schis02_de79cb3955ace4,train,-1,-1,-1,-1,-1
sycaudit__schis02_deba6a06327e46,train,-1,-1,-1,-1,-1
sycaudit__schis02_deda26b4e04d33,train,-1,-1,-1,-1,-1
sycaudit__schis02_deee1cb61a385b,validation,0,0,0,0,0
sycaudit__schis02_df148c97c68495,train,-1,-1,-1,-1,-1
sycaudit__schis02_df5e417357af07,train,-1,-1,-1,-1,-1
sycaudit__schis02_df6112542114be,test,0,0,0,0,0
sycaudit__schis02_df87c689bafb77,train,-1,-1,-1,-1,-1
sycaudit__schis02_df946b79db518f,train,-1,-1,-1,-1,-1
sycaudit__schis02_dfc895a9e41c74,train,-1,-1,-1,-1,-1
sycaudit__schis02_dfcea3835cc771,train,-1,-1,-1,-1,-1
sycaudit__schis02_dfe8502fa98a09,validation,0,0,0,0,0
sycaudit__schis02_dff618b8cede20,train,-1,-1,-1,-1,-1
sycaudit__schis02_e02035f84486a1,train,-1,-1,-1,-1,-1
sycaudit__schis02_e04ed712e85b6f,train,-1,-1,-1,-1,-1
sycaudit__schis02_e08dd70063f790,train,-1,-1,-1,-1,-1
sycaudit__schis02_e09156f88317fb,test,0,0,0,0,0
sycaudit__schis02_e09ae339365db9,validation,0,0,0,0,0
sycaudit__schis02_e09e9e4505e7c4,train,-1,-1,-1,-1,-1
sycaudit__schis02_e0b6ef846e4693,train,-1,-1,-1,-1,-1
sycaudit__schis02_e0bfce1942c3f7,train,-1,-1,-1,-1,-1
sycaudit__schis02_e0d1019607af34,train,-1,-1,-1,-1,-1
sycaudit__schis02_e0f10cbe9f44df,train,-1,-1,-1,-1,-1
sycaudit__schis02_e1064575551c73,train,-1,-1,-1,-1,-1
sycaudit__schis02_e14f533ded18ea,validation,0,0,0,0,0
sycaudit__schis02_e165fd644f24d2,train,-1,-1,-1,-1,-1
sycaudit__schis02_e16d6fbd71830f,train,-1,-1,-1,-1,-1
sycaudit__schis02_e19503fe067f3c,test,0,0,0,0,0
sycaudit__schis02_e195c70b581e69,train,-1,-1,-1,-1,-1
sycaudit__schis02_e1c2a80c141499,train,-1,-1,-1,-1,-1
sycaudit__schis02_e1df6f8d54f7e9,train,-1,-1,-1,-1,-1
sycaudit__schis02_e1ffb2e76a9373,validation,0,0,0,0,0
sycaudit__schis02_e204f1cb7fbad4,validation,0,0,0,0,0
sycaudit__schis02_e22de6a5d29a4b,train,-1,-1,-1,-1,-1
sycaudit__schis02_e23b289d18ce5e,train,-1,-1,-1,-1,-1
sycaudit__schis02_e2666fc4aadaea,train,-1,-1,-1,-1,-1
sycaudit__schis02_e27b36c9f86bfb,train,-1,-1,-1,-1,-1
sycaudit__schis02_e29eb0093e5bbf,train,-1,-1,-1,-1,-1
sycaudit__schis02_e2e060754bd173,validation,0,0,0,0,0
sycaudit__schis02_e2e41e9372144f,validation,0,0,0,0,0
sycaudit__schis02_e2e5e72fee3612,train,-1,-1,-1,-1,-1
sycaudit__schis02_e2f4dde394ba9c,test,0,0,0,0,0
sycaudit__schis02_e3155031ca84ca,train,-1,-1,-1,-1,-1
sycaudit__schis02_e3238863d9ba43,train,-1,-1,-1,-1,-1
sycaudit__schis02_e34d25c824657c,train,-1,-1,-1,-1,-1
sycaudit__schis02_e35118d4081069,validation,0,0,0,0,0
sycaudit__schis02_e358ef69ccbafc,train,-1,-1,-1,-1,-1
sycaudit__schis02_e38945f247eded,validation,0,0,0,0,0
sycaudit__schis02_e38d06edce7367,train,-1,-1,-1,-1,-1
sycaudit__schis02_e3a6e2dcb3d129,validation,0,0,0,0,0
sycaudit__schis02_e3c0fedccadabf,train,-1,-1,-1,-1,-1
sycaudit__schis02_e40c1f920c1a39,validation,0,0,0,0,0
sycaudit__schis02_e426f480f756c7,train,-1,-1,-1,-1,-1
sycaudit__schis02_e45c913cfa002b,validation,0,0,0,0,0
sycaudit__schis02_e462907147bdf5,test,0,0,0,0,0
sycaudit__schis02_e49f86a63b0862,train,-1,-1,-1,-1,-1
sycaudit__schis02_e4f266bbc90c7a,train,-1,-1,-1,-1,-1
sycaudit__schis02_e4ff9b5a3cb071,train,-1,-1,-1,-1,-1
sycaudit__schis02_e5010b00867794,train,-1,-1,-1,-1,-1
sycaudit__schis02_e50bed4558bf32,train,-1,-1,-1,-1,-1
sycaudit__schis02_e5233d65630c8e,train,-1,-1,-1,-1,-1
sycaudit__schis02_e529d49dd756fe,train,-1,-1,-1,-1,-1
sycaudit__schis02_e54d739052d936,train,-1,-1,-1,-1,-1
sycaudit__schis02_e585b6ba14e2de,test,0,0,0,0,0
sycaudit__schis02_e5da56c0d0ada9,train,-1,-1,-1,-1,-1
sycaudit__schis02_e5fc471fd053b7,train,-1,-1,-1,-1,-1
sycaudit__schis02_e615cfe3419db3,train,-1,-1,-1,-1,-1
sycaudit__schis02_e690c6a6987d08,train,-1,-1,-1,-1,-1
sycaudit__schis02_e695e6d12bacbe,test,0,0,0,0,0
sycaudit__schis02_e69fcbb4acd736,train,-1,-1,-1,-1,-1
sycaudit__schis02_e6ddb1ac59b146,train,-1,-1,-1,-1,-1
sycaudit__schis02_e72f995cd82d10,train,-1,-1,-1,-1,-1
sycaudit__schis02_e7698282dc14b5,train,-1,-1,-1,-1,-1
sycaudit__schis02_e792651477d0bc,train,-1,-1,-1,-1,-1
sycaudit__schis02_e79c742a8086d8,train,-1,-1,-1,-1,-1
sycaudit__schis02_e7b9b937a6465d,train,-1,-1,-1,-1,-1
sycaudit__schis02_e7c4134f62b901,validation,0,0,0,0,0
sycaudit__schis02_e7d65c5f5d1d1e,validation,0,0,0,0,0
sycaudit__schis02_e7de7bbfdceb2e,train,-1,-1,-1,-1,-1
sycaudit__schis02_e7ecec1ccae5ee,train,-1,-1,-1,-1,-1
sycaudit__schis02_e817339f2b2ba8,train,-1,-1,-1,-1,-1
sycaudit__schis02_e8297cbd4206cd,train,-1,-1,-1,-1,-1
sycaudit__schis02_e829fe5938bbfa,test,0,0,0,0,0
sycaudit__schis02_e82b1323d4b0e2,train,-1,-1,-1,-1,-1
sycaudit__schis02_e898dc75221c50,train,-1,-1,-1,-1,-1
sycaudit__schis02_e8a012f7bd06b7,train,-1,-1,-1,-1,-1
sycaudit__schis02_e8a659169a914b,train,-1,-1,-1,-1,-1
sycaudit__schis02_e8d03aafddd498,validation,0,0,0,0,0
sycaudit__schis02_e8d4df96469f55,train,-1,-1,-1,-1,-1
sycaudit__schis02_e8d581c09a08af,test,0,0,0,0,0
sycaudit__schis02_e8eda9b3617c66,test,0,0,0,0,0
sycaudit__schis02_e8eff1ef62c667,test,0,0,0,0,0
sycaudit__schis02_e8f5ffa13802cc,train,-1,-1,-1,-1,-1
sycaudit__schis02_e9005d4bcc14a7,train,-1,-1,-1,-1,-1
sycaudit__schis02_e913079160ca5f,test,0,0,0,0,0
sycaudit__schis02_e94bd7ab707a8c,train,-1,-1,-1,-1,-1
sycaudit__schis02_e94f3d47b0f632,train,-1,-1,-1,-1,-1
sycaudit__schis02_e973474739470d,train,-1,-1,-1,-1,-1
sycaudit__schis02_e978c556d9a6fe,test,0,0,0,0,0
sycaudit__schis02_e9a4280ffd98ca,train,-1,-1,-1,-1,-1
sycaudit__schis02_e9b582b2367160,test,0,0,0,0,0
sycaudit__schis02_e9da4530e0fe05,train,-1,-1,-1,-1,-1
sycaudit__schis02_ea08955ac8c91f,train,-1,-1,-1,-1,-1
sycaudit__schis02_ea1955ae690ea1,train,-1,-1,-1,-1,-1
sycaudit__schis02_ea7f0f27a97b47,train,-1,-1,-1,-1,-1
sycaudit__schis02_ea906588df0105,train,-1,-1,-1,-1,-1
sycaudit__schis02_ea91409a5d5d23,test,0,0,0,0,0
sycaudit__schis02_ea9b67b6a10197,train,-1,-1,-1,-1,-1
sycaudit__schis02_eaad89f32c64b7,train,-1,-1,-1,-1,-1
sycaudit__schis02_eac2477b9294f5,train,-1,-1,-1,-1,-1
sycaudit__schis02_eb203c5ca50dc8,train,-1,-1,-1,-1,-1
sycaudit__schis02_eb69e8c5db63c5,train,-1,-1,-1,-1,-1
sycaudit__schis02_eb736755c49eca,train,-1,-1,-1,-1,-1
sycaudit__schis02_eb74c38a4d7bbd,train,-1,-1,-1,-1,-1
sycaudit__schis02_eb89888f199345,train,-1,-1,-1,-1,-1
sycaudit__schis02_eb956c50ee45dc,train,-1,-1,-1,-1,-1
sycaudit__schis02_ebba44f6d60884,train,-1,-1,-1,-1,-1
sycaudit__schis02_ebd5473fb99828,validation,2,0,2,2,2
sycaudit__schis02_ec2be6dd913f9d,train,-1,-1,-1,-1,-1
sycaudit__schis02_ec4a8da1237d88,train,-1,-1,-1,-1,-1
sycaudit__schis02_ec53cfe6e67942,validation,0,0,0,0,0
sycaudit__schis02_ec60b46cad525d,validation,0,0,0,0,0
sycaudit__schis02_ec62c85cfd3874,train,-1,-1,-1,-1,-1
sycaudit__schis02_ec9a8f515fb2af,test,0,0,0,0,0
sycaudit__schis02_eca97e2dbf5df0,train,-1,-1,-1,-1,-1
sycaudit__schis02_ecc9d5919c77e3,test,2,0,2,1,0
sycaudit__schis02_ecda315c6e1491,train,-1,-1,-1,-1,-1
sycaudit__schis02_ecdb65751a3df7,train,-1,-1,-1,-1,-1
sycaudit__schis02_ed1c95e9f57cff,train,-1,-1,-1,-1,-1
sycaudit__schis02_ed23fa4e66e42e,train,-1,-1,-1,-1,-1
sycaudit__schis02_edadf9858fc37d,test,0,0,0,0,0
sycaudit__schis02_edbeb254dfeb6b,train,-1,-1,-1,-1,-1
sycaudit__schis02_edbeb53d37ef18,train,-1,-1,-1,-1,-1
sycaudit__schis02_edc1f7381ff4e4,test,0,0,0,0,0
sycaudit__schis02_edc306e47c377f,train,-1,-1,-1,-1,-1
sycaudit__schis02_edebd0f3f36fd6,validation,0,0,0,0,0
sycaudit__schis02_ee144d001dbde4,test,0,0,0,0,0
sycaudit__schis02_ee15a2c4d7a209,train,-1,-1,-1,-1,-1
sycaudit__schis02_ee33cf46ca8ae0,train,-1,-1,-1,-1,-1
sycaudit__schis02_ee4a875d4e84b7,test,0,0,0,0,0
sycaudit__schis02_ee55716a089d0c,train,-1,-1,-1,-1,-1
sycaudit__schis02_ee5a5ce281c8ec,validation,0,0,0,0,0
sycaudit__schis02_ee8e26f9b5fc82,validation,0,0,0,0,0
sycaudit__schis02_eebb188a69692b,train,-1,-1,-1,-1,-1
sycaudit__schis02_eee484d6f487d0,validation,0,0,0,0,0
sycaudit__schis02_ef3c87453d9b09,train,-1,-1,-1,-1,-1
sycaudit__schis02_ef45bf2a91b674,test,0,0,0,0,0
sycaudit__schis02_ef46f27c9d54f5,train,-1,-1,-1,-1,-1
sycaudit__schis02_ef4a3be7dab263,train,-1,-1,-1,-1,-1
sycaudit__schis02_ef646d5b499ee5,train,-1,-1,-1,-1,-1
sycaudit__schis02_ef754ab4bb285a,test,0,0,0,0,0
sycaudit__schis02_efa8b3334342c7,train,-1,-1,-1,-1,-1
sycaudit__schis02_f0211dd226ba4f,train,-1,-1,-1,-1,-1
sycaudit__schis02_f031ac5ffb4d87,train,-1,-1,-1,-1,-1
sycaudit__schis02_f045ad653c1e55,train,-1,-1,-1,-1,-1
sycaudit__schis02_f04fbad1d5c6f5,train,-1,-1,-1,-1,-1
sycaudit__schis02_f05a8ab0088922,train,-1,-1,-1,-1,-1
sycaudit__schis02_f06fc53c1f54cb,train,-1,-1,-1,-1,-1
sycaudit__schis02_f08588f1b425d9,test,0,0,0,0,0
sycaudit__schis02_f0aa1ad521d195,train,-1,-1,-1,-1,-1
sycaudit__schis02_f0aad71a16201f,test,0,0,0,0,0
sycaudit__schis02_f0ab6f80233657,train,-1,-1,-1,-1,-1
sycaudit__schis02_f0bc69963afc42,train,-1,-1,-1,-1,-1
sycaudit__schis02_f0e58c58962bc4,train,-1,-1,-1,-1,-1
sycaudit__schis02_f0e9727ce3677f,train,-1,-1,-1,-1,-1
sycaudit__schis02_f1089083777115,train,-1,-1,-1,-1,-1
sycaudit__schis02_f10f99dbe13ac0,train,-1,-1,-1,-1,-1
sycaudit__schis02_f128925e9c3fde,test,0,0,0,0,0
sycaudit__schis02_f12cbff44bb0d2,validation,2,0,2,1,2
sycaudit__schis02_f1422e07a37985,train,-1,-1,-1,-1,-1
sycaudit__schis02_f17fb6859d117b,validation,0,0,0,0,0
sycaudit__schis02_f1821d1aceaa2b,test,0,0,0,0,0
sycaudit__schis02_f1b4cd322aad47,validation,0,0,0,0,0
sycaudit__schis02_f1beeb49dd7b34,test,0,0,0,0,0
sycaudit__schis02_f1c013177e0cb2,train,-1,-1,-1,-1,-1
sycaudit__schis02_f1c8ba12dec1e7,test,0,0,0,0,0
sycaudit__schis02_f1d5bac35cd753,train,-1,-1,-1,-1,-1
sycaudit__schis02_f1f77071ee13af,test,0,0,0,0,0
sycaudit__schis02_f225714c25d7a6,train,-1,-1,-1,-1,-1
sycaudit__schis02_f23d19229b43a3,train,-1,-1,-1,-1,-1
sycaudit__schis02_f26775f0211ab3,train,-1,-1,-1,-1,-1
sycaudit__schis02_f275edae1ce746,test,0,0,0,0,0
sycaudit__schis02_f28e877ca619ae,train,-1,-1,-1,-1,-1
sycaudit__schis02_f2cfb8b06353f6,train,-1,-1,-1,-1,-1
sycaudit__schis02_f316ec891f855c,train,-1,-1,-1,-1,-1
sycaudit__schis02_f32f7e060c4be2,train,-1,-1,-1,-1,-1
sycaudit__schis02_f35a929ed92488,validation,0,0,0,0,0
sycaudit__schis02_f369ac4a5d12e6,train,-1,-1,-1,-1,-1
sycaudit__schis02_f3b51f2e57c513,train,-1,-1,-1,-1,-1
sycaudit__schis02_f3f1c613c7f7fd,train,-1,-1,-1,-1,-1
sycaudit__schis02_f40cc094073091,train,-1,-1,-1,-1,-1
sycaudit__schis02_f416d732b13c1a,train,-1,-1,-1,-1,-1
sycaudit__schis02_f4337ccd2a54a7,train,-1,-1,-1,-1,-1
sycaudit__schis02_f43deea398a24d,train,-1,-1,-1,-1,-1
sycaudit__schis02_f46707d799a8ff,validation,0,0,0,0,0
sycaudit__schis02_f4723c350eba4d,train,-1,-1,-1,-1,-1
sycaudit__schis02_f4756e487f0f1d,train,-1,-1,-1,-1,-1
sycaudit__schis02_f48d0aa9fc1cae,train,-1,-1,-1,-1,-1
sycaudit__schis02_f4d6ad7950b480,train,-1,-1,-1,-1,-1
sycaudit__schis02_f5082f7b25c679,train,-1,-1,-1,-1,-1
sycaudit__schis02_f53af47c6df018,train,-1,-1,-1,-1,-1
sycaudit__schis02_f5571064d5c568,validation,0,0,0,0,0
sycaudit__schis02_f59b4e7893ce33,train,-1,-1,-1,-1,-1
sycaudit__schis02_f5b582d625a27b,train,-1,-1,-1,-1,-1
sycaudit__schis02_f5c434e66ef841,validation,0,0,0,0,0
sycaudit__schis02_f5ca5a268925c2,test,0,0,0,0,0
sycaudit__schis02_f61edd00a9e43f,test,0,0,0,0,0
sycaudit__schis02_f637e5bac0be13,validation,0,0,0,0,0
sycaudit__schis02_f63c8f13d40c5a,train,-1,-1,-1,-1,-1
sycaudit__schis02_f65aeea1e4bcc5,train,-1,-1,-1,-1,-1
sycaudit__schis02_f67e1f2756cc06,train,-1,-1,-1,-1,-1
sycaudit__schis02_f6a406d055c594,train,-1,-1,-1,-1,-1
sycaudit__schis02_f6ca12cb5ae99b,train,-1,-1,-1,-1,-1
sycaudit__schis02_f73fd28d39421b,train,-1,-1,-1,-1,-1
sycaudit__schis02_f785ab74ba55dd,validation,0,0,0,0,0
sycaudit__schis02_f79a6e9ae5130b,validation,2,0,2,2,2
sycaudit__schis02_f79eb35c99f748,train,-1,-1,-1,-1,-1
sycaudit__schis02_f838721249cac1,train,-1,-1,-1,-1,-1
sycaudit__schis02_f84c3eaafd2043,train,-1,-1,-1,-1,-1
sycaudit__schis02_f84e8954b543de,test,0,0,0,0,0
sycaudit__schis02_f8865287dde309,train,-1,-1,-1,-1,-1
sycaudit__schis02_f888f7015b6c69,test,0,0,0,0,0
sycaudit__schis02_f8a02a17f2dffc,test,0,0,0,0,0
sycaudit__schis02_f8bf5c689ad523,train,-1,-1,-1,-1,-1
sycaudit__schis02_f8ff7423d63bb2,train,-1,-1,-1,-1,-1
sycaudit__schis02_f9069e8bad95b8,test,0,0,0,0,0
sycaudit__schis02_f91ee7427be124,train,-1,-1,-1,-1,-1
sycaudit__schis02_f9d4157d6afcb1,train,-1,-1,-1,-1,-1
sycaudit__schis02_f9e16d974e626d,train,-1,-1,-1,-1,-1
sycaudit__schis02_fa2e1bd6b84898,train,-1,-1,-1,-1,-1
sycaudit__schis02_fa60cd445b4ec9,train,-1,-1,-1,-1,-1
sycaudit__schis02_fa84f556444ff7,train,-1,-1,-1,-1,-1
sycaudit__schis02_fa9c957bfbf583,train,-1,-1,-1,-1,-1
sycaudit__schis02_fabb56cffc67e2,train,-1,-1,-1,-1,-1
sycaudit__schis02_fac0825942d7cd,test,0,0,0,0,0
sycaudit__schis02_fb7623f0c11398,train,-1,-1,-1,-1,-1
sycaudit__schis02_fb7efe36de15b6,train,-1,-1,-1,-1,-1
sycaudit__schis02_fb8778411e7c3d,train,-1,-1,-1,-1,-1
sycaudit__schis02_fbee822b4e8a9e,test,0,0,0,0,0
sycaudit__schis02_fbeff72afce961,train,-1,-1,-1,-1,-1
sycaudit__schis02_fd0d3506c018f7,validation,0,0,0,0,0
sycaudit__schis02_fd1fb75c4adde2,train,-1,-1,-1,-1,-1
sycaudit__schis02_fd389c6f5f9c32,validation,0,0,0,0,0
sycaudit__schis02_fd59513c0d99a5,train,-1,-1,-1,-1,-1
sycaudit__schis02_fda3506b0cce90,validation,0,0,0,0,0
sycaudit__schis02_fdd180efb9a88a,validation,0,0,0,0,0
sycaudit__schis02_fdf51679121ba8,train,-1,-1,-1,-1,-1
sycaudit__schis02_fe2b4d9598b719,train,-1,-1,-1,-1,-1
sycaudit__schis02_fe9f87d5f30810,train,-1,-1,-1,-1,-1
sycaudit__schis02_ff0f0d851ceef5,test,0,0,0,0,0
sycaudit__schis02_ff20d89faa7df0,train,-1,-1,-1,-1,-1
sycaudit__schis02_ff792e48895e46,train,-1,-1,-1,-1,-1
sycaudit__schis02_ffa77659858330,test,0,0,0,0,0
sycaudit__schis02_ffab12b186f0a6,train,-1,-1,-1,-1,-1
sycaudit__schis02_ffc735828d84e6,train,-1,-1,-1,-1,-1
sycaudit__schis02_ffc77e92ada27a,train,-1,-1,-1,-1,-1
sycaudit__schis02_ffe9b42a96fc90,validation,0,0,0,0,0
sycaudit__schis02_fff3076f46024b,train,-1,-1,-1,-1,-1
sycaudit__schis02_fffcbc4e47350a,train,-1,-1,-1,-1,-1
syn_p1_0001,train,-1,-1,-1,-1,-1
syn_p1_0002,train,-1,-1,-1,-1,-1
syn_p1_0003,train,-1,-1,-1,-1,-1
syn_p1_0004,test,0,0,0,0,2
syn_p1_0005,validation,0,0,0,0,1
syn_p1_0006,train,-1,-1,-1,-1,-1
syn_p1_0007,train,-1,-1,-1,-1,-1
syn_p1_0008,train,-1,-1,-1,-1,-1
syn_p1_0009,train,-1,-1,-1,-1,-1
syn_p1_0010,train,-1,-1,-1,-1,-1
syn_p1_0011,validation,0,0,0,0,2
syn_p1_0012,train,-1,-1,-1,-1,-1
syn_p1_0013,validation,0,0,0,0,1
syn_p1_0014,validation,0,0,0,0,1
syn_p1_0015,train,-1,-1,-1,-1,-1
syn_p1_0016,train,-1,-1,-1,-1,-1
syn_p1_0017,train,-1,-1,-1,-1,-1
syn_p1_0018,train,-1,-1,-1,-1,-1
syn_p1_0019,train,-1,-1,-1,-1,-1
syn_p1_0020,test,0,0,0,0,2
syn_p1_0021,train,-1,-1,-1,-1,-1
syn_p1_0022,test,0,1,0,0,1
syn_p1_0023,train,-1,-1,-1,-1,-1
syn_p1_0024,train,-1,-1,-1,-1,-1
syn_p1_0025,train,-1,-1,-1,-1,-1
syn_p1_0026,train,-1,-1,-1,-1,-1
syn_p1_0027,train,-1,-1,-1,-1,-1
syn_p1_0028,train,-1,-1,-1,-1,-1
syn_p1_0029,train,-1,-1,-1,-1,-1
syn_p1_0030,train,-1,-1,-1,-1,-1
syn_p1_0031,train,-1,-1,-1,-1,-1
syn_p1_0032,train,-1,-1,-1,-1,-1
syn_p1_0033,train,-1,-1,-1,-1,-1
syn_p1_0034,train,-1,-1,-1,-1,-1
syn_p1_0035,train,-1,-1,-1,-1,-1
syn_p1_0036,train,-1,-1,-1,-1,-1
syn_p1_0037,train,-1,-1,-1,-1,-1
syn_p1_0038,test,0,2,0,0,1
syn_p1_0039,train,-1,-1,-1,-1,-1
syn_p1_0040,train,-1,-1,-1,-1,-1
syn_p1_0041,test,0,0,0,0,1
syn_p1_0042,train,-1,-1,-1,-1,-1
syn_p1_0043,train,-1,-1,-1,-1,-1
syn_p1_0044,train,-1,-1,-1,-1,-1
syn_p1_0045,train,-1,-1,-1,-1,-1
syn_p1_0046,train,-1,-1,-1,-1,-1
syn_p1_0047,train,-1,-1,-1,-1,-1
syn_p1_0048,train,-1,-1,-1,-1,-1
syn_p1_0049,validation,0,2,0,0,2
syn_p1_0050,test,0,2,0,0,2
syn_p1_0051,train,-1,-1,-1,-1,-1
syn_p1_0052,train,-1,-1,-1,-1,-1
syn_p1_0053,validation,0,0,0,0,1
syn_p1_0054,train,-1,-1,-1,-1,-1
syn_p1_0055,train,-1,-1,-1,-1,-1
syn_p1_0056,train,-1,-1,-1,-1,-1
syn_p1_0057,validation,0,0,0,0,1
syn_p1_0058,validation,0,0,0,0,1
syn_p1_0059,validation,0,0,0,0,1
syn_p1_0060,train,-1,-1,-1,-1,-1
syn_p1_0061,train,-1,-1,-1,-1,-1
syn_p1_0062,validation,0,0,0,0,2
syn_p1_0063,validation,0,0,0,0,1
syn_p1_0064,train,-1,-1,-1,-1,-1
syn_p1_0065,test,0,0,0,0,1
syn_p1_0066,train,-1,-1,-1,-1,-1
syn_p1_0067,train,-1,-1,-1,-1,-1
syn_p1_0068,train,-1,-1,-1,-1,-1
syn_p1_0069,train,-1,-1,-1,-1,-1
syn_p1_0070,train,-1,-1,-1,-1,-1
syn_p1_0071,train,-1,-1,-1,-1,-1
syn_p1_0072,train,-1,-1,-1,-1,-1
syn_p1_0073,train,-1,-1,-1,-1,-1
syn_p1_0074,train,-1,-1,-1,-1,-1
syn_p1_0075,test,0,0,0,0,2
syn_p1_0076,train,-1,-1,-1,-1,-1
syn_p1_0077,test,0,0,0,0,2
syn_p1_0078,train,-1,-1,-1,-1,-1
syn_p1_0079,train,-1,-1,-1,-1,-1
syn_p1_0080,test,0,0,0,0,2
syn_p1_0081,validation,0,0,0,0,2
syn_p1_0082,train,-1,-1,-1,-1,-1
syn_p1_0083,train,-1,-1,-1,-1,-1
syn_p1_0084,train,-1,-1,-1,-1,-1
syn_p1_0085,validation,0,0,0,0,2
syn_p1_0086,train,-1,-1,-1,-1,-1
syn_p1_0087,train,-1,-1,-1,-1,-1
syn_p1_0088,train,-1,-1,-1,-1,-1
syn_p1_0089,test,0,0,0,0,2
syn_p1_0090,validation,0,0,0,0,2
syn_p1_0091,train,-1,-1,-1,-1,-1
syn_p1_0092,train,-1,-1,-1,-1,-1
syn_p1_0093,train,-1,-1,-1,-1,-1
syn_p1_0094,train,-1,-1,-1,-1,-1
syn_p1_0095,train,-1,-1,-1,-1,-1
syn_p1_0096,train,-1,-1,-1,-1,-1
syn_p1_0097,test,0,0,0,0,2
syn_p1_0098,train,-1,-1,-1,-1,-1
syn_p1_0099,train,-1,-1,-1,-1,-1
syn_p1_0100,test,0,0,0,0,2
syn_p1_0101,train,-1,-1,-1,-1,-1
syn_p1_0102,validation,0,1,0,0,2
syn_p1_0103,train,-1,-1,-1,-1,-1
syn_p1_0104,train,-1,-1,-1,-1,-1
syn_p1_0105,validation,0,0,0,0,1
syn_p1_0106,validation,0,2,0,0,1
syn_p1_0107,train,-1,-1,-1,-1,-1
syn_p1_0108,train,-1,-1,-1,-1,-1
syn_p1_0109,train,-1,-1,-1,-1,-1
syn_p1_0110,train,-1,-1,-1,-1,-1
syn_p1_0111,train,-1,-1,-1,-1,-1
syn_p1_0112,train,-1,-1,-1,-1,-1
syn_p1_0113,train,-1,-1,-1,-1,-1
syn_p1_0114,train,-1,-1,-1,-1,-1
syn_p1_0115,train,-1,-1,-1,-1,-1
syn_p1_0116,test,0,0,0,0,1
syn_p1_0117,train,-1,-1,-1,-1,-1
syn_p1_0118,test,0,0,0,0,1
syn_p1_0119,train,-1,-1,-1,-1,-1
syn_p1_0120,train,-1,-1,-1,-1,-1
syn_p1_0121,train,-1,-1,-1,-1,-1
syn_p1_0122,train,-1,-1,-1,-1,-1
syn_p1_0123,train,-1,-1,-1,-1,-1
syn_p1_0124,validation,0,1,0,0,2
syn_p1_0125,train,-1,-1,-1,-1,-1
syn_p1_0126,train,-1,-1,-1,-1,-1
syn_p1_0127,train,-1,-1,-1,-1,-1
syn_p1_0128,validation,0,0,0,0,2
syn_p1_0129,train,-1,-1,-1,-1,-1
syn_p1_0130,validation,0,0,0,0,1
syn_p1_0131,train,-1,-1,-1,-1,-1
syn_p1_0132,test,0,1,0,0,2
syn_p1_0133,train,-1,-1,-1,-1,-1
syn_p1_0134,train,-1,-1,-1,-1,-1
syn_p1_0135,train,-1,-1,-1,-1,-1
syn_p1_0136,train,-1,-1,-1,-1,-1
syn_p1_0137,train,-1,-1,-1,-1,-1
syn_p1_0138,validation,0,0,0,0,1
syn_p1_0139,train,-1,-1,-1,-1,-1
syn_p1_0140,train,-1,-1,-1,-1,-1
syn_p1_0141,train,-1,-1,-1,-1,-1
syn_p1_0142,train,-1,-1,-1,-1,-1
syn_p1_0143,train,-1,-1,-1,-1,-1
syn_p1_0144,train,-1,-1,-1,-1,-1
syn_p1_0145,validation,0,0,0,0,2
syn_p1_0146,test,0,0,0,0,2
syn_p1_0147,train,-1,-1,-1,-1,-1
syn_p1_0148,validation,0,2,0,0,2
syn_p1_0149,train,-1,-1,-1,-1,-1
syn_p1_0150,validation,0,0,0,0,2
syn_p1_0151,train,-1,-1,-1,-1,-1
syn_p1_0152,train,-1,-1,-1,-1,-1
syn_p1_0153,train,-1,-1,-1,-1,-1
syn_p1_0154,train,-1,-1,-1,-1,-1
syn_p1_0155,train,-1,-1,-1,-1,-1
syn_p1_0156,train,-1,-1,-1,-1,-1
syn_p1_0157,train,-1,-1,-1,-1,-1
syn_p1_0158,test,0,1,0,0,0
syn_p1_0159,test,0,1,0,0,0
syn_p1_0160,train,-1,-1,-1,-1,-1
syn_p1_0161,validation,0,0,0,0,0
syn_p1_0162,train,-1,-1,-1,-1,-1
syn_p1_0163,train,-1,-1,-1,-1,-1
syn_p1_0164,train,-1,-1,-1,-1,-1
syn_p1_0165,validation,0,0,0,0,0
syn_p1_0166,validation,0,2,0,0,0
syn_p1_0167,train,-1,-1,-1,-1,-1
syn_p1_0168,train,-1,-1,-1,-1,-1
syn_p1_0169,test,0,2,0,0,1
syn_p1_0170,train,-1,-1,-1,-1,-1
syn_p1_0171,train,-1,-1,-1,-1,-1
syn_p1_0172,train,-1,-1,-1,-1,-1
syn_p1_0173,train,-1,-1,-1,-1,-1
syn_p1_0174,train,-1,-1,-1,-1,-1
syn_p1_0175,train,-1,-1,-1,-1,-1
syn_p1_0176,validation,0,1,0,0,0
syn_p1_0177,train,-1,-1,-1,-1,-1
syn_p1_0178,train,-1,-1,-1,-1,-1
syn_p1_0179,train,-1,-1,-1,-1,-1
syn_p1_0180,train,-1,-1,-1,-1,-1
syn_p1_0181,train,-1,-1,-1,-1,-1
syn_p1_0182,validation,0,1,0,0,0
syn_p1_0183,train,-1,-1,-1,-1,-1
syn_p1_0184,train,-1,-1,-1,-1,-1
syn_p1_0185,train,-1,-1,-1,-1,-1
syn_p1_0186,train,-1,-1,-1,-1,-1
syn_p1_0187,train,-1,-1,-1,-1,-1
syn_p1_0188,train,-1,-1,-1,-1,-1
syn_p1_0189,train,-1,-1,-1,-1,-1
syn_p1_0190,train,-1,-1,-1,-1,-1
syn_p1_0191,train,-1,-1,-1,-1,-1
syn_p1_0192,validation,0,2,0,0,0
syn_p1_0193,validation,0,2,0,0,0
syn_p1_0194,train,-1,-1,-1,-1,-1
syn_p1_0195,test,0,1,0,0,0
syn_p1_0196,train,-1,-1,-1,-1,-1
syn_p1_0197,train,-1,-1,-1,-1,-1
syn_p1_0198,train,-1,-1,-1,-1,-1
syn_p1_0199,train,-1,-1,-1,-1,-1
syn_p1_0200,train,-1,-1,-1,-1,-1
syn_p1_0201,train,-1,-1,-1,-1,-1
syn_p1_0202,train,-1,-1,-1,-1,-1
syn_p1_0203,train,-1,-1,-1,-1,-1
syn_p1_0204,test,0,1,0,0,0
syn_p1_0205,test,0,2,0,0,1
syn_p1_0206,train,-1,-1,-1,-1,-1
syn_p1_0207,validation,0,2,0,0,1
syn_p1_0208,train,-1,-1,-1,-1,-1
syn_p1_0209,train,-1,-1,-1,-1,-1
syn_p1_0210,train,-1,-1,-1,-1,-1
syn_p1_0211,test,0,1,0,0,0
syn_p1_0212,train,-1,-1,-1,-1,-1
syn_p1_0213,validation,0,2,0,0,0
syn_p1_0214,test,0,1,0,0,0
syn_p1_0215,test,0,1,0,0,2
syn_p1_0216,test,0,2,0,0,0
syn_p1_0217,train,-1,-1,-1,-1,-1
syn_p1_0218,train,-1,-1,-1,-1,-1
syn_p1_0219,train,-1,-1,-1,-1,-1
syn_p1_0220,train,-1,-1,-1,-1,-1
syn_p1_0221,train,-1,-1,-1,-1,-1
syn_p1_0222,train,-1,-1,-1,-1,-1
syn_p1_0223,train,-1,-1,-1,-1,-1
syn_p1_0224,train,-1,-1,-1,-1,-1
syn_p1_0225,train,-1,-1,-1,-1,-1
syn_p1_0226,train,-1,-1,-1,-1,-1
syn_p1_0227,train,-1,-1,-1,-1,-1
syn_p1_0228,validation,0,1,0,0,2
syn_p1_0229,test,0,0,0,0,1
syn_p1_0230,train,-1,-1,-1,-1,-1
syn_p1_0231,train,-1,-1,-1,-1,-1
syn_p1_0232,train,-1,-1,-1,-1,-1
syn_p1_0233,test,0,2,0,0,1
syn_p1_0234,train,-1,-1,-1,-1,-1
syn_p1_0235,train,-1,-1,-1,-1,-1
syn_p1_0236,validation,0,0,0,0,2
syn_p1_0237,train,-1,-1,-1,-1,-1
syn_p1_0238,train,-1,-1,-1,-1,-1
syn_p1_0239,train,-1,-1,-1,-1,-1
syn_p1_0240,train,-1,-1,-1,-1,-1
syn_p1_0241,train,-1,-1,-1,-1,-1
syn_p1_0242,validation,0,1,0,0,2
syn_p1_0243,train,-1,-1,-1,-1,-1
syn_p1_0244,train,-1,-1,-1,-1,-1
syn_p1_0245,validation,0,1,0,0,1
syn_p1_0246,train,-1,-1,-1,-1,-1
syn_p1_0247,train,-1,-1,-1,-1,-1
syn_p1_0248,train,-1,-1,-1,-1,-1
syn_p1_0249,train,-1,-1,-1,-1,-1
syn_p1_0250,test,0,2,0,0,1
syn_p1_0251,train,-1,-1,-1,-1,-1
syn_p1_0252,train,-1,-1,-1,-1,-1
syn_p1_0253,test,0,1,0,0,2
syn_p1_0254,train,-1,-1,-1,-1,-1
syn_p1_0255,test,0,1,0,0,2
syn_p1_0256,train,-1,-1,-1,-1,-1
syn_p1_0257,test,0,1,0,0,1
syn_p1_0258,test,0,2,0,0,2
syn_p1_0259,train,-1,-1,-1,-1,-1
syn_p1_0260,train,-1,-1,-1,-1,-1
syn_p1_0261,test,0,1,0,0,2
syn_p1_0262,validation,0,2,0,0,1
syn_p1_0263,train,-1,-1,-1,-1,-1
syn_p1_0264,test,0,2,0,0,2
syn_p1_0265,train,-1,-1,-1,-1,-1
syn_p1_0266,validation,0,1,0,0,2
syn_p1_0267,train,-1,-1,-1,-1,-1
syn_p1_0268,validation,0,0,0,0,2
syn_p1_0269,validation,0,1,0,0,2
syn_p1_0270,train,-1,-1,-1,-1,-1
syn_p1_0271,train,-1,-1,-1,-1,-1
syn_p1_0272,validation,0,2,0,0,2
syn_p1_0273,train,-1,-1,-1,-1,-1
syn_p1_0274,train,-1,-1,-1,-1,-1
syn_p1_0275,train,-1,-1,-1,-1,-1
syn_p1_0276,train,-1,-1,-1,-1,-1
syn_p1_0277,train,-1,-1,-1,-1,-1
syn_p1_0278,validation,0,1,0,0,0
syn_p1_0279,train,-1,-1,-1,-1,-1
syn_p1_0280,train,-1,-1,-1,-1,-1
syn_p1_0281,test,0,2,0,0,2
syn_p1_0282,train,-1,-1,-1,-1,-1
syn_p1_0283,test,0,2,0,0,2
syn_p1_0284,train,-1,-1,-1,-1,-1
syn_p1_0285,train,-1,-1,-1,-1,-1
syn_p1_0286,train,-1,-1,-1,-1,-1
syn_p1_0287,train,-1,-1,-1,-1,-1
syn_p1_0288,train,-1,-1,-1,-1,-1
syn_p1_0289,train,-1,-1,-1,-1,-1
syn_p1_0290,train,-1,-1,-1,-1,-1
syn_p1_0291,train,-1,-1,-1,-1,-1
syn_p1_0292,train,-1,-1,-1,-1,-1
syn_p1_0293,test,0,2,0,0,1
syn_p1_0294,train,-1,-1,-1,-1,-1
syn_p1_0295,test,0,2,0,0,1
syn_p1_0296,validation,0,2,0,0,0
syn_p1_0297,train,-1,-1,-1,-1,-1
syn_p1_0298,train,-1,-1,-1,-1,-1
syn_p1_0299,validation,0,1,0,0,0
syn_p1_0300,train,-1,-1,-1,-1,-1
syn_p1_0301,train,-1,-1,-1,-1,-1
syn_p1_0302,train,-1,-1,-1,-1,-1
syn_p1_0303,validation,0,1,0,0,2
syn_p1_0304,train,-1,-1,-1,-1,-1
syn_p1_0305,validation,0,2,0,0,2
syn_p1_0306,train,-1,-1,-1,-1,-1
syn_p1_0307,train,-1,-1,-1,-1,-1
syn_p1_0308,train,-1,-1,-1,-1,-1
syn_p1_0309,train,-1,-1,-1,-1,-1
syn_p1_0310,train,-1,-1,-1,-1,-1
syn_p1_0311,test,0,1,0,0,2
syn_p1_0312,train,-1,-1,-1,-1,-1
syn_p1_0313,train,-1,-1,-1,-1,-1
syn_p1_0314,train,-1,-1,-1,-1,-1
syn_p1_0315,train,-1,-1,-1,-1,-1
syn_p1_0316,validation,0,2,0,0,2
syn_p1_0317,train,-1,-1,-1,-1,-1
syn_p1_0318,validation,0,2,0,0,1
syn_p1_0319,train,-1,-1,-1,-1,-1
syn_p1_0320,train,-1,-1,-1,-1,-1
syn_p1_0321,train,-1,-1,-1,-1,-1
syn_p1_0322,train,-1,-1,-1,-1,-1
syn_p1_0323,validation,0,1,0,0,1
syn_p1_0324,train,-1,-1,-1,-1,-1
syn_p1_0325,train,-1,-1,-1,-1,-1
syn_p1_0326,validation,1,0,1,1,0
syn_p1_0327,train,-1,-1,-1,-1,-1
syn_p1_0328,validation,0,0,0,0,0
syn_p1_0329,train,-1,-1,-1,-1,-1
syn_p1_0330,validation,0,0,0,0,0
syn_p1_0331,train,-1,-1,-1,-1,-1
syn_p1_0332,validation,0,1,0,0,0
syn_p1_0333,train,-1,-1,-1,-1,-1
syn_p1_0334,train,-1,-1,-1,-1,-1
syn_p1_0335,train,-1,-1,-1,-1,-1
syn_p1_0336,test,0,0,0,0,0
syn_p1_0337,train,-1,-1,-1,-1,-1
syn_p1_0338,test,0,0,0,0,0
syn_p1_0339,train,-1,-1,-1,-1,-1
syn_p1_0340,train,-1,-1,-1,-1,-1
syn_p1_0341,train,-1,-1,-1,-1,-1
syn_p1_0342,train,-1,-1,-1,-1,-1
syn_p1_0343,train,-1,-1,-1,-1,-1
syn_p1_0344,train,-1,-1,-1,-1,-1
syn_p1_0345,train,-1,-1,-1,-1,-1
syn_p1_0346,test,1,0,1,1,0
syn_p1_0347,test,1,0,1,1,0
syn_p1_0348,train,-1,-1,-1,-1,-1
syn_p1_0349,train,-1,-1,-1,-1,-1
syn_p1_0350,train,-1,-1,-1,-1,-1
syn_p1_0351,train,-1,-1,-1,-1,-1
syn_p1_0352,train,-1,-1,-1,-1,-1
syn_p1_0353,train,-1,-1,-1,-1,-1
syn_p1_0354,train,-1,-1,-1,-1,-1
syn_p1_0355,train,-1,-1,-1,-1,-1
syn_p1_0356,train,-1,-1,-1,-1,-1
syn_p1_0357,train,-1,-1,-1,-1,-1
syn_p1_0358,test,0,0,0,0,0
syn_p1_0359,train,-1,-1,-1,-1,-1
syn_p1_0360,train,-1,-1,-1,-1,-1
syn_p1_0361,train,-1,-1,-1,-1,-1
syn_p1_0362,train,-1,-1,-1,-1,-1
syn_p1_0363,train,-1,-1,-1,-1,-1
syn_p1_0364,train,-1,-1,-1,-1,-1
syn_p1_0365,train,-1,-1,-1,-1,-1
syn_p1_0366,train,-1,-1,-1,-1,-1
syn_p1_0367,validation,0,1,0,0,0
syn_p1_0368,train,-1,-1,-1,-1,-1
syn_p1_0369,train,-1,-1,-1,-1,-1
syn_p1_0370,train,-1,-1,-1,-1,-1
syn_p1_0371,validation,0,0,0,0,0
syn_p1_0372,test,0,0,0,0,0
syn_p1_0373,test,0,0,0,0,0
syn_p1_0374,test,0,0,0,0,1
syn_p1_0375,train,-1,-1,-1,-1,-1
syn_p1_0376,test,0,0,0,0,0
syn_p1_0377,train,-1,-1,-1,-1,-1
syn_p1_0378,train,-1,-1,-1,-1,-1
syn_p1_0379,test,0,0,0,0,0
syn_p1_0380,train,-1,-1,-1,-1,-1
syn_p1_0381,validation,0,0,0,0,0
syn_p1_0382,validation,0,0,0,0,1
syn_p1_0383,validation,0,0,0,0,2
syn_p1_0384,test,0,0,0,0,0
syn_p1_0385,train,-1,-1,-1,-1,-1
syn_p1_0386,validation,0,2,0,0,0
syn_p1_0387,train,-1,-1,-1,-1,-1
syn_p1_0388,validation,0,0,0,0,0
syn_p1_0389,train,-1,-1,-1,-1,-1
syn_p1_0390,validation,0,0,0,0,0
syn_p1_0391,train,-1,-1,-1,-1,-1
syn_p1_0392,train,-1,-1,-1,-1,-1
syn_p1_0393,test,0,0,0,0,1
syn_p1_0394,test,0,0,0,0,0
syn_p1_0395,validation,0,0,0,0,0
syn_p1_0396,validation,0,0,0,0,1
syn_p1_0397,train,-1,-1,-1,-1,-1
syn_p1_0398,train,-1,-1,-1,-1,-1
syn_p1_0399,train,-1,-1,-1,-1,-1
syn_p1_0400,train,-1,-1,-1,-1,-1
syn_p2_0001,train,-1,-1,-1,-1,-1
syn_p2_0002,train,-1,-1,-1,-1,-1
syn_p2_0003,train,-1,-1,-1,-1,-1
syn_p2_0004,train,-1,-1,-1,-1,-1
syn_p2_0005,train,-1,-1,-1,-1,-1
syn_p2_0006,test,0,0,0,0,1
syn_p2_0007,train,-1,-1,-1,-1,-1
syn_p2_0008,validation,0,0,0,0,2
syn_p2_0009,validation,0,0,0,0,2
syn_p2_0010,train,-1,-1,-1,-1,-1
syn_p2_0011,validation,0,0,0,0,2
syn_p2_0012,test,0,0,0,0,1
syn_p2_0013,train,-1,-1,-1,-1,-1
syn_p2_0014,train,-1,-1,-1,-1,-1
syn_p2_0015,train,-1,-1,-1,-1,-1
syn_p2_0016,train,-1,-1,-1,-1,-1
syn_p2_0017,train,-1,-1,-1,-1,-1
syn_p2_0018,train,-1,-1,-1,-1,-1
syn_p2_0019,train,-1,-1,-1,-1,-1
syn_p2_0020,train,-1,-1,-1,-1,-1
syn_p2_0021,train,-1,-1,-1,-1,-1
syn_p2_0022,test,0,2,0,0,2
syn_p2_0023,validation,0,0,0,0,1
syn_p2_0024,train,-1,-1,-1,-1,-1
syn_p2_0025,train,-1,-1,-1,-1,-1
syn_p2_0026,test,0,2,0,0,1
syn_p2_0027,train,-1,-1,-1,-1,-1
syn_p2_0028,train,-1,-1,-1,-1,-1
syn_p2_0029,test,0,0,0,0,1
syn_p2_0030,train,-1,-1,-1,-1,-1
syn_p2_0031,train,-1,-1,-1,-1,-1
syn_p2_0032,validation,0,0,0,0,1
syn_p2_0033,train,-1,-1,-1,-1,-1
syn_p2_0034,train,-1,-1,-1,-1,-1
syn_p2_0035,train,-1,-1,-1,-1,-1
syn_p2_0036,train,-1,-1,-1,-1,-1
syn_p2_0037,test,0,1,0,0,1
syn_p2_0038,train,-1,-1,-1,-1,-1
syn_p2_0039,train,-1,-1,-1,-1,-1
syn_p2_0040,train,-1,-1,-1,-1,-1
syn_p2_0041,train,-1,-1,-1,-1,-1
syn_p2_0042,train,-1,-1,-1,-1,-1
syn_p2_0043,train,-1,-1,-1,-1,-1
syn_p2_0044,validation,0,0,0,0,2
syn_p2_0045,train,-1,-1,-1,-1,-1
syn_p2_0046,train,-1,-1,-1,-1,-1
syn_p2_0047,train,-1,-1,-1,-1,-1
syn_p2_0048,test,0,0,0,0,1
syn_p2_0049,test,0,0,0,0,1
syn_p2_0050,train,-1,-1,-1,-1,-1
syn_p2_0051,train,-1,-1,-1,-1,-1
syn_p2_0052,test,0,0,0,0,1
syn_p2_0053,train,-1,-1,-1,-1,-1
syn_p2_0054,train,-1,-1,-1,-1,-1
syn_p2_0055,train,-1,-1,-1,-1,-1
syn_p2_0056,test,0,0,0,0,2
syn_p2_0057,train,-1,-1,-1,-1,-1
syn_p2_0058,test,0,0,0,0,2
syn_p2_0059,train,-1,-1,-1,-1,-1
syn_p2_0060,validation,0,0,0,0,1
syn_p2_0061,train,-1,-1,-1,-1,-1
syn_p2_0062,train,-1,-1,-1,-1,-1
syn_p2_0063,train,-1,-1,-1,-1,-1
syn_p2_0064,train,-1,-1,-1,-1,-1
syn_p2_0065,test,0,0,0,0,1
syn_p2_0066,validation,0,1,0,0,0
syn_p2_0067,train,-1,-1,-1,-1,-1
syn_p2_0068,train,-1,-1,-1,-1,-1
syn_p2_0069,train,-1,-1,-1,-1,-1
syn_p2_0070,train,-1,-1,-1,-1,-1
syn_p2_0071,train,-1,-1,-1,-1,-1
syn_p2_0072,train,-1,-1,-1,-1,-1
syn_p2_0073,validation,0,0,0,0,2
syn_p2_0074,test,0,1,0,0,1
syn_p2_0075,train,-1,-1,-1,-1,-1
syn_p2_0076,train,-1,-1,-1,-1,-1
syn_p2_0077,train,-1,-1,-1,-1,-1
syn_p2_0078,test,0,0,0,0,2
syn_p2_0079,train,-1,-1,-1,-1,-1
syn_p2_0080,train,-1,-1,-1,-1,-1
syn_p2_0081,train,-1,-1,-1,-1,-1
syn_p2_0082,validation,0,0,0,0,2
syn_p2_0083,train,-1,-1,-1,-1,-1
syn_p2_0084,validation,0,1,0,0,2
syn_p2_0085,test,0,0,0,0,2
syn_p2_0086,train,-1,-1,-1,-1,-1
syn_p2_0087,test,0,1,0,0,2
syn_p2_0088,test,0,2,0,1,2
syn_p2_0089,train,-1,-1,-1,-1,-1
syn_p2_0090,validation,0,0,0,0,2
syn_p2_0091,train,-1,-1,-1,-1,-1
syn_p2_0092,train,-1,-1,-1,-1,-1
syn_p2_0093,train,-1,-1,-1,-1,-1
syn_p2_0094,train,-1,-1,-1,-1,-1
syn_p2_0095,validation,0,0,0,0,2
syn_p2_0096,train,-1,-1,-1,-1,-1
syn_p2_0097,train,-1,-1,-1,-1,-1
syn_p2_0098,validation,0,0,0,0,2
syn_p2_0099,train,-1,-1,-1,-1,-1
syn_p2_0100,test,0,0,0,0,2
syn_p2_0101,train,-1,-1,-1,-1,-1
syn_p2_0102,test,0,0,0,0,2
syn_p2_0103,train,-1,-1,-1,-1,-1
syn_p2_0104,train,-1,-1,-1,-1,-1
syn_p2_0105,train,-1,-1,-1,-1,-1
syn_p2_0106,train,-1,-1,-1,-1,-1
syn_p2_0107,train,-1,-1,-1,-1,-1
syn_p2_0108,train,-1,-1,-1,-1,-1
syn_p2_0109,validation,0,0,0,0,2
syn_p2_0110,train,-1,-1,-1,-1,-1
syn_p2_0111,train,-1,-1,-1,-1,-1
syn_p2_0112,train,-1,-1,-1,-1,-1
syn_p2_0113,train,-1,-1,-1,-1,-1
syn_p2_0114,test,0,0,0,0,2
syn_p2_0115,test,0,0,0,0,2
syn_p2_0116,train,-1,-1,-1,-1,-1
syn_p2_0117,validation,0,0,0,0,2
syn_p2_0118,train,-1,-1,-1,-1,-1
syn_p2_0119,train,-1,-1,-1,-1,-1
syn_p2_0120,test,0,0,0,0,1
syn_p2_0121,train,-1,-1,-1,-1,-1
syn_p2_0122,test,0,0,0,0,2
syn_p2_0123,train,-1,-1,-1,-1,-1
syn_p2_0124,test,0,0,0,0,1
syn_p2_0125,train,-1,-1,-1,-1,-1
syn_p2_0126,train,-1,-1,-1,-1,-1
syn_p2_0127,train,-1,-1,-1,-1,-1
syn_p2_0128,train,-1,-1,-1,-1,-1
syn_p2_0129,train,-1,-1,-1,-1,-1
syn_p2_0130,test,0,0,0,0,2
syn_p2_0131,train,-1,-1,-1,-1,-1
syn_p2_0132,test,0,0,0,0,2
syn_p2_0133,validation,0,0,0,0,2
syn_p2_0134,train,-1,-1,-1,-1,-1
syn_p2_0135,train,-1,-1,-1,-1,-1
syn_p2_0136,train,-1,-1,-1,-1,-1
syn_p2_0137,train,-1,-1,-1,-1,-1
syn_p2_0138,validation,0,0,0,0,2
syn_p2_0139,train,-1,-1,-1,-1,-1
syn_p2_0140,train,-1,-1,-1,-1,-1
syn_p2_0141,train,-1,-1,-1,-1,-1
syn_p2_0142,train,-1,-1,-1,-1,-1
syn_p2_0143,train,-1,-1,-1,-1,-1
syn_p2_0144,train,-1,-1,-1,-1,-1
syn_p2_0145,train,-1,-1,-1,-1,-1
syn_p2_0146,train,-1,-1,-1,-1,-1
syn_p2_0147,test,0,0,0,0,1
syn_p2_0148,train,-1,-1,-1,-1,-1
syn_p2_0149,train,-1,-1,-1,-1,-1
syn_p2_0150,validation,0,0,0,0,1
syn_p2_0151,test,0,2,0,0,0
syn_p2_0152,train,-1,-1,-1,-1,-1
syn_p2_0153,test,0,1,0,0,1
syn_p2_0154,train,-1,-1,-1,-1,-1
syn_p2_0155,train,-1,-1,-1,-1,-1
syn_p2_0156,test,0,0,0,0,0
syn_p2_0157,train,-1,-1,-1,-1,-1
syn_p2_0158,train,-1,-1,-1,-1,-1
syn_p2_0159,test,0,1,0,0,0
syn_p2_0160,train,-1,-1,-1,-1,-1
syn_p2_0161,train,-1,-1,-1,-1,-1
syn_p2_0162,train,-1,-1,-1,-1,-1
syn_p2_0163,validation,0,2,0,0,0
syn_p2_0164,train,-1,-1,-1,-1,-1
syn_p2_0165,train,-1,-1,-1,-1,-1
syn_p2_0166,validation,0,1,0,0,1
syn_p2_0167,train,-1,-1,-1,-1,-1
syn_p2_0168,train,-1,-1,-1,-1,-1
syn_p2_0169,test,0,0,0,0,0
syn_p2_0170,train,-1,-1,-1,-1,-1
syn_p2_0171,train,-1,-1,-1,-1,-1
syn_p2_0172,test,2,2,0,0,0
syn_p2_0173,train,-1,-1,-1,-1,-1
syn_p2_0174,train,-1,-1,-1,-1,-1
syn_p2_0175,train,-1,-1,-1,-1,-1
syn_p2_0176,train,-1,-1,-1,-1,-1
syn_p2_0177,train,-1,-1,-1,-1,-1
syn_p2_0178,train,-1,-1,-1,-1,-1
syn_p2_0179,test,0,0,0,0,0
syn_p2_0180,validation,0,2,0,0,2
syn_p2_0181,train,-1,-1,-1,-1,-1
syn_p2_0182,train,-1,-1,-1,-1,-1
syn_p2_0183,train,-1,-1,-1,-1,-1
syn_p2_0184,train,-1,-1,-1,-1,-1
syn_p2_0185,test,0,1,0,0,0
syn_p2_0186,train,-1,-1,-1,-1,-1
syn_p2_0187,validation,0,1,0,0,0
syn_p2_0188,validation,0,1,0,0,0
syn_p2_0189,train,-1,-1,-1,-1,-1
syn_p2_0190,train,-1,-1,-1,-1,-1
syn_p2_0191,validation,0,0,0,0,0
syn_p2_0192,train,-1,-1,-1,-1,-1
syn_p2_0193,train,-1,-1,-1,-1,-1
syn_p2_0194,train,-1,-1,-1,-1,-1
syn_p2_0195,train,-1,-1,-1,-1,-1
syn_p2_0196,train,-1,-1,-1,-1,-1
syn_p2_0197,train,-1,-1,-1,-1,-1
syn_p2_0198,train,-1,-1,-1,-1,-1
syn_p2_0199,test,0,1,0,0,0
syn_p2_0200,train,-1,-1,-1,-1,-1
syn_p2_0201,train,-1,-1,-1,-1,-1
syn_p2_0202,train,-1,-1,-1,-1,-1
syn_p2_0203,train,-1,-1,-1,-1,-1
syn_p2_0204,train,-1,-1,-1,-1,-1
syn_p2_0205,validation,0,1,0,0,0
syn_p2_0206,train,-1,-1,-1,-1,-1
syn_p2_0207,validation,0,1,0,0,1
syn_p2_0208,test,0,2,0,0,0
syn_p2_0209,train,-1,-1,-1,-1,-1
syn_p2_0210,train,-1,-1,-1,-1,-1
syn_p2_0211,validation,0,0,0,0,0
syn_p2_0212,test,0,2,0,1,0
syn_p2_0213,test,0,0,0,0,0
syn_p2_0214,train,-1,-1,-1,-1,-1
syn_p2_0215,train,-1,-1,-1,-1,-1
syn_p2_0216,validation,0,2,0,0,1
syn_p2_0217,train,-1,-1,-1,-1,-1
syn_p2_0218,train,-1,-1,-1,-1,-1
syn_p2_0219,train,-1,-1,-1,-1,-1
syn_p2_0220,train,-1,-1,-1,-1,-1
syn_p2_0221,train,-1,-1,-1,-1,-1
syn_p2_0222,validation,0,2,0,0,0
syn_p2_0223,train,-1,-1,-1,-1,-1
syn_p2_0224,validation,0,2,0,0,0
syn_p2_0225,validation,0,1,0,0,2
syn_p2_0226,train,-1,-1,-1,-1,-1
syn_p2_0227,train,-1,-1,-1,-1,-1
syn_p2_0228,train,-1,-1,-1,-1,-1
syn_p2_0229,train,-1,-1,-1,-1,-1
syn_p2_0230,train,-1,-1,-1,-1,-1
syn_p2_0231,train,-1,-1,-1,-1,-1
syn_p2_0232,validation,0,0,0,0,1
syn_p2_0233,train,-1,-1,-1,-1,-1
syn_p2_0234,train,-1,-1,-1,-1,-1
syn_p2_0235,train,-1,-1,-1,-1,-1
syn_p2_0236,test,0,0,0,0,2
syn_p2_0237,train,-1,-1,-1,-1,-1
syn_p2_0238,test,0,2,0,0,2
syn_p2_0239,train,-1,-1,-1,-1,-1
syn_p2_0240,test,0,0,0,0,2
syn_p2_0241,validation,0,2,0,0,1
syn_p2_0242,validation,0,2,0,0,2
syn_p2_0243,train,-1,-1,-1,-1,-1
syn_p2_0244,train,-1,-1,-1,-1,-1
syn_p2_0245,test,0,0,0,0,2
syn_p2_0246,train,-1,-1,-1,-1,-1
syn_p2_0247,train,-1,-1,-1,-1,-1
syn_p2_0248,train,-1,-1,-1,-1,-1
syn_p2_0249,train,-1,-1,-1,-1,-1
syn_p2_0250,train,-1,-1,-1,-1,-1
syn_p2_0251,train,-1,-1,-1,-1,-1
syn_p2_0252,train,-1,-1,-1,-1,-1
syn_p2_0253,train,-1,-1,-1,-1,-1
syn_p2_0254,train,-1,-1,-1,-1,-1
syn_p2_0255,train,-1,-1,-1,-1,-1
syn_p2_0256,train,-1,-1,-1,-1,-1
syn_p2_0257,train,-1,-1,-1,-1,-1
syn_p2_0258,validation,0,2,0,0,1
syn_p2_0259,train,-1,-1,-1,-1,-1
syn_p2_0260,train,-1,-1,-1,-1,-1
syn_p2_0261,train,-1,-1,-1,-1,-1
syn_p2_0262,test,0,2,0,0,2
syn_p2_0263,train,-1,-1,-1,-1,-1
syn_p2_0264,train,-1,-1,-1,-1,-1
syn_p2_0265,train,-1,-1,-1,-1,-1
syn_p2_0266,train,-1,-1,-1,-1,-1
syn_p2_0267,train,-1,-1,-1,-1,-1
syn_p2_0268,train,-1,-1,-1,-1,-1
syn_p2_0269,validation,0,1,0,0,2
syn_p2_0270,train,-1,-1,-1,-1,-1
syn_p2_0271,train,-1,-1,-1,-1,-1
syn_p2_0272,train,-1,-1,-1,-1,-1
syn_p2_0273,validation,0,0,0,0,2
syn_p2_0274,train,-1,-1,-1,-1,-1
syn_p2_0275,train,-1,-1,-1,-1,-1
syn_p2_0276,train,-1,-1,-1,-1,-1
syn_p2_0277,test,0,2,0,0,1
syn_p2_0278,train,-1,-1,-1,-1,-1
syn_p2_0279,validation,0,2,0,0,1
syn_p2_0280,train,-1,-1,-1,-1,-1
syn_p2_0281,train,-1,-1,-1,-1,-1
syn_p2_0282,train,-1,-1,-1,-1,-1
syn_p2_0283,validation,0,0,0,0,1
syn_p2_0284,train,-1,-1,-1,-1,-1
syn_p2_0285,test,0,2,0,0,2
syn_p2_0286,train,-1,-1,-1,-1,-1
syn_p2_0287,train,-1,-1,-1,-1,-1
syn_p2_0288,train,-1,-1,-1,-1,-1
syn_p2_0289,train,-1,-1,-1,-1,-1
syn_p2_0290,train,-1,-1,-1,-1,-1
syn_p2_0291,train,-1,-1,-1,-1,-1
syn_p2_0292,train,-1,-1,-1,-1,-1
syn_p2_0293,train,-1,-1,-1,-1,-1
syn_p2_0294,train,-1,-1,-1,-1,-1
syn_p2_0295,train,-1,-1,-1,-1,-1
syn_p2_0296,validation,0,2,0,0,1
syn_p2_0297,validation,0,2,0,0,1
syn_p2_0298,train,-1,-1,-1,-1,-1
syn_p2_0299,train,-1,-1,-1,-1,-1
syn_p2_0300,validation,0,2,0,0,1
syn_p2_0301,train,-1,-1,-1,-1,-1
syn_p2_0302,train,-1,-1,-1,-1,-1
syn_p2_0303,train,-1,-1,-1,-1,-1
syn_p2_0304,train,-1,-1,-1,-1,-1
syn_p2_0305,train,-1,-1,-1,-1,-1
syn_p2_0306,train,-1,-1,-1,-1,-1
syn_p2_0307,validation,0,2,0,0,1
syn_p2_0308,test,0,1,0,0,2
syn_p2_0309,test,0,2,0,0,2
syn_p2_0310,train,-1,-1,-1,-1,-1
syn_p2_0311,train,-1,-1,-1,-1,-1
syn_p2_0312,train,-1,-1,-1,-1,-1
syn_p2_0313,train,-1,-1,-1,-1,-1
syn_p2_0314,train,-1,-1,-1,-1,-1
syn_p2_0315,test,0,0,0,0,2
syn_p2_0316,validation,0,2,0,0,1
syn_p2_0317,train,-1,-1,-1,-1,-1
syn_p2_0318,test,0,0,0,0,2
syn_p2_0319,train,-1,-1,-1,-1,-1
syn_p2_0320,train,-1,-1,-1,-1,-1
syn_p2_0321,validation,0,1,0,0,1
syn_p2_0322,test,0,0,0,0,2
syn_p2_0323,train,-1,-1,-1,-1,-1
syn_p2_0324,validation,0,1,0,0,2
syn_p2_0325,train,-1,-1,-1,-1,-1
syn_p2_0326,test,0,0,0,0,0
syn_p2_0327,validation,0,1,0,0,0
syn_p2_0328,train,-1,-1,-1,-1,-1
syn_p2_0329,train,-1,-1,-1,-1,-1
syn_p2_0330,test,0,0,0,0,0
syn_p2_0331,train,-1,-1,-1,-1,-1
syn_p2_0332,train,-1,-1,-1,-1,-1
syn_p2_0333,train,-1,-1,-1,-1,-1
syn_p2_0334,test,0,0,0,0,0
syn_p2_0335,train,-1,-1,-1,-1,-1
syn_p2_0336,test,0,0,0,0,0
syn_p2_0337,validation,0,1,0,0,0
syn_p2_0338,train,-1,-1,-1,-1,-1
syn_p2_0339,test,0,1,0,0,0
syn_p2_0340,train,-1,-1,-1,-1,-1
syn_p2_0341,train,-1,-1,-1,-1,-1
syn_p2_0342,train,-1,-1,-1,-1,-1
syn_p2_0343,train,-1,-1,-1,-1,-1
syn_p2_0344,train,-1,-1,-1,-1,-1
syn_p2_0345,validation,0,0,0,0,0
syn_p2_0346,train,-1,-1,-1,-1,-1
syn_p2_0347,train,-1,-1,-1,-1,-1
syn_p2_0348,validation,2,0,2,2,2
syn_p2_0349,train,-1,-1,-1,-1,-1
syn_p2_0350,train,-1,-1,-1,-1,-1
syn_p2_0351,train,-1,-1,-1,-1,-1
syn_p2_0352,train,-1,-1,-1,-1,-1
syn_p2_0353,train,-1,-1,-1,-1,-1
syn_p2_0354,train,-1,-1,-1,-1,-1
syn_p2_0355,train,-1,-1,-1,-1,-1
syn_p2_0356,train,-1,-1,-1,-1,-1
syn_p2_0357,test,0,2,0,0,0
syn_p2_0358,train,-1,-1,-1,-1,-1
syn_p2_0359,train,-1,-1,-1,-1,-1
syn_p2_0360,validation,0,0,0,0,0
syn_p2_0361,validation,0,2,0,0,0
syn_p2_0362,train,-1,-1,-1,-1,-1
syn_p2_0363,train,-1,-1,-1,-1,-1
syn_p2_0364,validation,0,0,0,0,1
syn_p2_0365,train,-1,-1,-1,-1,-1
syn_p2_0366,train,-1,-1,-1,-1,-1
syn_p2_0367,train,-1,-1,-1,-1,-1
syn_p2_0368,train,-1,-1,-1,-1,-1
syn_p2_0369,train,-1,-1,-1,-1,-1
syn_p2_0370,train,-1,-1,-1,-1,-1
syn_p2_0371,test,0,0,0,0,0
syn_p2_0372,train,-1,-1,-1,-1,-1
syn_p2_0373,train,-1,-1,-1,-1,-1
syn_p2_0374,validation,0,2,0,0,0
syn_p2_0375,test,0,0,0,0,0
syn_p2_0376,validation,0,0,0,0,0
syn_p2_0377,train,-1,-1,-1,-1,-1
syn_p2_0378,validation,0,0,0,0,0
syn_p2_0379,train,-1,-1,-1,-1,-1
syn_p2_0380,train,-1,-1,-1,-1,-1
syn_p2_0381,test,0,0,0,0,0
syn_p2_0382,train,-1,-1,-1,-1,-1
syn_p2_0383,train,-1,-1,-1,-1,-1
syn_p2_0384,train,-1,-1,-1,-1,-1
syn_p2_0385,train,-1,-1,-1,-1,-1
syn_p2_0386,train,-1,-1,-1,-1,-1
syn_p2_0387,train,-1,-1,-1,-1,-1
syn_p2_0388,test,0,0,0,0,0
syn_p2_0389,train,-1,-1,-1,-1,-1
syn_p2_0390,train,-1,-1,-1,-1,-1
syn_p2_0391,train,-1,-1,-1,-1,-1
syn_p2_0392,train,-1,-1,-1,-1,-1
syn_p2_0393,train,-1,-1,-1,-1,-1
syn_p2_0394,test,0,0,0,0,0
syn_p2_0395,train,-1,-1,-1,-1,-1
syn_p2_0396,train,-1,-1,-1,-1,-1
syn_p2_0397,train,-1,-1,-1,-1,-1
syn_p2_0398,train,-1,-1,-1,-1,-1
syn_p2_0399,train,-1,-1,-1,-1,-1
syn_p2_0400,train,-1,-1,-1,-1,-1
