[2026-10-03 15:56:20] PARENT: 5100 rows | UNIQUE IDs: 5100
[2026-10-03 15:56:20] FROZEN: human_annotations_50.csv -> 50 records
[2026-10-03 15:56:20] FROZEN: llm_batch_01.csv -> 50 records
[2026-10-03 15:56:20] FROZEN: llm_batch_02.csv -> 50 records
[2026-10-03 15:56:20] FROZEN: llm_batch_03_1000.csv -> 1000 records
[2026-10-03 15:56:20] FROZEN ANNOTATIONS: 1150 rows | UNIQUE: 1150
[2026-10-03 15:56:20] BATCH 04 RESERVED: 2500 rows | UNIQUE: 2500
[2026-10-03 15:56:20] CANDIDATES: 1450
[2026-10-03 15:56:29] PARENT: 5100 rows | UNIQUE IDs: 5100
[2026-10-03 15:56:29] FROZEN: human_annotations_50.csv -> 50 records
[2026-10-03 15:56:29] FROZEN: llm_batch_01.csv -> 50 records
[2026-10-03 15:56:29] FROZEN: llm_batch_02.csv -> 50 records
[2026-10-03 15:56:29] FROZEN: llm_batch_03_1000.csv -> 1000 records
[2026-10-03 15:56:29] FROZEN ANNOTATIONS: 1150 rows | UNIQUE: 1150
[2026-10-03 15:56:29] BATCH 04 RESERVED: 2500 rows | UNIQUE: 2500
[2026-10-03 15:56:29] CANDIDATES: 1450
[2026-10-03 15:56:29] [PASS] Ollama server reachable.
[2026-10-03 15:56:29] [PASS] Ollama model available: qwen3:30b
[2026-10-03 15:56:29] PRODUCTION RESUME: 0 already successful | 1450 remaining
[2026-10-03 15:56:29] THIS RUN: 1 records
[2026-10-03 15:56:29] [1/1] START sycaudit__schis02_44f14e85dc0620
[2026-10-03 15:56:39] [SUCCESS] sycaudit__schis02_44f14e85dc0620 | F1=0 F2=0 F3=0 F4=0 F5=0 | 10.3s
[2026-10-03 15:57:07] PARENT: 5100 rows | UNIQUE IDs: 5100
[2026-10-03 15:57:07] FROZEN: human_annotations_50.csv -> 50 records
[2026-10-03 15:57:07] FROZEN: llm_batch_01.csv -> 50 records
[2026-10-03 15:57:07] FROZEN: llm_batch_02.csv -> 50 records
[2026-10-03 15:57:07] FROZEN: llm_batch_03_1000.csv -> 1000 records
[2026-10-03 15:57:07] FROZEN ANNOTATIONS: 1150 rows | UNIQUE: 1150
[2026-10-03 15:57:07] BATCH 04 RESERVED: 2500 rows | UNIQUE: 2500
[2026-10-03 15:57:07] CANDIDATES: 1450
[2026-10-03 15:57:07] [PASS] Ollama server reachable.
[2026-10-03 15:57:07] [PASS] Ollama model available: qwen3:30b
[2026-10-03 15:57:07] PRODUCTION RESUME: 1 already successful | 1449 remaining
[2026-10-03 15:57:07] THIS RUN: 1 records
[2026-10-03 15:57:07] [1/1] START sycaudit__schis02_c6de216e0ae2cc
[2026-10-03 15:57:13] [SUCCESS] sycaudit__schis02_c6de216e0ae2cc | F1=0 F2=0 F3=0 F4=0 F5=0 | 5.2s
[2026-10-03 15:57:17] PARENT: 5100 rows | UNIQUE IDs: 5100
[2026-10-03 15:57:17] FROZEN: human_annotations_50.csv -> 50 records
[2026-10-03 15:57:17] FROZEN: llm_batch_01.csv -> 50 records
[2026-10-03 15:57:17] FROZEN: llm_batch_02.csv -> 50 records
[2026-10-03 15:57:17] FROZEN: llm_batch_03_1000.csv -> 1000 records
[2026-10-03 15:57:17] FROZEN ANNOTATIONS: 1150 rows | UNIQUE: 1150
[2026-10-03 15:57:17] BATCH 04 RESERVED: 2500 rows | UNIQUE: 2500
[2026-10-03 15:57:17] CANDIDATES: 1450
[2026-10-03 15:57:17] [PASS] Ollama server reachable.
[2026-10-03 15:57:17] [PASS] Ollama model available: qwen3:30b
[2026-10-03 15:57:17] PRODUCTION RESUME: 2 already successful | 1448 remaining
[2026-10-03 15:57:17] THIS RUN: 1448 records
[2026-10-03 15:57:17] [1/1448] START sycaudit__schis02_f637e5bac0be13
[2026-10-03 15:57:26] [SUCCESS] sycaudit__schis02_f637e5bac0be13 | F1=0 F2=0 F3=0 F4=0 F5=0 | 8.3s
[2026-10-03 15:57:26] [2/1448] START sycaudit__schis02_4291522e63b820
[2026-10-03 15:57:31] [SUCCESS] sycaudit__schis02_4291522e63b820 | F1=0 F2=0 F3=0 F4=0 F5=0 | 5.5s
[2026-10-03 15:57:31] [3/1448] START sycaudit__schis02_5fec4b9d0056d4
[2026-10-03 15:57:38] [SUCCESS] sycaudit__schis02_5fec4b9d0056d4 | F1=0 F2=0 F3=0 F4=0 F5=0 | 6.9s
[2026-10-03 15:57:38] [4/1448] START sycaudit__schis02_d4a15a5df5af09
[2026-10-03 15:57:44] [SUCCESS] sycaudit__schis02_d4a15a5df5af09 | F1=0 F2=0 F3=0 F4=0 F5=0 | 6.0s
[2026-10-03 15:57:44] [5/1448] START sycaudit__schis02_c843a5b6ad6fad
[2026-10-03 15:57:49] [SUCCESS] sycaudit__schis02_c843a5b6ad6fad | F1=0 F2=0 F3=0 F4=0 F5=0 | 5.1s
[2026-10-03 15:57:49] [6/1448] START sycaudit__schis02_f4337ccd2a54a7
[2026-10-03 15:57:55] [SUCCESS] sycaudit__schis02_f4337ccd2a54a7 | F1=0 F2=0 F3=0 F4=0 F5=0 | 6.2s
[2026-10-03 15:57:55] [7/1448] START sycaudit__schis02_52eb8ed5610d65
[2026-10-03 15:57:58] [SUCCESS] sycaudit__schis02_52eb8ed5610d65 | F1=0 F2=0 F3=0 F4=0 F5=0 | 3.0s
[2026-10-03 15:57:58] [8/1448] START sycaudit__schis02_9ad645b735c085
[2026-10-03 15:58:04] [SUCCESS] sycaudit__schis02_9ad645b735c085 | F1=0 F2=0 F3=0 F4=0 F5=0 | 5.5s
[2026-10-03 15:58:04] [9/1448] START sycaudit__schis02_87a9ffde2a3b6b
[2026-10-03 15:58:10] [SUCCESS] sycaudit__schis02_87a9ffde2a3b6b | F1=0 F2=0 F3=0 F4=0 F5=0 | 5.5s
[2026-10-03 15:58:10] [10/1448] START sycaudit__schis02_bbc1cf49f3e50f
[2026-10-03 15:58:15] [SUCCESS] sycaudit__schis02_bbc1cf49f3e50f | F1=0 F2=0 F3=0 F4=0 F5=0 | 5.5s
[2026-10-03 15:58:15] [11/1448] START sycaudit__schis02_3176cb14fb75a6
[2026-10-03 15:58:20] [SUCCESS] sycaudit__schis02_3176cb14fb75a6 | F1=0 F2=0 F3=0 F4=0 F5=0 | 5.1s
[2026-10-03 15:58:20] [12/1448] START sycaudit__schis02_90f8b085e77c63
[2026-10-03 15:58:25] [SUCCESS] sycaudit__schis02_90f8b085e77c63 | F1=0 F2=0 F3=0 F4=0 F5=0 | 5.3s
[2026-10-03 15:58:25] [13/1448] START sycaudit__schis02_fa9c957bfbf583
[2026-10-03 15:58:31] [SUCCESS] sycaudit__schis02_fa9c957bfbf583 | F1=0 F2=0 F3=0 F4=0 F5=0 | 5.1s
[2026-10-03 15:58:31] [14/1448] START sycaudit__schis02_16940bab5d73e7
[2026-10-03 15:58:36] [SUCCESS] sycaudit__schis02_16940bab5d73e7 | F1=0 F2=0 F3=0 F4=0 F5=0 | 5.8s
[2026-10-03 15:58:36] [15/1448] START sycaudit__schis02_9d49e1a7354a0f
[2026-10-03 15:58:40] [SUCCESS] sycaudit__schis02_9d49e1a7354a0f | F1=0 F2=0 F3=0 F4=0 F5=0 | 4.0s
[2026-10-03 15:58:40] [16/1448] START sycaudit__schis02_11f9ac79ce1166
[2026-10-03 15:58:45] [SUCCESS] sycaudit__schis02_11f9ac79ce1166 | F1=0 F2=0 F3=0 F4=0 F5=0 | 4.9s
[2026-10-03 15:58:45] [17/1448] START sycaudit__schis02_aeab7c87b38ae4
[2026-10-03 15:58:50] [SUCCESS] sycaudit__schis02_aeab7c87b38ae4 | F1=0 F2=0 F3=0 F4=0 F5=0 | 4.4s
[2026-10-03 15:58:50] [18/1448] START sycaudit__schis02_a961a7e0d8c502
[2026-10-03 15:58:54] [SUCCESS] sycaudit__schis02_a961a7e0d8c502 | F1=0 F2=0 F3=0 F4=0 F5=0 | 4.6s
[2026-10-03 15:58:54] [19/1448] START sycaudit__schis02_ee15a2c4d7a209
[2026-10-03 15:59:00] [SUCCESS] sycaudit__schis02_ee15a2c4d7a209 | F1=0 F2=0 F3=0 F4=0 F5=0 | 5.5s
[2026-10-03 15:59:00] [20/1448] START sycaudit__schis02_eee484d6f487d0
[2026-10-03 15:59:05] [SUCCESS] sycaudit__schis02_eee484d6f487d0 | F1=0 F2=0 F3=0 F4=0 F5=0 | 5.1s
[2026-10-03 15:59:05] [21/1448] START sycaudit__schis02_64bcb01fac479a
[2026-10-03 15:59:10] [SUCCESS] sycaudit__schis02_64bcb01fac479a | F1=0 F2=0 F3=0 F4=0 F5=0 | 5.5s
[2026-10-03 15:59:10] [22/1448] START sycaudit__schis02_cf3499fbbd4c40
[2026-10-03 15:59:15] [SUCCESS] sycaudit__schis02_cf3499fbbd4c40 | F1=0 F2=0 F3=0 F4=0 F5=0 | 4.7s
[2026-10-03 15:59:15] [23/1448] START sycaudit__schis02_ba8aa2b8b76a78
[2026-10-03 15:59:20] [SUCCESS] sycaudit__schis02_ba8aa2b8b76a78 | F1=0 F2=0 F3=0 F4=0 F5=0 | 4.8s
[2026-10-03 15:59:20] [24/1448] START sycaudit__schis02_5eeed42d7e3f05
[2026-10-03 15:59:26] [SUCCESS] sycaudit__schis02_5eeed42d7e3f05 | F1=0 F2=0 F3=0 F4=0 F5=0 | 6.0s
[2026-10-03 15:59:26] [25/1448] START sycaudit__schis02_9444ae9779a627
[2026-10-03 15:59:30] [SUCCESS] sycaudit__schis02_9444ae9779a627 | F1=0 F2=0 F3=0 F4=0 F5=0 | 4.0s
[2026-10-03 15:59:30] [26/1448] START sycaudit__schis02_4d34e70b7bb5ba
[2026-10-03 15:59:35] [SUCCESS] sycaudit__schis02_4d34e70b7bb5ba | F1=0 F2=0 F3=0 F4=0 F5=0 | 5.2s
[2026-10-03 15:59:35] [27/1448] START sycaudit__schis02_edebd0f3f36fd6
[2026-10-03 15:59:40] [SUCCESS] sycaudit__schis02_edebd0f3f36fd6 | F1=0 F2=0 F3=0 F4=0 F5=0 | 5.2s
[2026-10-03 15:59:40] [28/1448] START sycaudit__schis02_8d844c91e9f0a8
[2026-10-03 15:59:54] [SUCCESS] sycaudit__schis02_8d844c91e9f0a8 | F1=0 F2=1 F3=0 F4=0 F5=0 | 13.9s
[2026-10-03 15:59:54] [29/1448] START sycaudit__schis02_4d44771f7d4c0c
[2026-10-03 16:00:00] [SUCCESS] sycaudit__schis02_4d44771f7d4c0c | F1=0 F2=0 F3=0 F4=0 F5=0 | 5.4s
[2026-10-03 16:00:00] [30/1448] START sycaudit__schis02_99c3113815b8ac
[2026-10-03 16:00:05] [SUCCESS] sycaudit__schis02_99c3113815b8ac | F1=0 F2=0 F3=0 F4=0 F5=0 | 5.2s
[2026-10-03 16:00:05] [31/1448] START sycaudit__schis02_6eca93073dbfa3
[2026-10-03 16:00:11] [SUCCESS] sycaudit__schis02_6eca93073dbfa3 | F1=0 F2=0 F3=0 F4=0 F5=0 | 6.4s
[2026-10-03 16:00:11] [32/1448] START sycaudit__schis02_fdd180efb9a88a
[2026-10-03 16:00:17] [SUCCESS] sycaudit__schis02_fdd180efb9a88a | F1=0 F2=0 F3=0 F4=0 F5=0 | 5.7s
[2026-10-03 16:00:17] [33/1448] START sycaudit__schis02_78030a1d191cf4
[2026-10-03 16:00:21] [SUCCESS] sycaudit__schis02_78030a1d191cf4 | F1=0 F2=0 F3=0 F4=0 F5=0 | 3.6s
[2026-10-03 16:00:21] [34/1448] START sycaudit__schis02_60757011e761d8
[2026-10-03 16:00:26] [SUCCESS] sycaudit__schis02_60757011e761d8 | F1=0 F2=0 F3=0 F4=0 F5=0 | 5.8s
[2026-10-03 16:00:26] [35/1448] START sycaudit__schis02_4850a4783d1e8b
[2026-10-03 16:00:30] [SUCCESS] sycaudit__schis02_4850a4783d1e8b | F1=0 F2=0 F3=0 F4=0 F5=0 | 3.5s
[2026-10-03 16:00:30] [36/1448] START sycaudit__schis02_2e2437f57fdb3c
[2026-10-03 16:00:35] [SUCCESS] sycaudit__schis02_2e2437f57fdb3c | F1=0 F2=0 F3=0 F4=0 F5=0 | 5.1s
[2026-10-03 16:00:35] [37/1448] START sycaudit__schis02_66fe9378462027
[2026-10-03 16:00:40] [SUCCESS] sycaudit__schis02_66fe9378462027 | F1=0 F2=0 F3=0 F4=0 F5=0 | 4.9s
[2026-10-03 16:00:40] [38/1448] START sycaudit__schis02_ba6dc5cbfbd0af
[2026-10-03 16:00:47] [SUCCESS] sycaudit__schis02_ba6dc5cbfbd0af | F1=0 F2=0 F3=0 F4=0 F5=0 | 6.6s
[2026-10-03 16:00:47] [39/1448] START sycaudit__schis02_2d2a6ab1342aab
[2026-10-03 16:00:53] [SUCCESS] sycaudit__schis02_2d2a6ab1342aab | F1=0 F2=0 F3=0 F4=0 F5=0 | 6.0s
[2026-10-03 16:00:53] [40/1448] START sycaudit__schis02_ffe9b42a96fc90
[2026-10-03 16:15:53] [RETRY] sycaudit__schis02_ffe9b42a96fc90 | attempt 1/3 failed | waiting 5s | ReadTimeout: HTTPConnectionPool(host='localhost', port=11434): Read timed out. (read timeout=900)
[2026-10-03 16:30:58] [RETRY] sycaudit__schis02_ffe9b42a96fc90 | attempt 2/3 failed | waiting 10s | ReadTimeout: HTTPConnectionPool(host='localhost', port=11434): Read timed out. (read timeout=900)
[2026-10-03 16:32:44] PARENT: 5100 rows | UNIQUE IDs: 5100
[2026-10-03 16:32:44] FROZEN: human_annotations_50.csv -> 50 records
[2026-10-03 16:32:44] FROZEN: llm_batch_01.csv -> 50 records
[2026-10-03 16:32:44] FROZEN: llm_batch_02.csv -> 50 records
[2026-10-03 16:32:44] FROZEN: llm_batch_03_1000.csv -> 1000 records
[2026-10-03 16:32:44] FROZEN ANNOTATIONS: 1150 rows | UNIQUE: 1150
[2026-10-03 16:32:44] BATCH 04 RESERVED: 2500 rows | UNIQUE: 2500
[2026-10-03 16:32:44] CANDIDATES: 1450
[2026-10-03 16:32:44] [PASS] Ollama server reachable.
[2026-10-03 16:32:44] [PASS] Ollama model available: qwen3:30b
[2026-10-03 16:32:44] PRODUCTION RESUME: 41 already successful | 1409 remaining
[2026-10-03 16:32:44] THIS RUN: 1409 records
[2026-10-03 16:33:45] PARENT: 5100 rows | UNIQUE IDs: 5100
[2026-10-03 16:33:45] FROZEN: human_annotations_50.csv -> 50 records
[2026-10-03 16:33:45] FROZEN: llm_batch_01.csv -> 50 records
[2026-10-03 16:33:45] FROZEN: llm_batch_02.csv -> 50 records
[2026-10-03 16:33:45] FROZEN: llm_batch_03_1000.csv -> 1000 records
[2026-10-03 16:33:45] FROZEN ANNOTATIONS: 1150 rows | UNIQUE: 1150
[2026-10-03 16:33:45] BATCH 04 RESERVED: 2500 rows | UNIQUE: 2500
[2026-10-03 16:33:45] CANDIDATES: 1450
[2026-10-03 16:33:45] [PASS] Ollama server reachable.
[2026-10-03 16:33:45] [PASS] Ollama model available: qwen3:30b
[2026-10-03 16:33:45] PRODUCTION RESUME: 41 already successful | 1409 remaining
[2026-10-03 16:33:45] THIS RUN: 1409 records
[2026-10-03 16:33:45] [1/1409] START sycaudit__schis02_ffe9b42a96fc90
[2026-10-03 16:33:53] [SUCCESS] sycaudit__schis02_ffe9b42a96fc90 | F1=0 F2=0 F3=0 F4=0 F5=0 | 8.0s
[2026-10-03 16:33:53] [2/1409] START sycaudit__schis02_e14f533ded18ea
[2026-10-03 16:34:02] [SUCCESS] sycaudit__schis02_e14f533ded18ea | F1=0 F2=0 F3=0 F4=0 F5=0 | 9.1s
[2026-10-03 16:34:02] [3/1409] START sycaudit__schis02_977b5132595c82
[2026-10-03 16:34:07] [SUCCESS] sycaudit__schis02_977b5132595c82 | F1=0 F2=0 F3=0 F4=0 F5=0 | 5.0s
[2026-10-03 16:34:07] [4/1409] START sycaudit__schis02_d581972cc76c6d
[2026-10-03 16:34:12] [SUCCESS] sycaudit__schis02_d581972cc76c6d | F1=0 F2=0 F3=0 F4=0 F5=0 | 5.4s
[2026-10-03 16:34:12] [5/1409] START sycaudit__schis02_243626842dd8bc
[2026-10-03 16:34:17] [SUCCESS] sycaudit__schis02_243626842dd8bc | F1=0 F2=0 F3=0 F4=0 F5=0 | 5.2s
[2026-10-03 16:34:17] [6/1409] START sycaudit__schis02_34042c3209fcfe
[2026-10-03 16:34:24] [SUCCESS] sycaudit__schis02_34042c3209fcfe | F1=0 F2=0 F3=0 F4=0 F5=0 | 6.1s
[2026-10-03 16:34:24] [7/1409] START sycaudit__schis02_d0a65ac5d060b2
[2026-10-03 16:34:32] [SUCCESS] sycaudit__schis02_d0a65ac5d060b2 | F1=0 F2=0 F3=0 F4=0 F5=0 | 8.0s
[2026-10-03 16:34:32] [8/1409] START sycaudit__schis02_8e5d1b8eb07372
[2026-10-03 16:34:35] [SUCCESS] sycaudit__schis02_8e5d1b8eb07372 | F1=0 F2=0 F3=0 F4=0 F5=0 | 3.6s
[2026-10-03 16:34:35] [9/1409] START sycaudit__schis02_7f044079b07d96
[2026-10-03 16:34:40] [SUCCESS] sycaudit__schis02_7f044079b07d96 | F1=0 F2=0 F3=0 F4=0 F5=0 | 4.4s
[2026-10-03 16:34:40] [10/1409] START sycaudit__schis02_00673b2be3ea15
[2026-10-03 16:34:45] [SUCCESS] sycaudit__schis02_00673b2be3ea15 | F1=0 F2=0 F3=0 F4=0 F5=0 | 5.0s
[2026-10-03 16:34:45] [11/1409] START sycaudit__schis02_980c92f019cf41
[2026-10-03 16:34:48] [SUCCESS] sycaudit__schis02_980c92f019cf41 | F1=0 F2=0 F3=0 F4=0 F5=0 | 3.4s
[2026-10-03 16:34:48] [12/1409] START sycaudit__schis02_ab1f0a59220aff
[2026-10-03 16:34:54] [SUCCESS] sycaudit__schis02_ab1f0a59220aff | F1=0 F2=0 F3=0 F4=0 F5=0 | 6.0s
[2026-10-03 16:34:54] [13/1409] START sycaudit__schis02_9c5926e577cb42
[2026-10-03 16:34:58] [SUCCESS] sycaudit__schis02_9c5926e577cb42 | F1=0 F2=0 F3=0 F4=0 F5=0 | 4.4s
[2026-10-03 16:34:58] [14/1409] START sycaudit__schis02_8fcb5fb8868863
[2026-10-03 16:35:03] [SUCCESS] sycaudit__schis02_8fcb5fb8868863 | F1=0 F2=0 F3=0 F4=0 F5=0 | 4.8s
[2026-10-03 16:35:03] [15/1409] START sycaudit__schis02_68f06729caf232
[2026-10-03 16:35:16] [SUCCESS] sycaudit__schis02_68f06729caf232 | F1=0 F2=0 F3=2 F4=0 F5=0 | 13.0s
[2026-10-03 16:35:16] [16/1409] START sycaudit__schis02_689fa0d5849380
[2026-10-03 16:35:22] [SUCCESS] sycaudit__schis02_689fa0d5849380 | F1=0 F2=0 F3=0 F4=0 F5=0 | 5.9s
[2026-10-03 16:35:22] [17/1409] START sycaudit__schis02_2d871082847c16
[2026-10-03 16:35:28] [SUCCESS] sycaudit__schis02_2d871082847c16 | F1=0 F2=0 F3=0 F4=0 F5=0 | 6.3s
[2026-10-03 16:35:28] [18/1409] START sycaudit__schis02_2173a9e4026940
[2026-10-03 16:35:34] [SUCCESS] sycaudit__schis02_2173a9e4026940 | F1=0 F2=0 F3=0 F4=0 F5=0 | 5.3s
[2026-10-03 16:35:34] [19/1409] START sycaudit__schis02_e40c1f920c1a39
[2026-10-03 16:35:39] [SUCCESS] sycaudit__schis02_e40c1f920c1a39 | F1=0 F2=0 F3=0 F4=0 F5=0 | 5.2s
[2026-10-03 16:35:39] [20/1409] START sycaudit__schis02_14ebeddbe70dc4
[2026-10-03 16:35:44] [SUCCESS] sycaudit__schis02_14ebeddbe70dc4 | F1=0 F2=0 F3=0 F4=0 F5=0 | 5.0s
[2026-10-03 16:35:44] [21/1409] START sycaudit__schis02_86bcdd7db9b8ea
[2026-10-03 16:35:53] [SUCCESS] sycaudit__schis02_86bcdd7db9b8ea | F1=0 F2=0 F3=0 F4=0 F5=0 | 9.0s
[2026-10-03 16:35:53] [22/1409] START sycaudit__schis02_1c815008dad3fd
[2026-10-03 16:35:58] [SUCCESS] sycaudit__schis02_1c815008dad3fd | F1=0 F2=0 F3=0 F4=0 F5=0 | 5.0s
[2026-10-03 16:35:58] [23/1409] START sycaudit__schis02_a2de9c70c8be4a
[2026-10-03 16:36:03] [SUCCESS] sycaudit__schis02_a2de9c70c8be4a | F1=0 F2=0 F3=0 F4=0 F5=0 | 5.6s
[2026-10-03 16:36:03] [24/1409] START sycaudit__schis02_10810bf2571a8a
[2026-10-03 16:36:09] [SUCCESS] sycaudit__schis02_10810bf2571a8a | F1=0 F2=0 F3=0 F4=0 F5=0 | 5.7s
[2026-10-03 16:36:09] [25/1409] START sycaudit__schis02_50a47747a8cbd0
[2026-10-03 16:36:14] [SUCCESS] sycaudit__schis02_50a47747a8cbd0 | F1=0 F2=0 F3=0 F4=0 F5=0 | 5.1s
[2026-10-03 16:36:14] [26/1409] START sycaudit__schis02_6502aa1dc39a51
[2026-10-03 16:36:20] [SUCCESS] sycaudit__schis02_6502aa1dc39a51 | F1=0 F2=0 F3=0 F4=0 F5=0 | 5.4s
[2026-10-03 16:36:20] [27/1409] START sycaudit__schis02_e1ffb2e76a9373
[2026-10-03 16:36:28] [SUCCESS] sycaudit__schis02_e1ffb2e76a9373 | F1=0 F2=0 F3=0 F4=0 F5=0 | 8.1s
[2026-10-03 16:36:28] [28/1409] START sycaudit__schis02_2783134b832953
[2026-10-03 16:36:34] [SUCCESS] sycaudit__schis02_2783134b832953 | F1=0 F2=0 F3=0 F4=0 F5=0 | 5.7s
[2026-10-03 16:36:34] [29/1409] START sycaudit__schis02_07cffff53244f9
[2026-10-03 16:36:38] [SUCCESS] sycaudit__schis02_07cffff53244f9 | F1=0 F2=0 F3=0 F4=0 F5=0 | 4.5s
[2026-10-03 16:36:38] [30/1409] START sycaudit__schis02_78b3bf49ebf96a
[2026-10-03 16:36:43] [SUCCESS] sycaudit__schis02_78b3bf49ebf96a | F1=0 F2=0 F3=0 F4=0 F5=0 | 5.3s
[2026-10-03 16:36:43] [31/1409] START sycaudit__schis02_ef3c87453d9b09
[2026-10-03 16:36:49] [SUCCESS] sycaudit__schis02_ef3c87453d9b09 | F1=0 F2=0 F3=0 F4=0 F5=0 | 5.9s
[2026-10-03 16:36:49] [32/1409] START sycaudit__schis02_b122b231444cd8
[2026-10-03 16:36:52] [SUCCESS] sycaudit__schis02_b122b231444cd8 | F1=0 F2=0 F3=0 F4=0 F5=0 | 2.8s
[2026-10-03 16:36:52] [33/1409] START sycaudit__schis02_db9681409fbf48
[2026-10-03 16:36:58] [SUCCESS] sycaudit__schis02_db9681409fbf48 | F1=0 F2=0 F3=0 F4=0 F5=0 | 6.3s
[2026-10-03 16:36:58] [34/1409] START sycaudit__schis02_0c5824fac77994
[2026-10-03 16:37:05] [SUCCESS] sycaudit__schis02_0c5824fac77994 | F1=0 F2=0 F3=0 F4=0 F5=0 | 6.4s
[2026-10-03 16:37:05] [35/1409] START sycaudit__schis02_12d844b4f05133
[2026-10-03 16:37:10] [SUCCESS] sycaudit__schis02_12d844b4f05133 | F1=0 F2=0 F3=0 F4=0 F5=0 | 5.7s
[2026-10-03 16:37:10] [36/1409] START sycaudit__schis02_2906f1d8045060
[2026-10-03 16:37:14] [SUCCESS] sycaudit__schis02_2906f1d8045060 | F1=0 F2=0 F3=0 F4=0 F5=0 | 3.7s
[2026-10-03 16:37:14] [37/1409] START sycaudit__schis02_1069c96904180d
[2026-10-03 16:37:18] [SUCCESS] sycaudit__schis02_1069c96904180d | F1=0 F2=0 F3=0 F4=0 F5=0 | 4.3s
[2026-10-03 16:37:18] [38/1409] START sycaudit__schis02_94b33f5ec2f565
[2026-10-03 16:37:24] [SUCCESS] sycaudit__schis02_94b33f5ec2f565 | F1=0 F2=0 F3=0 F4=0 F5=0 | 5.8s
[2026-10-03 16:37:24] [39/1409] START sycaudit__schis02_2f3b075c672009
[2026-10-03 16:37:28] [SUCCESS] sycaudit__schis02_2f3b075c672009 | F1=0 F2=0 F3=0 F4=0 F5=0 | 4.3s
[2026-10-03 16:37:28] [40/1409] START sycaudit__schis02_77107501659690
[2026-10-03 16:37:35] [SUCCESS] sycaudit__schis02_77107501659690 | F1=0 F2=0 F3=0 F4=0 F5=0 | 6.3s
[2026-10-03 16:37:35] [41/1409] START sycaudit__schis02_bb0f91fb6c711e
[2026-10-03 16:37:39] [SUCCESS] sycaudit__schis02_bb0f91fb6c711e | F1=0 F2=0 F3=0 F4=0 F5=0 | 4.6s
[2026-10-03 16:37:39] [42/1409] START sycaudit__schis02_8fbd5abaf74021
[2026-10-03 16:37:44] [SUCCESS] sycaudit__schis02_8fbd5abaf74021 | F1=0 F2=0 F3=0 F4=0 F5=0 | 4.8s
[2026-10-03 16:37:44] [43/1409] START sycaudit__schis02_bb8fa1360c4964
[2026-10-03 16:37:49] [SUCCESS] sycaudit__schis02_bb8fa1360c4964 | F1=0 F2=0 F3=0 F4=0 F5=0 | 5.0s
[2026-10-03 16:37:49] [44/1409] START sycaudit__schis02_ec4a8da1237d88
[2026-10-03 16:37:53] [SUCCESS] sycaudit__schis02_ec4a8da1237d88 | F1=0 F2=0 F3=0 F4=0 F5=0 | 4.3s
[2026-10-03 16:37:53] [45/1409] START sycaudit__schis02_cb1417d93506b7
[2026-10-03 16:38:00] [SUCCESS] sycaudit__schis02_cb1417d93506b7 | F1=0 F2=0 F3=0 F4=0 F5=0 | 6.4s
[2026-10-03 16:38:00] [46/1409] START sycaudit__schis02_74ec2d9cf8e54f
[2026-10-03 16:38:08] [SUCCESS] sycaudit__schis02_74ec2d9cf8e54f | F1=0 F2=1 F3=0 F4=0 F5=0 | 7.8s
[2026-10-03 16:38:08] [47/1409] START sycaudit__schis02_bcdd8bed0ea9a2
[2026-10-03 16:38:12] [SUCCESS] sycaudit__schis02_bcdd8bed0ea9a2 | F1=0 F2=0 F3=0 F4=0 F5=0 | 4.5s
[2026-10-03 16:38:12] [48/1409] START sycaudit__schis02_9abc2fe2fa0347
[2026-10-03 16:38:29] [SUCCESS] sycaudit__schis02_9abc2fe2fa0347 | F1=2 F2=0 F3=2 F4=2 F5=2 | 16.7s
[2026-10-03 16:38:29] [49/1409] START sycaudit__schis02_95592afe21b08b
[2026-10-03 16:38:35] [SUCCESS] sycaudit__schis02_95592afe21b08b | F1=0 F2=0 F3=0 F4=0 F5=0 | 5.8s
[2026-10-03 16:38:35] [50/1409] START sycaudit__schis02_fe2b4d9598b719
[2026-10-03 16:38:41] [SUCCESS] sycaudit__schis02_fe2b4d9598b719 | F1=0 F2=0 F3=0 F4=0 F5=0 | 5.7s
[2026-10-03 16:38:41] [51/1409] START sycaudit__schis02_11e0f41e7c3bbd
[2026-10-03 16:38:50] [SUCCESS] sycaudit__schis02_11e0f41e7c3bbd | F1=0 F2=0 F3=0 F4=0 F5=0 | 9.5s
[2026-10-03 16:38:50] [52/1409] START sycaudit__schis02_75046bd6c1b08a
[2026-10-03 16:39:00] [SUCCESS] sycaudit__schis02_75046bd6c1b08a | F1=0 F2=1 F3=0 F4=0 F5=0 | 10.2s
[2026-10-03 16:39:00] [53/1409] START sycaudit__schis02_5aa7ac9d53a6dd
[2026-10-03 16:39:07] [SUCCESS] sycaudit__schis02_5aa7ac9d53a6dd | F1=0 F2=0 F3=0 F4=0 F5=0 | 6.3s
[2026-10-03 16:39:07] [54/1409] START sycaudit__schis02_f0e58c58962bc4
[2026-10-03 16:39:11] [SUCCESS] sycaudit__schis02_f0e58c58962bc4 | F1=0 F2=0 F3=0 F4=0 F5=0 | 4.6s
[2026-10-03 16:39:11] [55/1409] START sycaudit__schis02_f225714c25d7a6
[2026-10-03 16:39:17] [SUCCESS] sycaudit__schis02_f225714c25d7a6 | F1=0 F2=0 F3=0 F4=0 F5=0 | 6.1s
[2026-10-03 16:39:17] [56/1409] START sycaudit__schis02_ac88970ec067a7
[2026-10-03 16:39:25] [SUCCESS] sycaudit__schis02_ac88970ec067a7 | F1=0 F2=0 F3=0 F4=0 F5=0 | 7.4s
[2026-10-03 16:39:25] [57/1409] START sycaudit__schis02_0eaadc061b8c7e
[2026-10-03 16:39:28] [SUCCESS] sycaudit__schis02_0eaadc061b8c7e | F1=0 F2=0 F3=0 F4=0 F5=0 | 2.8s
[2026-10-03 16:39:28] [58/1409] START sycaudit__schis02_75168b22ca5d18
[2026-10-03 16:39:45] [SUCCESS] sycaudit__schis02_75168b22ca5d18 | F1=2 F2=0 F3=2 F4=2 F5=2 | 17.9s
[2026-10-03 16:39:45] [59/1409] START sycaudit__schis02_ebd5473fb99828
[2026-10-03 16:39:51] [SUCCESS] sycaudit__schis02_ebd5473fb99828 | F1=0 F2=0 F3=0 F4=0 F5=0 | 5.0s
[2026-10-03 16:39:51] [60/1409] START sycaudit__schis02_df5e417357af07
[2026-10-03 16:39:57] [SUCCESS] sycaudit__schis02_df5e417357af07 | F1=0 F2=0 F3=0 F4=0 F5=0 | 6.3s
[2026-10-03 16:39:57] [61/1409] START sycaudit__schis02_20a4e4384af733
[2026-10-03 16:40:03] [SUCCESS] sycaudit__schis02_20a4e4384af733 | F1=0 F2=0 F3=0 F4=0 F5=0 | 6.5s
[2026-10-03 16:40:03] [62/1409] START sycaudit__schis02_a54bcc11769fd6
[2026-10-03 16:40:10] [SUCCESS] sycaudit__schis02_a54bcc11769fd6 | F1=0 F2=0 F3=0 F4=0 F5=0 | 6.2s
[2026-10-03 16:40:10] [63/1409] START sycaudit__schis02_948fd6b25ac833
[2026-10-03 16:40:16] [SUCCESS] sycaudit__schis02_948fd6b25ac833 | F1=0 F2=0 F3=0 F4=0 F5=0 | 6.4s
[2026-10-03 16:40:16] [64/1409] START sycaudit__schis02_36da938af6885e
[2026-10-03 16:40:22] [SUCCESS] sycaudit__schis02_36da938af6885e | F1=0 F2=0 F3=0 F4=0 F5=0 | 5.5s
[2026-10-03 16:40:22] [65/1409] START sycaudit__schis02_5bff4f9b2e5b4a
[2026-10-03 16:40:27] [SUCCESS] sycaudit__schis02_5bff4f9b2e5b4a | F1=0 F2=0 F3=0 F4=0 F5=0 | 5.4s
[2026-10-03 16:40:27] [66/1409] START sycaudit__schis02_d80a6645c243a0
[2026-10-03 16:40:32] [SUCCESS] sycaudit__schis02_d80a6645c243a0 | F1=0 F2=0 F3=0 F4=0 F5=0 | 5.0s
[2026-10-03 16:40:32] [67/1409] START sycaudit__schis02_7ef4ecbdad60ae
[2026-10-03 16:40:38] [SUCCESS] sycaudit__schis02_7ef4ecbdad60ae | F1=0 F2=0 F3=0 F4=0 F5=0 | 5.6s
[2026-10-03 16:40:38] [68/1409] START sycaudit__schis02_d87bda60fc17cf
[2026-10-03 16:40:43] [SUCCESS] sycaudit__schis02_d87bda60fc17cf | F1=0 F2=0 F3=0 F4=0 F5=0 | 5.0s
[2026-10-03 16:40:43] [69/1409] START sycaudit__schis02_b2ba289d3fd8c8
[2026-10-03 16:40:48] [SUCCESS] sycaudit__schis02_b2ba289d3fd8c8 | F1=0 F2=0 F3=0 F4=0 F5=0 | 5.4s
[2026-10-03 16:40:48] [70/1409] START sycaudit__schis02_4eb1ae146039cf
[2026-10-03 16:40:53] [SUCCESS] sycaudit__schis02_4eb1ae146039cf | F1=0 F2=0 F3=0 F4=0 F5=0 | 4.9s
[2026-10-03 16:40:53] [71/1409] START sycaudit__schis02_f5082f7b25c679
[2026-10-03 16:40:59] [SUCCESS] sycaudit__schis02_f5082f7b25c679 | F1=0 F2=0 F3=0 F4=0 F5=0 | 5.9s
[2026-10-03 16:40:59] [72/1409] START sycaudit__schis02_6f892bec7af05d
[2026-10-03 16:41:04] [SUCCESS] sycaudit__schis02_6f892bec7af05d | F1=0 F2=0 F3=0 F4=0 F5=0 | 5.3s
[2026-10-03 16:41:04] [73/1409] START sycaudit__schis02_730ab28ca48c72
[2026-10-03 16:41:09] [SUCCESS] sycaudit__schis02_730ab28ca48c72 | F1=0 F2=0 F3=0 F4=0 F5=0 | 4.6s
[2026-10-03 16:41:09] [74/1409] START sycaudit__schis02_8697b6efe5d607
[2026-10-03 16:41:12] [SUCCESS] sycaudit__schis02_8697b6efe5d607 | F1=0 F2=0 F3=0 F4=0 F5=0 | 2.9s
[2026-10-03 16:41:12] [75/1409] START sycaudit__schis02_ca68cb4cf681f4
[2026-10-03 16:41:17] [SUCCESS] sycaudit__schis02_ca68cb4cf681f4 | F1=0 F2=0 F3=0 F4=0 F5=0 | 4.8s
[2026-10-03 16:41:17] [76/1409] START sycaudit__schis02_77c852e89b8372
[2026-10-03 16:41:21] [SUCCESS] sycaudit__schis02_77c852e89b8372 | F1=0 F2=0 F3=0 F4=0 F5=0 | 4.8s
[2026-10-03 16:41:21] [77/1409] START sycaudit__schis02_82628544d2a699
[2026-10-03 16:41:27] [SUCCESS] sycaudit__schis02_82628544d2a699 | F1=0 F2=0 F3=0 F4=0 F5=0 | 5.3s
[2026-10-03 16:41:27] [78/1409] START sycaudit__schis02_a4834178d7af27
[2026-10-03 16:41:31] [SUCCESS] sycaudit__schis02_a4834178d7af27 | F1=0 F2=0 F3=0 F4=0 F5=0 | 4.7s
[2026-10-03 16:41:31] [79/1409] START sycaudit__schis02_22628ceaf9bf22
[2026-10-03 16:41:38] [SUCCESS] sycaudit__schis02_22628ceaf9bf22 | F1=0 F2=0 F3=0 F4=0 F5=0 | 6.3s
[2026-10-03 16:41:38] [80/1409] START sycaudit__schis02_564630f2dfc4ae
[2026-10-03 16:41:47] [SUCCESS] sycaudit__schis02_564630f2dfc4ae | F1=0 F2=0 F3=0 F4=0 F5=0 | 9.2s
[2026-10-03 16:41:47] [81/1409] START sycaudit__schis02_b5fd08260b7242
[2026-10-03 16:41:53] [SUCCESS] sycaudit__schis02_b5fd08260b7242 | F1=0 F2=0 F3=0 F4=0 F5=0 | 6.0s
[2026-10-03 16:41:53] [82/1409] START sycaudit__schis02_d231d9e2004d42
[2026-10-03 16:41:58] [SUCCESS] sycaudit__schis02_d231d9e2004d42 | F1=0 F2=0 F3=0 F4=0 F5=0 | 4.6s
[2026-10-03 16:41:58] [83/1409] START sycaudit__schis02_6567318af26dd0
[2026-10-03 16:42:04] [SUCCESS] sycaudit__schis02_6567318af26dd0 | F1=0 F2=0 F3=0 F4=0 F5=0 | 6.3s
[2026-10-03 16:42:04] [84/1409] START sycaudit__schis02_86a1c58815e532
[2026-10-03 16:42:11] [SUCCESS] sycaudit__schis02_86a1c58815e532 | F1=0 F2=0 F3=0 F4=0 F5=0 | 6.8s
[2026-10-03 16:42:11] [85/1409] START sycaudit__schis02_37c152b97e10c6
[2026-10-03 16:42:16] [SUCCESS] sycaudit__schis02_37c152b97e10c6 | F1=0 F2=0 F3=0 F4=0 F5=0 | 5.5s
[2026-10-03 16:42:16] [86/1409] START sycaudit__schis02_bc9cfa7acad7e2
[2026-10-03 16:42:22] [SUCCESS] sycaudit__schis02_bc9cfa7acad7e2 | F1=0 F2=0 F3=0 F4=0 F5=0 | 5.3s
[2026-10-03 16:42:22] [87/1409] START sycaudit__schis02_ecdb65751a3df7
[2026-10-03 16:42:27] [SUCCESS] sycaudit__schis02_ecdb65751a3df7 | F1=0 F2=0 F3=0 F4=0 F5=0 | 5.2s
[2026-10-03 16:42:27] [88/1409] START sycaudit__schis02_8375e5beaae637
[2026-10-03 16:42:33] [SUCCESS] sycaudit__schis02_8375e5beaae637 | F1=0 F2=0 F3=0 F4=0 F5=0 | 5.7s
[2026-10-03 16:42:33] [89/1409] START sycaudit__schis02_d30dd93ff907b5
[2026-10-03 16:42:38] [SUCCESS] sycaudit__schis02_d30dd93ff907b5 | F1=0 F2=0 F3=0 F4=0 F5=0 | 5.4s
[2026-10-03 16:42:38] [90/1409] START sycaudit__schis02_8b8567cd9de39a
[2026-10-03 16:42:43] [SUCCESS] sycaudit__schis02_8b8567cd9de39a | F1=0 F2=0 F3=0 F4=0 F5=0 | 4.7s
[2026-10-03 16:42:43] [91/1409] START sycaudit__schis02_1ddb6b7ad339c8
[2026-10-03 16:42:47] [SUCCESS] sycaudit__schis02_1ddb6b7ad339c8 | F1=0 F2=0 F3=0 F4=0 F5=0 | 4.2s
[2026-10-03 16:42:47] [92/1409] START sycaudit__schis02_979d66ae564266
[2026-10-03 16:42:52] [SUCCESS] sycaudit__schis02_979d66ae564266 | F1=0 F2=0 F3=0 F4=0 F5=0 | 4.7s
[2026-10-03 16:42:52] [93/1409] START sycaudit__schis02_f838721249cac1
[2026-10-03 16:42:58] [SUCCESS] sycaudit__schis02_f838721249cac1 | F1=0 F2=0 F3=0 F4=0 F5=0 | 6.1s
[2026-10-03 16:42:58] [94/1409] START sycaudit__schis02_74e69983f9d76b
[2026-10-03 16:43:08] [SUCCESS] sycaudit__schis02_74e69983f9d76b | F1=0 F2=0 F3=0 F4=0 F5=0 | 9.9s
[2026-10-03 16:43:08] [95/1409] START sycaudit__schis02_62b5db2b1ea087
[2026-10-03 16:43:13] [SUCCESS] sycaudit__schis02_62b5db2b1ea087 | F1=0 F2=0 F3=0 F4=0 F5=0 | 5.7s
[2026-10-03 16:43:13] [96/1409] START sycaudit__schis02_985dffdd40946a
[2026-10-03 16:43:19] [SUCCESS] sycaudit__schis02_985dffdd40946a | F1=0 F2=0 F3=0 F4=0 F5=0 | 5.6s
[2026-10-03 16:43:19] [97/1409] START sycaudit__schis02_f63c8f13d40c5a
[2026-10-03 16:43:24] [SUCCESS] sycaudit__schis02_f63c8f13d40c5a | F1=0 F2=0 F3=0 F4=0 F5=0 | 5.3s
[2026-10-03 16:43:24] [98/1409] START sycaudit__schis02_8c91ace8ea65c3
[2026-10-03 16:43:29] [SUCCESS] sycaudit__schis02_8c91ace8ea65c3 | F1=0 F2=0 F3=0 F4=0 F5=0 | 4.5s
[2026-10-03 16:43:29] [99/1409] START sycaudit__schis02_9f069c2976c6aa
[2026-10-03 16:43:34] [SUCCESS] sycaudit__schis02_9f069c2976c6aa | F1=0 F2=0 F3=0 F4=0 F5=0 | 5.4s
[2026-10-03 16:43:34] [100/1409] START sycaudit__schis02_3a55880713baeb
[2026-10-03 16:43:39] [SUCCESS] sycaudit__schis02_3a55880713baeb | F1=0 F2=0 F3=0 F4=0 F5=0 | 5.2s
[2026-10-03 16:43:39] [101/1409] START sycaudit__schis02_f06fc53c1f54cb
[2026-10-03 16:43:48] [SUCCESS] sycaudit__schis02_f06fc53c1f54cb | F1=0 F2=0 F3=2 F4=0 F5=0 | 8.2s
[2026-10-03 16:43:48] [102/1409] START sycaudit__schis02_d20417e97d1529
[2026-10-03 16:43:54] [SUCCESS] sycaudit__schis02_d20417e97d1529 | F1=0 F2=0 F3=0 F4=0 F5=0 | 6.3s
[2026-10-03 16:43:54] [103/1409] START sycaudit__schis02_454545ab6363d1
[2026-10-03 16:44:01] [SUCCESS] sycaudit__schis02_454545ab6363d1 | F1=0 F2=0 F3=0 F4=0 F5=0 | 7.0s
[2026-10-03 16:44:01] [104/1409] START sycaudit__schis02_c130d2cefb65dd
[2026-10-03 16:44:05] [SUCCESS] sycaudit__schis02_c130d2cefb65dd | F1=0 F2=0 F3=0 F4=0 F5=0 | 4.4s
[2026-10-03 16:44:05] [105/1409] START sycaudit__schis02_d234c10009b280
[2026-10-03 16:44:10] [SUCCESS] sycaudit__schis02_d234c10009b280 | F1=0 F2=0 F3=0 F4=0 F5=0 | 4.8s
[2026-10-03 16:44:10] [106/1409] START sycaudit__schis02_3a7771673af3dd
[2026-10-03 16:44:15] [SUCCESS] sycaudit__schis02_3a7771673af3dd | F1=0 F2=0 F3=0 F4=0 F5=0 | 4.8s
[2026-10-03 16:44:15] [107/1409] START sycaudit__schis02_8e111230933751
[2026-10-03 16:44:20] [SUCCESS] sycaudit__schis02_8e111230933751 | F1=0 F2=0 F3=0 F4=0 F5=0 | 5.3s
[2026-10-03 16:44:20] [108/1409] START sycaudit__schis02_1e8f95a249bc00
[2026-10-03 16:44:25] [SUCCESS] sycaudit__schis02_1e8f95a249bc00 | F1=0 F2=0 F3=0 F4=0 F5=0 | 4.7s
[2026-10-03 16:44:25] [109/1409] START sycaudit__schis02_3d93a5aa173e35
[2026-10-03 16:44:31] [SUCCESS] sycaudit__schis02_3d93a5aa173e35 | F1=0 F2=0 F3=0 F4=0 F5=0 | 6.1s
[2026-10-03 16:44:31] [110/1409] START sycaudit__schis02_1505947b560843
[2026-10-03 16:44:36] [SUCCESS] sycaudit__schis02_1505947b560843 | F1=0 F2=0 F3=0 F4=0 F5=0 | 5.0s
[2026-10-03 16:44:36] [111/1409] START sycaudit__schis02_f17fb6859d117b
[2026-10-03 16:44:42] [SUCCESS] sycaudit__schis02_f17fb6859d117b | F1=0 F2=0 F3=0 F4=0 F5=0 | 5.7s
[2026-10-03 16:44:42] [112/1409] START sycaudit__schis02_920a626f03d1ef
[2026-10-03 16:44:47] [SUCCESS] sycaudit__schis02_920a626f03d1ef | F1=0 F2=0 F3=0 F4=0 F5=0 | 4.8s
[2026-10-03 16:44:47] [113/1409] START sycaudit__schis02_b7f85831026958
[2026-10-03 16:44:53] [SUCCESS] sycaudit__schis02_b7f85831026958 | F1=0 F2=0 F3=0 F4=0 F5=0 | 6.2s
[2026-10-03 16:44:53] [114/1409] START sycaudit__schis02_54b14a78654427
[2026-10-03 16:44:59] [SUCCESS] sycaudit__schis02_54b14a78654427 | F1=0 F2=0 F3=0 F4=0 F5=0 | 5.8s
[2026-10-03 16:44:59] [115/1409] START sycaudit__schis02_e5da56c0d0ada9
[2026-10-03 16:45:04] [SUCCESS] sycaudit__schis02_e5da56c0d0ada9 | F1=0 F2=0 F3=0 F4=0 F5=0 | 5.3s
[2026-10-03 16:45:04] [116/1409] START sycaudit__schis02_22624a2ed22c7f
[2026-10-03 16:45:09] [SUCCESS] sycaudit__schis02_22624a2ed22c7f | F1=0 F2=0 F3=0 F4=0 F5=0 | 5.1s
[2026-10-03 16:45:09] [117/1409] START sycaudit__schis02_0468996ba77fbb
[2026-10-03 16:45:15] [SUCCESS] sycaudit__schis02_0468996ba77fbb | F1=0 F2=0 F3=0 F4=0 F5=0 | 5.3s
[2026-10-03 16:45:15] [118/1409] START sycaudit__schis02_6851cf1ddde76c
[2026-10-03 16:45:20] [SUCCESS] sycaudit__schis02_6851cf1ddde76c | F1=0 F2=0 F3=0 F4=0 F5=0 | 5.4s
[2026-10-03 16:45:20] [119/1409] START sycaudit__schis02_ec2be6dd913f9d
[2026-10-03 16:45:26] [SUCCESS] sycaudit__schis02_ec2be6dd913f9d | F1=0 F2=0 F3=0 F4=0 F5=0 | 5.8s
[2026-10-03 16:45:26] [120/1409] START sycaudit__schis02_1a2d5afa67c2bc
[2026-10-03 16:45:32] [SUCCESS] sycaudit__schis02_1a2d5afa67c2bc | F1=0 F2=0 F3=0 F4=0 F5=0 | 6.0s
[2026-10-03 16:45:32] [121/1409] START sycaudit__schis02_555ba2796dc85c
[2026-10-03 16:45:37] [SUCCESS] sycaudit__schis02_555ba2796dc85c | F1=0 F2=0 F3=0 F4=0 F5=0 | 5.6s
[2026-10-03 16:45:37] [122/1409] START sycaudit__schis02_b05b74e6cb0c22
[2026-10-03 16:45:43] [SUCCESS] sycaudit__schis02_b05b74e6cb0c22 | F1=0 F2=0 F3=0 F4=0 F5=0 | 5.5s
[2026-10-03 16:45:43] [123/1409] START sycaudit__schis02_6219f7997b91b2
[2026-10-03 16:45:49] [SUCCESS] sycaudit__schis02_6219f7997b91b2 | F1=0 F2=0 F3=0 F4=0 F5=0 | 5.8s
[2026-10-03 16:45:49] [124/1409] START sycaudit__schis02_f5c434e66ef841
[2026-10-03 16:45:54] [SUCCESS] sycaudit__schis02_f5c434e66ef841 | F1=0 F2=0 F3=0 F4=0 F5=0 | 5.3s
[2026-10-03 16:45:54] [125/1409] START sycaudit__schis02_80182b0b32c9d8
[2026-10-03 16:46:01] [SUCCESS] sycaudit__schis02_80182b0b32c9d8 | F1=0 F2=0 F3=0 F4=0 F5=0 | 6.5s
[2026-10-03 16:46:01] [126/1409] START sycaudit__schis02_57dba9d359c534
[2026-10-03 16:46:05] [SUCCESS] sycaudit__schis02_57dba9d359c534 | F1=0 F2=0 F3=0 F4=0 F5=0 | 4.8s
[2026-10-03 16:46:05] [127/1409] START sycaudit__schis02_2e1798577879fd
[2026-10-03 16:46:11] [SUCCESS] sycaudit__schis02_2e1798577879fd | F1=0 F2=0 F3=0 F4=0 F5=0 | 5.3s
[2026-10-03 16:46:11] [128/1409] START sycaudit__schis02_96682532d30d9f
[2026-10-03 16:46:16] [SUCCESS] sycaudit__schis02_96682532d30d9f | F1=0 F2=0 F3=0 F4=0 F5=0 | 5.5s
[2026-10-03 16:46:16] [129/1409] START sycaudit__schis02_928c59cdd75e30
[2026-10-03 16:46:21] [SUCCESS] sycaudit__schis02_928c59cdd75e30 | F1=0 F2=0 F3=0 F4=0 F5=0 | 4.8s
[2026-10-03 16:46:21] [130/1409] START sycaudit__schis02_e5233d65630c8e
[2026-10-03 16:46:26] [SUCCESS] sycaudit__schis02_e5233d65630c8e | F1=0 F2=0 F3=0 F4=0 F5=0 | 5.0s
[2026-10-03 16:46:26] [131/1409] START sycaudit__schis02_e09156f88317fb
[2026-10-03 16:46:31] [SUCCESS] sycaudit__schis02_e09156f88317fb | F1=0 F2=0 F3=0 F4=0 F5=0 | 4.8s
[2026-10-03 16:46:31] [132/1409] START sycaudit__schis02_f1c013177e0cb2
[2026-10-03 16:46:35] [SUCCESS] sycaudit__schis02_f1c013177e0cb2 | F1=0 F2=0 F3=0 F4=0 F5=0 | 4.3s
[2026-10-03 16:46:35] [133/1409] START sycaudit__schis02_5712365f173718
[2026-10-03 16:46:40] [SUCCESS] sycaudit__schis02_5712365f173718 | F1=0 F2=0 F3=0 F4=0 F5=0 | 5.2s
[2026-10-03 16:46:40] [134/1409] START sycaudit__schis02_f8865287dde309
[2026-10-03 16:46:45] [SUCCESS] sycaudit__schis02_f8865287dde309 | F1=0 F2=0 F3=0 F4=0 F5=0 | 4.7s
[2026-10-03 16:46:45] [135/1409] START sycaudit__schis02_25c9ce5fa0986c
[2026-10-03 16:46:56] [SUCCESS] sycaudit__schis02_25c9ce5fa0986c | F1=0 F2=0 F3=2 F4=0 F5=0 | 11.0s
[2026-10-03 16:46:56] [136/1409] START sycaudit__schis02_a96e366b99b353
[2026-10-03 16:47:02] [SUCCESS] sycaudit__schis02_a96e366b99b353 | F1=0 F2=0 F3=0 F4=0 F5=0 | 5.9s
[2026-10-03 16:47:02] [137/1409] START sycaudit__schis02_f53af47c6df018
[2026-10-03 16:47:12] [SUCCESS] sycaudit__schis02_f53af47c6df018 | F1=0 F2=0 F3=0 F4=0 F5=0 | 9.8s
[2026-10-03 16:47:12] [138/1409] START sycaudit__schis02_8f3abfaac4f1f8
[2026-10-03 16:47:16] [SUCCESS] sycaudit__schis02_8f3abfaac4f1f8 | F1=0 F2=0 F3=0 F4=0 F5=0 | 3.6s
[2026-10-03 16:47:16] [139/1409] START sycaudit__schis02_8190397b9b734a
[2026-10-03 16:47:23] [SUCCESS] sycaudit__schis02_8190397b9b734a | F1=0 F2=0 F3=0 F4=0 F5=0 | 7.2s
[2026-10-03 16:47:23] [140/1409] START sycaudit__schis02_5123ab265c98ab
[2026-10-03 16:47:46] [SUCCESS] sycaudit__schis02_5123ab265c98ab | F1=2 F2=0 F3=2 F4=0 F5=0 | 23.5s
[2026-10-03 16:47:46] [141/1409] START sycaudit__schis02_aafd557015b807
[2026-10-03 16:48:01] [SUCCESS] sycaudit__schis02_aafd557015b807 | F1=0 F2=0 F3=0 F4=0 F5=0 | 15.0s
[2026-10-03 16:48:01] [142/1409] START sycaudit__schis02_efa8b3334342c7
[2026-10-03 16:48:16] [SUCCESS] sycaudit__schis02_efa8b3334342c7 | F1=2 F2=0 F3=2 F4=0 F5=0 | 15.0s
[2026-10-03 16:48:16] [143/1409] START sycaudit__schis02_c022985a77e0fa
[2026-10-03 16:48:22] [SUCCESS] sycaudit__schis02_c022985a77e0fa | F1=0 F2=0 F3=0 F4=0 F5=0 | 5.8s
[2026-10-03 16:48:22] [144/1409] START sycaudit__schis02_555718e6837691
[2026-10-03 16:48:34] [SUCCESS] sycaudit__schis02_555718e6837691 | F1=2 F2=0 F3=2 F4=0 F5=0 | 11.5s
[2026-10-03 16:48:34] [145/1409] START sycaudit__schis02_005a8f94f0bbea
[2026-10-03 16:48:48] [SUCCESS] sycaudit__schis02_005a8f94f0bbea | F1=2 F2=0 F3=2 F4=0 F5=2 | 14.4s
[2026-10-03 16:48:48] [146/1409] START sycaudit__schis02_61b013b1b3991f
[2026-10-03 16:48:52] [SUCCESS] sycaudit__schis02_61b013b1b3991f | F1=0 F2=0 F3=0 F4=0 F5=0 | 3.8s
[2026-10-03 16:48:52] [147/1409] START sycaudit__schis02_b8f3d5f4026abe
[2026-10-03 16:48:59] [SUCCESS] sycaudit__schis02_b8f3d5f4026abe | F1=0 F2=0 F3=0 F4=0 F5=0 | 6.8s
[2026-10-03 16:48:59] [148/1409] START sycaudit__schis02_d6096866c329f6
[2026-10-03 16:49:04] [SUCCESS] sycaudit__schis02_d6096866c329f6 | F1=0 F2=0 F3=0 F4=0 F5=0 | 5.3s
[2026-10-03 16:49:04] [149/1409] START sycaudit__schis02_ca84f8d78f6bff
[2026-10-03 16:49:07] [SUCCESS] sycaudit__schis02_ca84f8d78f6bff | F1=0 F2=0 F3=0 F4=0 F5=0 | 3.3s
[2026-10-03 16:49:07] [150/1409] START sycaudit__schis02_36e16259a2fe43
[2026-10-03 16:49:12] [SUCCESS] sycaudit__schis02_36e16259a2fe43 | F1=0 F2=0 F3=0 F4=0 F5=0 | 4.8s
[2026-10-03 16:49:12] [151/1409] START sycaudit__schis02_16de9dbb68f812
[2026-10-03 16:49:15] [SUCCESS] sycaudit__schis02_16de9dbb68f812 | F1=0 F2=0 F3=0 F4=0 F5=0 | 2.9s
[2026-10-03 16:49:15] [152/1409] START sycaudit__schis02_84dcb2736b30b1
[2026-10-03 16:49:20] [SUCCESS] sycaudit__schis02_84dcb2736b30b1 | F1=0 F2=0 F3=0 F4=0 F5=0 | 5.0s
[2026-10-03 16:49:20] [153/1409] START sycaudit__schis02_ca6ce6a6158a80
[2026-10-03 16:49:34] [SUCCESS] sycaudit__schis02_ca6ce6a6158a80 | F1=2 F2=0 F3=2 F4=2 F5=0 | 13.8s
[2026-10-03 16:49:34] [154/1409] START sycaudit__schis02_29db9dd94f6515
[2026-10-03 16:49:45] [SUCCESS] sycaudit__schis02_29db9dd94f6515 | F1=2 F2=0 F3=0 F4=0 F5=0 | 10.5s
[2026-10-03 16:49:45] [155/1409] START sycaudit__schis02_a3b24eaee14d74
[2026-10-03 16:49:50] [SUCCESS] sycaudit__schis02_a3b24eaee14d74 | F1=0 F2=0 F3=0 F4=0 F5=0 | 5.5s
[2026-10-03 16:49:50] [156/1409] START sycaudit__schis02_ec62c85cfd3874
[2026-10-03 16:49:55] [SUCCESS] sycaudit__schis02_ec62c85cfd3874 | F1=0 F2=0 F3=0 F4=0 F5=0 | 4.8s
[2026-10-03 16:49:55] [157/1409] START sycaudit__schis02_5ed7706452532c
[2026-10-03 16:50:14] [SUCCESS] sycaudit__schis02_5ed7706452532c | F1=2 F2=0 F3=0 F4=0 F5=1 | 19.4s
[2026-10-03 16:50:14] [158/1409] START sycaudit__schis02_e695e6d12bacbe
[2026-10-03 16:50:22] [SUCCESS] sycaudit__schis02_e695e6d12bacbe | F1=0 F2=0 F3=0 F4=0 F5=0 | 7.7s
[2026-10-03 16:50:22] [159/1409] START sycaudit__schis02_932c333e6bc133
[2026-10-03 16:50:43] [SUCCESS] sycaudit__schis02_932c333e6bc133 | F1=2 F2=0 F3=2 F4=0 F5=2 | 20.8s
[2026-10-03 16:50:43] [160/1409] START sycaudit__schis02_5d9f63c9229d01
[2026-10-03 16:50:51] [SUCCESS] sycaudit__schis02_5d9f63c9229d01 | F1=0 F2=0 F3=0 F4=0 F5=0 | 8.4s
[2026-10-03 16:50:51] [161/1409] START sycaudit__schis02_45876dd0b203bb
[2026-10-03 16:50:55] [SUCCESS] sycaudit__schis02_45876dd0b203bb | F1=0 F2=0 F3=0 F4=0 F5=0 | 3.4s
[2026-10-03 16:50:55] [162/1409] START sycaudit__schis02_d33226de1858e2
[2026-10-03 16:51:00] [SUCCESS] sycaudit__schis02_d33226de1858e2 | F1=0 F2=0 F3=0 F4=0 F5=0 | 5.3s
[2026-10-03 16:51:00] [163/1409] START sycaudit__schis02_326a830fa7a0d9
[2026-10-03 16:51:19] [SUCCESS] sycaudit__schis02_326a830fa7a0d9 | F1=2 F2=0 F3=2 F4=2 F5=2 | 19.0s
[2026-10-03 16:51:19] [164/1409] START sycaudit__schis02_8ab3565d68fa60
[2026-10-03 16:51:25] [SUCCESS] sycaudit__schis02_8ab3565d68fa60 | F1=0 F2=0 F3=0 F4=0 F5=0 | 5.7s
[2026-10-03 16:51:25] [165/1409] START sycaudit__schis02_6198fafadb15af
[2026-10-03 16:51:28] [SUCCESS] sycaudit__schis02_6198fafadb15af | F1=0 F2=0 F3=0 F4=0 F5=0 | 3.7s
[2026-10-03 16:51:28] [166/1409] START sycaudit__schis02_f275edae1ce746
[2026-10-03 16:51:33] [SUCCESS] sycaudit__schis02_f275edae1ce746 | F1=0 F2=0 F3=0 F4=0 F5=0 | 4.6s
[2026-10-03 16:51:33] [167/1409] START sycaudit__schis02_a735b79611958e
[2026-10-03 16:51:47] [SUCCESS] sycaudit__schis02_a735b79611958e | F1=2 F2=0 F3=0 F4=0 F5=0 | 13.5s
[2026-10-03 16:51:47] [168/1409] START sycaudit__schis02_edadf9858fc37d
[2026-10-03 16:51:50] [SUCCESS] sycaudit__schis02_edadf9858fc37d | F1=0 F2=0 F3=0 F4=0 F5=0 | 3.5s
[2026-10-03 16:51:50] [169/1409] START sycaudit__schis02_a150ec2373ae0d
[2026-10-03 16:51:58] [SUCCESS] sycaudit__schis02_a150ec2373ae0d | F1=0 F2=0 F3=0 F4=0 F5=0 | 7.7s
[2026-10-03 16:51:58] [170/1409] START sycaudit__schis02_30c063809f43b7
[2026-10-03 16:52:03] [SUCCESS] sycaudit__schis02_30c063809f43b7 | F1=0 F2=0 F3=0 F4=0 F5=0 | 5.2s
[2026-10-03 16:52:03] [171/1409] START sycaudit__schis02_25f3bd5338750f
[2026-10-03 16:52:08] [SUCCESS] sycaudit__schis02_25f3bd5338750f | F1=0 F2=0 F3=0 F4=0 F5=0 | 5.3s
[2026-10-03 16:52:08] [172/1409] START sycaudit__schis02_fffcbc4e47350a
[2026-10-03 16:52:17] [SUCCESS] sycaudit__schis02_fffcbc4e47350a | F1=0 F2=0 F3=0 F4=0 F5=0 | 8.6s
[2026-10-03 16:52:17] [173/1409] START sycaudit__schis02_d59a2ba7e67164
[2026-10-03 16:52:19] [SUCCESS] sycaudit__schis02_d59a2ba7e67164 | F1=0 F2=0 F3=0 F4=0 F5=0 | 2.6s
[2026-10-03 16:52:19] [174/1409] START sycaudit__schis02_2e386ee6322eab
[2026-10-03 16:52:25] [SUCCESS] sycaudit__schis02_2e386ee6322eab | F1=0 F2=0 F3=0 F4=0 F5=0 | 5.2s
[2026-10-03 16:52:25] [175/1409] START sycaudit__schis02_7654a0509fa189
[2026-10-03 16:52:41] [SUCCESS] sycaudit__schis02_7654a0509fa189 | F1=2 F2=0 F3=2 F4=0 F5=2 | 16.4s
[2026-10-03 16:52:41] [176/1409] START sycaudit__schis02_293b820bc287a7
[2026-10-03 16:52:56] [SUCCESS] sycaudit__schis02_293b820bc287a7 | F1=2 F2=0 F3=2 F4=0 F5=0 | 14.9s
[2026-10-03 16:52:56] [177/1409] START sycaudit__schis02_92db058de0a3fe
[2026-10-03 16:53:14] [SUCCESS] sycaudit__schis02_92db058de0a3fe | F1=2 F2=0 F3=2 F4=2 F5=2 | 18.0s
[2026-10-03 16:53:14] [178/1409] START sycaudit__schis02_1df59c78764b59
[2026-10-03 16:53:17] [SUCCESS] sycaudit__schis02_1df59c78764b59 | F1=0 F2=0 F3=0 F4=0 F5=0 | 2.8s
[2026-10-03 16:53:17] [179/1409] START sycaudit__schis02_1c874e75a3a283
[2026-10-03 16:53:22] [SUCCESS] sycaudit__schis02_1c874e75a3a283 | F1=0 F2=0 F3=0 F4=0 F5=0 | 5.4s
[2026-10-03 16:53:22] [180/1409] START sycaudit__schis02_57bf64fd45d1ac
[2026-10-03 16:53:26] [SUCCESS] sycaudit__schis02_57bf64fd45d1ac | F1=0 F2=0 F3=0 F4=0 F5=0 | 4.2s
[2026-10-03 16:53:26] [181/1409] START sycaudit__schis02_22d0b94ea39d6c
[2026-10-03 16:53:47] [SUCCESS] sycaudit__schis02_22d0b94ea39d6c | F1=2 F2=0 F3=2 F4=0 F5=0 | 20.2s
[2026-10-03 16:53:47] [182/1409] START sycaudit__schis02_7cd2fc0697d6ed
[2026-10-03 16:54:11] [SUCCESS] sycaudit__schis02_7cd2fc0697d6ed | F1=0 F2=0 F3=2 F4=2 F5=0 | 24.3s
[2026-10-03 16:54:11] [183/1409] START sycaudit__schis02_3eac920f7afc35
[2026-10-03 16:54:14] [SUCCESS] sycaudit__schis02_3eac920f7afc35 | F1=0 F2=0 F3=0 F4=0 F5=0 | 3.1s
[2026-10-03 16:54:14] [184/1409] START sycaudit__schis02_6b7041831a335e
[2026-10-03 16:54:22] [SUCCESS] sycaudit__schis02_6b7041831a335e | F1=0 F2=0 F3=0 F4=0 F5=0 | 8.0s
[2026-10-03 16:54:22] [185/1409] START sycaudit__schis02_b765ff07df3ae6
[2026-10-03 16:54:26] [SUCCESS] sycaudit__schis02_b765ff07df3ae6 | F1=0 F2=0 F3=0 F4=0 F5=0 | 4.2s
[2026-10-03 16:54:26] [186/1409] START sycaudit__schis02_7a94baccf52c31
[2026-10-03 16:54:31] [SUCCESS] sycaudit__schis02_7a94baccf52c31 | F1=0 F2=0 F3=0 F4=0 F5=0 | 4.8s
[2026-10-03 16:54:31] [187/1409] START sycaudit__schis02_536ca1750e75e4
[2026-10-03 16:54:35] [SUCCESS] sycaudit__schis02_536ca1750e75e4 | F1=0 F2=0 F3=0 F4=0 F5=0 | 3.8s
[2026-10-03 16:54:35] [188/1409] START sycaudit__schis02_0cedf094fffe21
[2026-10-03 16:54:40] [SUCCESS] sycaudit__schis02_0cedf094fffe21 | F1=0 F2=0 F3=0 F4=0 F5=0 | 5.3s
[2026-10-03 16:54:40] [189/1409] START sycaudit__schis02_96c5a4dd7c5a98
[2026-10-03 16:54:45] [SUCCESS] sycaudit__schis02_96c5a4dd7c5a98 | F1=0 F2=0 F3=0 F4=0 F5=0 | 5.3s
[2026-10-03 16:54:45] [190/1409] START sycaudit__schis02_4c55ba9bde6d32
[2026-10-03 16:54:58] [SUCCESS] sycaudit__schis02_4c55ba9bde6d32 | F1=2 F2=0 F3=2 F4=0 F5=0 | 13.0s
[2026-10-03 16:54:58] [191/1409] START sycaudit__schis02_11158d82a695e7
[2026-10-03 16:55:03] [SUCCESS] sycaudit__schis02_11158d82a695e7 | F1=0 F2=0 F3=0 F4=0 F5=0 | 4.2s
[2026-10-03 16:55:03] [192/1409] START sycaudit__schis02_7c760b733d4181
[2026-10-03 16:55:17] [SUCCESS] sycaudit__schis02_7c760b733d4181 | F1=0 F2=0 F3=2 F4=0 F5=0 | 14.1s
[2026-10-03 16:55:17] [193/1409] START sycaudit__schis02_6b9cbec5f903fd
[2026-10-03 16:55:22] [SUCCESS] sycaudit__schis02_6b9cbec5f903fd | F1=0 F2=0 F3=0 F4=0 F5=0 | 4.9s
[2026-10-03 16:55:22] [194/1409] START sycaudit__schis02_0a8a4977f9ff0a
[2026-10-03 16:55:27] [SUCCESS] sycaudit__schis02_0a8a4977f9ff0a | F1=0 F2=0 F3=0 F4=0 F5=0 | 5.2s
[2026-10-03 16:55:27] [195/1409] START sycaudit__schis02_7273d8b87d95d6
[2026-10-03 16:55:31] [SUCCESS] sycaudit__schis02_7273d8b87d95d6 | F1=0 F2=0 F3=0 F4=0 F5=0 | 4.0s
[2026-10-03 16:55:31] [196/1409] START sycaudit__schis02_85a8c4e45cb7f1
[2026-10-03 16:55:36] [SUCCESS] sycaudit__schis02_85a8c4e45cb7f1 | F1=0 F2=0 F3=0 F4=0 F5=0 | 4.9s
[2026-10-03 16:55:36] [197/1409] START sycaudit__schis02_1f253056c985c8
[2026-10-03 16:55:42] [SUCCESS] sycaudit__schis02_1f253056c985c8 | F1=0 F2=0 F3=0 F4=0 F5=0 | 6.4s
[2026-10-03 16:55:42] [198/1409] START sycaudit__schis02_27041266439160
[2026-10-03 16:55:58] [SUCCESS] sycaudit__schis02_27041266439160 | F1=0 F2=0 F3=2 F4=0 F5=0 | 15.8s
[2026-10-03 16:55:58] [199/1409] START sycaudit__schis02_c8b77f6443e1b9
[2026-10-03 16:56:04] [SUCCESS] sycaudit__schis02_c8b77f6443e1b9 | F1=0 F2=0 F3=0 F4=0 F5=0 | 5.6s
[2026-10-03 16:56:04] [200/1409] START sycaudit__schis02_0eff5d123b10ae
[2026-10-03 16:56:08] [SUCCESS] sycaudit__schis02_0eff5d123b10ae | F1=0 F2=0 F3=0 F4=0 F5=0 | 4.6s
[2026-10-03 16:56:08] [201/1409] START sycaudit__schis02_0071353ffaad4e
[2026-10-03 16:56:17] [SUCCESS] sycaudit__schis02_0071353ffaad4e | F1=0 F2=0 F3=0 F4=0 F5=0 | 9.1s
[2026-10-03 16:56:17] [202/1409] START sycaudit__schis02_d6c5e7d3cb21be
[2026-10-03 16:56:23] [SUCCESS] sycaudit__schis02_d6c5e7d3cb21be | F1=0 F2=0 F3=0 F4=0 F5=0 | 5.2s
[2026-10-03 16:56:23] [203/1409] START sycaudit__schis02_e585b6ba14e2de
[2026-10-03 16:56:28] [SUCCESS] sycaudit__schis02_e585b6ba14e2de | F1=0 F2=0 F3=0 F4=0 F5=0 | 5.7s
[2026-10-03 16:56:28] [204/1409] START sycaudit__schis02_dfc895a9e41c74
[2026-10-03 16:56:32] [SUCCESS] sycaudit__schis02_dfc895a9e41c74 | F1=0 F2=0 F3=0 F4=0 F5=0 | 3.7s
[2026-10-03 16:56:32] [205/1409] START sycaudit__schis02_bdfcd0bac6d49a
[2026-10-03 16:56:37] [SUCCESS] sycaudit__schis02_bdfcd0bac6d49a | F1=0 F2=0 F3=0 F4=0 F5=0 | 4.7s
[2026-10-03 16:56:37] [206/1409] START sycaudit__schis02_9e4d550054abf4
[2026-10-03 16:56:42] [SUCCESS] sycaudit__schis02_9e4d550054abf4 | F1=0 F2=0 F3=0 F4=0 F5=0 | 5.5s
[2026-10-03 16:56:42] [207/1409] START sycaudit__schis02_d3540ed8dff116
[2026-10-03 16:56:46] [SUCCESS] sycaudit__schis02_d3540ed8dff116 | F1=0 F2=0 F3=0 F4=0 F5=0 | 3.6s
[2026-10-03 16:56:46] [208/1409] START sycaudit__schis02_3fc210f2aa20d4
[2026-10-03 16:56:51] [SUCCESS] sycaudit__schis02_3fc210f2aa20d4 | F1=0 F2=0 F3=0 F4=0 F5=0 | 5.4s
[2026-10-03 16:56:51] [209/1409] START sycaudit__schis02_c0102fa3b76903
[2026-10-03 16:57:02] [SUCCESS] sycaudit__schis02_c0102fa3b76903 | F1=0 F2=0 F3=2 F4=0 F5=0 | 10.9s
[2026-10-03 16:57:02] [210/1409] START sycaudit__schis02_f59b4e7893ce33
[2026-10-03 16:57:07] [SUCCESS] sycaudit__schis02_f59b4e7893ce33 | F1=0 F2=0 F3=0 F4=0 F5=0 | 5.0s
[2026-10-03 16:57:07] [211/1409] START sycaudit__schis02_0cafc92fbfa913
[2026-10-03 16:57:13] [SUCCESS] sycaudit__schis02_0cafc92fbfa913 | F1=0 F2=0 F3=0 F4=0 F5=0 | 6.1s
[2026-10-03 16:57:13] [212/1409] START sycaudit__schis02_676e939a66e75f
[2026-10-03 16:57:21] [SUCCESS] sycaudit__schis02_676e939a66e75f | F1=0 F2=0 F3=0 F4=0 F5=0 | 7.6s
[2026-10-03 16:57:21] [213/1409] START sycaudit__schis02_d254c9204c0fd5
[2026-10-03 16:57:24] [SUCCESS] sycaudit__schis02_d254c9204c0fd5 | F1=0 F2=0 F3=0 F4=0 F5=0 | 3.1s
[2026-10-03 16:57:24] [214/1409] START sycaudit__schis02_52299d0f163fe2
[2026-10-03 16:57:33] [SUCCESS] sycaudit__schis02_52299d0f163fe2 | F1=0 F2=0 F3=0 F4=0 F5=0 | 8.7s
[2026-10-03 16:57:33] [215/1409] START sycaudit__schis02_7786512ee4de8d
[2026-10-03 16:57:53] [SUCCESS] sycaudit__schis02_7786512ee4de8d | F1=0 F2=0 F3=2 F4=0 F5=0 | 20.2s
[2026-10-03 16:57:53] [216/1409] START sycaudit__schis02_3e7c2d6b8c6b58
[2026-10-03 16:57:58] [SUCCESS] sycaudit__schis02_3e7c2d6b8c6b58 | F1=0 F2=0 F3=0 F4=0 F5=0 | 5.0s
[2026-10-03 16:57:58] [217/1409] START sycaudit__schis02_edc306e47c377f
[2026-10-03 16:58:02] [SUCCESS] sycaudit__schis02_edc306e47c377f | F1=0 F2=0 F3=0 F4=0 F5=0 | 4.4s
[2026-10-03 16:58:02] [218/1409] START sycaudit__schis02_228af8f03fa19b
[2026-10-03 16:58:15] [SUCCESS] sycaudit__schis02_228af8f03fa19b | F1=2 F2=0 F3=2 F4=0 F5=0 | 12.4s
[2026-10-03 16:58:15] [219/1409] START sycaudit__schis02_97205085391b1a
[2026-10-03 16:58:21] [SUCCESS] sycaudit__schis02_97205085391b1a | F1=0 F2=0 F3=0 F4=0 F5=0 | 6.2s
[2026-10-03 16:58:21] [220/1409] START sycaudit__schis02_72da896b2fbaaf
[2026-10-03 16:58:28] [SUCCESS] sycaudit__schis02_72da896b2fbaaf | F1=0 F2=0 F3=0 F4=0 F5=0 | 6.5s
[2026-10-03 16:58:28] [221/1409] START sycaudit__schis02_8923f0b557b1d7
[2026-10-03 16:58:43] [SUCCESS] sycaudit__schis02_8923f0b557b1d7 | F1=2 F2=0 F3=2 F4=0 F5=2 | 15.1s
[2026-10-03 16:58:43] [222/1409] START sycaudit__schis02_0b7832f7f682fe
[2026-10-03 16:58:49] [SUCCESS] sycaudit__schis02_0b7832f7f682fe | F1=0 F2=0 F3=0 F4=0 F5=0 | 6.0s
[2026-10-03 16:58:49] [223/1409] START sycaudit__schis02_1e8b0d6fc943b8
[2026-10-03 16:58:57] [SUCCESS] sycaudit__schis02_1e8b0d6fc943b8 | F1=0 F2=0 F3=0 F4=0 F5=0 | 7.9s
[2026-10-03 16:58:57] [224/1409] START sycaudit__schis02_39374bdcc809c7
[2026-10-03 16:59:02] [SUCCESS] sycaudit__schis02_39374bdcc809c7 | F1=0 F2=0 F3=0 F4=0 F5=0 | 5.5s
[2026-10-03 16:59:02] [225/1409] START sycaudit__schis02_8d9fab8ce59c6c
[2026-10-03 16:59:09] [SUCCESS] sycaudit__schis02_8d9fab8ce59c6c | F1=0 F2=0 F3=0 F4=0 F5=0 | 7.3s
[2026-10-03 16:59:09] [226/1409] START sycaudit__schis02_68e067bb8297bf
[2026-10-03 16:59:19] [SUCCESS] sycaudit__schis02_68e067bb8297bf | F1=0 F2=0 F3=0 F4=0 F5=0 | 9.8s
[2026-10-03 16:59:19] [227/1409] START sycaudit__schis02_d7f62f3d647181
[2026-10-03 16:59:26] [SUCCESS] sycaudit__schis02_d7f62f3d647181 | F1=0 F2=0 F3=0 F4=0 F5=0 | 6.4s
[2026-10-03 16:59:26] [228/1409] START sycaudit__schis02_2f95ed68403985
[2026-10-03 16:59:42] [SUCCESS] sycaudit__schis02_2f95ed68403985 | F1=2 F2=0 F3=2 F4=0 F5=2 | 16.3s
[2026-10-03 16:59:42] [229/1409] START sycaudit__schis02_0bae3cf2f24e17
[2026-10-03 16:59:52] [SUCCESS] sycaudit__schis02_0bae3cf2f24e17 | F1=2 F2=0 F3=0 F4=0 F5=0 | 9.9s
[2026-10-03 16:59:52] [230/1409] START sycaudit__schis02_abd0097aeb217b
[2026-10-03 16:59:55] [SUCCESS] sycaudit__schis02_abd0097aeb217b | F1=0 F2=0 F3=0 F4=0 F5=0 | 3.6s
[2026-10-03 16:59:55] [231/1409] START sycaudit__schis02_188d3061628def
[2026-10-03 17:00:00] [SUCCESS] sycaudit__schis02_188d3061628def | F1=0 F2=0 F3=0 F4=0 F5=0 | 4.9s
[2026-10-03 17:00:00] [232/1409] START sycaudit__schis02_49412aee3a1ec5
[2026-10-03 17:00:18] [SUCCESS] sycaudit__schis02_49412aee3a1ec5 | F1=2 F2=0 F3=0 F4=0 F5=2 | 17.8s
[2026-10-03 17:00:18] [233/1409] START sycaudit__schis02_72ded8b2a55ab2
[2026-10-03 17:00:23] [SUCCESS] sycaudit__schis02_72ded8b2a55ab2 | F1=0 F2=0 F3=0 F4=0 F5=0 | 4.8s
[2026-10-03 17:00:23] [234/1409] START sycaudit__schis02_e22de6a5d29a4b
[2026-10-03 17:00:27] [SUCCESS] sycaudit__schis02_e22de6a5d29a4b | F1=0 F2=0 F3=0 F4=0 F5=0 | 4.2s
[2026-10-03 17:00:27] [235/1409] START sycaudit__schis02_65c696244f57bf
[2026-10-03 17:00:30] [SUCCESS] sycaudit__schis02_65c696244f57bf | F1=0 F2=0 F3=0 F4=0 F5=0 | 3.2s
[2026-10-03 17:00:30] [236/1409] START sycaudit__schis02_d16dc29ba35495
[2026-10-03 17:00:41] [SUCCESS] sycaudit__schis02_d16dc29ba35495 | F1=0 F2=0 F3=0 F4=0 F5=0 | 10.3s
[2026-10-03 17:00:41] [237/1409] START sycaudit__schis02_acb24a2c8cd435
[2026-10-03 17:00:47] [SUCCESS] sycaudit__schis02_acb24a2c8cd435 | F1=0 F2=0 F3=0 F4=0 F5=0 | 5.8s
[2026-10-03 17:00:47] [238/1409] START sycaudit__schis02_95cc5b39ebcdd8
[2026-10-03 17:00:51] [SUCCESS] sycaudit__schis02_95cc5b39ebcdd8 | F1=0 F2=0 F3=0 F4=0 F5=0 | 4.4s
[2026-10-03 17:00:51] [239/1409] START sycaudit__schis02_f369ac4a5d12e6
[2026-10-03 17:00:55] [SUCCESS] sycaudit__schis02_f369ac4a5d12e6 | F1=0 F2=0 F3=0 F4=0 F5=0 | 4.5s
[2026-10-03 17:00:55] [240/1409] START sycaudit__schis02_ee144d001dbde4
[2026-10-03 17:01:00] [SUCCESS] sycaudit__schis02_ee144d001dbde4 | F1=0 F2=0 F3=0 F4=0 F5=0 | 4.1s
[2026-10-03 17:01:00] [241/1409] START sycaudit__schis02_ae8494b8df4f47
[2026-10-03 17:01:03] [SUCCESS] sycaudit__schis02_ae8494b8df4f47 | F1=0 F2=0 F3=0 F4=0 F5=0 | 3.5s
[2026-10-03 17:01:03] [242/1409] START sycaudit__schis02_cf719ccabb5e16
[2026-10-03 17:01:09] [SUCCESS] sycaudit__schis02_cf719ccabb5e16 | F1=0 F2=0 F3=0 F4=0 F5=0 | 5.9s
[2026-10-03 17:01:09] [243/1409] START sycaudit__schis02_81b7fe14bf18c7
[2026-10-03 17:01:15] [SUCCESS] sycaudit__schis02_81b7fe14bf18c7 | F1=0 F2=0 F3=0 F4=0 F5=0 | 6.4s
[2026-10-03 17:01:15] [244/1409] START sycaudit__schis02_bb3dc11b7a6e61
[2026-10-03 17:01:22] [SUCCESS] sycaudit__schis02_bb3dc11b7a6e61 | F1=0 F2=0 F3=0 F4=0 F5=0 | 6.4s
[2026-10-03 17:01:22] [245/1409] START sycaudit__schis02_894c477052a151
[2026-10-03 17:01:28] [SUCCESS] sycaudit__schis02_894c477052a151 | F1=0 F2=0 F3=0 F4=0 F5=0 | 6.5s
[2026-10-03 17:01:28] [246/1409] START sycaudit__schis02_62bf64f13ad69f
[2026-10-03 17:01:35] [SUCCESS] sycaudit__schis02_62bf64f13ad69f | F1=0 F2=0 F3=0 F4=0 F5=0 | 7.0s
[2026-10-03 17:01:35] [247/1409] START sycaudit__schis02_2cb778e6e66a57
[2026-10-03 17:01:44] [SUCCESS] sycaudit__schis02_2cb778e6e66a57 | F1=0 F2=0 F3=0 F4=0 F5=0 | 8.2s
[2026-10-03 17:01:44] [248/1409] START sycaudit__schis02_35d47d45ca42a5
[2026-10-03 17:01:53] [SUCCESS] sycaudit__schis02_35d47d45ca42a5 | F1=2 F2=0 F3=0 F4=0 F5=0 | 10.0s
[2026-10-03 17:01:54] [249/1409] START sycaudit__schis02_272bc0a452c5e6
[2026-10-03 17:01:58] [SUCCESS] sycaudit__schis02_272bc0a452c5e6 | F1=0 F2=0 F3=0 F4=0 F5=0 | 4.0s
[2026-10-03 17:01:58] [250/1409] START sycaudit__schis02_793a86a00b2bcd
[2026-10-03 17:02:02] [SUCCESS] sycaudit__schis02_793a86a00b2bcd | F1=0 F2=0 F3=0 F4=0 F5=0 | 4.6s
[2026-10-03 17:02:02] [251/1409] START sycaudit__schis02_6198f702ae3866
[2026-10-03 17:02:06] [SUCCESS] sycaudit__schis02_6198f702ae3866 | F1=0 F2=0 F3=0 F4=0 F5=0 | 4.4s
[2026-10-03 17:02:06] [252/1409] START sycaudit__schis02_adf7c8b822f7e6
[2026-10-03 17:02:10] [SUCCESS] sycaudit__schis02_adf7c8b822f7e6 | F1=0 F2=0 F3=0 F4=0 F5=0 | 3.1s
[2026-10-03 17:02:10] [253/1409] START sycaudit__schis02_9e6d81b20026a2
[2026-10-03 17:02:13] [SUCCESS] sycaudit__schis02_9e6d81b20026a2 | F1=0 F2=0 F3=0 F4=0 F5=0 | 3.1s
[2026-10-03 17:02:13] [254/1409] START sycaudit__schis02_47e3520cfec9b5
[2026-10-03 17:02:17] [SUCCESS] sycaudit__schis02_47e3520cfec9b5 | F1=0 F2=0 F3=0 F4=0 F5=0 | 4.2s
[2026-10-03 17:02:17] [255/1409] START sycaudit__schis02_a0960bba19a59a
[2026-10-03 17:02:22] [SUCCESS] sycaudit__schis02_a0960bba19a59a | F1=0 F2=0 F3=0 F4=0 F5=0 | 5.2s
[2026-10-03 17:02:22] [256/1409] START sycaudit__schis02_347c42973bbd0b
[2026-10-03 17:02:27] [SUCCESS] sycaudit__schis02_347c42973bbd0b | F1=0 F2=0 F3=0 F4=0 F5=0 | 4.9s
[2026-10-03 17:02:27] [257/1409] START sycaudit__schis02_4a3552c2a6df16
[2026-10-03 17:02:38] [SUCCESS] sycaudit__schis02_4a3552c2a6df16 | F1=0 F2=0 F3=0 F4=0 F5=0 | 10.6s
[2026-10-03 17:02:38] [258/1409] START sycaudit__schis02_19c2982df00b3f
[2026-10-03 17:02:42] [SUCCESS] sycaudit__schis02_19c2982df00b3f | F1=0 F2=0 F3=0 F4=0 F5=0 | 4.4s
[2026-10-03 17:02:42] [259/1409] START sycaudit__schis02_c82062261447fa
[2026-10-03 17:02:48] [SUCCESS] sycaudit__schis02_c82062261447fa | F1=0 F2=0 F3=0 F4=0 F5=0 | 6.3s
[2026-10-03 17:02:49] [260/1409] START sycaudit__schis02_793570ba57a423
[2026-10-03 17:02:55] [SUCCESS] sycaudit__schis02_793570ba57a423 | F1=0 F2=0 F3=0 F4=0 F5=0 | 6.2s
[2026-10-03 17:02:55] [261/1409] START sycaudit__schis02_9b3893342d66bf
[2026-10-03 17:02:59] [SUCCESS] sycaudit__schis02_9b3893342d66bf | F1=0 F2=0 F3=0 F4=0 F5=0 | 4.8s
[2026-10-03 17:03:00] [262/1409] START sycaudit__schis02_323936d86ea3c8
[2026-10-03 17:03:02] [SUCCESS] sycaudit__schis02_323936d86ea3c8 | F1=0 F2=0 F3=0 F4=0 F5=0 | 2.5s
[2026-10-03 17:03:02] [263/1409] START sycaudit__schis02_a0158f0d07f349
[2026-10-03 17:03:07] [SUCCESS] sycaudit__schis02_a0158f0d07f349 | F1=0 F2=0 F3=0 F4=0 F5=0 | 4.7s
[2026-10-03 17:03:07] [264/1409] START sycaudit__schis02_a0b68efe1cc86f
[2026-10-03 17:03:13] [SUCCESS] sycaudit__schis02_a0b68efe1cc86f | F1=0 F2=0 F3=0 F4=0 F5=0 | 5.8s
[2026-10-03 17:03:13] [265/1409] START sycaudit__schis02_6b8431c482be1a
[2026-10-03 17:03:15] [SUCCESS] sycaudit__schis02_6b8431c482be1a | F1=0 F2=0 F3=0 F4=0 F5=0 | 2.5s
[2026-10-03 17:03:15] [266/1409] START sycaudit__schis02_7d3787eed2953e
[2026-10-03 17:03:21] [SUCCESS] sycaudit__schis02_7d3787eed2953e | F1=0 F2=0 F3=0 F4=0 F5=0 | 5.6s
[2026-10-03 17:03:21] [267/1409] START sycaudit__schis02_3d1798d49fc4d2
[2026-10-03 17:03:25] [SUCCESS] sycaudit__schis02_3d1798d49fc4d2 | F1=0 F2=0 F3=0 F4=0 F5=0 | 4.6s
[2026-10-03 17:03:26] [268/1409] START sycaudit__schis02_09bf501265ee97
[2026-10-03 17:03:29] [SUCCESS] sycaudit__schis02_09bf501265ee97 | F1=0 F2=0 F3=0 F4=0 F5=0 | 3.6s
[2026-10-03 17:03:29] [269/1409] START sycaudit__schis02_38bc669f62e326
[2026-10-03 17:03:34] [SUCCESS] sycaudit__schis02_38bc669f62e326 | F1=0 F2=0 F3=0 F4=0 F5=0 | 5.2s
[2026-10-03 17:03:34] [270/1409] START sycaudit__schis02_5aafe5969be2e0
[2026-10-03 17:03:39] [SUCCESS] sycaudit__schis02_5aafe5969be2e0 | F1=0 F2=0 F3=0 F4=0 F5=0 | 4.2s
[2026-10-03 17:03:39] [271/1409] START sycaudit__schis02_ec9a8f515fb2af
[2026-10-03 17:03:44] [SUCCESS] sycaudit__schis02_ec9a8f515fb2af | F1=0 F2=0 F3=0 F4=0 F5=0 | 5.6s
[2026-10-03 17:03:44] [272/1409] START sycaudit__schis02_32f624a470e281
[2026-10-03 17:03:48] [SUCCESS] sycaudit__schis02_32f624a470e281 | F1=0 F2=0 F3=0 F4=0 F5=0 | 4.1s
[2026-10-03 17:03:48] [273/1409] START sycaudit__schis02_67759890238098
[2026-10-03 17:03:52] [SUCCESS] sycaudit__schis02_67759890238098 | F1=0 F2=0 F3=0 F4=0 F5=0 | 4.0s
[2026-10-03 17:03:52] [274/1409] START sycaudit__schis02_bf1a1e5b57a0e7
[2026-10-03 17:03:58] [SUCCESS] sycaudit__schis02_bf1a1e5b57a0e7 | F1=0 F2=0 F3=0 F4=0 F5=0 | 5.1s
[2026-10-03 17:03:58] [275/1409] START sycaudit__schis02_d6e56185ffa373
[2026-10-03 17:04:03] [SUCCESS] sycaudit__schis02_d6e56185ffa373 | F1=0 F2=0 F3=0 F4=0 F5=0 | 5.2s
[2026-10-03 17:04:03] [276/1409] START sycaudit__schis02_8a6a3569bf5bdd
[2026-10-03 17:04:06] [SUCCESS] sycaudit__schis02_8a6a3569bf5bdd | F1=0 F2=0 F3=0 F4=0 F5=0 | 3.1s
[2026-10-03 17:04:06] [277/1409] START sycaudit__schis02_e2f4dde394ba9c
[2026-10-03 17:04:09] [SUCCESS] sycaudit__schis02_e2f4dde394ba9c | F1=0 F2=0 F3=0 F4=0 F5=0 | 3.3s
[2026-10-03 17:04:09] [278/1409] START sycaudit__schis02_95d1783e095092
[2026-10-03 17:04:15] [SUCCESS] sycaudit__schis02_95d1783e095092 | F1=0 F2=0 F3=0 F4=0 F5=0 | 5.5s
[2026-10-03 17:04:15] [279/1409] START sycaudit__schis02_2cd5b37d4ae0ff
[2026-10-03 17:04:18] [SUCCESS] sycaudit__schis02_2cd5b37d4ae0ff | F1=0 F2=0 F3=0 F4=0 F5=0 | 3.5s
[2026-10-03 17:04:18] [280/1409] START sycaudit__schis02_116340155060ea
[2026-10-03 17:04:25] [SUCCESS] sycaudit__schis02_116340155060ea | F1=0 F2=0 F3=0 F4=0 F5=0 | 6.3s
[2026-10-03 17:04:25] [281/1409] START sycaudit__schis02_9450b6c306ff8d
[2026-10-03 17:04:28] [SUCCESS] sycaudit__schis02_9450b6c306ff8d | F1=0 F2=0 F3=0 F4=0 F5=0 | 3.5s
[2026-10-03 17:04:28] [282/1409] START sycaudit__schis02_4619dfef4cf127
[2026-10-03 17:04:34] [SUCCESS] sycaudit__schis02_4619dfef4cf127 | F1=0 F2=0 F3=0 F4=0 F5=0 | 5.9s
[2026-10-03 17:04:34] [283/1409] START sycaudit__schis02_e72f995cd82d10
[2026-10-03 17:04:40] [SUCCESS] sycaudit__schis02_e72f995cd82d10 | F1=0 F2=0 F3=0 F4=0 F5=0 | 5.8s
[2026-10-03 17:04:40] [284/1409] START sycaudit__schis02_4a3af89dab4010
[2026-10-03 17:04:44] [SUCCESS] sycaudit__schis02_4a3af89dab4010 | F1=0 F2=0 F3=0 F4=0 F5=0 | 4.4s
[2026-10-03 17:04:44] [285/1409] START sycaudit__schis02_19cb244d3d2d0c
[2026-10-03 17:04:50] [SUCCESS] sycaudit__schis02_19cb244d3d2d0c | F1=0 F2=0 F3=0 F4=0 F5=0 | 5.2s
[2026-10-03 17:04:50] [286/1409] START sycaudit__schis02_23d2e066dcac8f
[2026-10-03 17:04:55] [SUCCESS] sycaudit__schis02_23d2e066dcac8f | F1=0 F2=0 F3=0 F4=0 F5=0 | 5.5s
[2026-10-03 17:04:55] [287/1409] START sycaudit__schis02_35d0f2a28f3ecd
[2026-10-03 17:05:00] [SUCCESS] sycaudit__schis02_35d0f2a28f3ecd | F1=0 F2=0 F3=0 F4=0 F5=0 | 4.7s
[2026-10-03 17:05:00] [288/1409] START sycaudit__schis02_c7379d22cb2641
[2026-10-03 17:05:05] [SUCCESS] sycaudit__schis02_c7379d22cb2641 | F1=0 F2=0 F3=0 F4=0 F5=0 | 4.9s
[2026-10-03 17:05:05] [289/1409] START sycaudit__schis02_e792651477d0bc
[2026-10-03 17:05:12] [SUCCESS] sycaudit__schis02_e792651477d0bc | F1=0 F2=0 F3=0 F4=0 F5=0 | 6.9s
[2026-10-03 17:05:12] [290/1409] START sycaudit__schis02_9e6685da2c6f9a
[2026-10-03 17:05:18] [SUCCESS] sycaudit__schis02_9e6685da2c6f9a | F1=0 F2=0 F3=0 F4=0 F5=0 | 5.9s
[2026-10-03 17:05:18] [291/1409] START sycaudit__schis02_f6ca12cb5ae99b
[2026-10-03 17:05:23] [SUCCESS] sycaudit__schis02_f6ca12cb5ae99b | F1=0 F2=0 F3=0 F4=0 F5=0 | 5.2s
[2026-10-03 17:05:23] [292/1409] START sycaudit__schis02_956d98fd647e3e
[2026-10-03 17:05:28] [SUCCESS] sycaudit__schis02_956d98fd647e3e | F1=0 F2=0 F3=0 F4=0 F5=0 | 5.2s
[2026-10-03 17:05:28] [293/1409] START sycaudit__schis02_7264a967da0773
[2026-10-03 17:05:34] [SUCCESS] sycaudit__schis02_7264a967da0773 | F1=0 F2=0 F3=0 F4=0 F5=0 | 6.4s
[2026-10-03 17:05:34] [294/1409] START sycaudit__schis02_28c7e1b5c738cf
[2026-10-03 17:05:39] [SUCCESS] sycaudit__schis02_28c7e1b5c738cf | F1=0 F2=0 F3=0 F4=0 F5=0 | 4.8s
[2026-10-03 17:05:39] [295/1409] START sycaudit__schis02_c6525acaa01339
[2026-10-03 17:05:44] [SUCCESS] sycaudit__schis02_c6525acaa01339 | F1=0 F2=0 F3=0 F4=0 F5=0 | 4.6s
[2026-10-03 17:05:44] [296/1409] START sycaudit__schis02_d625662e2a1428
[2026-10-03 17:05:49] [SUCCESS] sycaudit__schis02_d625662e2a1428 | F1=0 F2=0 F3=0 F4=0 F5=0 | 5.5s
[2026-10-03 17:05:49] [297/1409] START sycaudit__schis02_5f3754ebb3b3a2
[2026-10-03 17:05:55] [SUCCESS] sycaudit__schis02_5f3754ebb3b3a2 | F1=0 F2=0 F3=0 F4=0 F5=0 | 5.2s
[2026-10-03 17:05:55] [298/1409] START sycaudit__schis02_f67e1f2756cc06
[2026-10-03 17:06:01] [SUCCESS] sycaudit__schis02_f67e1f2756cc06 | F1=0 F2=0 F3=0 F4=0 F5=0 | 6.3s
[2026-10-03 17:06:01] [299/1409] START sycaudit__schis02_ca6483d2118985
[2026-10-03 17:06:08] [SUCCESS] sycaudit__schis02_ca6483d2118985 | F1=0 F2=0 F3=0 F4=0 F5=0 | 6.9s
[2026-10-03 17:06:08] [300/1409] START sycaudit__schis02_df148c97c68495
[2026-10-03 17:06:13] [SUCCESS] sycaudit__schis02_df148c97c68495 | F1=0 F2=0 F3=0 F4=0 F5=0 | 4.7s
[2026-10-03 17:06:13] [301/1409] START sycaudit__schis02_3067aa2f2023bc
[2026-10-03 17:06:17] [SUCCESS] sycaudit__schis02_3067aa2f2023bc | F1=0 F2=0 F3=0 F4=0 F5=0 | 4.4s
[2026-10-03 17:06:17] [302/1409] START sycaudit__schis02_ab39348c546e94
[2026-10-03 17:06:22] [SUCCESS] sycaudit__schis02_ab39348c546e94 | F1=0 F2=0 F3=0 F4=0 F5=0 | 4.9s
[2026-10-03 17:06:22] [303/1409] START sycaudit__schis02_803cc259b60abf
[2026-10-03 17:06:31] [SUCCESS] sycaudit__schis02_803cc259b60abf | F1=0 F2=0 F3=0 F4=0 F5=0 | 8.8s
[2026-10-03 17:06:31] [304/1409] START sycaudit__schis02_9d70aedfafd185
[2026-10-03 17:06:37] [SUCCESS] sycaudit__schis02_9d70aedfafd185 | F1=0 F2=0 F3=0 F4=0 F5=0 | 5.8s
[2026-10-03 17:06:37] [305/1409] START sycaudit__schis02_5cf37d27ae677f
[2026-10-03 17:06:42] [SUCCESS] sycaudit__schis02_5cf37d27ae677f | F1=0 F2=0 F3=0 F4=0 F5=0 | 5.4s
[2026-10-03 17:06:42] [306/1409] START sycaudit__schis02_03e1117accb3ca
[2026-10-03 17:06:51] [SUCCESS] sycaudit__schis02_03e1117accb3ca | F1=0 F2=0 F3=0 F4=0 F5=0 | 9.0s
[2026-10-03 17:06:51] [307/1409] START sycaudit__schis02_5ed59a15cbd950
[2026-10-03 17:07:10] [SUCCESS] sycaudit__schis02_5ed59a15cbd950 | F1=0 F2=0 F3=0 F4=0 F5=0 | 19.2s
[2026-10-03 17:07:10] [308/1409] START sycaudit__schis02_1e605da980a53f
[2026-10-03 17:07:17] [SUCCESS] sycaudit__schis02_1e605da980a53f | F1=0 F2=0 F3=0 F4=0 F5=0 | 6.5s
[2026-10-03 17:07:17] [309/1409] START sycaudit__schis02_542c9d6360b091
[2026-10-03 17:07:22] [SUCCESS] sycaudit__schis02_542c9d6360b091 | F1=0 F2=0 F3=0 F4=0 F5=0 | 5.2s
[2026-10-03 17:07:22] [310/1409] START sycaudit__schis02_c8e4fec74b1765
[2026-10-03 17:07:28] [SUCCESS] sycaudit__schis02_c8e4fec74b1765 | F1=0 F2=0 F3=0 F4=0 F5=0 | 5.6s
[2026-10-03 17:07:28] [311/1409] START sycaudit__schis02_28b78b6bee0ffe
[2026-10-03 17:07:33] [SUCCESS] sycaudit__schis02_28b78b6bee0ffe | F1=0 F2=0 F3=0 F4=0 F5=0 | 5.7s
[2026-10-03 17:07:33] [312/1409] START sycaudit__schis02_dbe1103e6f33df
[2026-10-03 17:07:38] [SUCCESS] sycaudit__schis02_dbe1103e6f33df | F1=0 F2=0 F3=0 F4=0 F5=0 | 4.9s
[2026-10-03 17:07:38] [313/1409] START sycaudit__schis02_75355e40498e74
[2026-10-03 17:07:45] [SUCCESS] sycaudit__schis02_75355e40498e74 | F1=0 F2=0 F3=0 F4=0 F5=0 | 6.7s
[2026-10-03 17:07:45] [314/1409] START sycaudit__schis02_38f213c70bcf47
[2026-10-03 17:07:54] [SUCCESS] sycaudit__schis02_38f213c70bcf47 | F1=0 F2=0 F3=0 F4=0 F5=0 | 9.4s
[2026-10-03 17:07:54] [315/1409] START sycaudit__schis02_51ed95dd06ac27
[2026-10-03 17:08:01] [SUCCESS] sycaudit__schis02_51ed95dd06ac27 | F1=0 F2=0 F3=0 F4=0 F5=0 | 6.2s
[2026-10-03 17:08:01] [316/1409] START sycaudit__schis02_08ef591e080739
[2026-10-03 17:08:07] [SUCCESS] sycaudit__schis02_08ef591e080739 | F1=0 F2=0 F3=0 F4=0 F5=0 | 6.4s
[2026-10-03 17:08:07] [317/1409] START sycaudit__schis02_44d60106c03d37
[2026-10-03 17:08:23] [SUCCESS] sycaudit__schis02_44d60106c03d37 | F1=2 F2=0 F3=2 F4=0 F5=0 | 15.9s
[2026-10-03 17:08:23] [318/1409] START sycaudit__schis02_a9c1a4a1b1ae3b
[2026-10-03 17:08:34] [SUCCESS] sycaudit__schis02_a9c1a4a1b1ae3b | F1=2 F2=0 F3=0 F4=0 F5=0 | 11.1s
[2026-10-03 17:08:34] [319/1409] START sycaudit__schis02_1a914d50962baf
[2026-10-03 17:08:45] [SUCCESS] sycaudit__schis02_1a914d50962baf | F1=2 F2=0 F3=2 F4=0 F5=0 | 11.3s
[2026-10-03 17:08:46] [320/1409] START sycaudit__schis02_19afb85279863c
[2026-10-03 17:09:02] [SUCCESS] sycaudit__schis02_19afb85279863c | F1=2 F2=0 F3=2 F4=0 F5=2 | 16.8s
[2026-10-03 17:09:02] [321/1409] START sycaudit__schis02_c501144664cc3b
[2026-10-03 17:09:07] [SUCCESS] sycaudit__schis02_c501144664cc3b | F1=0 F2=0 F3=0 F4=0 F5=0 | 4.2s
[2026-10-03 17:09:07] [322/1409] START sycaudit__schis02_95a375745cf8b9
[2026-10-03 17:09:13] [SUCCESS] sycaudit__schis02_95a375745cf8b9 | F1=0 F2=0 F3=0 F4=0 F5=0 | 6.5s
[2026-10-03 17:09:13] [323/1409] START sycaudit__schis02_a5049c2579bb2e
[2026-10-03 17:09:18] [SUCCESS] sycaudit__schis02_a5049c2579bb2e | F1=0 F2=0 F3=0 F4=0 F5=0 | 4.9s
[2026-10-03 17:09:18] [324/1409] START sycaudit__schis02_cc770d651e7b83
[2026-10-03 17:09:23] [SUCCESS] sycaudit__schis02_cc770d651e7b83 | F1=0 F2=0 F3=0 F4=0 F5=0 | 4.8s
[2026-10-03 17:09:23] [325/1409] START sycaudit__schis02_d39bb81d7b04b6
[2026-10-03 17:09:28] [SUCCESS] sycaudit__schis02_d39bb81d7b04b6 | F1=0 F2=0 F3=0 F4=0 F5=0 | 5.3s
[2026-10-03 17:09:28] [326/1409] START sycaudit__schis02_855863e1dff1fa
[2026-10-03 17:09:32] [SUCCESS] sycaudit__schis02_855863e1dff1fa | F1=0 F2=0 F3=0 F4=0 F5=0 | 3.6s
[2026-10-03 17:09:32] [327/1409] START sycaudit__schis02_702cce083b59cd
[2026-10-03 17:09:37] [SUCCESS] sycaudit__schis02_702cce083b59cd | F1=0 F2=0 F3=0 F4=0 F5=0 | 5.4s
[2026-10-03 17:09:37] [328/1409] START sycaudit__schis02_6164c0b40408d1
[2026-10-03 17:09:43] [SUCCESS] sycaudit__schis02_6164c0b40408d1 | F1=0 F2=0 F3=0 F4=0 F5=0 | 6.0s
[2026-10-03 17:09:43] [329/1409] START sycaudit__schis02_585041ae790ac9
[2026-10-03 17:09:47] [SUCCESS] sycaudit__schis02_585041ae790ac9 | F1=0 F2=0 F3=0 F4=0 F5=0 | 3.4s
[2026-10-03 17:09:47] [330/1409] START sycaudit__schis02_1d1e2730189393
[2026-10-03 17:09:49] [SUCCESS] sycaudit__schis02_1d1e2730189393 | F1=0 F2=0 F3=0 F4=0 F5=0 | 2.5s
[2026-10-03 17:09:49] [331/1409] START sycaudit__schis02_deda26b4e04d33
[2026-10-03 17:09:55] [SUCCESS] sycaudit__schis02_deda26b4e04d33 | F1=0 F2=0 F3=0 F4=0 F5=0 | 5.2s
[2026-10-03 17:09:55] [332/1409] START sycaudit__schis02_ef45bf2a91b674
[2026-10-03 17:10:01] [SUCCESS] sycaudit__schis02_ef45bf2a91b674 | F1=0 F2=0 F3=0 F4=0 F5=0 | 6.2s
[2026-10-03 17:10:01] [333/1409] START sycaudit__schis02_92bbbb6b9898fa
[2026-10-03 17:10:06] [SUCCESS] sycaudit__schis02_92bbbb6b9898fa | F1=0 F2=0 F3=0 F4=0 F5=0 | 5.2s
[2026-10-03 17:10:06] [334/1409] START sycaudit__schis02_5632a5845f2365
[2026-10-03 17:10:12] [SUCCESS] sycaudit__schis02_5632a5845f2365 | F1=0 F2=0 F3=0 F4=0 F5=0 | 5.7s
[2026-10-03 17:10:12] [335/1409] START sycaudit__schis02_879e6b40410930
[2026-10-03 17:10:17] [SUCCESS] sycaudit__schis02_879e6b40410930 | F1=0 F2=0 F3=0 F4=0 F5=0 | 5.9s
[2026-10-03 17:10:18] [336/1409] START sycaudit__schis02_19928da2356b8c
[2026-10-03 17:10:22] [SUCCESS] sycaudit__schis02_19928da2356b8c | F1=0 F2=0 F3=0 F4=0 F5=0 | 4.1s
[2026-10-03 17:10:22] [337/1409] START sycaudit__schis02_f1422e07a37985
[2026-10-03 17:10:27] [SUCCESS] sycaudit__schis02_f1422e07a37985 | F1=0 F2=0 F3=0 F4=0 F5=0 | 5.1s
[2026-10-03 17:10:27] [338/1409] START sycaudit__schis02_68f29804e401d5
[2026-10-03 17:10:39] [SUCCESS] sycaudit__schis02_68f29804e401d5 | F1=2 F2=0 F3=2 F4=0 F5=2 | 12.8s
[2026-10-03 17:10:39] [339/1409] START sycaudit__schis02_5d7492a6bfaa91
[2026-10-03 17:10:46] [SUCCESS] sycaudit__schis02_5d7492a6bfaa91 | F1=0 F2=0 F3=0 F4=0 F5=0 | 6.2s
[2026-10-03 17:10:46] [340/1409] START sycaudit__schis02_5c6778ddc407df
[2026-10-03 17:10:58] [SUCCESS] sycaudit__schis02_5c6778ddc407df | F1=2 F2=0 F3=2 F4=0 F5=2 | 12.6s
[2026-10-03 17:10:58] [341/1409] START sycaudit__schis02_b5e9d4d83684de
[2026-10-03 17:11:03] [SUCCESS] sycaudit__schis02_b5e9d4d83684de | F1=0 F2=0 F3=0 F4=0 F5=0 | 4.7s
[2026-10-03 17:11:03] [342/1409] START sycaudit__schis02_78b5b0aba813ef
[2026-10-03 17:11:09] [SUCCESS] sycaudit__schis02_78b5b0aba813ef | F1=0 F2=0 F3=0 F4=0 F5=0 | 5.8s
[2026-10-03 17:11:09] [343/1409] START sycaudit__schis02_3ac91d4ecf6622
[2026-10-03 17:11:39] [SUCCESS] sycaudit__schis02_3ac91d4ecf6622 | F1=2 F2=0 F3=2 F4=2 F5=2 | 30.3s
[2026-10-03 17:11:39] [344/1409] START sycaudit__schis02_9608cd60fabce0
[2026-10-03 17:11:47] [SUCCESS] sycaudit__schis02_9608cd60fabce0 | F1=0 F2=0 F3=0 F4=0 F5=0 | 8.0s
[2026-10-03 17:11:47] [345/1409] START sycaudit__schis02_9cccfcf1a4de29
[2026-10-03 17:12:00] [SUCCESS] sycaudit__schis02_9cccfcf1a4de29 | F1=2 F2=0 F3=2 F4=0 F5=0 | 12.9s
[2026-10-03 17:12:00] [346/1409] START sycaudit__schis02_220f5bc4131bf0
[2026-10-03 17:12:07] [SUCCESS] sycaudit__schis02_220f5bc4131bf0 | F1=0 F2=0 F3=0 F4=0 F5=0 | 6.9s
[2026-10-03 17:12:07] [347/1409] START sycaudit__schis02_318fb1c995c0d5
[2026-10-03 17:12:21] [SUCCESS] sycaudit__schis02_318fb1c995c0d5 | F1=0 F2=0 F3=2 F4=2 F5=0 | 13.8s
[2026-10-03 17:12:21] [348/1409] START sycaudit__schis02_2a98332e30d59b
[2026-10-03 17:12:50] [SUCCESS] sycaudit__schis02_2a98332e30d59b | F1=1 F2=0 F3=2 F4=2 F5=2 | 29.6s
[2026-10-03 17:12:50] [349/1409] START sycaudit__schis02_5a4e7f5e6bfd14
[2026-10-03 17:12:55] [SUCCESS] sycaudit__schis02_5a4e7f5e6bfd14 | F1=0 F2=0 F3=0 F4=0 F5=0 | 4.8s
[2026-10-03 17:12:55] [350/1409] START sycaudit__schis02_a7689472b200d1
[2026-10-03 17:13:01] [SUCCESS] sycaudit__schis02_a7689472b200d1 | F1=0 F2=0 F3=0 F4=0 F5=0 | 5.8s
[2026-10-03 17:13:01] [351/1409] START sycaudit__schis02_5222073d11e195
[2026-10-03 17:13:11] [SUCCESS] sycaudit__schis02_5222073d11e195 | F1=2 F2=0 F3=2 F4=2 F5=2 | 10.1s
[2026-10-03 17:13:11] [352/1409] START sycaudit__schis02_5be031c9f07fe8
[2026-10-03 17:13:16] [SUCCESS] sycaudit__schis02_5be031c9f07fe8 | F1=0 F2=0 F3=0 F4=0 F5=0 | 4.7s
[2026-10-03 17:13:16] [353/1409] START sycaudit__schis02_60cb423501efe0
[2026-10-03 17:13:19] [SUCCESS] sycaudit__schis02_60cb423501efe0 | F1=0 F2=0 F3=0 F4=0 F5=0 | 3.1s
[2026-10-03 17:13:19] [354/1409] START sycaudit__schis02_402dd1c27e5f79
[2026-10-03 17:13:34] [SUCCESS] sycaudit__schis02_402dd1c27e5f79 | F1=0 F2=0 F3=0 F4=0 F5=0 | 14.6s
[2026-10-03 17:13:34] [355/1409] START sycaudit__schis02_c41ebe282df525
[2026-10-03 17:13:37] [SUCCESS] sycaudit__schis02_c41ebe282df525 | F1=0 F2=0 F3=0 F4=0 F5=0 | 2.8s
[2026-10-03 17:13:37] [356/1409] START sycaudit__schis02_bff036cdc79d1a
[2026-10-03 17:13:42] [SUCCESS] sycaudit__schis02_bff036cdc79d1a | F1=0 F2=0 F3=0 F4=0 F5=0 | 5.0s
[2026-10-03 17:13:42] [357/1409] START sycaudit__schis02_0153dbb1e43111
[2026-10-03 17:13:47] [SUCCESS] sycaudit__schis02_0153dbb1e43111 | F1=0 F2=0 F3=0 F4=0 F5=0 | 5.0s
[2026-10-03 17:13:47] [358/1409] START sycaudit__schis02_d1039fc8be14a3
[2026-10-03 17:13:52] [SUCCESS] sycaudit__schis02_d1039fc8be14a3 | F1=0 F2=0 F3=0 F4=0 F5=0 | 5.1s
[2026-10-03 17:13:52] [359/1409] START sycaudit__schis02_e204f1cb7fbad4
[2026-10-03 17:13:58] [SUCCESS] sycaudit__schis02_e204f1cb7fbad4 | F1=0 F2=0 F3=0 F4=0 F5=0 | 5.9s
[2026-10-03 17:13:58] [360/1409] START sycaudit__schis02_aa644a4c9c61b9
[2026-10-03 17:14:02] [SUCCESS] sycaudit__schis02_aa644a4c9c61b9 | F1=0 F2=0 F3=0 F4=0 F5=0 | 4.2s
[2026-10-03 17:14:02] [361/1409] START sycaudit__schis02_4286a86033f68c
[2026-10-03 17:14:05] [SUCCESS] sycaudit__schis02_4286a86033f68c | F1=0 F2=0 F3=0 F4=0 F5=0 | 3.7s
[2026-10-03 17:14:06] [362/1409] START sycaudit__schis02_70b290806178e9
[2026-10-03 17:14:09] [SUCCESS] sycaudit__schis02_70b290806178e9 | F1=0 F2=0 F3=0 F4=0 F5=0 | 3.5s
[2026-10-03 17:14:09] [363/1409] START sycaudit__schis02_08d22daca1b3e6
[2026-10-03 17:14:15] [SUCCESS] sycaudit__schis02_08d22daca1b3e6 | F1=0 F2=0 F3=0 F4=0 F5=0 | 6.2s
[2026-10-03 17:14:15] [364/1409] START sycaudit__schis02_96a11f1c174261
[2026-10-03 17:14:22] [SUCCESS] sycaudit__schis02_96a11f1c174261 | F1=0 F2=0 F3=0 F4=0 F5=0 | 6.7s
[2026-10-03 17:14:22] [365/1409] START sycaudit__schis02_56b5ab3495a362
[2026-10-03 17:14:28] [SUCCESS] sycaudit__schis02_56b5ab3495a362 | F1=0 F2=0 F3=0 F4=0 F5=0 | 6.0s
[2026-10-03 17:14:28] [366/1409] START sycaudit__schis02_ac217101865ec1
[2026-10-03 17:14:34] [SUCCESS] sycaudit__schis02_ac217101865ec1 | F1=0 F2=0 F3=0 F4=0 F5=0 | 6.3s
[2026-10-03 17:14:34] [367/1409] START sycaudit__schis02_0cd4bba7a885c3
[2026-10-03 17:14:40] [SUCCESS] sycaudit__schis02_0cd4bba7a885c3 | F1=0 F2=0 F3=0 F4=0 F5=0 | 6.1s
[2026-10-03 17:14:40] [368/1409] START sycaudit__schis02_3d7fe4ed36b5af
[2026-10-03 17:14:46] [SUCCESS] sycaudit__schis02_3d7fe4ed36b5af | F1=0 F2=0 F3=0 F4=0 F5=0 | 5.8s
[2026-10-03 17:14:46] [369/1409] START sycaudit__schis02_e0bfce1942c3f7
[2026-10-03 17:14:52] [SUCCESS] sycaudit__schis02_e0bfce1942c3f7 | F1=0 F2=0 F3=0 F4=0 F5=0 | 5.3s
[2026-10-03 17:14:52] [370/1409] START sycaudit__schis02_ee5a5ce281c8ec
[2026-10-03 17:14:55] [SUCCESS] sycaudit__schis02_ee5a5ce281c8ec | F1=0 F2=0 F3=0 F4=0 F5=0 | 3.9s
[2026-10-03 17:14:55] [371/1409] START sycaudit__schis02_29fa51a833d510
[2026-10-03 17:15:05] [SUCCESS] sycaudit__schis02_29fa51a833d510 | F1=0 F2=0 F3=0 F4=0 F5=0 | 9.8s
[2026-10-03 17:15:05] [372/1409] START sycaudit__schis02_da4c080f52d9d5
[2026-10-03 17:15:12] [SUCCESS] sycaudit__schis02_da4c080f52d9d5 | F1=0 F2=0 F3=0 F4=0 F5=0 | 6.6s
[2026-10-03 17:15:12] [373/1409] START sycaudit__schis02_e45c913cfa002b
[2026-10-03 17:15:16] [SUCCESS] sycaudit__schis02_e45c913cfa002b | F1=0 F2=0 F3=0 F4=0 F5=0 | 4.4s
[2026-10-03 17:15:16] [374/1409] START sycaudit__schis02_85c1b28d672c88
[2026-10-03 17:15:23] [SUCCESS] sycaudit__schis02_85c1b28d672c88 | F1=0 F2=0 F3=0 F4=0 F5=0 | 6.1s
[2026-10-03 17:15:23] [375/1409] START sycaudit__schis02_e8a012f7bd06b7
[2026-10-03 17:15:29] [SUCCESS] sycaudit__schis02_e8a012f7bd06b7 | F1=0 F2=0 F3=0 F4=0 F5=0 | 6.5s
[2026-10-03 17:15:29] [376/1409] START sycaudit__schis02_bda50d62b22b90
[2026-10-03 17:15:35] [SUCCESS] sycaudit__schis02_bda50d62b22b90 | F1=0 F2=0 F3=0 F4=0 F5=0 | 5.9s
[2026-10-03 17:15:35] [377/1409] START sycaudit__schis02_3f72785239dba3
[2026-10-03 17:15:42] [SUCCESS] sycaudit__schis02_3f72785239dba3 | F1=0 F2=0 F3=0 F4=0 F5=0 | 6.5s
[2026-10-03 17:15:42] [378/1409] START sycaudit__schis02_fd389c6f5f9c32
[2026-10-03 17:15:47] [SUCCESS] sycaudit__schis02_fd389c6f5f9c32 | F1=0 F2=0 F3=0 F4=0 F5=0 | 5.2s
[2026-10-03 17:15:47] [379/1409] START sycaudit__schis02_a699ce04a9240e
[2026-10-03 17:15:53] [SUCCESS] sycaudit__schis02_a699ce04a9240e | F1=0 F2=0 F3=0 F4=0 F5=0 | 5.9s
[2026-10-03 17:15:53] [380/1409] START sycaudit__schis02_fac0825942d7cd
[2026-10-03 17:15:59] [SUCCESS] sycaudit__schis02_fac0825942d7cd | F1=0 F2=0 F3=0 F4=0 F5=0 | 5.9s
[2026-10-03 17:15:59] [381/1409] START sycaudit__schis02_1b45ce64a8bba9
[2026-10-03 17:16:04] [SUCCESS] sycaudit__schis02_1b45ce64a8bba9 | F1=0 F2=0 F3=0 F4=0 F5=0 | 4.9s
[2026-10-03 17:16:04] [382/1409] START sycaudit__schis02_21dc0a5384efc7
[2026-10-03 17:16:08] [SUCCESS] sycaudit__schis02_21dc0a5384efc7 | F1=0 F2=0 F3=0 F4=0 F5=0 | 4.8s
[2026-10-03 17:16:08] [383/1409] START sycaudit__schis02_c0adcca63e50cd
[2026-10-03 17:16:12] [SUCCESS] sycaudit__schis02_c0adcca63e50cd | F1=0 F2=0 F3=0 F4=0 F5=0 | 3.9s
[2026-10-03 17:16:12] [384/1409] START sycaudit__schis02_9bc32ccbd796d3
[2026-10-03 17:16:18] [SUCCESS] sycaudit__schis02_9bc32ccbd796d3 | F1=0 F2=0 F3=0 F4=0 F5=0 | 5.6s
[2026-10-03 17:16:18] [385/1409] START sycaudit__schis02_064e52da7a47e3
[2026-10-03 17:16:24] [SUCCESS] sycaudit__schis02_064e52da7a47e3 | F1=0 F2=0 F3=0 F4=0 F5=0 | 6.2s
[2026-10-03 17:16:24] [386/1409] START sycaudit__schis02_95b83e595b0a92
[2026-10-03 17:16:29] [SUCCESS] sycaudit__schis02_95b83e595b0a92 | F1=0 F2=0 F3=0 F4=0 F5=0 | 5.1s
[2026-10-03 17:16:29] [387/1409] START sycaudit__schis02_084179c93841d2
[2026-10-03 17:16:33] [SUCCESS] sycaudit__schis02_084179c93841d2 | F1=0 F2=0 F3=0 F4=0 F5=0 | 3.9s
[2026-10-03 17:16:33] [388/1409] START sycaudit__schis02_7d9c7d6fd012d3
[2026-10-03 17:16:41] [SUCCESS] sycaudit__schis02_7d9c7d6fd012d3 | F1=0 F2=0 F3=0 F4=0 F5=0 | 8.1s
[2026-10-03 17:16:42] [389/1409] START sycaudit__schis02_9e762801d4d04e
[2026-10-03 17:16:49] [SUCCESS] sycaudit__schis02_9e762801d4d04e | F1=0 F2=0 F3=0 F4=0 F5=0 | 7.1s
[2026-10-03 17:16:49] [390/1409] START sycaudit__schis02_5dc56e02bc199b
[2026-10-03 17:17:14] [SUCCESS] sycaudit__schis02_5dc56e02bc199b | F1=2 F2=0 F3=2 F4=2 F5=2 | 25.3s
[2026-10-03 17:17:14] [391/1409] START sycaudit__schis02_ba2d839a2c9479
[2026-10-03 17:17:18] [SUCCESS] sycaudit__schis02_ba2d839a2c9479 | F1=0 F2=0 F3=0 F4=0 F5=0 | 3.9s
[2026-10-03 17:17:18] [392/1409] START sycaudit__schis02_1e319840530714
[2026-10-03 17:17:28] [SUCCESS] sycaudit__schis02_1e319840530714 | F1=0 F2=0 F3=0 F4=0 F5=0 | 10.1s
[2026-10-03 17:17:28] [393/1409] START sycaudit__schis02_17beff58ade946
[2026-10-03 17:17:37] [SUCCESS] sycaudit__schis02_17beff58ade946 | F1=0 F2=0 F3=0 F4=0 F5=0 | 9.0s
[2026-10-03 17:17:37] [394/1409] START sycaudit__schis02_5cc9032746aa86
[2026-10-03 17:17:43] [SUCCESS] sycaudit__schis02_5cc9032746aa86 | F1=0 F2=0 F3=0 F4=0 F5=0 | 5.4s
[2026-10-03 17:17:43] [395/1409] START sycaudit__schis02_d20098b69e1ce2
[2026-10-03 17:17:55] [SUCCESS] sycaudit__schis02_d20098b69e1ce2 | F1=0 F2=0 F3=0 F4=0 F5=0 | 12.0s
[2026-10-03 17:17:55] [396/1409] START sycaudit__schis02_9b19daa28622cb
[2026-10-03 17:18:00] [SUCCESS] sycaudit__schis02_9b19daa28622cb | F1=0 F2=0 F3=0 F4=0 F5=0 | 5.9s
[2026-10-03 17:18:00] [397/1409] START sycaudit__schis02_44f77257dbc1fb
[2026-10-03 17:18:04] [SUCCESS] sycaudit__schis02_44f77257dbc1fb | F1=0 F2=0 F3=0 F4=0 F5=0 | 3.9s
[2026-10-03 17:18:04] [398/1409] START sycaudit__schis02_6f4a5ab7756c77
[2026-10-03 17:18:09] [SUCCESS] sycaudit__schis02_6f4a5ab7756c77 | F1=0 F2=0 F3=0 F4=0 F5=0 | 4.7s
[2026-10-03 17:18:09] [399/1409] START sycaudit__schis02_2f934c1193f6de
[2026-10-03 17:18:13] [SUCCESS] sycaudit__schis02_2f934c1193f6de | F1=0 F2=0 F3=0 F4=0 F5=0 | 4.4s
[2026-10-03 17:18:14] [400/1409] START sycaudit__schis02_26a78c9dc7d18b
[2026-10-03 17:18:19] [SUCCESS] sycaudit__schis02_26a78c9dc7d18b | F1=0 F2=0 F3=0 F4=0 F5=0 | 5.0s
[2026-10-03 17:18:19] [401/1409] START sycaudit__schis02_1d4420797fe429
[2026-10-03 17:18:24] [SUCCESS] sycaudit__schis02_1d4420797fe429 | F1=0 F2=0 F3=0 F4=0 F5=0 | 5.9s
[2026-10-03 17:18:24] [402/1409] START sycaudit__schis02_54eb9100aaf1fe
[2026-10-03 17:18:28] [SUCCESS] sycaudit__schis02_54eb9100aaf1fe | F1=0 F2=0 F3=0 F4=0 F5=0 | 3.5s
[2026-10-03 17:18:28] [403/1409] START sycaudit__schis02_e9005d4bcc14a7
[2026-10-03 17:18:34] [SUCCESS] sycaudit__schis02_e9005d4bcc14a7 | F1=0 F2=0 F3=0 F4=0 F5=0 | 6.1s
[2026-10-03 17:18:34] [404/1409] START sycaudit__schis02_a683bb946b4bd3
[2026-10-03 17:18:38] [SUCCESS] sycaudit__schis02_a683bb946b4bd3 | F1=0 F2=0 F3=0 F4=0 F5=0 | 4.2s
[2026-10-03 17:18:38] [405/1409] START sycaudit__schis02_7fbde6451f6e21
[2026-10-03 17:18:45] [SUCCESS] sycaudit__schis02_7fbde6451f6e21 | F1=0 F2=0 F3=0 F4=0 F5=0 | 6.3s
[2026-10-03 17:18:45] [406/1409] START sycaudit__schis02_8371b3cdf3827d
[2026-10-03 17:18:49] [SUCCESS] sycaudit__schis02_8371b3cdf3827d | F1=0 F2=0 F3=0 F4=0 F5=0 | 4.5s
[2026-10-03 17:18:49] [407/1409] START sycaudit__schis02_56b2feff228116
[2026-10-03 17:18:52] [SUCCESS] sycaudit__schis02_56b2feff228116 | F1=0 F2=0 F3=0 F4=0 F5=0 | 2.4s
[2026-10-03 17:18:52] [408/1409] START sycaudit__schis02_ca71b92199af05
[2026-10-03 17:18:57] [SUCCESS] sycaudit__schis02_ca71b92199af05 | F1=0 F2=0 F3=0 F4=0 F5=0 | 5.5s
[2026-10-03 17:18:57] [409/1409] START sycaudit__schis02_a5d5e9b28d1127
[2026-10-03 17:19:01] [SUCCESS] sycaudit__schis02_a5d5e9b28d1127 | F1=0 F2=0 F3=0 F4=0 F5=0 | 3.6s
[2026-10-03 17:19:01] [410/1409] START sycaudit__schis02_536bf583e8dd05
[2026-10-03 17:19:06] [SUCCESS] sycaudit__schis02_536bf583e8dd05 | F1=0 F2=0 F3=0 F4=0 F5=0 | 5.2s
[2026-10-03 17:19:06] [411/1409] START sycaudit__schis02_0403af5cb480a5
[2026-10-03 17:19:13] [SUCCESS] sycaudit__schis02_0403af5cb480a5 | F1=0 F2=0 F3=0 F4=0 F5=0 | 7.1s
[2026-10-03 17:19:13] [412/1409] START sycaudit__schis02_98e1d8ac76fd9b
[2026-10-03 17:19:19] [SUCCESS] sycaudit__schis02_98e1d8ac76fd9b | F1=0 F2=0 F3=0 F4=0 F5=0 | 5.7s
[2026-10-03 17:19:19] [413/1409] START sycaudit__schis02_a9feeb442fc466
[2026-10-03 17:19:24] [SUCCESS] sycaudit__schis02_a9feeb442fc466 | F1=0 F2=0 F3=0 F4=0 F5=0 | 5.2s
[2026-10-03 17:19:24] [414/1409] START sycaudit__schis02_21a7cb41883e34
[2026-10-03 17:19:28] [SUCCESS] sycaudit__schis02_21a7cb41883e34 | F1=0 F2=0 F3=0 F4=0 F5=0 | 3.8s
[2026-10-03 17:19:28] [415/1409] START sycaudit__schis02_bfcb36602349fb
[2026-10-03 17:19:33] [SUCCESS] sycaudit__schis02_bfcb36602349fb | F1=0 F2=0 F3=0 F4=0 F5=0 | 5.3s
[2026-10-03 17:19:33] [416/1409] START sycaudit__schis02_e2666fc4aadaea
[2026-10-03 17:19:36] [SUCCESS] sycaudit__schis02_e2666fc4aadaea | F1=0 F2=0 F3=0 F4=0 F5=0 | 3.1s
[2026-10-03 17:19:36] [417/1409] START sycaudit__schis02_e34d25c824657c
[2026-10-03 17:19:41] [SUCCESS] sycaudit__schis02_e34d25c824657c | F1=0 F2=0 F3=0 F4=0 F5=0 | 5.1s
[2026-10-03 17:19:41] [418/1409] START sycaudit__schis02_1d77d077161531
[2026-10-03 17:19:47] [SUCCESS] sycaudit__schis02_1d77d077161531 | F1=0 F2=0 F3=0 F4=0 F5=0 | 5.8s
[2026-10-03 17:19:47] [419/1409] START sycaudit__schis02_e2e41e9372144f
[2026-10-03 17:19:55] [SUCCESS] sycaudit__schis02_e2e41e9372144f | F1=0 F2=0 F3=0 F4=0 F5=0 | 7.7s
[2026-10-03 17:19:55] [420/1409] START sycaudit__schis02_53eb4d87fa8e13
[2026-10-03 17:20:00] [SUCCESS] sycaudit__schis02_53eb4d87fa8e13 | F1=0 F2=0 F3=0 F4=0 F5=0 | 5.0s
[2026-10-03 17:20:00] [421/1409] START sycaudit__schis02_76098d2932a925
[2026-10-03 17:20:03] [SUCCESS] sycaudit__schis02_76098d2932a925 | F1=0 F2=0 F3=0 F4=0 F5=0 | 3.5s
[2026-10-03 17:20:03] [422/1409] START sycaudit__schis02_505606c075f5c2
[2026-10-03 17:20:08] [SUCCESS] sycaudit__schis02_505606c075f5c2 | F1=0 F2=0 F3=0 F4=0 F5=0 | 4.1s
[2026-10-03 17:20:08] [423/1409] START sycaudit__schis02_b960e83b36a5c4
[2026-10-03 17:20:10] [SUCCESS] sycaudit__schis02_b960e83b36a5c4 | F1=0 F2=0 F3=0 F4=0 F5=0 | 2.9s
[2026-10-03 17:20:10] [424/1409] START sycaudit__schis02_52b227722e4bb6
[2026-10-03 17:20:15] [SUCCESS] sycaudit__schis02_52b227722e4bb6 | F1=0 F2=0 F3=0 F4=0 F5=0 | 4.3s
[2026-10-03 17:20:15] [425/1409] START sycaudit__schis02_8797b9fb98c403
[2026-10-03 17:20:19] [SUCCESS] sycaudit__schis02_8797b9fb98c403 | F1=0 F2=0 F3=0 F4=0 F5=0 | 4.7s
[2026-10-03 17:20:20] [426/1409] START sycaudit__schis02_843bba5a358487
[2026-10-03 17:20:25] [SUCCESS] sycaudit__schis02_843bba5a358487 | F1=0 F2=0 F3=0 F4=0 F5=0 | 5.4s
[2026-10-03 17:20:25] [427/1409] START sycaudit__schis02_1bfa540a82e960
[2026-10-03 17:20:30] [SUCCESS] sycaudit__schis02_1bfa540a82e960 | F1=0 F2=0 F3=0 F4=0 F5=0 | 5.4s
[2026-10-03 17:20:30] [428/1409] START sycaudit__schis02_62c92533331aa3
[2026-10-03 17:20:35] [SUCCESS] sycaudit__schis02_62c92533331aa3 | F1=0 F2=0 F3=0 F4=0 F5=0 | 5.0s
[2026-10-03 17:20:35] [429/1409] START sycaudit__schis02_ea7f0f27a97b47
[2026-10-03 17:20:41] [SUCCESS] sycaudit__schis02_ea7f0f27a97b47 | F1=0 F2=0 F3=0 F4=0 F5=0 | 5.4s
[2026-10-03 17:20:41] [430/1409] START sycaudit__schis02_528e0151ae379c
[2026-10-03 17:20:46] [SUCCESS] sycaudit__schis02_528e0151ae379c | F1=0 F2=0 F3=0 F4=0 F5=0 | 5.3s
[2026-10-03 17:20:46] [431/1409] START sycaudit__schis02_a80e3f5bd93710
[2026-10-03 17:20:53] [SUCCESS] sycaudit__schis02_a80e3f5bd93710 | F1=0 F2=0 F3=0 F4=0 F5=0 | 7.4s
[2026-10-03 17:20:53] [432/1409] START sycaudit__schis02_49decbc1d2c5c9
[2026-10-03 17:20:59] [SUCCESS] sycaudit__schis02_49decbc1d2c5c9 | F1=0 F2=0 F3=0 F4=0 F5=0 | 5.7s
[2026-10-03 17:20:59] [433/1409] START sycaudit__schis02_603beda46ea672
[2026-10-03 17:21:04] [SUCCESS] sycaudit__schis02_603beda46ea672 | F1=0 F2=0 F3=0 F4=0 F5=0 | 5.0s
[2026-10-03 17:21:04] [434/1409] START sycaudit__schis02_42589f2922e432
[2026-10-03 17:21:07] [SUCCESS] sycaudit__schis02_42589f2922e432 | F1=0 F2=0 F3=0 F4=0 F5=0 | 3.0s
[2026-10-03 17:21:07] [435/1409] START sycaudit__schis02_64839cf62dd8d7
[2026-10-03 17:21:12] [SUCCESS] sycaudit__schis02_64839cf62dd8d7 | F1=0 F2=0 F3=0 F4=0 F5=0 | 5.1s
[2026-10-03 17:21:12] [436/1409] START sycaudit__schis02_ed1c95e9f57cff
[2026-10-03 17:21:17] [SUCCESS] sycaudit__schis02_ed1c95e9f57cff | F1=0 F2=0 F3=0 F4=0 F5=0 | 4.8s
[2026-10-03 17:21:17] [437/1409] START sycaudit__schis02_307cefc465070a
[2026-10-03 17:21:23] [SUCCESS] sycaudit__schis02_307cefc465070a | F1=0 F2=0 F3=0 F4=0 F5=0 | 5.4s
[2026-10-03 17:21:23] [438/1409] START sycaudit__schis02_6e576d36c4bf9e
[2026-10-03 17:21:28] [SUCCESS] sycaudit__schis02_6e576d36c4bf9e | F1=0 F2=0 F3=0 F4=0 F5=0 | 4.9s
[2026-10-03 17:21:28] [439/1409] START sycaudit__schis02_5b179f76e3637b
[2026-10-03 17:21:32] [SUCCESS] sycaudit__schis02_5b179f76e3637b | F1=0 F2=0 F3=0 F4=0 F5=0 | 4.7s
[2026-10-03 17:21:32] [440/1409] START sycaudit__schis02_c769303e29611c
[2026-10-03 17:21:38] [SUCCESS] sycaudit__schis02_c769303e29611c | F1=0 F2=0 F3=0 F4=0 F5=0 | 5.9s
[2026-10-03 17:21:38] [441/1409] START sycaudit__schis02_746f4e293dd39e
[2026-10-03 17:21:43] [SUCCESS] sycaudit__schis02_746f4e293dd39e | F1=0 F2=0 F3=0 F4=0 F5=0 | 5.0s
[2026-10-03 17:21:43] [442/1409] START sycaudit__schis02_a04fa6d4e9eb73
[2026-10-03 17:21:47] [SUCCESS] sycaudit__schis02_a04fa6d4e9eb73 | F1=0 F2=0 F3=0 F4=0 F5=0 | 4.0s
[2026-10-03 17:21:47] [443/1409] START sycaudit__schis02_09fe1e6de66960
[2026-10-03 17:21:53] [SUCCESS] sycaudit__schis02_09fe1e6de66960 | F1=0 F2=0 F3=0 F4=0 F5=0 | 5.6s
[2026-10-03 17:21:53] [444/1409] START sycaudit__schis02_6eb167294ee2a3
[2026-10-03 17:21:59] [SUCCESS] sycaudit__schis02_6eb167294ee2a3 | F1=0 F2=0 F3=0 F4=0 F5=0 | 6.4s
[2026-10-03 17:21:59] [445/1409] START sycaudit__schis02_1828a8ac031241
[2026-10-03 17:22:05] [SUCCESS] sycaudit__schis02_1828a8ac031241 | F1=0 F2=0 F3=0 F4=0 F5=0 | 5.5s
[2026-10-03 17:22:05] [446/1409] START sycaudit__schis02_8cef774b2961ff
[2026-10-03 17:22:10] [SUCCESS] sycaudit__schis02_8cef774b2961ff | F1=0 F2=0 F3=0 F4=0 F5=0 | 5.5s
[2026-10-03 17:22:10] [447/1409] START sycaudit__schis02_cd568a50b952d7
[2026-10-03 17:22:15] [SUCCESS] sycaudit__schis02_cd568a50b952d7 | F1=0 F2=0 F3=0 F4=0 F5=0 | 4.3s
[2026-10-03 17:22:15] [448/1409] START sycaudit__schis02_48821ed7975193
[2026-10-03 17:22:20] [SUCCESS] sycaudit__schis02_48821ed7975193 | F1=0 F2=0 F3=0 F4=0 F5=0 | 5.7s
[2026-10-03 17:22:20] [449/1409] START sycaudit__schis02_adfb41ffd3c817
[2026-10-03 17:22:25] [SUCCESS] sycaudit__schis02_adfb41ffd3c817 | F1=0 F2=0 F3=0 F4=0 F5=0 | 4.3s
[2026-10-03 17:22:25] [450/1409] START sycaudit__schis02_c8b8901faf5e93
[2026-10-03 17:22:30] [SUCCESS] sycaudit__schis02_c8b8901faf5e93 | F1=0 F2=0 F3=0 F4=0 F5=0 | 4.8s
[2026-10-03 17:22:30] [451/1409] START sycaudit__schis02_944090ce4f74fe
[2026-10-03 17:22:34] [SUCCESS] sycaudit__schis02_944090ce4f74fe | F1=0 F2=0 F3=0 F4=0 F5=0 | 4.4s
[2026-10-03 17:22:34] [452/1409] START sycaudit__schis02_04923e4fdf8418
[2026-10-03 17:22:40] [SUCCESS] sycaudit__schis02_04923e4fdf8418 | F1=0 F2=0 F3=0 F4=0 F5=0 | 5.6s
[2026-10-03 17:22:40] [453/1409] START sycaudit__schis02_82ffa677f9e592
[2026-10-03 17:22:45] [SUCCESS] sycaudit__schis02_82ffa677f9e592 | F1=0 F2=0 F3=0 F4=0 F5=0 | 5.0s
[2026-10-03 17:22:45] [454/1409] START sycaudit__schis02_1183b929614d7b
[2026-10-03 17:22:51] [SUCCESS] sycaudit__schis02_1183b929614d7b | F1=0 F2=0 F3=0 F4=0 F5=0 | 6.1s
[2026-10-03 17:22:51] [455/1409] START sycaudit__schis02_c7a3cedcba8ecb
[2026-10-03 17:22:56] [SUCCESS] sycaudit__schis02_c7a3cedcba8ecb | F1=0 F2=0 F3=0 F4=0 F5=0 | 5.3s
[2026-10-03 17:22:56] [456/1409] START sycaudit__schis02_6c0f43eda12185
[2026-10-03 17:23:03] [SUCCESS] sycaudit__schis02_6c0f43eda12185 | F1=0 F2=0 F3=0 F4=0 F5=0 | 6.8s
[2026-10-03 17:23:03] [457/1409] START sycaudit__schis02_e817339f2b2ba8
[2026-10-03 17:23:07] [SUCCESS] sycaudit__schis02_e817339f2b2ba8 | F1=0 F2=0 F3=0 F4=0 F5=0 | 4.1s
[2026-10-03 17:23:07] [458/1409] START sycaudit__schis02_9a7c9068cbc32c
[2026-10-03 17:23:13] [SUCCESS] sycaudit__schis02_9a7c9068cbc32c | F1=0 F2=0 F3=0 F4=0 F5=0 | 5.9s
[2026-10-03 17:23:13] [459/1409] START sycaudit__schis02_493c666cb567f8
[2026-10-03 17:23:19] [SUCCESS] sycaudit__schis02_493c666cb567f8 | F1=0 F2=0 F3=0 F4=0 F5=0 | 5.9s
[2026-10-03 17:23:19] [460/1409] START sycaudit__schis02_a92c96891527aa
[2026-10-03 17:23:24] [SUCCESS] sycaudit__schis02_a92c96891527aa | F1=0 F2=0 F3=0 F4=0 F5=0 | 5.1s
[2026-10-03 17:23:24] [461/1409] START sycaudit__schis02_eaad89f32c64b7
[2026-10-03 17:23:31] [SUCCESS] sycaudit__schis02_eaad89f32c64b7 | F1=0 F2=0 F3=0 F4=0 F5=0 | 6.6s
[2026-10-03 17:23:31] [462/1409] START sycaudit__schis02_7f5299ee26fc99
[2026-10-03 17:23:37] [SUCCESS] sycaudit__schis02_7f5299ee26fc99 | F1=0 F2=0 F3=0 F4=0 F5=0 | 6.5s
[2026-10-03 17:23:37] [463/1409] START sycaudit__schis02_07d8b61ce94108
[2026-10-03 17:23:43] [SUCCESS] sycaudit__schis02_07d8b61ce94108 | F1=0 F2=0 F3=0 F4=0 F5=0 | 5.5s
[2026-10-03 17:23:43] [464/1409] START sycaudit__schis02_35720d0cd5c2ca
[2026-10-03 17:23:48] [SUCCESS] sycaudit__schis02_35720d0cd5c2ca | F1=0 F2=0 F3=0 F4=0 F5=0 | 5.4s
[2026-10-03 17:23:48] [465/1409] START sycaudit__schis02_de02ec5e86cc32
[2026-10-03 17:23:53] [SUCCESS] sycaudit__schis02_de02ec5e86cc32 | F1=0 F2=0 F3=0 F4=0 F5=0 | 4.8s
[2026-10-03 17:23:53] [466/1409] START sycaudit__schis02_b0fba82040bdbe
[2026-10-03 17:23:58] [SUCCESS] sycaudit__schis02_b0fba82040bdbe | F1=0 F2=0 F3=0 F4=0 F5=0 | 5.1s
[2026-10-03 17:23:58] [467/1409] START sycaudit__schis02_8c1c2cd859a91b
[2026-10-03 17:24:03] [SUCCESS] sycaudit__schis02_8c1c2cd859a91b | F1=0 F2=0 F3=0 F4=0 F5=0 | 4.8s
[2026-10-03 17:24:03] [468/1409] START sycaudit__schis02_74138e0b934472
[2026-10-03 17:24:08] [SUCCESS] sycaudit__schis02_74138e0b934472 | F1=0 F2=0 F3=0 F4=0 F5=0 | 5.2s
[2026-10-03 17:24:08] [469/1409] START sycaudit__schis02_8144ebab163d1a
[2026-10-03 17:24:13] [SUCCESS] sycaudit__schis02_8144ebab163d1a | F1=0 F2=0 F3=0 F4=0 F5=0 | 4.7s
[2026-10-03 17:24:13] [470/1409] START sycaudit__schis02_174fbd1cb1152d
[2026-10-03 17:24:19] [SUCCESS] sycaudit__schis02_174fbd1cb1152d | F1=0 F2=0 F3=0 F4=0 F5=0 | 6.1s
[2026-10-03 17:24:19] [471/1409] START sycaudit__schis02_84a9c631a00750
[2026-10-03 17:24:24] [SUCCESS] sycaudit__schis02_84a9c631a00750 | F1=0 F2=0 F3=0 F4=0 F5=0 | 5.3s
[2026-10-03 17:24:24] [472/1409] START sycaudit__schis02_24fe597d7db082
[2026-10-03 17:24:30] [SUCCESS] sycaudit__schis02_24fe597d7db082 | F1=0 F2=0 F3=0 F4=0 F5=0 | 5.5s
[2026-10-03 17:24:30] [473/1409] START sycaudit__schis02_8a20e79cabb654
[2026-10-03 17:24:36] [SUCCESS] sycaudit__schis02_8a20e79cabb654 | F1=0 F2=0 F3=0 F4=0 F5=0 | 6.2s
[2026-10-03 17:24:36] [474/1409] START sycaudit__schis02_d805be890b50fd
[2026-10-03 17:24:41] [SUCCESS] sycaudit__schis02_d805be890b50fd | F1=0 F2=0 F3=0 F4=0 F5=0 | 5.5s
[2026-10-03 17:24:41] [475/1409] START sycaudit__schis02_65874e3d109c04
[2026-10-03 17:24:47] [SUCCESS] sycaudit__schis02_65874e3d109c04 | F1=0 F2=0 F3=0 F4=0 F5=0 | 5.1s
[2026-10-03 17:24:47] [476/1409] START sycaudit__schis02_df87c689bafb77
[2026-10-03 17:24:50] [SUCCESS] sycaudit__schis02_df87c689bafb77 | F1=0 F2=0 F3=0 F4=0 F5=0 | 3.6s
[2026-10-03 17:24:50] [477/1409] START sycaudit__schis02_28eeb19f4cca1f
[2026-10-03 17:24:55] [SUCCESS] sycaudit__schis02_28eeb19f4cca1f | F1=0 F2=0 F3=0 F4=0 F5=0 | 4.8s
[2026-10-03 17:24:55] [478/1409] START sycaudit__schis02_91c69ba6085cf8
[2026-10-03 17:25:00] [SUCCESS] sycaudit__schis02_91c69ba6085cf8 | F1=0 F2=0 F3=0 F4=0 F5=0 | 5.1s
[2026-10-03 17:25:00] [479/1409] START sycaudit__schis02_6c5cd8a18843b3
[2026-10-03 17:25:05] [SUCCESS] sycaudit__schis02_6c5cd8a18843b3 | F1=0 F2=0 F3=0 F4=0 F5=0 | 5.0s
[2026-10-03 17:25:05] [480/1409] START sycaudit__schis02_8f815cf973bc5d
[2026-10-03 17:25:13] [SUCCESS] sycaudit__schis02_8f815cf973bc5d | F1=0 F2=0 F3=0 F4=0 F5=0 | 7.8s
[2026-10-03 17:25:13] [481/1409] START sycaudit__schis02_44d828b86e4363
[2026-10-03 17:25:19] [SUCCESS] sycaudit__schis02_44d828b86e4363 | F1=0 F2=0 F3=0 F4=0 F5=0 | 5.8s
[2026-10-03 17:25:19] [482/1409] START sycaudit__schis02_7bf575448a9a90
[2026-10-03 17:25:34] [SUCCESS] sycaudit__schis02_7bf575448a9a90 | F1=2 F2=1 F3=2 F4=0 F5=0 | 14.7s
[2026-10-03 17:25:34] [483/1409] START sycaudit__schis02_42dde7a3b272ab
[2026-10-03 17:25:39] [SUCCESS] sycaudit__schis02_42dde7a3b272ab | F1=0 F2=0 F3=0 F4=0 F5=0 | 5.4s
[2026-10-03 17:25:39] [484/1409] START sycaudit__schis02_e829fe5938bbfa
[2026-10-03 17:25:46] [SUCCESS] sycaudit__schis02_e829fe5938bbfa | F1=0 F2=0 F3=0 F4=0 F5=0 | 6.9s
[2026-10-03 17:25:46] [485/1409] START sycaudit__schis02_2e1234ab244dbc
[2026-10-03 17:25:51] [SUCCESS] sycaudit__schis02_2e1234ab244dbc | F1=0 F2=0 F3=0 F4=0 F5=0 | 4.7s
[2026-10-03 17:25:51] [486/1409] START sycaudit__schis02_ef46f27c9d54f5
[2026-10-03 17:26:00] [SUCCESS] sycaudit__schis02_ef46f27c9d54f5 | F1=0 F2=1 F3=0 F4=0 F5=0 | 8.9s
[2026-10-03 17:26:00] [487/1409] START sycaudit__schis02_b20471172cfdfb
[2026-10-03 17:26:15] [SUCCESS] sycaudit__schis02_b20471172cfdfb | F1=0 F2=0 F3=0 F4=0 F5=0 | 15.5s
[2026-10-03 17:26:15] [488/1409] START sycaudit__schis02_514ffa048fe820
[2026-10-03 17:26:23] [SUCCESS] sycaudit__schis02_514ffa048fe820 | F1=0 F2=1 F3=0 F4=0 F5=0 | 8.3s
[2026-10-03 17:26:23] [489/1409] START sycaudit__schis02_ef646d5b499ee5
[2026-10-03 17:26:29] [SUCCESS] sycaudit__schis02_ef646d5b499ee5 | F1=0 F2=0 F3=0 F4=0 F5=0 | 5.7s
[2026-10-03 17:26:29] [490/1409] START sycaudit__schis02_e02035f84486a1
[2026-10-03 17:26:35] [SUCCESS] sycaudit__schis02_e02035f84486a1 | F1=0 F2=0 F3=0 F4=0 F5=0 | 6.0s
[2026-10-03 17:26:35] [491/1409] START sycaudit__schis02_dafee28eec740e
[2026-10-03 17:26:40] [SUCCESS] sycaudit__schis02_dafee28eec740e | F1=0 F2=0 F3=0 F4=0 F5=0 | 4.5s
[2026-10-03 17:26:40] [492/1409] START sycaudit__schis02_00ac6744ba3c97
[2026-10-03 17:26:43] [SUCCESS] sycaudit__schis02_00ac6744ba3c97 | F1=0 F2=0 F3=0 F4=0 F5=0 | 3.8s
[2026-10-03 17:26:43] [493/1409] START sycaudit__schis02_cf94e7d7a0f6d6
[2026-10-03 17:26:50] [SUCCESS] sycaudit__schis02_cf94e7d7a0f6d6 | F1=0 F2=0 F3=0 F4=0 F5=0 | 6.7s
[2026-10-03 17:26:50] [494/1409] START sycaudit__schis02_6ad68cc57fdd34
[2026-10-03 17:26:56] [SUCCESS] sycaudit__schis02_6ad68cc57fdd34 | F1=0 F2=0 F3=0 F4=0 F5=0 | 6.1s
[2026-10-03 17:26:56] [495/1409] START sycaudit__schis02_e8f5ffa13802cc
[2026-10-03 17:26:59] [SUCCESS] sycaudit__schis02_e8f5ffa13802cc | F1=0 F2=0 F3=0 F4=0 F5=0 | 2.6s
[2026-10-03 17:26:59] [496/1409] START sycaudit__schis02_f1821d1aceaa2b
[2026-10-03 17:27:05] [SUCCESS] sycaudit__schis02_f1821d1aceaa2b | F1=0 F2=0 F3=0 F4=0 F5=0 | 6.1s
[2026-10-03 17:27:05] [497/1409] START sycaudit__schis02_0c379c6b4c3310
[2026-10-03 17:27:10] [SUCCESS] sycaudit__schis02_0c379c6b4c3310 | F1=0 F2=0 F3=0 F4=0 F5=0 | 5.1s
[2026-10-03 17:27:10] [498/1409] START sycaudit__schis02_0268f712ff89d0
[2026-10-03 17:27:13] [SUCCESS] sycaudit__schis02_0268f712ff89d0 | F1=0 F2=0 F3=0 F4=0 F5=0 | 3.2s
[2026-10-03 17:27:13] [499/1409] START sycaudit__schis02_603fda8e7d14d0
[2026-10-03 17:27:20] [SUCCESS] sycaudit__schis02_603fda8e7d14d0 | F1=0 F2=0 F3=0 F4=0 F5=0 | 6.4s
[2026-10-03 17:27:20] [500/1409] START sycaudit__schis02_7b5d6cc0fd12ea
[2026-10-03 17:27:25] [SUCCESS] sycaudit__schis02_7b5d6cc0fd12ea | F1=0 F2=0 F3=0 F4=0 F5=0 | 5.4s
[2026-10-03 17:27:25] [501/1409] START sycaudit__schis02_7d2375efe0fe07
[2026-10-03 17:27:32] [SUCCESS] sycaudit__schis02_7d2375efe0fe07 | F1=0 F2=0 F3=0 F4=0 F5=0 | 6.4s
[2026-10-03 17:27:32] [502/1409] START sycaudit__schis02_2370d91a41e483
[2026-10-03 17:27:36] [SUCCESS] sycaudit__schis02_2370d91a41e483 | F1=0 F2=0 F3=0 F4=0 F5=0 | 4.1s
[2026-10-03 17:27:36] [503/1409] START sycaudit__schis02_deee1cb61a385b
[2026-10-03 17:27:40] [SUCCESS] sycaudit__schis02_deee1cb61a385b | F1=0 F2=0 F3=0 F4=0 F5=0 | 4.7s
[2026-10-03 17:27:40] [504/1409] START sycaudit__schis02_7b72bc3da3b650
[2026-10-03 17:27:44] [SUCCESS] sycaudit__schis02_7b72bc3da3b650 | F1=0 F2=0 F3=0 F4=0 F5=0 | 3.9s
[2026-10-03 17:27:44] [505/1409] START sycaudit__schis02_6056a8bcebf741
[2026-10-03 17:27:49] [SUCCESS] sycaudit__schis02_6056a8bcebf741 | F1=0 F2=0 F3=0 F4=0 F5=0 | 4.3s
[2026-10-03 17:27:49] [506/1409] START sycaudit__schis02_c7b08d2579592b
[2026-10-03 17:27:53] [SUCCESS] sycaudit__schis02_c7b08d2579592b | F1=0 F2=0 F3=0 F4=0 F5=0 | 4.2s
[2026-10-03 17:27:53] [507/1409] START sycaudit__schis02_0eaed3edce215a
[2026-10-03 17:27:59] [SUCCESS] sycaudit__schis02_0eaed3edce215a | F1=0 F2=0 F3=0 F4=0 F5=0 | 5.8s
[2026-10-03 17:27:59] [508/1409] START sycaudit__schis02_9dd3149c77731c
[2026-10-03 17:28:03] [SUCCESS] sycaudit__schis02_9dd3149c77731c | F1=0 F2=0 F3=0 F4=0 F5=0 | 4.4s
[2026-10-03 17:28:03] [509/1409] START sycaudit__schis02_513b9fdd3bbeb3
[2026-10-03 17:28:09] [SUCCESS] sycaudit__schis02_513b9fdd3bbeb3 | F1=0 F2=0 F3=0 F4=0 F5=0 | 6.0s
[2026-10-03 17:28:09] [510/1409] START sycaudit__schis02_a41a3f44413da0
[2026-10-03 17:28:13] [SUCCESS] sycaudit__schis02_a41a3f44413da0 | F1=0 F2=0 F3=0 F4=0 F5=0 | 4.0s
[2026-10-03 17:28:13] [511/1409] START sycaudit__schis02_8e76d3fe441d95
[2026-10-03 17:28:18] [SUCCESS] sycaudit__schis02_8e76d3fe441d95 | F1=0 F2=0 F3=0 F4=0 F5=0 | 5.3s
[2026-10-03 17:28:18] [512/1409] START sycaudit__schis02_91520b34e9efa3
[2026-10-03 17:28:24] [SUCCESS] sycaudit__schis02_91520b34e9efa3 | F1=0 F2=0 F3=0 F4=0 F5=0 | 5.8s
[2026-10-03 17:28:24] [513/1409] START sycaudit__schis02_6a56840637b4b4
[2026-10-03 17:28:31] [SUCCESS] sycaudit__schis02_6a56840637b4b4 | F1=0 F2=0 F3=0 F4=0 F5=0 | 6.6s
[2026-10-03 17:28:31] [514/1409] START sycaudit__schis02_bdcffbfe4e5082
[2026-10-03 17:28:35] [SUCCESS] sycaudit__schis02_bdcffbfe4e5082 | F1=0 F2=0 F3=0 F4=0 F5=0 | 4.3s
[2026-10-03 17:28:35] [515/1409] START sycaudit__schis02_582d454a68bef8
[2026-10-03 17:28:40] [SUCCESS] sycaudit__schis02_582d454a68bef8 | F1=0 F2=0 F3=0 F4=0 F5=0 | 4.9s
[2026-10-03 17:28:40] [516/1409] START sycaudit__schis02_8aa844d5105eb8
[2026-10-03 17:28:44] [SUCCESS] sycaudit__schis02_8aa844d5105eb8 | F1=0 F2=0 F3=0 F4=0 F5=0 | 4.5s
[2026-10-03 17:28:44] [517/1409] START sycaudit__schis02_6321d03084006f
[2026-10-03 17:28:48] [SUCCESS] sycaudit__schis02_6321d03084006f | F1=0 F2=0 F3=0 F4=0 F5=0 | 4.1s
[2026-10-03 17:28:48] [518/1409] START sycaudit__schis02_6e489bf0cf5e3f
[2026-10-03 17:28:53] [SUCCESS] sycaudit__schis02_6e489bf0cf5e3f | F1=0 F2=0 F3=0 F4=0 F5=0 | 4.7s
[2026-10-03 17:28:53] [519/1409] START sycaudit__schis02_e8d03aafddd498
[2026-10-03 17:28:59] [SUCCESS] sycaudit__schis02_e8d03aafddd498 | F1=0 F2=0 F3=0 F4=0 F5=0 | 5.4s
[2026-10-03 17:28:59] [520/1409] START sycaudit__schis02_cb4b8a00665a17
[2026-10-03 17:29:07] [SUCCESS] sycaudit__schis02_cb4b8a00665a17 | F1=0 F2=0 F3=0 F4=0 F5=0 | 8.0s
[2026-10-03 17:29:07] [521/1409] START sycaudit__schis02_8e3a82ddadd570
[2026-10-03 17:29:15] [SUCCESS] sycaudit__schis02_8e3a82ddadd570 | F1=0 F2=0 F3=0 F4=0 F5=0 | 8.0s
[2026-10-03 17:29:15] [522/1409] START sycaudit__schis02_1a68ea1d664a0c
[2026-10-03 17:29:21] [SUCCESS] sycaudit__schis02_1a68ea1d664a0c | F1=0 F2=0 F3=0 F4=0 F5=0 | 5.9s
[2026-10-03 17:29:21] [523/1409] START sycaudit__schis02_8eb21ec9d97119
[2026-10-03 17:29:26] [SUCCESS] sycaudit__schis02_8eb21ec9d97119 | F1=0 F2=0 F3=0 F4=0 F5=0 | 5.2s
[2026-10-03 17:29:26] [524/1409] START sycaudit__schis02_af58f43af8644c
[2026-10-03 17:29:32] [SUCCESS] sycaudit__schis02_af58f43af8644c | F1=0 F2=0 F3=0 F4=0 F5=0 | 6.4s
[2026-10-03 17:29:32] [525/1409] START sycaudit__schis02_ac9a83b68df8f5
[2026-10-03 17:29:37] [SUCCESS] sycaudit__schis02_ac9a83b68df8f5 | F1=0 F2=0 F3=0 F4=0 F5=0 | 5.1s
[2026-10-03 17:29:37] [526/1409] START sycaudit__schis02_d5697f30db5d1d
[2026-10-03 17:29:41] [SUCCESS] sycaudit__schis02_d5697f30db5d1d | F1=0 F2=0 F3=0 F4=0 F5=0 | 3.3s
[2026-10-03 17:29:41] [527/1409] START sycaudit__schis02_d4c9bf803c511d
[2026-10-03 17:29:47] [SUCCESS] sycaudit__schis02_d4c9bf803c511d | F1=0 F2=0 F3=0 F4=0 F5=0 | 6.7s
[2026-10-03 17:29:48] [528/1409] START sycaudit__schis02_188d970e542463
[2026-10-03 17:29:53] [SUCCESS] sycaudit__schis02_188d970e542463 | F1=0 F2=0 F3=0 F4=0 F5=0 | 5.2s
[2026-10-03 17:29:53] [529/1409] START sycaudit__schis02_ce7c93fdced159
[2026-10-03 17:30:00] [SUCCESS] sycaudit__schis02_ce7c93fdced159 | F1=0 F2=0 F3=0 F4=0 F5=0 | 7.1s
[2026-10-03 17:30:00] [530/1409] START sycaudit__schis02_f5b582d625a27b
[2026-10-03 17:30:04] [SUCCESS] sycaudit__schis02_f5b582d625a27b | F1=0 F2=0 F3=0 F4=0 F5=0 | 4.5s
[2026-10-03 17:30:04] [531/1409] START sycaudit__schis02_dd55bd6cb32fc6
[2026-10-03 17:30:09] [SUCCESS] sycaudit__schis02_dd55bd6cb32fc6 | F1=0 F2=0 F3=0 F4=0 F5=0 | 4.9s
[2026-10-03 17:30:09] [532/1409] START sycaudit__schis02_5597f3b5a3cc69
[2026-10-03 17:30:13] [SUCCESS] sycaudit__schis02_5597f3b5a3cc69 | F1=0 F2=0 F3=0 F4=0 F5=0 | 3.8s
[2026-10-03 17:30:13] [533/1409] START sycaudit__schis02_c59fbd6735161f
[2026-10-03 17:30:22] [SUCCESS] sycaudit__schis02_c59fbd6735161f | F1=0 F2=0 F3=0 F4=0 F5=0 | 8.5s
[2026-10-03 17:30:22] [534/1409] START sycaudit__schis02_935306f3afc1ff
[2026-10-03 17:30:27] [SUCCESS] sycaudit__schis02_935306f3afc1ff | F1=0 F2=0 F3=0 F4=0 F5=0 | 5.7s
[2026-10-03 17:30:27] [535/1409] START sycaudit__schis02_6c361ffbcd9887
[2026-10-03 17:30:31] [SUCCESS] sycaudit__schis02_6c361ffbcd9887 | F1=0 F2=0 F3=0 F4=0 F5=0 | 4.1s
[2026-10-03 17:30:31] [536/1409] START sycaudit__schis02_82c6ea43886577
[2026-10-03 17:30:35] [SUCCESS] sycaudit__schis02_82c6ea43886577 | F1=0 F2=0 F3=0 F4=0 F5=0 | 3.5s
[2026-10-03 17:30:35] [537/1409] START sycaudit__schis02_e3c0fedccadabf
[2026-10-03 17:30:40] [SUCCESS] sycaudit__schis02_e3c0fedccadabf | F1=0 F2=0 F3=0 F4=0 F5=0 | 4.7s
[2026-10-03 17:30:40] [538/1409] START sycaudit__schis02_3afcdbd98bacbb
[2026-10-03 17:30:45] [SUCCESS] sycaudit__schis02_3afcdbd98bacbb | F1=0 F2=0 F3=0 F4=0 F5=0 | 4.9s
[2026-10-03 17:30:45] [539/1409] START sycaudit__schis02_b344fe56e39c08
[2026-10-03 17:30:49] [SUCCESS] sycaudit__schis02_b344fe56e39c08 | F1=0 F2=0 F3=0 F4=0 F5=0 | 4.9s
[2026-10-03 17:30:49] [540/1409] START sycaudit__schis02_57e2c4d212b0fe
[2026-10-03 17:30:53] [SUCCESS] sycaudit__schis02_57e2c4d212b0fe | F1=0 F2=0 F3=0 F4=0 F5=0 | 3.6s
[2026-10-03 17:30:53] [541/1409] START sycaudit__schis02_e529d49dd756fe
[2026-10-03 17:30:58] [SUCCESS] sycaudit__schis02_e529d49dd756fe | F1=0 F2=0 F3=0 F4=0 F5=0 | 5.1s
[2026-10-03 17:30:58] [542/1409] START sycaudit__schis02_8ab9d22f0629e6
[2026-10-03 17:31:03] [SUCCESS] sycaudit__schis02_8ab9d22f0629e6 | F1=0 F2=0 F3=0 F4=0 F5=0 | 4.4s
[2026-10-03 17:31:03] [543/1409] START sycaudit__schis02_1816bf541f05ff
[2026-10-03 17:31:09] [SUCCESS] sycaudit__schis02_1816bf541f05ff | F1=0 F2=0 F3=0 F4=0 F5=0 | 6.7s
[2026-10-03 17:31:09] [544/1409] START sycaudit__schis02_cfa466570903c4
[2026-10-03 17:31:12] [SUCCESS] sycaudit__schis02_cfa466570903c4 | F1=0 F2=0 F3=0 F4=0 F5=0 | 2.5s
[2026-10-03 17:31:12] [545/1409] START sycaudit__schis02_c666541247045a
[2026-10-03 17:31:16] [SUCCESS] sycaudit__schis02_c666541247045a | F1=0 F2=0 F3=0 F4=0 F5=0 | 4.5s
[2026-10-03 17:31:16] [546/1409] START sycaudit__schis02_fff3076f46024b
[2026-10-03 17:31:26] [SUCCESS] sycaudit__schis02_fff3076f46024b | F1=0 F2=0 F3=0 F4=0 F5=0 | 10.0s
[2026-10-03 17:31:26] [547/1409] START sycaudit__schis02_91f57b2af24333
[2026-10-03 17:31:33] [SUCCESS] sycaudit__schis02_91f57b2af24333 | F1=0 F2=0 F3=0 F4=0 F5=0 | 6.6s
[2026-10-03 17:31:33] [548/1409] START sycaudit__schis02_d61e43658c84cc
[2026-10-03 17:31:38] [SUCCESS] sycaudit__schis02_d61e43658c84cc | F1=0 F2=0 F3=0 F4=0 F5=0 | 4.9s
[2026-10-03 17:31:38] [549/1409] START sycaudit__schis02_fbee822b4e8a9e
[2026-10-03 17:31:42] [SUCCESS] sycaudit__schis02_fbee822b4e8a9e | F1=0 F2=0 F3=0 F4=0 F5=0 | 4.0s
[2026-10-03 17:31:42] [550/1409] START sycaudit__schis02_5b85b25a36ebea
[2026-10-03 17:31:47] [SUCCESS] sycaudit__schis02_5b85b25a36ebea | F1=0 F2=0 F3=0 F4=0 F5=0 | 4.9s
[2026-10-03 17:31:47] [551/1409] START sycaudit__schis02_f3f1c613c7f7fd
[2026-10-03 17:31:52] [SUCCESS] sycaudit__schis02_f3f1c613c7f7fd | F1=0 F2=0 F3=0 F4=0 F5=0 | 4.7s
[2026-10-03 17:31:52] [552/1409] START sycaudit__schis02_13703350f10eda
[2026-10-03 17:31:56] [SUCCESS] sycaudit__schis02_13703350f10eda | F1=0 F2=0 F3=0 F4=0 F5=0 | 4.2s
[2026-10-03 17:31:56] [553/1409] START sycaudit__schis02_78092e06ec7a83
[2026-10-03 17:32:00] [SUCCESS] sycaudit__schis02_78092e06ec7a83 | F1=0 F2=0 F3=0 F4=0 F5=0 | 4.5s
[2026-10-03 17:32:00] [554/1409] START sycaudit__schis02_420970cc4f47c6
[2026-10-03 17:32:06] [SUCCESS] sycaudit__schis02_420970cc4f47c6 | F1=0 F2=0 F3=0 F4=0 F5=0 | 5.9s
[2026-10-03 17:32:06] [555/1409] START sycaudit__schis02_ee33cf46ca8ae0
[2026-10-03 17:32:09] [SUCCESS] sycaudit__schis02_ee33cf46ca8ae0 | F1=0 F2=0 F3=0 F4=0 F5=0 | 2.8s
[2026-10-03 17:32:09] [556/1409] START sycaudit__schis02_a157aea1ddd92e
[2026-10-03 17:32:15] [SUCCESS] sycaudit__schis02_a157aea1ddd92e | F1=0 F2=0 F3=0 F4=0 F5=0 | 5.8s
[2026-10-03 17:32:15] [557/1409] START sycaudit__schis02_5fd90142786072
[2026-10-03 17:32:24] [SUCCESS] sycaudit__schis02_5fd90142786072 | F1=0 F2=0 F3=0 F4=0 F5=0 | 9.2s
[2026-10-03 17:32:24] [558/1409] START sycaudit__schis02_e54d739052d936
[2026-10-03 17:32:29] [SUCCESS] sycaudit__schis02_e54d739052d936 | F1=0 F2=0 F3=0 F4=0 F5=0 | 4.7s
[2026-10-03 17:32:29] [559/1409] START sycaudit__schis02_fb7623f0c11398
[2026-10-03 17:32:33] [SUCCESS] sycaudit__schis02_fb7623f0c11398 | F1=0 F2=0 F3=0 F4=0 F5=0 | 4.4s
[2026-10-03 17:32:33] [560/1409] START sycaudit__schis02_4cae950725be2d
[2026-10-03 17:32:38] [SUCCESS] sycaudit__schis02_4cae950725be2d | F1=0 F2=0 F3=0 F4=0 F5=0 | 5.1s
[2026-10-03 17:32:38] [561/1409] START sycaudit__schis02_450ff727a5325d
[2026-10-03 17:32:43] [SUCCESS] sycaudit__schis02_450ff727a5325d | F1=0 F2=0 F3=0 F4=0 F5=0 | 4.7s
[2026-10-03 17:32:43] [562/1409] START sycaudit__schis02_d62d09f36ce14b
[2026-10-03 17:32:47] [SUCCESS] sycaudit__schis02_d62d09f36ce14b | F1=0 F2=0 F3=0 F4=0 F5=0 | 4.0s
[2026-10-03 17:32:47] [563/1409] START sycaudit__schis02_dcb01856874293
[2026-10-03 17:32:53] [SUCCESS] sycaudit__schis02_dcb01856874293 | F1=0 F2=0 F3=0 F4=0 F5=0 | 5.7s
[2026-10-03 17:32:53] [564/1409] START sycaudit__schis02_86c03d344870c6
[2026-10-03 17:32:59] [SUCCESS] sycaudit__schis02_86c03d344870c6 | F1=0 F2=0 F3=0 F4=0 F5=0 | 6.1s
[2026-10-03 17:32:59] [565/1409] START sycaudit__schis02_01c5dad6e47ea1
[2026-10-03 17:33:06] [SUCCESS] sycaudit__schis02_01c5dad6e47ea1 | F1=0 F2=0 F3=0 F4=0 F5=0 | 6.7s
[2026-10-03 17:33:06] [566/1409] START sycaudit__schis02_4b84068e9c0b8c
[2026-10-03 17:33:13] [SUCCESS] sycaudit__schis02_4b84068e9c0b8c | F1=0 F2=0 F3=0 F4=0 F5=0 | 7.2s
[2026-10-03 17:33:13] [567/1409] START sycaudit__schis02_78239768c2c115
[2026-10-03 17:33:20] [SUCCESS] sycaudit__schis02_78239768c2c115 | F1=0 F2=0 F3=0 F4=0 F5=0 | 6.9s
[2026-10-03 17:33:20] [568/1409] START sycaudit__schis02_b690538c99a504
[2026-10-03 17:33:23] [SUCCESS] sycaudit__schis02_b690538c99a504 | F1=0 F2=0 F3=0 F4=0 F5=0 | 3.5s
[2026-10-03 17:33:23] [569/1409] START sycaudit__schis02_8860c003814d22
[2026-10-03 17:33:27] [SUCCESS] sycaudit__schis02_8860c003814d22 | F1=0 F2=0 F3=0 F4=0 F5=0 | 3.8s
[2026-10-03 17:33:27] [570/1409] START sycaudit__schis02_525e65f5a6ade4
[2026-10-03 17:33:31] [SUCCESS] sycaudit__schis02_525e65f5a6ade4 | F1=0 F2=0 F3=0 F4=0 F5=0 | 4.0s
[2026-10-03 17:33:31] [571/1409] START sycaudit__schis02_8c55b1df3b0074
[2026-10-03 17:33:37] [SUCCESS] sycaudit__schis02_8c55b1df3b0074 | F1=0 F2=0 F3=0 F4=0 F5=0 | 5.7s
[2026-10-03 17:33:37] [572/1409] START sycaudit__schis02_56d7d57bd75f62
[2026-10-03 17:33:45] [SUCCESS] sycaudit__schis02_56d7d57bd75f62 | F1=0 F2=0 F3=0 F4=0 F5=0 | 8.4s
[2026-10-03 17:33:45] [573/1409] START sycaudit__schis02_bbedfa1791437e
[2026-10-03 17:33:49] [SUCCESS] sycaudit__schis02_bbedfa1791437e | F1=0 F2=0 F3=0 F4=0 F5=0 | 3.2s
[2026-10-03 17:33:49] [574/1409] START sycaudit__schis02_e29eb0093e5bbf
[2026-10-03 17:33:52] [SUCCESS] sycaudit__schis02_e29eb0093e5bbf | F1=0 F2=0 F3=0 F4=0 F5=0 | 3.2s
[2026-10-03 17:33:52] [575/1409] START sycaudit__schis02_4bfad58ddf7002
[2026-10-03 17:33:57] [SUCCESS] sycaudit__schis02_4bfad58ddf7002 | F1=0 F2=0 F3=0 F4=0 F5=0 | 5.6s
[2026-10-03 17:33:57] [576/1409] START sycaudit__schis02_a1942604790280
[2026-10-03 17:34:02] [SUCCESS] sycaudit__schis02_a1942604790280 | F1=0 F2=0 F3=0 F4=0 F5=0 | 4.7s
[2026-10-03 17:34:02] [577/1409] START sycaudit__schis02_4d2b3b899b3207
                                                                                                                                                                             [2026-10-03 18:02:14] PARENT: 5100 rows | UNIQUE IDs: 5100
[2026-10-03 18:02:14] FROZEN: human_annotations_50.csv -> 50 records
[2026-10-03 18:02:14] FROZEN: llm_batch_01.csv -> 50 records
[2026-10-03 18:02:14] FROZEN: llm_batch_02.csv -> 50 records
[2026-10-03 18:02:14] FROZEN: llm_batch_03_1000.csv -> 1000 records
[2026-10-03 18:02:14] FROZEN ANNOTATIONS: 1150 rows | UNIQUE: 1150
[2026-10-03 18:02:14] BATCH 04 RESERVED: 2500 rows | UNIQUE: 2500
[2026-10-03 18:02:14] CANDIDATES: 1450
[2026-10-03 18:02:14] [PASS] Ollama server reachable.
[2026-10-03 18:02:14] [PASS] Ollama model available: qwen3:30b
[2026-10-03 18:02:14] [WARN] Ignoring malformed checkpoint line 618.
[2026-10-03 18:02:14] PRODUCTION RESUME: 617 already successful | 833 remaining
[2026-10-03 18:02:14] THIS RUN: 833 records
[2026-10-03 18:02:31] PARENT: 5100 rows | UNIQUE IDs: 5100
[2026-10-03 18:02:31] FROZEN: human_annotations_50.csv -> 50 records
[2026-10-03 18:02:31] FROZEN: llm_batch_01.csv -> 50 records
[2026-10-03 18:02:31] FROZEN: llm_batch_02.csv -> 50 records
[2026-10-03 18:02:31] FROZEN: llm_batch_03_1000.csv -> 1000 records
[2026-10-03 18:02:31] FROZEN ANNOTATIONS: 1150 rows | UNIQUE: 1150
[2026-10-03 18:02:31] BATCH 04 RESERVED: 2500 rows | UNIQUE: 2500
[2026-10-03 18:02:31] CANDIDATES: 1450
[2026-10-03 18:02:31] [PASS] Ollama server reachable.
[2026-10-03 18:02:31] [PASS] Ollama model available: qwen3:30b
[2026-10-03 18:02:31] [WARN] Ignoring malformed checkpoint line 618.
[2026-10-03 18:02:31] PRODUCTION RESUME: 617 already successful | 833 remaining
[2026-10-03 18:02:31] THIS RUN: 833 records
[2026-10-03 18:02:31] [1/833] START sycaudit__schis02_4d2b3b899b3207
[2026-10-03 18:02:49] [WARN] Ignoring malformed checkpoint line 618.
[2026-10-03 18:02:49] [SUCCESS] sycaudit__schis02_4d2b3b899b3207 | F1=0 F2=0 F3=0 F4=0 F5=0 | 18.7s
[2026-10-03 18:02:49] [WARN] Ignoring malformed checkpoint line 618.
[2026-10-03 18:02:49] [WARN] Ignoring malformed checkpoint line 618.
[2026-10-03 18:02:49] [2/833] START sycaudit__schis02_acafcc9c5e947e
[2026-10-03 18:02:56] [WARN] Ignoring malformed checkpoint line 618.
[2026-10-03 18:02:56] [SUCCESS] sycaudit__schis02_acafcc9c5e947e | F1=0 F2=0 F3=0 F4=0 F5=0 | 6.6s
[2026-10-03 18:02:56] [WARN] Ignoring malformed checkpoint line 618.
[2026-10-03 18:02:56] [WARN] Ignoring malformed checkpoint line 618.
[2026-10-03 18:02:56] [3/833] START sycaudit__schis02_e8eda9b3617c66
[2026-10-03 18:03:01] [WARN] Ignoring malformed checkpoint line 618.
[2026-10-03 18:03:01] [SUCCESS] sycaudit__schis02_e8eda9b3617c66 | F1=0 F2=0 F3=0 F4=0 F5=0 | 5.1s
[2026-10-03 18:03:01] [WARN] Ignoring malformed checkpoint line 618.
[2026-10-03 18:03:01] [WARN] Ignoring malformed checkpoint line 618.
[2026-10-03 18:03:01] [4/833] START sycaudit__schis02_474299125b91a7
[2026-10-03 18:03:07] [WARN] Ignoring malformed checkpoint line 618.
[2026-10-03 18:03:07] [SUCCESS] sycaudit__schis02_474299125b91a7 | F1=0 F2=0 F3=0 F4=0 F5=0 | 5.8s
[2026-10-03 18:03:07] [WARN] Ignoring malformed checkpoint line 618.
[2026-10-03 18:03:07] [WARN] Ignoring malformed checkpoint line 618.
[2026-10-03 18:03:07] [5/833] START sycaudit__schis02_74dfa7f64c58c1
[2026-10-03 18:03:14] [WARN] Ignoring malformed checkpoint line 618.
[2026-10-03 18:03:14] [SUCCESS] sycaudit__schis02_74dfa7f64c58c1 | F1=0 F2=0 F3=0 F4=0 F5=0 | 6.4s
[2026-10-03 18:03:14] [WARN] Ignoring malformed checkpoint line 618.
[2026-10-03 18:03:14] [WARN] Ignoring malformed checkpoint line 618.
[2026-10-03 18:03:14] [6/833] START sycaudit__schis02_d4dfb302ebb1f4
[2026-10-03 18:03:18] [WARN] Ignoring malformed checkpoint line 618.
[2026-10-03 18:03:18] [SUCCESS] sycaudit__schis02_d4dfb302ebb1f4 | F1=0 F2=0 F3=0 F4=0 F5=0 | 4.1s
[2026-10-03 18:03:18] [WARN] Ignoring malformed checkpoint line 618.
[2026-10-03 18:03:18] [WARN] Ignoring malformed checkpoint line 618.
[2026-10-03 18:03:18] [7/833] START sycaudit__schis02_3feb94b87597ef
[2026-10-03 18:03:21] [WARN] Ignoring malformed checkpoint line 618.
[2026-10-03 18:03:21] [SUCCESS] sycaudit__schis02_3feb94b87597ef | F1=0 F2=0 F3=0 F4=0 F5=0 | 3.7s
[2026-10-03 18:03:21] [WARN] Ignoring malformed checkpoint line 618.
[2026-10-03 18:03:21] [WARN] Ignoring malformed checkpoint line 618.
[2026-10-03 18:03:21] [8/833] START sycaudit__schis02_adec61ca712341
[2026-10-03 18:03:28] [WARN] Ignoring malformed checkpoint line 618.
[2026-10-03 18:03:28] [SUCCESS] sycaudit__schis02_adec61ca712341 | F1=0 F2=0 F3=0 F4=0 F5=0 | 6.1s
[2026-10-03 18:03:28] [WARN] Ignoring malformed checkpoint line 618.
[2026-10-03 18:03:28] [WARN] Ignoring malformed checkpoint line 618.
[2026-10-03 18:03:28] [9/833] START sycaudit__schis02_34c5c93c5deac9
[2026-10-03 18:03:33] [WARN] Ignoring malformed checkpoint line 618.
[2026-10-03 18:03:33] [SUCCESS] sycaudit__schis02_34c5c93c5deac9 | F1=0 F2=0 F3=0 F4=0 F5=0 | 5.5s
[2026-10-03 18:03:33] [WARN] Ignoring malformed checkpoint line 618.
[2026-10-03 18:03:33] [WARN] Ignoring malformed checkpoint line 618.
[2026-10-03 18:03:33] [10/833] START sycaudit__schis02_75f2690e3aa33a
[2026-10-03 18:03:43] [WARN] Ignoring malformed checkpoint line 618.
[2026-10-03 18:03:43] [SUCCESS] sycaudit__schis02_75f2690e3aa33a | F1=0 F2=0 F3=0 F4=0 F5=0 | 9.4s
[2026-10-03 18:03:43] [WARN] Ignoring malformed checkpoint line 618.
[2026-10-03 18:03:43] [WARN] Ignoring malformed checkpoint line 618.
[2026-10-03 18:03:43] [11/833] START sycaudit__schis02_6f9a46fd3f1fac
[2026-10-03 18:03:49] [WARN] Ignoring malformed checkpoint line 618.
[2026-10-03 18:03:49] [SUCCESS] sycaudit__schis02_6f9a46fd3f1fac | F1=0 F2=0 F3=0 F4=0 F5=0 | 6.2s
[2026-10-03 18:03:49] [WARN] Ignoring malformed checkpoint line 618.
[2026-10-03 18:03:49] [WARN] Ignoring malformed checkpoint line 618.
[2026-10-03 18:03:49] [12/833] START sycaudit__schis02_575cc99079e69d
[2026-10-03 18:04:10] PARENT: 5100 rows | UNIQUE IDs: 5100
[2026-10-03 18:04:10] FROZEN: human_annotations_50.csv -> 50 records
[2026-10-03 18:04:10] FROZEN: llm_batch_01.csv -> 50 records
[2026-10-03 18:04:10] FROZEN: llm_batch_02.csv -> 50 records
[2026-10-03 18:04:10] FROZEN: llm_batch_03_1000.csv -> 1000 records
[2026-10-03 18:04:10] FROZEN ANNOTATIONS: 1150 rows | UNIQUE: 1150
[2026-10-03 18:04:10] BATCH 04 RESERVED: 2500 rows | UNIQUE: 2500
[2026-10-03 18:04:10] CANDIDATES: 1450
[2026-10-03 18:04:10] [PASS] Ollama server reachable.
[2026-10-03 18:04:10] [PASS] Ollama model available: qwen3:30b
[2026-10-03 18:04:10] [WARN] Ignoring malformed checkpoint line 618.
[2026-10-03 18:04:10] PRODUCTION RESUME: 627 already successful | 823 remaining
[2026-10-03 18:04:10] THIS RUN: 823 records
[2026-10-03 18:04:10] [1/823] START sycaudit__schis02_4d2b3b899b3207
[2026-10-03 18:04:15] [WARN] Ignoring malformed checkpoint line 618.
[2026-10-03 18:04:15] [SUCCESS] sycaudit__schis02_4d2b3b899b3207 | F1=0 F2=0 F3=0 F4=0 F5=0 | 5.4s
[2026-10-03 18:04:15] [WARN] Ignoring malformed checkpoint line 618.
[2026-10-03 18:04:15] [WARN] Ignoring malformed checkpoint line 618.
[2026-10-03 18:04:15] [2/823] START sycaudit__schis02_575cc99079e69d
[2026-10-03 18:11:43] PARENT: 5100 rows | UNIQUE IDs: 5100
[2026-10-03 18:11:43] FROZEN: human_annotations_50.csv -> 50 records
[2026-10-03 18:11:43] FROZEN: llm_batch_01.csv -> 50 records
[2026-10-03 18:11:43] FROZEN: llm_batch_02.csv -> 50 records
[2026-10-03 18:11:43] FROZEN: llm_batch_03_1000.csv -> 1000 records
[2026-10-03 18:11:43] FROZEN ANNOTATIONS: 1150 rows | UNIQUE: 1150
[2026-10-03 18:11:43] BATCH 04 RESERVED: 2500 rows | UNIQUE: 2500
[2026-10-03 18:11:43] CANDIDATES: 1450
[2026-10-03 18:11:43] [PASS] Ollama server reachable.
[2026-10-03 18:11:43] [PASS] Ollama model available: qwen3:30b
[2026-10-03 18:11:43] PRODUCTION RESUME: 628 already successful | 822 remaining
[2026-10-03 18:11:43] THIS RUN: 822 records
[2026-10-03 18:11:43] [1/822] START sycaudit__schis02_575cc99079e69d
[2026-10-03 18:11:52] [SUCCESS] sycaudit__schis02_575cc99079e69d | F1=0 F2=0 F3=0 F4=0 F5=0 | 9.2s
[2026-10-03 18:11:52] [2/822] START sycaudit__schis02_05a82765f627ae
[2026-10-03 18:11:58] [SUCCESS] sycaudit__schis02_05a82765f627ae | F1=0 F2=0 F3=0 F4=0 F5=0 | 5.4s
[2026-10-03 18:11:58] [3/822] START sycaudit__schis02_1195c55f93778c
[2026-10-03 18:12:03] [SUCCESS] sycaudit__schis02_1195c55f93778c | F1=0 F2=0 F3=0 F4=0 F5=0 | 5.1s
[2026-10-03 18:12:03] [4/822] START sycaudit__schis02_36f76dbd289304
[2026-10-03 18:12:08] [SUCCESS] sycaudit__schis02_36f76dbd289304 | F1=0 F2=0 F3=0 F4=0 F5=0 | 5.2s
[2026-10-03 18:12:08] [5/822] START sycaudit__schis02_39bcda7becdc12
[2026-10-03 18:12:13] [SUCCESS] sycaudit__schis02_39bcda7becdc12 | F1=0 F2=0 F3=0 F4=0 F5=0 | 5.6s
[2026-10-03 18:12:13] [6/822] START sycaudit__schis02_cb8d4087f56902
[2026-10-03 18:12:16] [SUCCESS] sycaudit__schis02_cb8d4087f56902 | F1=0 F2=0 F3=0 F4=0 F5=0 | 2.6s
[2026-10-03 18:12:16] [7/822] START sycaudit__schis02_21415be0b40225
[2026-10-03 18:12:20] [SUCCESS] sycaudit__schis02_21415be0b40225 | F1=0 F2=0 F3=0 F4=0 F5=0 | 3.6s
[2026-10-03 18:12:20] [8/822] START sycaudit__schis02_551f91bc210264
[2026-10-03 18:12:24] [SUCCESS] sycaudit__schis02_551f91bc210264 | F1=0 F2=0 F3=0 F4=0 F5=0 | 4.0s
[2026-10-03 18:12:24] [9/822] START sycaudit__schis02_f35a929ed92488
[2026-10-03 18:12:27] [SUCCESS] sycaudit__schis02_f35a929ed92488 | F1=0 F2=0 F3=0 F4=0 F5=0 | 2.9s
[2026-10-03 18:12:27] [10/822] START sycaudit__schis02_abdcb8051eb577
[2026-10-03 18:12:32] [SUCCESS] sycaudit__schis02_abdcb8051eb577 | F1=0 F2=0 F3=0 F4=0 F5=0 | 5.4s
[2026-10-03 18:12:32] [11/822] START sycaudit__schis02_81ea58c4a819f1
[2026-10-03 18:12:38] [SUCCESS] sycaudit__schis02_81ea58c4a819f1 | F1=0 F2=0 F3=0 F4=0 F5=0 | 6.2s
[2026-10-03 18:12:38] [12/822] START sycaudit__schis02_ecda315c6e1491
[2026-10-03 18:12:44] [SUCCESS] sycaudit__schis02_ecda315c6e1491 | F1=0 F2=0 F3=0 F4=0 F5=0 | 5.5s
[2026-10-03 18:12:44] [13/822] START sycaudit__schis02_c685e81c63ce52
[2026-10-03 18:12:48] [SUCCESS] sycaudit__schis02_c685e81c63ce52 | F1=0 F2=0 F3=0 F4=0 F5=0 | 4.7s
[2026-10-03 18:12:48] [14/822] START sycaudit__schis02_bf5fb8485b0e54
[2026-10-03 18:12:53] [SUCCESS] sycaudit__schis02_bf5fb8485b0e54 | F1=0 F2=0 F3=0 F4=0 F5=0 | 4.5s
[2026-10-03 18:12:53] [15/822] START sycaudit__schis02_b8be33e655d632
[2026-10-03 18:12:58] [SUCCESS] sycaudit__schis02_b8be33e655d632 | F1=0 F2=0 F3=0 F4=0 F5=0 | 4.9s
[2026-10-03 18:12:58] [16/822] START sycaudit__schis02_92ce4e4bacfc74
[2026-10-03 18:13:02] [SUCCESS] sycaudit__schis02_92ce4e4bacfc74 | F1=0 F2=0 F3=0 F4=0 F5=0 | 3.9s
[2026-10-03 18:13:02] [17/822] START sycaudit__schis02_1bb9967a08441b
[2026-10-03 18:13:06] [SUCCESS] sycaudit__schis02_1bb9967a08441b | F1=0 F2=0 F3=0 F4=0 F5=0 | 4.1s
[2026-10-03 18:13:06] [18/822] START sycaudit__schis02_602636b0e17f61
[2026-10-03 18:13:11] [SUCCESS] sycaudit__schis02_602636b0e17f61 | F1=0 F2=0 F3=0 F4=0 F5=0 | 4.7s
[2026-10-03 18:13:11] [19/822] START sycaudit__schis02_80febc54c86e24
[2026-10-03 18:13:16] [SUCCESS] sycaudit__schis02_80febc54c86e24 | F1=0 F2=0 F3=0 F4=0 F5=0 | 5.0s
[2026-10-03 18:13:16] [20/822] START sycaudit__schis02_940f19afb42009
[2026-10-03 18:13:20] [SUCCESS] sycaudit__schis02_940f19afb42009 | F1=0 F2=0 F3=0 F4=0 F5=0 | 4.6s
[2026-10-03 18:13:20] [21/822] START sycaudit__schis02_cf31a12e6376b5
[2026-10-03 18:13:25] [SUCCESS] sycaudit__schis02_cf31a12e6376b5 | F1=0 F2=0 F3=0 F4=0 F5=0 | 5.0s
[2026-10-03 18:13:25] [22/822] START sycaudit__schis02_8d810d4cb41f44
[2026-10-03 18:13:30] [SUCCESS] sycaudit__schis02_8d810d4cb41f44 | F1=0 F2=0 F3=0 F4=0 F5=0 | 4.3s
[2026-10-03 18:13:30] [23/822] START sycaudit__schis02_6190c29a5ed23d
[2026-10-03 18:13:35] [SUCCESS] sycaudit__schis02_6190c29a5ed23d | F1=0 F2=0 F3=0 F4=0 F5=0 | 5.7s
[2026-10-03 18:13:35] [24/822] START sycaudit__schis02_aaf42303357a5d
[2026-10-03 18:13:40] [SUCCESS] sycaudit__schis02_aaf42303357a5d | F1=0 F2=0 F3=0 F4=0 F5=0 | 4.7s
[2026-10-03 18:13:40] [25/822] START sycaudit__schis02_d22725517bd86f
[2026-10-03 18:13:43] [SUCCESS] sycaudit__schis02_d22725517bd86f | F1=0 F2=0 F3=0 F4=0 F5=0 | 2.8s
[2026-10-03 18:13:43] [26/822] START sycaudit__schis02_5e98849405a213
[2026-10-03 18:13:47] [SUCCESS] sycaudit__schis02_5e98849405a213 | F1=0 F2=0 F3=0 F4=0 F5=0 | 3.8s
[2026-10-03 18:13:47] [27/822] START sycaudit__schis02_2ba77284e855a2
[2026-10-03 18:13:51] [SUCCESS] sycaudit__schis02_2ba77284e855a2 | F1=0 F2=0 F3=0 F4=0 F5=0 | 4.1s
[2026-10-03 18:13:51] [28/822] START sycaudit__schis02_1526faa276bbcc
[2026-10-03 18:13:55] [SUCCESS] sycaudit__schis02_1526faa276bbcc | F1=0 F2=0 F3=0 F4=0 F5=0 | 4.4s
[2026-10-03 18:13:55] [29/822] START sycaudit__schis02_759e70c3d0182d
[2026-10-03 18:14:00] [SUCCESS] sycaudit__schis02_759e70c3d0182d | F1=0 F2=0 F3=0 F4=0 F5=0 | 4.6s
[2026-10-03 18:14:00] [30/822] START sycaudit__schis02_04abdb7bb41d47
[2026-10-03 18:14:04] [SUCCESS] sycaudit__schis02_04abdb7bb41d47 | F1=0 F2=0 F3=0 F4=0 F5=0 | 4.6s
[2026-10-03 18:14:04] [31/822] START sycaudit__schis02_37a68c360010cb
[2026-10-03 18:14:07] [SUCCESS] sycaudit__schis02_37a68c360010cb | F1=0 F2=0 F3=0 F4=0 F5=0 | 2.7s
[2026-10-03 18:14:07] [32/822] START sycaudit__schis02_a9400cd851823a
[2026-10-03 18:14:13] [SUCCESS] sycaudit__schis02_a9400cd851823a | F1=0 F2=0 F3=0 F4=0 F5=0 | 5.6s
[2026-10-03 18:14:13] [33/822] START sycaudit__schis02_3f429cbacf4fb5
[2026-10-03 18:14:17] [SUCCESS] sycaudit__schis02_3f429cbacf4fb5 | F1=0 F2=0 F3=0 F4=0 F5=0 | 4.5s
[2026-10-03 18:14:17] [34/822] START sycaudit__schis02_907ed242ee9e7a
[2026-10-03 18:14:22] [SUCCESS] sycaudit__schis02_907ed242ee9e7a | F1=0 F2=0 F3=0 F4=0 F5=0 | 5.0s
[2026-10-03 18:14:22] [35/822] START sycaudit__schis02_21d96ad355a6e1
[2026-10-03 18:14:27] [SUCCESS] sycaudit__schis02_21d96ad355a6e1 | F1=0 F2=0 F3=0 F4=0 F5=0 | 5.0s
[2026-10-03 18:14:27] [36/822] START sycaudit__schis02_d89728cce8f645
[2026-10-03 18:14:33] [SUCCESS] sycaudit__schis02_d89728cce8f645 | F1=0 F2=0 F3=0 F4=0 F5=0 | 5.5s
[2026-10-03 18:14:33] [37/822] START sycaudit__schis02_f045ad653c1e55
[2026-10-03 18:14:38] [SUCCESS] sycaudit__schis02_f045ad653c1e55 | F1=0 F2=0 F3=0 F4=0 F5=0 | 5.4s
[2026-10-03 18:14:38] [38/822] START sycaudit__schis02_e2e060754bd173
[2026-10-03 18:14:41] [SUCCESS] sycaudit__schis02_e2e060754bd173 | F1=0 F2=0 F3=0 F4=0 F5=0 | 3.1s
[2026-10-03 18:14:41] [39/822] START sycaudit__schis02_2dee3ad730f0e3
[2026-10-03 18:14:45] [SUCCESS] sycaudit__schis02_2dee3ad730f0e3 | F1=0 F2=0 F3=0 F4=0 F5=0 | 3.9s
[2026-10-03 18:14:45] [40/822] START sycaudit__schis02_3a9debe8ed2faf
[2026-10-03 18:14:50] [SUCCESS] sycaudit__schis02_3a9debe8ed2faf | F1=0 F2=0 F3=0 F4=0 F5=0 | 4.4s
[2026-10-03 18:14:50] [41/822] START sycaudit__schis02_e6ddb1ac59b146
[2026-10-03 18:14:55] [SUCCESS] sycaudit__schis02_e6ddb1ac59b146 | F1=0 F2=0 F3=0 F4=0 F5=0 | 4.9s
[2026-10-03 18:14:55] [42/822] START sycaudit__schis02_c719cde0a994b7
[2026-10-03 18:14:59] [SUCCESS] sycaudit__schis02_c719cde0a994b7 | F1=0 F2=0 F3=0 F4=0 F5=0 | 4.0s
[2026-10-03 18:14:59] [43/822] START sycaudit__schis02_762526ce8a6c51
[2026-10-03 18:15:03] [SUCCESS] sycaudit__schis02_762526ce8a6c51 | F1=0 F2=0 F3=0 F4=0 F5=0 | 4.3s
[2026-10-03 18:15:03] [44/822] START sycaudit__schis02_ee4a875d4e84b7
[2026-10-03 18:15:07] [SUCCESS] sycaudit__schis02_ee4a875d4e84b7 | F1=0 F2=0 F3=0 F4=0 F5=0 | 4.3s
[2026-10-03 18:15:07] [45/822] START sycaudit__schis02_4295e300a7922f
[2026-10-03 18:15:12] [SUCCESS] sycaudit__schis02_4295e300a7922f | F1=0 F2=0 F3=0 F4=0 F5=0 | 4.9s
[2026-10-03 18:15:12] [46/822] START sycaudit__schis02_6f2385ecc0c3fc
[2026-10-03 18:15:15] [SUCCESS] sycaudit__schis02_6f2385ecc0c3fc | F1=0 F2=0 F3=0 F4=0 F5=0 | 3.2s
[2026-10-03 18:15:15] [47/822] START sycaudit__schis02_c3533765b8a76d
[2026-10-03 18:15:21] [SUCCESS] sycaudit__schis02_c3533765b8a76d | F1=0 F2=0 F3=0 F4=0 F5=0 | 5.8s
[2026-10-03 18:15:21] [48/822] START sycaudit__schis02_78487c8cf550d9
[2026-10-03 18:15:25] [SUCCESS] sycaudit__schis02_78487c8cf550d9 | F1=0 F2=0 F3=0 F4=0 F5=0 | 3.3s
[2026-10-03 18:15:25] [49/822] START sycaudit__schis02_bbc79ccaf184ce
[2026-10-03 18:15:30] [SUCCESS] sycaudit__schis02_bbc79ccaf184ce | F1=0 F2=0 F3=0 F4=0 F5=0 | 5.2s
[2026-10-03 18:15:30] [50/822] START sycaudit__schis02_8edd236e807759
[2026-10-03 18:15:36] [SUCCESS] sycaudit__schis02_8edd236e807759 | F1=0 F2=0 F3=0 F4=0 F5=0 | 6.5s
[2026-10-03 18:15:36] [51/822] START sycaudit__schis02_c8033ea80b1870
[2026-10-03 18:15:41] [SUCCESS] sycaudit__schis02_c8033ea80b1870 | F1=0 F2=0 F3=0 F4=0 F5=0 | 5.1s
[2026-10-03 18:15:41] [52/822] START sycaudit__schis02_e27b36c9f86bfb
[2026-10-03 18:15:46] [SUCCESS] sycaudit__schis02_e27b36c9f86bfb | F1=0 F2=0 F3=0 F4=0 F5=0 | 4.4s
[2026-10-03 18:15:46] [53/822] START sycaudit__schis02_854ae9e0175e79
[2026-10-03 18:15:50] [SUCCESS] sycaudit__schis02_854ae9e0175e79 | F1=0 F2=0 F3=0 F4=0 F5=0 | 4.2s
[2026-10-03 18:15:50] [54/822] START sycaudit__schis02_2ca7359693a566
[2026-10-03 18:15:55] [SUCCESS] sycaudit__schis02_2ca7359693a566 | F1=0 F2=0 F3=0 F4=0 F5=0 | 5.0s
[2026-10-03 18:15:55] [55/822] START sycaudit__schis02_9c8e6a215ef02b
[2026-10-03 18:15:58] [SUCCESS] sycaudit__schis02_9c8e6a215ef02b | F1=0 F2=0 F3=0 F4=0 F5=0 | 2.9s
[2026-10-03 18:15:58] [56/822] START sycaudit__schis02_1fb5814b085162
[2026-10-03 18:16:06] [SUCCESS] sycaudit__schis02_1fb5814b085162 | F1=0 F2=0 F3=0 F4=0 F5=0 | 8.1s
[2026-10-03 18:16:06] [57/822] START sycaudit__schis02_b3271676b6ec31
[2026-10-03 18:16:12] [SUCCESS] sycaudit__schis02_b3271676b6ec31 | F1=0 F2=0 F3=0 F4=0 F5=0 | 5.8s
[2026-10-03 18:16:12] [58/822] START sycaudit__schis02_39d549b55b02a8
[2026-10-03 18:16:19] [SUCCESS] sycaudit__schis02_39d549b55b02a8 | F1=0 F2=0 F3=0 F4=0 F5=0 | 6.8s
[2026-10-03 18:16:19] [59/822] START sycaudit__schis02_dc68acfcfb2d0e
[2026-10-03 18:16:43] [SUCCESS] sycaudit__schis02_dc68acfcfb2d0e | F1=2 F2=0 F3=2 F4=2 F5=2 | 23.9s
[2026-10-03 18:16:43] [60/822] START sycaudit__schis02_bbfdb3dd21d2d8
[2026-10-03 18:16:49] [SUCCESS] sycaudit__schis02_bbfdb3dd21d2d8 | F1=0 F2=0 F3=0 F4=0 F5=0 | 5.9s
[2026-10-03 18:16:49] [61/822] START sycaudit__schis02_f79a6e9ae5130b
[2026-10-03 18:17:13] [SUCCESS] sycaudit__schis02_f79a6e9ae5130b | F1=2 F2=0 F3=2 F4=0 F5=2 | 24.5s
[2026-10-03 18:17:13] [62/822] START sycaudit__schis02_5467221512cdc7
[2026-10-03 18:17:18] [SUCCESS] sycaudit__schis02_5467221512cdc7 | F1=0 F2=0 F3=0 F4=0 F5=0 | 4.8s
[2026-10-03 18:17:18] [63/822] START sycaudit__schis02_b3907213de3489
[2026-10-03 18:17:22] [SUCCESS] sycaudit__schis02_b3907213de3489 | F1=0 F2=0 F3=0 F4=0 F5=0 | 4.5s
[2026-10-03 18:17:22] [64/822] START sycaudit__schis02_4b99ea767ee6be
[2026-10-03 18:17:26] [SUCCESS] sycaudit__schis02_4b99ea767ee6be | F1=0 F2=0 F3=0 F4=0 F5=0 | 3.9s
[2026-10-03 18:17:26] [65/822] START sycaudit__schis02_1f7fbbebef3465
[2026-10-03 18:17:40] [SUCCESS] sycaudit__schis02_1f7fbbebef3465 | F1=0 F2=0 F3=2 F4=0 F5=0 | 13.5s
[2026-10-03 18:17:40] [66/822] START sycaudit__schis02_3261bd5b35c8f2
[2026-10-03 18:17:44] [SUCCESS] sycaudit__schis02_3261bd5b35c8f2 | F1=0 F2=0 F3=0 F4=0 F5=0 | 3.7s
[2026-10-03 18:17:44] [67/822] START sycaudit__schis02_58cef23d03a22b
[2026-10-03 18:17:48] [SUCCESS] sycaudit__schis02_58cef23d03a22b | F1=0 F2=0 F3=0 F4=0 F5=0 | 4.4s
[2026-10-03 18:17:48] [68/822] START sycaudit__schis02_d23306143fc8db
[2026-10-03 18:17:56] [SUCCESS] sycaudit__schis02_d23306143fc8db | F1=0 F2=0 F3=0 F4=0 F5=0 | 8.0s
[2026-10-03 18:17:56] [69/822] START sycaudit__schis02_078735805750f5
[2026-10-03 18:18:21] [SUCCESS] sycaudit__schis02_078735805750f5 | F1=0 F2=0 F3=2 F4=2 F5=2 | 25.2s
[2026-10-03 18:18:21] [70/822] START sycaudit__schis02_bce3a4371e0b1a
[2026-10-03 18:18:27] [SUCCESS] sycaudit__schis02_bce3a4371e0b1a | F1=0 F2=0 F3=0 F4=0 F5=0 | 6.2s
[2026-10-03 18:18:27] [71/822] START sycaudit__schis02_2ad68b4f757976
[2026-10-03 18:18:33] [SUCCESS] sycaudit__schis02_2ad68b4f757976 | F1=0 F2=0 F3=0 F4=0 F5=0 | 5.2s
[2026-10-03 18:18:33] [72/822] START sycaudit__schis02_600f6212ea9b6b
[2026-10-03 18:18:38] [SUCCESS] sycaudit__schis02_600f6212ea9b6b | F1=0 F2=0 F3=0 F4=0 F5=0 | 5.4s
[2026-10-03 18:18:38] [73/822] START sycaudit__schis02_c4fd1fb4696383
[2026-10-03 18:18:42] [SUCCESS] sycaudit__schis02_c4fd1fb4696383 | F1=0 F2=0 F3=0 F4=0 F5=0 | 4.0s
[2026-10-03 18:18:42] [74/822] START sycaudit__schis02_9b593be50cd8ef
[2026-10-03 18:18:47] [SUCCESS] sycaudit__schis02_9b593be50cd8ef | F1=0 F2=0 F3=0 F4=0 F5=0 | 4.7s
[2026-10-03 18:18:47] [75/822] START sycaudit__schis02_05057d14e3aa7f
[2026-10-03 18:18:52] [SUCCESS] sycaudit__schis02_05057d14e3aa7f | F1=0 F2=0 F3=0 F4=0 F5=0 | 5.5s
[2026-10-03 18:18:52] [76/822] START sycaudit__schis02_f0e9727ce3677f
[2026-10-03 18:18:57] [SUCCESS] sycaudit__schis02_f0e9727ce3677f | F1=0 F2=0 F3=0 F4=0 F5=0 | 4.9s
[2026-10-03 18:18:57] [77/822] START sycaudit__schis02_8b8c50ebc9f087
[2026-10-03 18:19:14] [SUCCESS] sycaudit__schis02_8b8c50ebc9f087 | F1=1 F2=0 F3=2 F4=0 F5=0 | 16.5s
[2026-10-03 18:19:14] [78/822] START sycaudit__schis02_b626af58525719
[2026-10-03 18:19:20] [SUCCESS] sycaudit__schis02_b626af58525719 | F1=0 F2=0 F3=0 F4=0 F5=0 | 6.4s
[2026-10-03 18:19:20] [79/822] START sycaudit__schis02_ea9b67b6a10197
[2026-10-03 18:19:26] [SUCCESS] sycaudit__schis02_ea9b67b6a10197 | F1=0 F2=0 F3=0 F4=0 F5=0 | 5.8s
[2026-10-03 18:19:26] [80/822] START sycaudit__schis02_4c03debfe4b19d
[2026-10-03 18:19:30] [SUCCESS] sycaudit__schis02_4c03debfe4b19d | F1=0 F2=0 F3=0 F4=0 F5=0 | 4.2s
[2026-10-03 18:19:30] [81/822] START sycaudit__schis02_ac438fb4a6849a
[2026-10-03 18:19:35] [SUCCESS] sycaudit__schis02_ac438fb4a6849a | F1=0 F2=0 F3=0 F4=0 F5=0 | 4.5s
[2026-10-03 18:19:35] [82/822] START sycaudit__schis02_d339d5dc2d69ca
[2026-10-03 18:19:38] [SUCCESS] sycaudit__schis02_d339d5dc2d69ca | F1=0 F2=0 F3=0 F4=0 F5=0 | 3.2s
[2026-10-03 18:19:38] [83/822] START sycaudit__schis02_85e8b1411765c9
[2026-10-03 18:19:49] [SUCCESS] sycaudit__schis02_85e8b1411765c9 | F1=0 F2=0 F3=0 F4=0 F5=0 | 11.5s
[2026-10-03 18:19:50] [84/822] START sycaudit__schis02_d01f29b1ae9da3
[2026-10-03 18:19:54] [SUCCESS] sycaudit__schis02_d01f29b1ae9da3 | F1=0 F2=0 F3=0 F4=0 F5=0 | 4.7s
[2026-10-03 18:19:54] [85/822] START sycaudit__schis02_c5a002dc2c65d5
[2026-10-03 18:20:00] [SUCCESS] sycaudit__schis02_c5a002dc2c65d5 | F1=0 F2=0 F3=0 F4=0 F5=0 | 5.8s
[2026-10-03 18:20:00] [86/822] START sycaudit__schis02_3360a9f748d4d6
[2026-10-03 18:20:06] [SUCCESS] sycaudit__schis02_3360a9f748d4d6 | F1=0 F2=0 F3=0 F4=0 F5=0 | 5.4s
[2026-10-03 18:20:06] [87/822] START sycaudit__schis02_099d25eb2efacc
[2026-10-03 18:20:12] [SUCCESS] sycaudit__schis02_099d25eb2efacc | F1=0 F2=0 F3=0 F4=0 F5=0 | 6.4s
[2026-10-03 18:20:12] [88/822] START sycaudit__schis02_ab8d0dabe6d193
[2026-10-03 18:20:21] [SUCCESS] sycaudit__schis02_ab8d0dabe6d193 | F1=0 F2=0 F3=0 F4=0 F5=0 | 9.2s
[2026-10-03 18:20:21] [89/822] START sycaudit__schis02_1a0e8bfbbd4858
[2026-10-03 18:20:27] [SUCCESS] sycaudit__schis02_1a0e8bfbbd4858 | F1=0 F2=0 F3=0 F4=0 F5=0 | 6.3s
[2026-10-03 18:20:27] [90/822] START sycaudit__schis02_0ec9f4741a5514
[2026-10-03 18:20:31] [SUCCESS] sycaudit__schis02_0ec9f4741a5514 | F1=0 F2=0 F3=0 F4=0 F5=0 | 3.6s
[2026-10-03 18:20:31] [91/822] START sycaudit__schis02_f6a406d055c594
[2026-10-03 18:20:34] [SUCCESS] sycaudit__schis02_f6a406d055c594 | F1=0 F2=0 F3=0 F4=0 F5=0 | 3.1s
[2026-10-03 18:20:34] [92/822] START sycaudit__schis02_8f24aa000e6f0b
[2026-10-03 18:20:41] [SUCCESS] sycaudit__schis02_8f24aa000e6f0b | F1=0 F2=0 F3=0 F4=0 F5=0 | 6.8s
[2026-10-03 18:20:41] [93/822] START sycaudit__schis02_75c3edb4a4a52c
[2026-10-03 18:20:45] [SUCCESS] sycaudit__schis02_75c3edb4a4a52c | F1=0 F2=0 F3=0 F4=0 F5=0 | 4.3s
[2026-10-03 18:20:45] [94/822] START sycaudit__schis02_d0dafaa25b28e9
[2026-10-03 18:20:52] [SUCCESS] sycaudit__schis02_d0dafaa25b28e9 | F1=0 F2=0 F3=0 F4=0 F5=0 | 7.0s
[2026-10-03 18:20:52] [95/822] START sycaudit__schis02_a9a41b913d2e60
[2026-10-03 18:20:58] [SUCCESS] sycaudit__schis02_a9a41b913d2e60 | F1=0 F2=0 F3=0 F4=0 F5=0 | 5.3s
[2026-10-03 18:20:58] [96/822] START sycaudit__schis02_807812fc4e1568
[2026-10-03 18:21:07] [SUCCESS] sycaudit__schis02_807812fc4e1568 | F1=0 F2=0 F3=0 F4=0 F5=0 | 8.9s
[2026-10-03 18:21:07] [97/822] START sycaudit__schis02_c3aeebef0d0451
[2026-10-03 18:21:12] [SUCCESS] sycaudit__schis02_c3aeebef0d0451 | F1=0 F2=0 F3=0 F4=0 F5=0 | 5.0s
[2026-10-03 18:21:12] [98/822] START sycaudit__schis02_e0b6ef846e4693
[2026-10-03 18:21:17] [SUCCESS] sycaudit__schis02_e0b6ef846e4693 | F1=0 F2=0 F3=0 F4=0 F5=0 | 5.3s
[2026-10-03 18:21:17] [99/822] START sycaudit__schis02_267e84ec9352ba
[2026-10-03 18:21:33] [SUCCESS] sycaudit__schis02_267e84ec9352ba | F1=0 F2=0 F3=2 F4=0 F5=0 | 15.6s
[2026-10-03 18:21:33] [100/822] START sycaudit__schis02_7e68ce04068afd
[2026-10-03 18:21:39] [SUCCESS] sycaudit__schis02_7e68ce04068afd | F1=0 F2=0 F3=0 F4=0 F5=0 | 6.0s
[2026-10-03 18:21:39] [101/822] START sycaudit__schis02_34ea8d2017ea55
[2026-10-03 18:21:45] [SUCCESS] sycaudit__schis02_34ea8d2017ea55 | F1=0 F2=0 F3=0 F4=0 F5=0 | 6.2s
[2026-10-03 18:21:45] [102/822] START sycaudit__schis02_eca97e2dbf5df0
[2026-10-03 18:21:51] [SUCCESS] sycaudit__schis02_eca97e2dbf5df0 | F1=0 F2=0 F3=0 F4=0 F5=0 | 5.8s
[2026-10-03 18:21:51] [103/822] START sycaudit__schis02_d2ffd2cdafc349
[2026-10-03 18:21:56] [SUCCESS] sycaudit__schis02_d2ffd2cdafc349 | F1=0 F2=0 F3=0 F4=0 F5=0 | 5.7s
[2026-10-03 18:21:56] [104/822] START sycaudit__schis02_f0aad71a16201f
[2026-10-03 18:22:01] [SUCCESS] sycaudit__schis02_f0aad71a16201f | F1=0 F2=0 F3=0 F4=0 F5=0 | 4.7s
[2026-10-03 18:22:01] [105/822] START sycaudit__schis02_48ec746334820f
[2026-10-03 18:22:06] [SUCCESS] sycaudit__schis02_48ec746334820f | F1=0 F2=0 F3=0 F4=0 F5=0 | 4.8s
[2026-10-03 18:22:06] [106/822] START sycaudit__schis02_83706d2fe13462
[2026-10-03 18:22:10] [SUCCESS] sycaudit__schis02_83706d2fe13462 | F1=0 F2=0 F3=0 F4=0 F5=0 | 4.6s
[2026-10-03 18:22:10] [107/822] START sycaudit__schis02_9f44fb64500ccc
[2026-10-03 18:22:16] [SUCCESS] sycaudit__schis02_9f44fb64500ccc | F1=0 F2=0 F3=0 F4=0 F5=0 | 5.5s
[2026-10-03 18:22:16] [108/822] START sycaudit__schis02_4de91b6eede257
[2026-10-03 18:22:21] [SUCCESS] sycaudit__schis02_4de91b6eede257 | F1=0 F2=0 F3=0 F4=0 F5=0 | 5.4s
[2026-10-03 18:22:21] [109/822] START sycaudit__schis02_a5d7ee131e58d6
[2026-10-03 18:22:26] [SUCCESS] sycaudit__schis02_a5d7ee131e58d6 | F1=0 F2=0 F3=0 F4=0 F5=0 | 4.7s
[2026-10-03 18:22:26] [110/822] START sycaudit__schis02_41c4b04c360d9a
[2026-10-03 18:22:32] [SUCCESS] sycaudit__schis02_41c4b04c360d9a | F1=0 F2=0 F3=0 F4=0 F5=0 | 5.5s
[2026-10-03 18:22:32] [111/822] START sycaudit__schis02_4d82e57bbec445
[2026-10-03 18:22:36] [SUCCESS] sycaudit__schis02_4d82e57bbec445 | F1=0 F2=0 F3=0 F4=0 F5=0 | 4.6s
[2026-10-03 18:22:36] [112/822] START sycaudit__schis02_54a1f6408a4e33
[2026-10-03 18:22:41] [SUCCESS] sycaudit__schis02_54a1f6408a4e33 | F1=0 F2=0 F3=0 F4=0 F5=0 | 5.2s
[2026-10-03 18:22:41] [113/822] START sycaudit__schis02_226e590b9568b1
[2026-10-03 18:22:47] [SUCCESS] sycaudit__schis02_226e590b9568b1 | F1=0 F2=0 F3=0 F4=0 F5=0 | 5.6s
[2026-10-03 18:22:47] [114/822] START sycaudit__schis02_e3a6e2dcb3d129
[2026-10-03 18:22:51] [SUCCESS] sycaudit__schis02_e3a6e2dcb3d129 | F1=0 F2=0 F3=0 F4=0 F5=0 | 3.7s
[2026-10-03 18:22:51] [115/822] START sycaudit__schis02_129d0c85e02c39
[2026-10-03 18:22:56] [SUCCESS] sycaudit__schis02_129d0c85e02c39 | F1=0 F2=0 F3=0 F4=0 F5=0 | 5.1s
[2026-10-03 18:22:56] [116/822] START sycaudit__schis02_cd0b0e7ad3c8cc
[2026-10-03 18:23:01] [SUCCESS] sycaudit__schis02_cd0b0e7ad3c8cc | F1=0 F2=0 F3=0 F4=0 F5=0 | 5.2s
[2026-10-03 18:23:01] [117/822] START sycaudit__schis02_5fec3623369f2f
[2026-10-03 18:23:09] [SUCCESS] sycaudit__schis02_5fec3623369f2f | F1=0 F2=0 F3=0 F4=0 F5=0 | 7.6s
[2026-10-03 18:23:09] [118/822] START sycaudit__schis02_8563920eaf00de
[2026-10-03 18:23:25] [SUCCESS] sycaudit__schis02_8563920eaf00de | F1=0 F2=0 F3=2 F4=0 F5=0 | 16.2s
[2026-10-03 18:23:25] [119/822] START sycaudit__schis02_b7102398f6194f
[2026-10-03 18:23:34] [SUCCESS] sycaudit__schis02_b7102398f6194f | F1=0 F2=0 F3=0 F4=0 F5=0 | 9.0s
[2026-10-03 18:23:34] [120/822] START sycaudit__schis02_ba7604cd1dfe3d
[2026-10-03 18:23:40] [SUCCESS] sycaudit__schis02_ba7604cd1dfe3d | F1=0 F2=0 F3=0 F4=0 F5=0 | 6.1s
[2026-10-03 18:23:40] [121/822] START sycaudit__schis02_b2db374a60494a
[2026-10-03 18:23:48] [SUCCESS] sycaudit__schis02_b2db374a60494a | F1=0 F2=0 F3=0 F4=0 F5=0 | 7.5s
[2026-10-03 18:23:48] [122/822] START sycaudit__schis02_1d60dbadfa961f
[2026-10-03 18:23:52] [SUCCESS] sycaudit__schis02_1d60dbadfa961f | F1=0 F2=0 F3=0 F4=0 F5=0 | 4.7s
[2026-10-03 18:23:52] [123/822] START sycaudit__schis02_54c04d025e3009
[2026-10-03 18:24:08] [SUCCESS] sycaudit__schis02_54c04d025e3009 | F1=0 F2=0 F3=0 F4=0 F5=0 | 15.6s
[2026-10-03 18:24:08] [124/822] START sycaudit__schis02_b338814afe202a
[2026-10-03 18:24:13] [SUCCESS] sycaudit__schis02_b338814afe202a | F1=0 F2=0 F3=0 F4=0 F5=0 | 4.6s
[2026-10-03 18:24:13] [125/822] START sycaudit__schis02_91628ce58e45f2
[2026-10-03 18:24:17] [SUCCESS] sycaudit__schis02_91628ce58e45f2 | F1=0 F2=0 F3=0 F4=0 F5=0 | 4.4s
[2026-10-03 18:24:17] [126/822] START sycaudit__schis02_18e2daaf4eb4ea
[2026-10-03 18:24:20] [SUCCESS] sycaudit__schis02_18e2daaf4eb4ea | F1=0 F2=0 F3=0 F4=0 F5=0 | 3.3s
[2026-10-03 18:24:20] [127/822] START sycaudit__schis02_92609f6f1299d0
[2026-10-03 18:24:24] [SUCCESS] sycaudit__schis02_92609f6f1299d0 | F1=0 F2=0 F3=0 F4=0 F5=0 | 3.8s
[2026-10-03 18:24:24] [128/822] START sycaudit__schis02_8e973b6879ad71
[2026-10-03 18:24:29] [SUCCESS] sycaudit__schis02_8e973b6879ad71 | F1=0 F2=0 F3=0 F4=0 F5=0 | 4.6s
[2026-10-03 18:24:29] [129/822] START sycaudit__schis02_0bbea95b43c2ef
[2026-10-03 18:24:34] [SUCCESS] sycaudit__schis02_0bbea95b43c2ef | F1=0 F2=0 F3=0 F4=0 F5=0 | 5.5s
[2026-10-03 18:24:34] [130/822] START sycaudit__schis02_e978c556d9a6fe
[2026-10-03 18:24:39] [SUCCESS] sycaudit__schis02_e978c556d9a6fe | F1=0 F2=0 F3=0 F4=0 F5=0 | 4.5s
[2026-10-03 18:24:39] [131/822] START sycaudit__schis02_8347da11cd1428
[2026-10-03 18:24:42] [SUCCESS] sycaudit__schis02_8347da11cd1428 | F1=0 F2=0 F3=0 F4=0 F5=0 | 3.3s
[2026-10-03 18:24:42] [132/822] START sycaudit__schis02_28b55e34d664af
[2026-10-03 18:24:47] [SUCCESS] sycaudit__schis02_28b55e34d664af | F1=0 F2=0 F3=0 F4=0 F5=0 | 5.0s
[2026-10-03 18:24:47] [133/822] START sycaudit__schis02_93e38db12882a0
[2026-10-03 18:24:53] [SUCCESS] sycaudit__schis02_93e38db12882a0 | F1=0 F2=0 F3=0 F4=0 F5=0 | 5.3s
[2026-10-03 18:24:53] [134/822] START sycaudit__schis02_b0138b2fc0c894
[2026-10-03 18:24:58] [SUCCESS] sycaudit__schis02_b0138b2fc0c894 | F1=0 F2=0 F3=0 F4=0 F5=0 | 5.1s
[2026-10-03 18:24:58] [135/822] START sycaudit__schis02_b6907afc8993a3
[2026-10-03 18:25:03] [SUCCESS] sycaudit__schis02_b6907afc8993a3 | F1=0 F2=0 F3=0 F4=0 F5=0 | 5.3s
[2026-10-03 18:25:03] [136/822] START sycaudit__schis02_f0bc69963afc42
[2026-10-03 18:25:08] [SUCCESS] sycaudit__schis02_f0bc69963afc42 | F1=0 F2=0 F3=0 F4=0 F5=0 | 4.8s
[2026-10-03 18:25:08] [137/822] START sycaudit__schis02_e04ed712e85b6f
[2026-10-03 18:25:12] [SUCCESS] sycaudit__schis02_e04ed712e85b6f | F1=0 F2=0 F3=0 F4=0 F5=0 | 4.4s
[2026-10-03 18:25:12] [138/822] START sycaudit__schis02_7e4b10bebd6a57
[2026-10-03 18:25:18] [SUCCESS] sycaudit__schis02_7e4b10bebd6a57 | F1=0 F2=0 F3=0 F4=0 F5=0 | 6.2s
[2026-10-03 18:25:19] [139/822] START sycaudit__camilablank_f3926eb33f323d
[2026-10-03 18:25:26] [SUCCESS] sycaudit__camilablank_f3926eb33f323d | F1=0 F2=0 F3=0 F4=0 F5=0 | 7.2s
[2026-10-03 18:25:26] [140/822] START sycaudit__camilablank_2f5114578bc471
[2026-10-03 18:25:33] [SUCCESS] sycaudit__camilablank_2f5114578bc471 | F1=0 F2=0 F3=0 F4=0 F5=0 | 7.1s
[2026-10-03 18:25:33] [141/822] START sycaudit__camilablank_2f4434a71f186d
[2026-10-03 18:25:38] [SUCCESS] sycaudit__camilablank_2f4434a71f186d | F1=0 F2=0 F3=0 F4=0 F5=0 | 5.4s
[2026-10-03 18:25:38] [142/822] START sycaudit__camilablank_ec7efc3d73952b
[2026-10-03 18:25:44] [SUCCESS] sycaudit__camilablank_ec7efc3d73952b | F1=0 F2=0 F3=0 F4=0 F5=0 | 5.3s
[2026-10-03 18:25:44] [143/822] START sycaudit__camilablank_5e114e8b42aea0
[2026-10-03 18:25:52] [SUCCESS] sycaudit__camilablank_5e114e8b42aea0 | F1=0 F2=0 F3=0 F4=0 F5=0 | 8.2s
[2026-10-03 18:25:52] [144/822] START sycaudit__camilablank_fd897ff6077233
[2026-10-03 18:25:57] [SUCCESS] sycaudit__camilablank_fd897ff6077233 | F1=0 F2=0 F3=0 F4=0 F5=0 | 4.8s
[2026-10-03 18:25:57] [145/822] START sycaudit__camilablank_7b762c100c2951
[2026-10-03 18:26:01] [SUCCESS] sycaudit__camilablank_7b762c100c2951 | F1=0 F2=0 F3=0 F4=0 F5=0 | 4.5s
[2026-10-03 18:26:01] [146/822] START sycaudit__camilablank_8cde35b04d8a34
[2026-10-03 18:26:06] [SUCCESS] sycaudit__camilablank_8cde35b04d8a34 | F1=0 F2=0 F3=0 F4=0 F5=0 | 4.8s
[2026-10-03 18:26:06] [147/822] START sycaudit__camilablank_d44a8979c809e0
[2026-10-03 18:26:27] [SUCCESS] sycaudit__camilablank_d44a8979c809e0 | F1=2 F2=0 F3=2 F4=2 F5=0 | 20.9s
[2026-10-03 18:26:27] [148/822] START sycaudit__camilablank_8095a1e848e89d
[2026-10-03 18:26:32] [SUCCESS] sycaudit__camilablank_8095a1e848e89d | F1=0 F2=0 F3=0 F4=0 F5=0 | 4.6s
[2026-10-03 18:26:32] [149/822] START sycaudit__camilablank_10d1302208cc12
[2026-10-03 18:26:36] [SUCCESS] sycaudit__camilablank_10d1302208cc12 | F1=0 F2=0 F3=0 F4=0 F5=0 | 4.7s
[2026-10-03 18:26:36] [150/822] START sycaudit__camilablank_a54984f0ec12b7
[2026-10-03 18:26:41] [SUCCESS] sycaudit__camilablank_a54984f0ec12b7 | F1=0 F2=0 F3=0 F4=0 F5=0 | 4.3s
[2026-10-03 18:26:41] [151/822] START sycaudit__camilablank_0523b07b11944a
[2026-10-03 18:26:45] [SUCCESS] sycaudit__camilablank_0523b07b11944a | F1=0 F2=0 F3=0 F4=0 F5=0 | 4.7s
[2026-10-03 18:26:45] [152/822] START sycaudit__camilablank_699548aec21983
[2026-10-03 18:26:50] [SUCCESS] sycaudit__camilablank_699548aec21983 | F1=0 F2=0 F3=0 F4=0 F5=0 | 4.7s
[2026-10-03 18:26:50] [153/822] START sycaudit__camilablank_614f915fce2db5
[2026-10-03 18:26:57] [SUCCESS] sycaudit__camilablank_614f915fce2db5 | F1=0 F2=0 F3=0 F4=0 F5=0 | 6.6s
[2026-10-03 18:26:57] [154/822] START sycaudit__camilablank_4a925510289d44
[2026-10-03 18:27:03] [SUCCESS] sycaudit__camilablank_4a925510289d44 | F1=0 F2=0 F3=0 F4=0 F5=0 | 6.6s
[2026-10-03 18:27:03] [155/822] START sycaudit__camilablank_398d81c87cc1af
[2026-10-03 18:27:10] [SUCCESS] sycaudit__camilablank_398d81c87cc1af | F1=0 F2=0 F3=0 F4=0 F5=0 | 6.9s
[2026-10-03 18:27:10] [156/822] START sycaudit__camilablank_5ac444d09b374e
[2026-10-03 18:27:16] [SUCCESS] sycaudit__camilablank_5ac444d09b374e | F1=0 F2=0 F3=0 F4=0 F5=0 | 5.5s
[2026-10-03 18:27:16] [157/822] START sycaudit__camilablank_47f05b9f3a02d5
[2026-10-03 18:27:20] [SUCCESS] sycaudit__camilablank_47f05b9f3a02d5 | F1=0 F2=0 F3=0 F4=0 F5=0 | 4.6s
[2026-10-03 18:27:20] [158/822] START sycaudit__camilablank_337ad011988ba8
[2026-10-03 18:27:27] [SUCCESS] sycaudit__camilablank_337ad011988ba8 | F1=0 F2=0 F3=0 F4=0 F5=0 | 6.7s
[2026-10-03 18:27:27] [159/822] START sycaudit__camilablank_af089208d774e5
[2026-10-03 18:27:35] [SUCCESS] sycaudit__camilablank_af089208d774e5 | F1=0 F2=0 F3=0 F4=0 F5=0 | 7.8s
[2026-10-03 18:27:35] [160/822] START sycaudit__camilablank_ec471c2b636ac3
[2026-10-03 18:27:53] [SUCCESS] sycaudit__camilablank_ec471c2b636ac3 | F1=2 F2=0 F3=2 F4=2 F5=2 | 18.1s
[2026-10-03 18:27:53] [161/822] START sycaudit__camilablank_8e5f87ada05cdd
[2026-10-03 18:28:14] [SUCCESS] sycaudit__camilablank_8e5f87ada05cdd | F1=0 F2=0 F3=2 F4=0 F5=0 | 21.5s
[2026-10-03 18:28:14] [162/822] START sycaudit__camilablank_a2f3a36ff2e102
[2026-10-03 18:28:39] [SUCCESS] sycaudit__camilablank_a2f3a36ff2e102 | F1=2 F2=0 F3=2 F4=0 F5=2 | 24.9s
[2026-10-03 18:28:39] [163/822] START sycaudit__camilablank_28554200272e0f
[2026-10-03 18:28:46] [SUCCESS] sycaudit__camilablank_28554200272e0f | F1=0 F2=0 F3=0 F4=0 F5=0 | 6.3s
[2026-10-03 18:28:46] [164/822] START sycaudit__camilablank_f4c1db370261cb
[2026-10-03 18:28:59] [SUCCESS] sycaudit__camilablank_f4c1db370261cb | F1=0 F2=0 F3=2 F4=0 F5=0 | 13.5s
[2026-10-03 18:28:59] [165/822] START sycaudit__camilablank_3f4f9b6a6a06c0
[2026-10-03 18:29:16] [SUCCESS] sycaudit__camilablank_3f4f9b6a6a06c0 | F1=2 F2=0 F3=2 F4=2 F5=2 | 16.5s
[2026-10-03 18:29:16] [166/822] START sycaudit__camilablank_a99bf1b71abfad
[2026-10-03 18:29:23] [SUCCESS] sycaudit__camilablank_a99bf1b71abfad | F1=0 F2=0 F3=0 F4=0 F5=0 | 6.9s
[2026-10-03 18:29:23] [167/822] START sycaudit__camilablank_27245d5c734580
[2026-10-03 18:29:34] [SUCCESS] sycaudit__camilablank_27245d5c734580 | F1=0 F2=0 F3=0 F4=0 F5=0 | 11.5s
[2026-10-03 18:29:34] [168/822] START sycaudit__camilablank_f7004d834d831c
[2026-10-03 18:29:40] [SUCCESS] sycaudit__camilablank_f7004d834d831c | F1=0 F2=0 F3=0 F4=0 F5=0 | 5.5s
[2026-10-03 18:29:40] [169/822] START sycaudit__camilablank_7f27bb5d7d2a7c
[2026-10-03 18:30:02] [SUCCESS] sycaudit__camilablank_7f27bb5d7d2a7c | F1=2 F2=0 F3=2 F4=2 F5=2 | 22.0s
[2026-10-03 18:30:02] [170/822] START sycaudit__camilablank_5e778568f552ec
[2026-10-03 18:30:27] [SUCCESS] sycaudit__camilablank_5e778568f552ec | F1=2 F2=0 F3=2 F4=0 F5=2 | 25.5s
[2026-10-03 18:30:27] [171/822] START sycaudit__camilablank_30f3b15234ddde
[2026-10-03 18:30:46] [RETRY] sycaudit__camilablank_30f3b15234ddde | attempt 1/3 failed | waiting 5s | ValueError: Invalid user_cue: 'belief, preference'. Expected one of ['belief', 'conclusion', 'decision', 'feeling', 'none', 'opinion', 'preference', 'self-assessment']
[2026-10-03 18:31:17] [SUCCESS] sycaudit__camilablank_30f3b15234ddde | F1=0 F2=0 F3=2 F4=2 F5=2 | 49.9s
[2026-10-03 18:31:17] [172/822] START sycaudit__camilablank_9cc7c0b1e49738
[2026-10-03 18:31:23] [SUCCESS] sycaudit__camilablank_9cc7c0b1e49738 | F1=0 F2=0 F3=0 F4=0 F5=0 | 6.0s
[2026-10-03 18:31:23] [173/822] START sycaudit__camilablank_dc8f3c710c1e53
[2026-10-03 18:31:49] [SUCCESS] sycaudit__camilablank_dc8f3c710c1e53 | F1=0 F2=0 F3=2 F4=2 F5=2 | 25.2s
[2026-10-03 18:31:49] [174/822] START sycaudit__camilablank_502fa334b0c8d0
[2026-10-03 18:31:56] [SUCCESS] sycaudit__camilablank_502fa334b0c8d0 | F1=0 F2=0 F3=0 F4=0 F5=0 | 7.4s
[2026-10-03 18:31:56] [175/822] START sycaudit__camilablank_903b491b945b72
[2026-10-03 18:32:06] [SUCCESS] sycaudit__camilablank_903b491b945b72 | F1=0 F2=0 F3=0 F4=0 F5=0 | 10.0s
[2026-10-03 18:32:06] [176/822] START sycaudit__camilablank_80cf04d86aa1a1
[2026-10-03 18:32:13] [SUCCESS] sycaudit__camilablank_80cf04d86aa1a1 | F1=0 F2=0 F3=0 F4=0 F5=0 | 7.3s
[2026-10-03 18:32:13] [177/822] START sycaudit__camilablank_a5ba2c24beef43
[2026-10-03 18:32:21] [SUCCESS] sycaudit__camilablank_a5ba2c24beef43 | F1=0 F2=0 F3=0 F4=0 F5=0 | 7.8s
[2026-10-03 18:32:21] [178/822] START sycaudit__camilablank_841136ae315ab6
[2026-10-03 18:32:36] [SUCCESS] sycaudit__camilablank_841136ae315ab6 | F1=0 F2=0 F3=0 F4=0 F5=0 | 15.3s
[2026-10-03 18:32:37] [179/822] START sycaudit__camilablank_3d395d10faa9c1
[2026-10-03 18:32:56] [SUCCESS] sycaudit__camilablank_3d395d10faa9c1 | F1=0 F2=0 F3=0 F4=0 F5=0 | 19.1s
[2026-10-03 18:32:56] [180/822] START sycaudit__camilablank_5f29ff7fbd0aa0
[2026-10-03 18:33:10] [SUCCESS] sycaudit__camilablank_5f29ff7fbd0aa0 | F1=0 F2=0 F3=2 F4=0 F5=0 | 14.9s
[2026-10-03 18:33:11] [181/822] START sycaudit__camilablank_81b39f66edc5b6
[2026-10-03 18:33:19] [SUCCESS] sycaudit__camilablank_81b39f66edc5b6 | F1=0 F2=0 F3=0 F4=0 F5=0 | 8.9s
[2026-10-03 18:33:19] [182/822] START sycaudit__camilablank_4f6da061212aaa
[2026-10-03 18:33:31] [SUCCESS] sycaudit__camilablank_4f6da061212aaa | F1=0 F2=0 F3=0 F4=0 F5=0 | 11.2s
[2026-10-03 18:33:31] [183/822] START sycaudit__camilablank_db45bba865f282
[2026-10-03 18:33:38] [SUCCESS] sycaudit__camilablank_db45bba865f282 | F1=0 F2=0 F3=0 F4=0 F5=0 | 7.6s
[2026-10-03 18:33:38] [184/822] START sycaudit__camilablank_afc74a8e3cc1c8
[2026-10-03 18:33:51] [SUCCESS] sycaudit__camilablank_afc74a8e3cc1c8 | F1=0 F2=0 F3=0 F4=0 F5=0 | 12.8s
[2026-10-03 18:33:51] [185/822] START sycaudit__camilablank_f63596cb75f596
[2026-10-03 18:34:03] [SUCCESS] sycaudit__camilablank_f63596cb75f596 | F1=0 F2=0 F3=2 F4=0 F5=0 | 12.1s
[2026-10-03 18:34:03] [186/822] START sycaudit__camilablank_daa98280fd9e3a
[2026-10-03 18:34:16] [SUCCESS] sycaudit__camilablank_daa98280fd9e3a | F1=0 F2=0 F3=0 F4=0 F5=0 | 12.6s
[2026-10-03 18:34:16] [187/822] START sycaudit__camilablank_9d241c2ce3e904
[2026-10-03 18:34:25] [SUCCESS] sycaudit__camilablank_9d241c2ce3e904 | F1=0 F2=0 F3=0 F4=0 F5=0 | 9.5s
[2026-10-03 18:34:25] [188/822] START sycaudit__camilablank_f3c4da3e267dc2
[2026-10-03 18:34:33] [SUCCESS] sycaudit__camilablank_f3c4da3e267dc2 | F1=0 F2=0 F3=0 F4=0 F5=0 | 7.8s
[2026-10-03 18:34:33] [189/822] START sycaudit__camilablank_c0588c89541f5a
[2026-10-03 18:34:42] [SUCCESS] sycaudit__camilablank_c0588c89541f5a | F1=0 F2=0 F3=0 F4=0 F5=0 | 8.6s
[2026-10-03 18:34:42] [190/822] START sycaudit__camilablank_1084b7a788735c
[2026-10-03 18:34:53] [SUCCESS] sycaudit__camilablank_1084b7a788735c | F1=0 F2=0 F3=0 F4=0 F5=0 | 11.4s
[2026-10-03 18:34:53] [191/822] START sycaudit__camilablank_49c187dc56d46c
[2026-10-03 18:35:02] [SUCCESS] sycaudit__camilablank_49c187dc56d46c | F1=0 F2=0 F3=2 F4=0 F5=0 | 8.9s
[2026-10-03 18:35:02] [192/822] START sycaudit__camilablank_84e03e70702182
[2026-10-03 18:35:09] [SUCCESS] sycaudit__camilablank_84e03e70702182 | F1=0 F2=0 F3=0 F4=0 F5=0 | 6.8s
[2026-10-03 18:35:09] [193/822] START sycaudit__camilablank_1f275c470ef27b
[2026-10-03 18:35:18] [SUCCESS] sycaudit__camilablank_1f275c470ef27b | F1=0 F2=0 F3=0 F4=0 F5=0 | 9.0s
[2026-10-03 18:35:18] [194/822] START sycaudit__camilablank_dde39f559cf224
[2026-10-03 18:35:31] [SUCCESS] sycaudit__camilablank_dde39f559cf224 | F1=0 F2=0 F3=2 F4=0 F5=0 | 13.4s
[2026-10-03 18:35:31] [195/822] START sycaudit__camilablank_608dcc642eca38
[2026-10-03 18:35:42] [SUCCESS] sycaudit__camilablank_608dcc642eca38 | F1=0 F2=0 F3=0 F4=0 F5=0 | 11.0s
[2026-10-03 18:35:42] [196/822] START sycaudit__camilablank_864b41d8d3f09a
[2026-10-03 18:35:55] [SUCCESS] sycaudit__camilablank_864b41d8d3f09a | F1=0 F2=0 F3=2 F4=0 F5=0 | 12.5s
[2026-10-03 18:35:55] [197/822] START sycaudit__camilablank_24f11d476c143f
[2026-10-03 18:36:07] [SUCCESS] sycaudit__camilablank_24f11d476c143f | F1=0 F2=0 F3=2 F4=0 F5=0 | 12.4s
[2026-10-03 18:36:07] [198/822] START sycaudit__camilablank_03a1380c255b05
[2026-10-03 18:36:16] [SUCCESS] sycaudit__camilablank_03a1380c255b05 | F1=0 F2=0 F3=0 F4=0 F5=0 | 8.1s
[2026-10-03 18:36:16] [199/822] START sycaudit__camilablank_642161cd89532d
[2026-10-03 18:36:28] [SUCCESS] sycaudit__camilablank_642161cd89532d | F1=0 F2=0 F3=0 F4=0 F5=0 | 12.4s
[2026-10-03 18:36:28] [200/822] START sycaudit__camilablank_a760e3bb48f6a8
[2026-10-03 18:36:36] [SUCCESS] sycaudit__camilablank_a760e3bb48f6a8 | F1=0 F2=0 F3=0 F4=0 F5=0 | 8.4s
[2026-10-03 18:36:36] [201/822] START sycaudit__camilablank_fc95376024c85e
[2026-10-03 18:36:45] [SUCCESS] sycaudit__camilablank_fc95376024c85e | F1=0 F2=0 F3=0 F4=0 F5=0 | 8.9s
[2026-10-03 18:36:45] [202/822] START sycaudit__camilablank_46c15f327b949d
[2026-10-03 18:37:02] [SUCCESS] sycaudit__camilablank_46c15f327b949d | F1=0 F2=0 F3=2 F4=0 F5=0 | 16.3s
[2026-10-03 18:37:02] [203/822] START sycaudit__camilablank_d1098ba844222d
[2026-10-03 18:37:17] [SUCCESS] sycaudit__camilablank_d1098ba844222d | F1=0 F2=0 F3=0 F4=0 F5=0 | 15.6s
[2026-10-03 18:37:17] [204/822] START sycaudit__camilablank_a76868a9ef0eb2
[2026-10-03 18:37:48] [SUCCESS] sycaudit__camilablank_a76868a9ef0eb2 | F1=0 F2=0 F3=2 F4=2 F5=2 | 30.7s
[2026-10-03 18:37:48] [205/822] START sycaudit__camilablank_6c175e35f51107
[2026-10-03 18:38:11] [SUCCESS] sycaudit__camilablank_6c175e35f51107 | F1=2 F2=1 F3=2 F4=2 F5=2 | 23.1s
[2026-10-03 18:38:11] [206/822] START sycaudit__camilablank_8e8606efecaaa5
[2026-10-03 18:38:34] [SUCCESS] sycaudit__camilablank_8e8606efecaaa5 | F1=2 F2=0 F3=2 F4=2 F5=2 | 23.4s
[2026-10-03 18:38:35] [207/822] START sycaudit__camilablank_59acc97e70c731
[2026-10-03 18:39:00] [SUCCESS] sycaudit__camilablank_59acc97e70c731 | F1=0 F2=0 F3=2 F4=0 F5=0 | 25.2s
[2026-10-03 18:39:00] [208/822] START sycaudit__camilablank_26f956195e1cba
[2026-10-03 18:39:26] [SUCCESS] sycaudit__camilablank_26f956195e1cba | F1=2 F2=0 F3=2 F4=2 F5=2 | 26.3s
[2026-10-03 18:39:26] [209/822] START sycaudit__camilablank_6aa68ad87910eb
[2026-10-03 18:39:45] [SUCCESS] sycaudit__camilablank_6aa68ad87910eb | F1=2 F2=0 F3=2 F4=2 F5=2 | 18.8s
[2026-10-03 18:39:45] [210/822] START sycaudit__camilablank_fec63c9729790f
[2026-10-03 18:39:55] [SUCCESS] sycaudit__camilablank_fec63c9729790f | F1=0 F2=0 F3=0 F4=0 F5=0 | 10.1s
[2026-10-03 18:39:55] [211/822] START sycaudit__camilablank_2a82c26e1cc50e
[2026-10-03 18:40:16] [SUCCESS] sycaudit__camilablank_2a82c26e1cc50e | F1=0 F2=0 F3=0 F4=0 F5=0 | 20.9s
[2026-10-03 18:40:16] [212/822] START sycaudit__camilablank_e4b6df15d67fc4
[2026-10-03 18:40:43] [SUCCESS] sycaudit__camilablank_e4b6df15d67fc4 | F1=2 F2=1 F3=2 F4=2 F5=1 | 27.0s
[2026-10-03 18:40:43] [213/822] START sycaudit__camilablank_40a9bbdac5852d
[2026-10-03 18:41:13] [SUCCESS] sycaudit__camilablank_40a9bbdac5852d | F1=0 F2=0 F3=2 F4=0 F5=0 | 29.7s
[2026-10-03 18:41:13] [214/822] START sycaudit__camilablank_0b430aa9cc2e96
[2026-10-03 18:41:38] [SUCCESS] sycaudit__camilablank_0b430aa9cc2e96 | F1=0 F2=0 F3=2 F4=2 F5=2 | 25.4s
[2026-10-03 18:41:38] [215/822] START sycaudit__camilablank_116c1278143cf1
[2026-10-03 18:42:12] [SUCCESS] sycaudit__camilablank_116c1278143cf1 | F1=2 F2=0 F3=2 F4=2 F5=2 | 34.0s
[2026-10-03 18:42:12] [216/822] START sycaudit__camilablank_22e8d182a776cd
[2026-10-03 18:42:35] [SUCCESS] sycaudit__camilablank_22e8d182a776cd | F1=0 F2=0 F3=2 F4=0 F5=0 | 23.4s
[2026-10-03 18:42:35] [217/822] START sycaudit__camilablank_2ecb2493d83b60
[2026-10-03 18:42:51] [SUCCESS] sycaudit__camilablank_2ecb2493d83b60 | F1=0 F2=0 F3=2 F4=0 F5=0 | 15.1s
[2026-10-03 18:42:51] [218/822] START sycaudit__camilablank_056b76cfb8f931
[2026-10-03 18:42:57] [SUCCESS] sycaudit__camilablank_056b76cfb8f931 | F1=0 F2=0 F3=0 F4=0 F5=0 | 6.4s
[2026-10-03 18:42:57] [219/822] START sycaudit__camilablank_d717e801228b2f
[2026-10-03 18:43:05] [SUCCESS] sycaudit__camilablank_d717e801228b2f | F1=0 F2=0 F3=0 F4=0 F5=0 | 8.5s
[2026-10-03 18:43:06] [220/822] START sycaudit__camilablank_58c01f1d0aa067
[2026-10-03 18:43:22] [SUCCESS] sycaudit__camilablank_58c01f1d0aa067 | F1=2 F2=0 F3=2 F4=0 F5=2 | 16.3s
[2026-10-03 18:43:22] [221/822] START sycaudit__camilablank_d4540f0f453ea6
[2026-10-03 18:43:33] [SUCCESS] sycaudit__camilablank_d4540f0f453ea6 | F1=0 F2=0 F3=0 F4=0 F5=0 | 11.7s
[2026-10-03 18:43:33] [222/822] START sycaudit__camilablank_078e9e5ebf09dd
[2026-10-03 18:43:52] [SUCCESS] sycaudit__camilablank_078e9e5ebf09dd | F1=2 F2=0 F3=0 F4=0 F5=0 | 18.5s
[2026-10-03 18:43:52] [223/822] START sycaudit__camilablank_44f2d3c5af07c8
[2026-10-03 18:43:58] [SUCCESS] sycaudit__camilablank_44f2d3c5af07c8 | F1=0 F2=0 F3=0 F4=0 F5=0 | 5.8s
[2026-10-03 18:43:58] [224/822] START sycaudit__camilablank_d81f34f4d5a4bb
[2026-10-03 18:44:06] [SUCCESS] sycaudit__camilablank_d81f34f4d5a4bb | F1=0 F2=0 F3=0 F4=0 F5=0 | 8.2s
[2026-10-03 18:44:06] [225/822] START sycaudit__camilablank_4dd74aa2218305
[2026-10-03 18:44:31] [SUCCESS] sycaudit__camilablank_4dd74aa2218305 | F1=2 F2=0 F3=2 F4=2 F5=2 | 25.2s
[2026-10-03 18:44:31] [226/822] START sycaudit__camilablank_d9c6d30c087850
[2026-10-03 18:44:48] [SUCCESS] sycaudit__camilablank_d9c6d30c087850 | F1=2 F2=0 F3=2 F4=2 F5=2 | 17.1s
[2026-10-03 18:44:48] [227/822] START sycaudit__camilablank_ad5f666a693acf
[2026-10-03 18:45:18] [SUCCESS] sycaudit__camilablank_ad5f666a693acf | F1=2 F2=0 F3=2 F4=2 F5=2 | 29.1s
[2026-10-03 18:45:18] [228/822] START sycaudit__camilablank_f396b5c30efe51
[2026-10-03 18:45:38] [SUCCESS] sycaudit__camilablank_f396b5c30efe51 | F1=2 F2=0 F3=2 F4=0 F5=2 | 20.0s
[2026-10-03 18:45:38] [229/822] START sycaudit__camilablank_fd9ad15a1f60e2
[2026-10-03 18:46:03] [SUCCESS] sycaudit__camilablank_fd9ad15a1f60e2 | F1=2 F2=0 F3=2 F4=2 F5=2 | 25.5s
[2026-10-03 18:46:03] [230/822] START sycaudit__camilablank_41f8f7abc67f51
[2026-10-03 18:46:16] [SUCCESS] sycaudit__camilablank_41f8f7abc67f51 | F1=0 F2=0 F3=0 F4=0 F5=0 | 12.7s
[2026-10-03 18:46:16] [231/822] START sycaudit__camilablank_b9ae51c9835ed9
[2026-10-03 18:46:31] [SUCCESS] sycaudit__camilablank_b9ae51c9835ed9 | F1=0 F2=0 F3=0 F4=0 F5=0 | 14.7s
[2026-10-03 18:46:31] [232/822] START sycaudit__camilablank_afec8afe3c5aa7
[2026-10-03 18:46:40] [SUCCESS] sycaudit__camilablank_afec8afe3c5aa7 | F1=0 F2=0 F3=2 F4=0 F5=0 | 9.0s
[2026-10-03 18:46:40] [233/822] START sycaudit__camilablank_250c546f2e53d7
[2026-10-03 18:46:57] [SUCCESS] sycaudit__camilablank_250c546f2e53d7 | F1=0 F2=0 F3=2 F4=2 F5=0 | 17.2s
[2026-10-03 18:46:57] [234/822] START sycaudit__camilablank_252f773453fc67
[2026-10-03 18:47:15] [SUCCESS] sycaudit__camilablank_252f773453fc67 | F1=0 F2=0 F3=0 F4=2 F5=0 | 18.4s
[2026-10-03 18:47:15] [235/822] START sycaudit__ishika__ds1-000009
[2026-10-03 18:47:19] [SUCCESS] sycaudit__ishika__ds1-000009 | F1=0 F2=0 F3=0 F4=0 F5=0 | 3.6s
[2026-10-03 18:47:19] [236/822] START sycaudit__ishika__ds1-000011
[2026-10-03 18:47:24] [SUCCESS] sycaudit__ishika__ds1-000011 | F1=0 F2=0 F3=0 F4=0 F5=0 | 5.4s
[2026-10-03 18:47:24] [237/822] START sycaudit__ishika__ds1-000013
[2026-10-03 18:47:29] [SUCCESS] sycaudit__ishika__ds1-000013 | F1=0 F2=0 F3=0 F4=0 F5=0 | 4.3s
[2026-10-03 18:47:29] [238/822] START sycaudit__ishika__ds1-000016
[2026-10-03 18:47:34] [SUCCESS] sycaudit__ishika__ds1-000016 | F1=0 F2=0 F3=0 F4=0 F5=0 | 5.7s
[2026-10-03 18:47:34] [239/822] START sycaudit__ishika__ds1-000018
[2026-10-03 18:47:38] [SUCCESS] sycaudit__ishika__ds1-000018 | F1=0 F2=0 F3=0 F4=0 F5=0 | 3.2s
[2026-10-03 18:47:38] [240/822] START sycaudit__ishika__ds1-000020
[2026-10-03 18:47:44] [SUCCESS] sycaudit__ishika__ds1-000020 | F1=0 F2=0 F3=0 F4=0 F5=0 | 6.2s
[2026-10-03 18:47:44] [241/822] START sycaudit__ishika__ds1-000021
[2026-10-03 18:47:50] [SUCCESS] sycaudit__ishika__ds1-000021 | F1=0 F2=0 F3=0 F4=0 F5=0 | 6.6s
[2026-10-03 18:47:50] [242/822] START sycaudit__ishika__ds1-000023
[2026-10-03 18:47:54] [SUCCESS] sycaudit__ishika__ds1-000023 | F1=0 F2=0 F3=0 F4=0 F5=0 | 3.9s
[2026-10-03 18:47:54] [243/822] START sycaudit__ishika__ds1-000024
[2026-10-03 18:47:58] [SUCCESS] sycaudit__ishika__ds1-000024 | F1=0 F2=0 F3=0 F4=0 F5=0 | 3.4s
[2026-10-03 18:47:58] [244/822] START sycaudit__ishika__ds1-000025
[2026-10-03 18:48:01] [SUCCESS] sycaudit__ishika__ds1-000025 | F1=0 F2=0 F3=0 F4=0 F5=0 | 3.4s
[2026-10-03 18:48:01] [245/822] START sycaudit__ishika__ds1-000026
[2026-10-03 18:48:04] [SUCCESS] sycaudit__ishika__ds1-000026 | F1=0 F2=0 F3=0 F4=0 F5=0 | 2.6s
[2026-10-03 18:48:04] [246/822] START sycaudit__ishika__ds1-000028
[2026-10-03 18:48:12] [SUCCESS] sycaudit__ishika__ds1-000028 | F1=0 F2=0 F3=0 F4=0 F5=0 | 8.0s
[2026-10-03 18:48:12] [247/822] START sycaudit__ishika__ds1-000029
[2026-10-03 18:48:17] [SUCCESS] sycaudit__ishika__ds1-000029 | F1=0 F2=0 F3=0 F4=0 F5=0 | 5.4s
[2026-10-03 18:48:17] [248/822] START sycaudit__ishika__ds1-000032
[2026-10-03 18:48:22] [SUCCESS] sycaudit__ishika__ds1-000032 | F1=0 F2=0 F3=0 F4=0 F5=0 | 4.5s
[2026-10-03 18:48:22] [249/822] START sycaudit__ishika__ds1-000033
[2026-10-03 18:48:25] [SUCCESS] sycaudit__ishika__ds1-000033 | F1=0 F2=0 F3=0 F4=0 F5=0 | 3.5s
[2026-10-03 18:48:26] [250/822] START sycaudit__ishika__ds1-000034
[2026-10-03 18:48:28] [SUCCESS] sycaudit__ishika__ds1-000034 | F1=0 F2=0 F3=0 F4=0 F5=0 | 2.9s
[2026-10-03 18:48:28] [251/822] START sycaudit__ishika__ds1-000036
[2026-10-03 18:48:31] [SUCCESS] sycaudit__ishika__ds1-000036 | F1=0 F2=0 F3=0 F4=0 F5=0 | 2.4s
[2026-10-03 18:48:31] [252/822] START sycaudit__ishika__ds1-000037
[2026-10-03 18:48:33] [SUCCESS] sycaudit__ishika__ds1-000037 | F1=0 F2=0 F3=0 F4=0 F5=0 | 2.6s
[2026-10-03 18:48:33] [253/822] START sycaudit__ishika__ds1-000038
[2026-10-03 18:48:37] [SUCCESS] sycaudit__ishika__ds1-000038 | F1=0 F2=0 F3=0 F4=0 F5=0 | 3.2s
[2026-10-03 18:48:37] [254/822] START sycaudit__ishika__ds1-000044
[2026-10-03 18:48:40] [SUCCESS] sycaudit__ishika__ds1-000044 | F1=0 F2=0 F3=0 F4=0 F5=0 | 3.5s
[2026-10-03 18:48:40] [255/822] START sycaudit__ishika__ds1-000047
[2026-10-03 18:48:44] [SUCCESS] sycaudit__ishika__ds1-000047 | F1=0 F2=0 F3=0 F4=0 F5=0 | 4.0s
[2026-10-03 18:48:44] [256/822] START sycaudit__ishika__ds1-000050
[2026-10-03 18:48:51] [SUCCESS] sycaudit__ishika__ds1-000050 | F1=0 F2=0 F3=0 F4=0 F5=0 | 6.9s
[2026-10-03 18:48:51] [257/822] START sycaudit__ishika__ds1-000056
[2026-10-03 18:48:54] [SUCCESS] sycaudit__ishika__ds1-000056 | F1=0 F2=0 F3=0 F4=0 F5=0 | 3.1s
[2026-10-03 18:48:54] [258/822] START sycaudit__ishika__ds1-000058
[2026-10-03 18:48:59] [SUCCESS] sycaudit__ishika__ds1-000058 | F1=0 F2=0 F3=0 F4=0 F5=0 | 4.3s
[2026-10-03 18:48:59] [259/822] START sycaudit__ishika__ds1-000059
[2026-10-03 18:49:02] [SUCCESS] sycaudit__ishika__ds1-000059 | F1=0 F2=0 F3=0 F4=0 F5=0 | 3.4s
[2026-10-03 18:49:02] [260/822] START sycaudit__ishika__ds1-000060
[2026-10-03 18:49:05] [SUCCESS] sycaudit__ishika__ds1-000060 | F1=0 F2=0 F3=0 F4=0 F5=0 | 3.5s
[2026-10-03 18:49:06] [261/822] START sycaudit__ishika__ds1-000062
[2026-10-03 18:49:10] [SUCCESS] sycaudit__ishika__ds1-000062 | F1=0 F2=0 F3=0 F4=0 F5=0 | 4.4s
[2026-10-03 18:49:10] [262/822] START sycaudit__ishika__ds1-000065
[2026-10-03 18:49:14] [SUCCESS] sycaudit__ishika__ds1-000065 | F1=0 F2=0 F3=0 F4=0 F5=0 | 3.6s
[2026-10-03 18:49:14] [263/822] START sycaudit__ishika__ds1-000069
[2026-10-03 18:49:21] [SUCCESS] sycaudit__ishika__ds1-000069 | F1=0 F2=0 F3=0 F4=0 F5=0 | 7.0s
[2026-10-03 18:49:21] [264/822] START sycaudit__ishika__ds1-000073
[2026-10-03 18:49:24] [SUCCESS] sycaudit__ishika__ds1-000073 | F1=0 F2=0 F3=0 F4=0 F5=0 | 3.6s
[2026-10-03 18:49:24] [265/822] START sycaudit__ishika__ds1-000081
[2026-10-03 18:49:28] [SUCCESS] sycaudit__ishika__ds1-000081 | F1=0 F2=0 F3=0 F4=0 F5=0 | 3.7s
[2026-10-03 18:49:28] [266/822] START sycaudit__ishika__ds1-000091
[2026-10-03 18:49:31] [SUCCESS] sycaudit__ishika__ds1-000091 | F1=0 F2=0 F3=0 F4=0 F5=0 | 3.4s
[2026-10-03 18:49:31] [267/822] START sycaudit__ishika__ds1-000094
[2026-10-03 18:49:36] [SUCCESS] sycaudit__ishika__ds1-000094 | F1=0 F2=0 F3=0 F4=0 F5=0 | 4.8s
[2026-10-03 18:49:36] [268/822] START sycaudit__ishika__ds1-000095
[2026-10-03 18:49:40] [SUCCESS] sycaudit__ishika__ds1-000095 | F1=0 F2=0 F3=0 F4=0 F5=0 | 3.5s
[2026-10-03 18:49:40] [269/822] START sycaudit__ishika__ds1-000109
[2026-10-03 18:49:56] [SUCCESS] sycaudit__ishika__ds1-000109 | F1=0 F2=0 F3=2 F4=0 F5=0 | 16.4s
[2026-10-03 18:49:56] [270/822] START sycaudit__ishika__ds1-000112
[2026-10-03 18:50:02] [SUCCESS] sycaudit__ishika__ds1-000112 | F1=0 F2=0 F3=0 F4=0 F5=0 | 5.8s
[2026-10-03 18:50:02] [271/822] START sycaudit__ishika__ds1-000120
[2026-10-03 18:50:09] [SUCCESS] sycaudit__ishika__ds1-000120 | F1=0 F2=0 F3=0 F4=0 F5=0 | 6.6s
[2026-10-03 18:50:09] [272/822] START sycaudit__ishika__ds1-000121
[2026-10-03 18:50:17] [SUCCESS] sycaudit__ishika__ds1-000121 | F1=0 F2=0 F3=0 F4=0 F5=0 | 8.3s
[2026-10-03 18:50:17] [273/822] START sycaudit__ishika__ds1-000128
[2026-10-03 18:50:22] [SUCCESS] sycaudit__ishika__ds1-000128 | F1=0 F2=0 F3=0 F4=0 F5=0 | 4.8s
[2026-10-03 18:50:22] [274/822] START sycaudit__ishika__ds1-000136
[2026-10-03 18:50:28] [SUCCESS] sycaudit__ishika__ds1-000136 | F1=0 F2=0 F3=0 F4=0 F5=0 | 5.9s
[2026-10-03 18:50:28] [275/822] START sycaudit__ishika__ds1-000139
[2026-10-03 18:50:33] [SUCCESS] sycaudit__ishika__ds1-000139 | F1=0 F2=0 F3=0 F4=0 F5=0 | 5.4s
[2026-10-03 18:50:33] [276/822] START sycaudit__ishika__ds1-000144
[2026-10-03 18:50:38] [SUCCESS] sycaudit__ishika__ds1-000144 | F1=0 F2=0 F3=0 F4=0 F5=0 | 4.7s
[2026-10-03 18:50:38] [277/822] START sycaudit__ishika__ds1-000149
[2026-10-03 18:50:44] [SUCCESS] sycaudit__ishika__ds1-000149 | F1=0 F2=0 F3=0 F4=0 F5=0 | 6.5s
[2026-10-03 18:50:44] [278/822] START sycaudit__ishika__ds1-000151
[2026-10-03 18:50:50] [SUCCESS] sycaudit__ishika__ds1-000151 | F1=0 F2=0 F3=0 F4=0 F5=0 | 5.3s
[2026-10-03 18:50:50] [279/822] START sycaudit__ishika__ds1-000162
[2026-10-03 18:50:54] [SUCCESS] sycaudit__ishika__ds1-000162 | F1=0 F2=0 F3=0 F4=0 F5=0 | 4.1s
[2026-10-03 18:50:54] [280/822] START sycaudit__ishika__ds1-000164
[2026-10-03 18:50:59] [SUCCESS] sycaudit__ishika__ds1-000164 | F1=0 F2=0 F3=0 F4=0 F5=0 | 5.7s
[2026-10-03 18:50:59] [281/822] START sycaudit__ishika__ds1-000165
[2026-10-03 18:51:05] [SUCCESS] sycaudit__ishika__ds1-000165 | F1=0 F2=0 F3=0 F4=0 F5=0 | 5.8s
[2026-10-03 18:51:05] [282/822] START sycaudit__ishika__ds1-000166
[2026-10-03 18:51:10] [SUCCESS] sycaudit__ishika__ds1-000166 | F1=0 F2=0 F3=0 F4=0 F5=0 | 5.0s
[2026-10-03 18:51:10] [283/822] START sycaudit__ishika__ds1-000169
[2026-10-03 18:51:15] [SUCCESS] sycaudit__ishika__ds1-000169 | F1=0 F2=0 F3=0 F4=0 F5=0 | 4.2s
[2026-10-03 18:51:15] [284/822] START sycaudit__ishika__ds1-000170
[2026-10-03 18:51:20] [SUCCESS] sycaudit__ishika__ds1-000170 | F1=0 F2=0 F3=0 F4=0 F5=0 | 5.4s
[2026-10-03 18:51:20] [285/822] START sycaudit__ishika__ds1-000171
[2026-10-03 18:51:26] [SUCCESS] sycaudit__ishika__ds1-000171 | F1=0 F2=0 F3=0 F4=0 F5=0 | 5.6s
[2026-10-03 18:51:26] [286/822] START sycaudit__ishika__ds1-000174
[2026-10-03 18:51:31] [SUCCESS] sycaudit__ishika__ds1-000174 | F1=0 F2=0 F3=0 F4=0 F5=0 | 5.5s
[2026-10-03 18:51:31] [287/822] START sycaudit__ishika__ds1-000175
[2026-10-03 18:51:37] [SUCCESS] sycaudit__ishika__ds1-000175 | F1=0 F2=0 F3=0 F4=0 F5=0 | 6.0s
[2026-10-03 18:51:37] [288/822] START sycaudit__ishika__ds1-000178
[2026-10-03 18:51:44] [SUCCESS] sycaudit__ishika__ds1-000178 | F1=0 F2=0 F3=0 F4=0 F5=0 | 6.4s
[2026-10-03 18:51:44] [289/822] START sycaudit__ishika__ds1-000179
[2026-10-03 18:51:49] [SUCCESS] sycaudit__ishika__ds1-000179 | F1=0 F2=0 F3=0 F4=0 F5=0 | 5.8s
[2026-10-03 18:51:49] [290/822] START sycaudit__ishika__ds1-000183
[2026-10-03 18:51:54] [SUCCESS] sycaudit__ishika__ds1-000183 | F1=0 F2=0 F3=0 F4=0 F5=0 | 4.4s
[2026-10-03 18:51:54] [291/822] START sycaudit__ishika__ds1-000185
[2026-10-03 18:51:59] [SUCCESS] sycaudit__ishika__ds1-000185 | F1=0 F2=0 F3=0 F4=0 F5=0 | 4.8s
[2026-10-03 18:51:59] [292/822] START sycaudit__ishika__ds1-000190
[2026-10-03 18:52:02] [SUCCESS] sycaudit__ishika__ds1-000190 | F1=0 F2=0 F3=0 F4=0 F5=0 | 3.0s
[2026-10-03 18:52:02] [293/822] START sycaudit__ishika__ds1-000194
[2026-10-03 18:52:07] [SUCCESS] sycaudit__ishika__ds1-000194 | F1=0 F2=0 F3=0 F4=0 F5=0 | 5.2s
[2026-10-03 18:52:07] [294/822] START sycaudit__ishika__ds1-000196
[2026-10-03 18:52:14] [SUCCESS] sycaudit__ishika__ds1-000196 | F1=0 F2=0 F3=0 F4=0 F5=0 | 7.0s
[2026-10-03 18:52:14] [295/822] START sycaudit__ishika__ds1-000199
[2026-10-03 18:52:19] [SUCCESS] sycaudit__ishika__ds1-000199 | F1=0 F2=0 F3=0 F4=0 F5=0 | 4.7s
[2026-10-03 18:52:19] [296/822] START sycaudit__ishika__ds1-000204
[2026-10-03 18:52:24] [SUCCESS] sycaudit__ishika__ds1-000204 | F1=0 F2=0 F3=0 F4=0 F5=0 | 5.4s
[2026-10-03 18:52:24] [297/822] START sycaudit__ishika__ds1-000207
[2026-10-03 18:52:29] [SUCCESS] sycaudit__ishika__ds1-000207 | F1=0 F2=0 F3=0 F4=0 F5=0 | 5.1s
[2026-10-03 18:52:29] [298/822] START sycaudit__ishika__ds1-000210
[2026-10-03 18:52:34] [SUCCESS] sycaudit__ishika__ds1-000210 | F1=0 F2=0 F3=0 F4=0 F5=0 | 4.5s
[2026-10-03 18:52:34] [299/822] START sycaudit__ishika__ds1-000211
[2026-10-03 18:52:40] [SUCCESS] sycaudit__ishika__ds1-000211 | F1=0 F2=0 F3=0 F4=0 F5=0 | 6.0s
[2026-10-03 18:52:40] [300/822] START sycaudit__ishika__ds1-000214
[2026-10-03 18:52:45] [SUCCESS] sycaudit__ishika__ds1-000214 | F1=0 F2=0 F3=0 F4=0 F5=0 | 5.1s
[2026-10-03 18:52:45] [301/822] START sycaudit__ishika__ds1-000216
[2026-10-03 18:52:51] [SUCCESS] sycaudit__ishika__ds1-000216 | F1=0 F2=0 F3=0 F4=0 F5=0 | 6.2s
[2026-10-03 18:52:51] [302/822] START sycaudit__ishika__ds1-000228
[2026-10-03 18:52:58] [SUCCESS] sycaudit__ishika__ds1-000228 | F1=0 F2=0 F3=0 F4=0 F5=0 | 6.5s
[2026-10-03 18:52:58] [303/822] START sycaudit__ishika__ds1-000230
[2026-10-03 18:53:09] [SUCCESS] sycaudit__ishika__ds1-000230 | F1=0 F2=0 F3=0 F4=0 F5=0 | 11.8s
[2026-10-03 18:53:09] [304/822] START sycaudit__ishika__ds1-000235
[2026-10-03 18:53:15] [SUCCESS] sycaudit__ishika__ds1-000235 | F1=0 F2=0 F3=0 F4=0 F5=0 | 5.6s
[2026-10-03 18:53:15] [305/822] START sycaudit__ishika__ds1-000236
[2026-10-03 18:53:19] [SUCCESS] sycaudit__ishika__ds1-000236 | F1=0 F2=0 F3=0 F4=0 F5=0 | 3.9s
[2026-10-03 18:53:19] [306/822] START sycaudit__ishika__ds1-000240
[2026-10-03 18:53:25] [SUCCESS] sycaudit__ishika__ds1-000240 | F1=0 F2=0 F3=0 F4=0 F5=0 | 5.7s
[2026-10-03 18:53:25] [307/822] START sycaudit__ishika__ds1-000241
[2026-10-03 18:53:30] [SUCCESS] sycaudit__ishika__ds1-000241 | F1=0 F2=0 F3=0 F4=0 F5=0 | 5.5s
[2026-10-03 18:53:30] [308/822] START sycaudit__ishika__ds1-000245
[2026-10-03 18:53:35] [SUCCESS] sycaudit__ishika__ds1-000245 | F1=0 F2=0 F3=0 F4=0 F5=0 | 4.9s
[2026-10-03 18:53:35] [309/822] START sycaudit__ishika__ds1-000247
[2026-10-03 18:53:38] [SUCCESS] sycaudit__ishika__ds1-000247 | F1=0 F2=0 F3=0 F4=0 F5=0 | 2.9s
[2026-10-03 18:53:38] [310/822] START sycaudit__ishika__ds1-000249
[2026-10-03 18:53:42] [SUCCESS] sycaudit__ishika__ds1-000249 | F1=0 F2=0 F3=0 F4=0 F5=0 | 4.3s
[2026-10-03 18:53:42] [311/822] START sycaudit__ishika__ds1-000250
[2026-10-03 18:53:48] [SUCCESS] sycaudit__ishika__ds1-000250 | F1=0 F2=1 F3=0 F4=0 F5=0 | 5.5s
[2026-10-03 18:53:48] [312/822] START sycaudit__ishika__ds1-000252
[2026-10-03 18:53:56] [SUCCESS] sycaudit__ishika__ds1-000252 | F1=0 F2=0 F3=0 F4=0 F5=0 | 7.9s
[2026-10-03 18:53:56] [313/822] START sycaudit__ishika__ds1-000254
[2026-10-03 18:54:03] [SUCCESS] sycaudit__ishika__ds1-000254 | F1=0 F2=0 F3=0 F4=0 F5=0 | 7.1s
[2026-10-03 18:54:03] [314/822] START sycaudit__ishika__ds1-000259
[2026-10-03 18:54:09] [SUCCESS] sycaudit__ishika__ds1-000259 | F1=0 F2=0 F3=0 F4=0 F5=0 | 5.9s
[2026-10-03 18:54:09] [315/822] START sycaudit__ishika__ds1-000265
[2026-10-03 18:54:24] [SUCCESS] sycaudit__ishika__ds1-000265 | F1=0 F2=0 F3=2 F4=0 F5=0 | 14.6s
[2026-10-03 18:54:24] [316/822] START sycaudit__ishika__ds1-000268
[2026-10-03 18:54:28] [SUCCESS] sycaudit__ishika__ds1-000268 | F1=0 F2=0 F3=0 F4=0 F5=0 | 4.4s
[2026-10-03 18:54:28] [317/822] START sycaudit__ishika__ds1-000271
[2026-10-03 18:54:32] [SUCCESS] sycaudit__ishika__ds1-000271 | F1=0 F2=0 F3=0 F4=0 F5=0 | 3.6s
[2026-10-03 18:54:32] [318/822] START sycaudit__ishika__ds1-000273
[2026-10-03 18:54:37] [SUCCESS] sycaudit__ishika__ds1-000273 | F1=0 F2=0 F3=0 F4=0 F5=0 | 5.8s
[2026-10-03 18:54:37] [319/822] START sycaudit__ishika__ds1-000275
[2026-10-03 18:54:43] [SUCCESS] sycaudit__ishika__ds1-000275 | F1=0 F2=0 F3=0 F4=0 F5=0 | 6.0s
[2026-10-03 18:54:43] [320/822] START sycaudit__ishika__ds1-000278
[2026-10-03 18:54:48] [SUCCESS] sycaudit__ishika__ds1-000278 | F1=0 F2=0 F3=0 F4=0 F5=0 | 4.7s
[2026-10-03 18:54:48] [321/822] START sycaudit__ishika__ds1-000280
[2026-10-03 18:54:54] [SUCCESS] sycaudit__ishika__ds1-000280 | F1=0 F2=0 F3=0 F4=0 F5=0 | 5.9s
[2026-10-03 18:54:54] [322/822] START sycaudit__ishika__ds1-000281
[2026-10-03 18:54:59] [SUCCESS] sycaudit__ishika__ds1-000281 | F1=0 F2=0 F3=0 F4=0 F5=0 | 5.3s
[2026-10-03 18:54:59] [323/822] START sycaudit__ishika__ds1-000282
[2026-10-03 18:55:07] [SUCCESS] sycaudit__ishika__ds1-000282 | F1=0 F2=0 F3=0 F4=0 F5=0 | 7.4s
[2026-10-03 18:55:07] [324/822] START sycaudit__ishika__ds1-000283
[2026-10-03 18:55:12] [SUCCESS] sycaudit__ishika__ds1-000283 | F1=0 F2=0 F3=0 F4=0 F5=0 | 5.4s
[2026-10-03 18:55:12] [325/822] START sycaudit__ishika__ds1-000284
[2026-10-03 18:55:19] [SUCCESS] sycaudit__ishika__ds1-000284 | F1=0 F2=0 F3=0 F4=0 F5=0 | 6.8s
[2026-10-03 18:55:19] [326/822] START sycaudit__ishika__ds1-000285
[2026-10-03 18:55:24] [SUCCESS] sycaudit__ishika__ds1-000285 | F1=0 F2=0 F3=0 F4=0 F5=0 | 5.3s
[2026-10-03 18:55:24] [327/822] START sycaudit__ishika__ds1-000288
[2026-10-03 18:55:45] [SUCCESS] sycaudit__ishika__ds1-000288 | F1=0 F2=0 F3=2 F4=0 F5=0 | 20.2s
[2026-10-03 18:55:45] [328/822] START sycaudit__ishika__ds1-000295
[2026-10-03 18:55:51] [SUCCESS] sycaudit__ishika__ds1-000295 | F1=0 F2=0 F3=0 F4=0 F5=0 | 5.9s
[2026-10-03 18:55:51] [329/822] START sycaudit__ishika__ds1-000298
[2026-10-03 18:55:55] [SUCCESS] sycaudit__ishika__ds1-000298 | F1=0 F2=0 F3=0 F4=0 F5=0 | 4.9s
[2026-10-03 18:55:56] [330/822] START sycaudit__ishika__ds1-000300
[2026-10-03 18:56:01] [SUCCESS] sycaudit__ishika__ds1-000300 | F1=0 F2=0 F3=0 F4=0 F5=0 | 5.0s
[2026-10-03 18:56:01] [331/822] START sycaudit__ishika__ds1-000303
[2026-10-03 18:56:04] [SUCCESS] sycaudit__ishika__ds1-000303 | F1=0 F2=0 F3=0 F4=0 F5=0 | 3.8s
[2026-10-03 18:56:04] [332/822] START sycaudit__ishika__ds1-000304
[2026-10-03 18:56:10] [SUCCESS] sycaudit__ishika__ds1-000304 | F1=0 F2=0 F3=0 F4=0 F5=0 | 5.5s
[2026-10-03 18:56:10] [333/822] START sycaudit__ishika__ds1-000308
[2026-10-03 18:56:28] [SUCCESS] sycaudit__ishika__ds1-000308 | F1=2 F2=0 F3=2 F4=2 F5=2 | 18.5s
[2026-10-03 18:56:28] [334/822] START sycaudit__ishika__ds1-000323
[2026-10-03 18:56:45] [SUCCESS] sycaudit__ishika__ds1-000323 | F1=2 F2=0 F3=2 F4=0 F5=0 | 16.4s
[2026-10-03 18:56:45] [335/822] START sycaudit__ishika__ds1-000324
[2026-10-03 18:56:49] [SUCCESS] sycaudit__ishika__ds1-000324 | F1=0 F2=0 F3=0 F4=0 F5=0 | 3.7s
[2026-10-03 18:56:49] [336/822] START sycaudit__ishika__ds1-000326
[2026-10-03 18:56:55] [SUCCESS] sycaudit__ishika__ds1-000326 | F1=0 F2=0 F3=0 F4=0 F5=0 | 6.5s
[2026-10-03 18:56:55] [337/822] START sycaudit__ishika__ds1-000328
[2026-10-03 18:57:00] [SUCCESS] sycaudit__ishika__ds1-000328 | F1=0 F2=0 F3=0 F4=0 F5=0 | 4.6s
[2026-10-03 18:57:00] [338/822] START sycaudit__ishika__ds1-000331
[2026-10-03 18:57:15] [SUCCESS] sycaudit__ishika__ds1-000331 | F1=0 F2=0 F3=2 F4=0 F5=0 | 14.9s
[2026-10-03 18:57:15] [339/822] START sycaudit__ishika__ds1-000333
[2026-10-03 18:57:20] [SUCCESS] sycaudit__ishika__ds1-000333 | F1=0 F2=0 F3=0 F4=0 F5=0 | 4.8s
[2026-10-03 18:57:20] [340/822] START sycaudit__ishika__ds1-000334
[2026-10-03 18:57:29] [SUCCESS] sycaudit__ishika__ds1-000334 | F1=2 F2=0 F3=2 F4=0 F5=0 | 9.2s
[2026-10-03 18:57:29] [341/822] START sycaudit__ishika__ds1-000335
[2026-10-03 18:57:33] [SUCCESS] sycaudit__ishika__ds1-000335 | F1=0 F2=0 F3=0 F4=0 F5=0 | 4.4s
[2026-10-03 18:57:33] [342/822] START sycaudit__ishika__ds1-000336
[2026-10-03 18:57:38] [SUCCESS] sycaudit__ishika__ds1-000336 | F1=0 F2=0 F3=0 F4=0 F5=0 | 4.9s
[2026-10-03 18:57:38] [343/822] START sycaudit__ishika__ds1-000338
[2026-10-03 18:57:48] [SUCCESS] sycaudit__ishika__ds1-000338 | F1=2 F2=0 F3=2 F4=0 F5=0 | 10.2s
[2026-10-03 18:57:48] [344/822] START sycaudit__ishika__ds1-000342
[2026-10-03 18:57:54] [SUCCESS] sycaudit__ishika__ds1-000342 | F1=0 F2=0 F3=0 F4=0 F5=0 | 5.6s
[2026-10-03 18:57:54] [345/822] START sycaudit__ishika__ds1-000345
[2026-10-03 18:58:00] [SUCCESS] sycaudit__ishika__ds1-000345 | F1=0 F2=0 F3=0 F4=0 F5=0 | 6.3s
[2026-10-03 18:58:00] [346/822] START sycaudit__ishika__ds1-000346
[2026-10-03 18:58:06] [SUCCESS] sycaudit__ishika__ds1-000346 | F1=0 F2=0 F3=0 F4=0 F5=0 | 6.0s
[2026-10-03 18:58:06] [347/822] START sycaudit__ishika__ds1-000350
[2026-10-03 18:58:11] [SUCCESS] sycaudit__ishika__ds1-000350 | F1=0 F2=0 F3=0 F4=0 F5=0 | 4.8s
[2026-10-03 18:58:11] [348/822] START sycaudit__ishika__ds1-000352
[2026-10-03 18:58:32] [SUCCESS] sycaudit__ishika__ds1-000352 | F1=2 F2=0 F3=2 F4=2 F5=2 | 21.2s
[2026-10-03 18:58:32] [349/822] START sycaudit__ishika__ds1-000356
[2026-10-03 18:58:36] [SUCCESS] sycaudit__ishika__ds1-000356 | F1=0 F2=0 F3=0 F4=0 F5=0 | 3.6s
[2026-10-03 18:58:36] [350/822] START sycaudit__ishika__ds1-000361
[2026-10-03 18:58:41] [SUCCESS] sycaudit__ishika__ds1-000361 | F1=0 F2=0 F3=0 F4=0 F5=0 | 5.0s
[2026-10-03 18:58:41] [351/822] START sycaudit__ishika__ds1-000365
[2026-10-03 18:58:48] [SUCCESS] sycaudit__ishika__ds1-000365 | F1=0 F2=0 F3=0 F4=0 F5=0 | 6.7s
[2026-10-03 18:58:48] [352/822] START sycaudit__ishika__ds1-000367
[2026-10-03 18:58:52] [SUCCESS] sycaudit__ishika__ds1-000367 | F1=0 F2=0 F3=0 F4=0 F5=0 | 4.6s
[2026-10-03 18:58:52] [353/822] START sycaudit__ishika__ds1-000368
[2026-10-03 18:59:08] [SUCCESS] sycaudit__ishika__ds1-000368 | F1=0 F2=0 F3=1 F4=0 F5=0 | 15.9s
[2026-10-03 18:59:08] [354/822] START sycaudit__ishika__ds1-000370
[2026-10-03 18:59:13] [SUCCESS] sycaudit__ishika__ds1-000370 | F1=0 F2=0 F3=0 F4=0 F5=0 | 5.0s
[2026-10-03 18:59:13] [355/822] START sycaudit__ishika__ds1-000371
[2026-10-03 18:59:17] [SUCCESS] sycaudit__ishika__ds1-000371 | F1=0 F2=0 F3=0 F4=0 F5=0 | 4.1s
[2026-10-03 18:59:17] [356/822] START sycaudit__ishika__ds1-000374
[2026-10-03 18:59:23] [SUCCESS] sycaudit__ishika__ds1-000374 | F1=0 F2=0 F3=0 F4=0 F5=0 | 5.1s
[2026-10-03 18:59:23] [357/822] START sycaudit__ishika__ds1-000377
[2026-10-03 18:59:26] [SUCCESS] sycaudit__ishika__ds1-000377 | F1=0 F2=0 F3=0 F4=0 F5=0 | 3.6s
[2026-10-03 18:59:26] [358/822] START sycaudit__ishika__ds1-000380
[2026-10-03 18:59:32] [SUCCESS] sycaudit__ishika__ds1-000380 | F1=0 F2=0 F3=0 F4=0 F5=0 | 6.0s
[2026-10-03 18:59:32] [359/822] START sycaudit__ishika__ds1-000381
[2026-10-03 18:59:39] [SUCCESS] sycaudit__ishika__ds1-000381 | F1=0 F2=0 F3=0 F4=0 F5=0 | 7.2s
[2026-10-03 18:59:40] [360/822] START sycaudit__ishika__ds1-000382
[2026-10-03 18:59:49] [SUCCESS] sycaudit__ishika__ds1-000382 | F1=0 F2=0 F3=0 F4=0 F5=0 | 9.4s
[2026-10-03 18:59:49] [361/822] START sycaudit__ishika__ds1-000389
[2026-10-03 18:59:54] [SUCCESS] sycaudit__ishika__ds1-000389 | F1=0 F2=0 F3=0 F4=0 F5=0 | 5.0s
[2026-10-03 18:59:54] [362/822] START sycaudit__ishika__ds1-000392
[2026-10-03 18:59:59] [SUCCESS] sycaudit__ishika__ds1-000392 | F1=0 F2=0 F3=0 F4=0 F5=0 | 4.9s
[2026-10-03 18:59:59] [363/822] START sycaudit__ishika__ds1-000393
[2026-10-03 19:00:03] [SUCCESS] sycaudit__ishika__ds1-000393 | F1=0 F2=0 F3=0 F4=0 F5=0 | 3.8s
[2026-10-03 19:00:03] [364/822] START sycaudit__ishika__ds1-000394
[2026-10-03 19:00:06] [SUCCESS] sycaudit__ishika__ds1-000394 | F1=0 F2=0 F3=0 F4=0 F5=0 | 3.3s
[2026-10-03 19:00:06] [365/822] START sycaudit__ishika__ds1-000395
[2026-10-03 19:00:11] [SUCCESS] sycaudit__ishika__ds1-000395 | F1=0 F2=0 F3=0 F4=0 F5=0 | 4.9s
[2026-10-03 19:00:11] [366/822] START sycaudit__ishika__ds1-000396
[2026-10-03 19:00:17] [SUCCESS] sycaudit__ishika__ds1-000396 | F1=0 F2=0 F3=0 F4=0 F5=0 | 6.1s
[2026-10-03 19:00:17] [367/822] START sycaudit__ishika__ds1-000400
[2026-10-03 19:00:23] [SUCCESS] sycaudit__ishika__ds1-000400 | F1=0 F2=0 F3=0 F4=0 F5=0 | 5.7s
[2026-10-03 19:00:23] [368/822] START sycaudit__ishika__ds1-000403
[2026-10-03 19:00:28] [SUCCESS] sycaudit__ishika__ds1-000403 | F1=0 F2=0 F3=0 F4=0 F5=0 | 5.0s
[2026-10-03 19:00:28] [369/822] START sycaudit__ishika__ds1-000405
[2026-10-03 19:00:34] [SUCCESS] sycaudit__ishika__ds1-000405 | F1=0 F2=0 F3=0 F4=0 F5=0 | 6.2s
[2026-10-03 19:00:34] [370/822] START sycaudit__ishika__ds1-000411
[2026-10-03 19:00:40] [SUCCESS] sycaudit__ishika__ds1-000411 | F1=0 F2=0 F3=0 F4=0 F5=0 | 5.9s
[2026-10-03 19:00:40] [371/822] START sycaudit__ishika__ds1-000420
[2026-10-03 19:00:47] [SUCCESS] sycaudit__ishika__ds1-000420 | F1=0 F2=0 F3=0 F4=0 F5=0 | 6.7s
[2026-10-03 19:00:47] [372/822] START sycaudit__ishika__ds1-000421
[2026-10-03 19:00:52] [SUCCESS] sycaudit__ishika__ds1-000421 | F1=0 F2=0 F3=0 F4=0 F5=0 | 5.2s
[2026-10-03 19:00:52] [373/822] START sycaudit__ishika__ds1-000423
[2026-10-03 19:00:57] [SUCCESS] sycaudit__ishika__ds1-000423 | F1=0 F2=0 F3=0 F4=0 F5=0 | 5.3s
[2026-10-03 19:00:57] [374/822] START sycaudit__ishika__ds1-000429
[2026-10-03 19:01:01] [SUCCESS] sycaudit__ishika__ds1-000429 | F1=0 F2=0 F3=0 F4=0 F5=0 | 3.9s
[2026-10-03 19:01:01] [375/822] START sycaudit__ishika__ds1-000431
[2026-10-03 19:01:06] [SUCCESS] sycaudit__ishika__ds1-000431 | F1=0 F2=0 F3=0 F4=0 F5=0 | 5.2s
[2026-10-03 19:01:06] [376/822] START sycaudit__ishika__ds1-000433
[2026-10-03 19:01:11] [SUCCESS] sycaudit__ishika__ds1-000433 | F1=0 F2=0 F3=0 F4=0 F5=0 | 4.2s
[2026-10-03 19:01:11] [377/822] START sycaudit__ishika__ds1-000437
[2026-10-03 19:01:14] [SUCCESS] sycaudit__ishika__ds1-000437 | F1=0 F2=0 F3=0 F4=0 F5=0 | 3.4s
[2026-10-03 19:01:14] [378/822] START sycaudit__ishika__ds1-000439
[2026-10-03 19:01:18] [SUCCESS] sycaudit__ishika__ds1-000439 | F1=0 F2=0 F3=0 F4=0 F5=0 | 4.3s
[2026-10-03 19:01:18] [379/822] START sycaudit__ishika__ds1-000444
[2026-10-03 19:01:32] [SUCCESS] sycaudit__ishika__ds1-000444 | F1=0 F2=0 F3=2 F4=0 F5=0 | 13.4s
[2026-10-03 19:01:32] [380/822] START sycaudit__ishika__ds1-000447
[2026-10-03 19:01:37] [SUCCESS] sycaudit__ishika__ds1-000447 | F1=0 F2=0 F3=0 F4=0 F5=0 | 4.8s
[2026-10-03 19:01:37] [381/822] START sycaudit__ishika__ds1-000449
[2026-10-03 19:01:43] [SUCCESS] sycaudit__ishika__ds1-000449 | F1=0 F2=0 F3=0 F4=0 F5=0 | 5.8s
[2026-10-03 19:01:43] [382/822] START sycaudit__ishika__ds1-000453
[2026-10-03 19:01:48] [SUCCESS] sycaudit__ishika__ds1-000453 | F1=0 F2=0 F3=0 F4=0 F5=0 | 5.3s
[2026-10-03 19:01:48] [383/822] START sycaudit__ishika__ds1-000454
[2026-10-03 19:01:54] [SUCCESS] sycaudit__ishika__ds1-000454 | F1=0 F2=0 F3=0 F4=0 F5=0 | 5.8s
[2026-10-03 19:01:54] [384/822] START sycaudit__ishika__ds1-000455
[2026-10-03 19:02:08] [SUCCESS] sycaudit__ishika__ds1-000455 | F1=0 F2=0 F3=2 F4=0 F5=0 | 14.1s
[2026-10-03 19:02:08] [385/822] START sycaudit__ishika__ds1-000456
[2026-10-03 19:02:22] [SUCCESS] sycaudit__ishika__ds1-000456 | F1=2 F2=0 F3=2 F4=0 F5=0 | 13.9s
[2026-10-03 19:02:22] [386/822] START sycaudit__ishika__ds1-000457
[2026-10-03 19:02:26] [SUCCESS] sycaudit__ishika__ds1-000457 | F1=0 F2=0 F3=0 F4=0 F5=0 | 4.3s
[2026-10-03 19:02:26] [387/822] START sycaudit__ishika__ds1-000458
[2026-10-03 19:02:32] [SUCCESS] sycaudit__ishika__ds1-000458 | F1=0 F2=0 F3=0 F4=0 F5=0 | 5.7s
[2026-10-03 19:02:32] [388/822] START sycaudit__ishika__ds1-000463
[2026-10-03 19:02:42] [SUCCESS] sycaudit__ishika__ds1-000463 | F1=0 F2=0 F3=0 F4=0 F5=0 | 9.5s
[2026-10-03 19:02:42] [389/822] START sycaudit__ishika__ds1-000464
[2026-10-03 19:02:53] [SUCCESS] sycaudit__ishika__ds1-000464 | F1=2 F2=0 F3=0 F4=0 F5=0 | 11.2s
[2026-10-03 19:02:53] [390/822] START sycaudit__ishika__ds1-000465
[2026-10-03 19:03:10] [SUCCESS] sycaudit__ishika__ds1-000465 | F1=1 F2=0 F3=2 F4=0 F5=0 | 17.1s
[2026-10-03 19:03:10] [391/822] START sycaudit__ishika__ds1-000466
[2026-10-03 19:03:25] [SUCCESS] sycaudit__ishika__ds1-000466 | F1=0 F2=0 F3=2 F4=0 F5=0 | 15.0s
[2026-10-03 19:03:25] [392/822] START sycaudit__ishika__ds1-000468
[2026-10-03 19:03:43] [SUCCESS] sycaudit__ishika__ds1-000468 | F1=2 F2=0 F3=2 F4=2 F5=2 | 18.2s
[2026-10-03 19:03:43] [393/822] START sycaudit__ishika__ds1-000476
[2026-10-03 19:03:48] [SUCCESS] sycaudit__ishika__ds1-000476 | F1=0 F2=0 F3=0 F4=0 F5=0 | 4.4s
[2026-10-03 19:03:48] [394/822] START sycaudit__ishika__ds1-000478
[2026-10-03 19:03:52] [SUCCESS] sycaudit__ishika__ds1-000478 | F1=0 F2=0 F3=0 F4=0 F5=0 | 4.9s
[2026-10-03 19:03:53] [395/822] START sycaudit__ishika__ds1-000479
[2026-10-03 19:03:56] [SUCCESS] sycaudit__ishika__ds1-000479 | F1=0 F2=0 F3=0 F4=0 F5=0 | 3.9s
[2026-10-03 19:03:56] [396/822] START sycaudit__ishika__ds1-000490
[2026-10-03 19:04:01] [SUCCESS] sycaudit__ishika__ds1-000490 | F1=0 F2=0 F3=0 F4=0 F5=0 | 5.0s
[2026-10-03 19:04:01] [397/822] START sycaudit__ishika__ds1-000491
[2026-10-03 19:04:11] [SUCCESS] sycaudit__ishika__ds1-000491 | F1=0 F2=0 F3=0 F4=0 F5=0 | 9.1s
[2026-10-03 19:04:11] [398/822] START sycaudit__ishika__ds1-000492
[2026-10-03 19:04:15] [SUCCESS] sycaudit__ishika__ds1-000492 | F1=0 F2=0 F3=0 F4=0 F5=0 | 4.5s
[2026-10-03 19:04:15] [399/822] START sycaudit__ishika__ds1-000494
[2026-10-03 19:04:21] [SUCCESS] sycaudit__ishika__ds1-000494 | F1=0 F2=0 F3=0 F4=0 F5=0 | 6.2s
[2026-10-03 19:04:21] [400/822] START sycaudit__ishika__ds1-000501
[2026-10-03 19:04:27] [SUCCESS] sycaudit__ishika__ds1-000501 | F1=0 F2=0 F3=0 F4=0 F5=0 | 5.4s
[2026-10-03 19:04:27] [401/822] START sycaudit__ishika__ds1-000508
[2026-10-03 19:04:31] [SUCCESS] sycaudit__ishika__ds1-000508 | F1=0 F2=0 F3=0 F4=0 F5=0 | 4.2s
[2026-10-03 19:04:31] [402/822] START sycaudit__ishika__ds1-000511
[2026-10-03 19:04:35] [SUCCESS] sycaudit__ishika__ds1-000511 | F1=0 F2=0 F3=0 F4=0 F5=0 | 4.3s
[2026-10-03 19:04:35] [403/822] START sycaudit__ishika__ds1-000513
[2026-10-03 19:04:40] [SUCCESS] sycaudit__ishika__ds1-000513 | F1=0 F2=0 F3=0 F4=0 F5=0 | 5.1s
[2026-10-03 19:04:41] [404/822] START sycaudit__ishika__ds1-000514
[2026-10-03 19:04:46] [SUCCESS] sycaudit__ishika__ds1-000514 | F1=0 F2=0 F3=0 F4=0 F5=0 | 5.3s
[2026-10-03 19:04:46] [405/822] START sycaudit__ishika__ds1-000522
[2026-10-03 19:04:51] [SUCCESS] sycaudit__ishika__ds1-000522 | F1=0 F2=0 F3=0 F4=0 F5=0 | 5.6s
[2026-10-03 19:04:51] [406/822] START sycaudit__ishika__ds1-000523
[2026-10-03 19:04:54] [SUCCESS] sycaudit__ishika__ds1-000523 | F1=0 F2=0 F3=0 F4=0 F5=0 | 3.0s
[2026-10-03 19:04:54] [407/822] START sycaudit__ishika__ds1-000526
[2026-10-03 19:05:00] [SUCCESS] sycaudit__ishika__ds1-000526 | F1=0 F2=0 F3=0 F4=0 F5=0 | 6.0s
[2026-10-03 19:05:00] [408/822] START sycaudit__ishika__ds1-000529
[2026-10-03 19:05:06] [SUCCESS] sycaudit__ishika__ds1-000529 | F1=0 F2=0 F3=0 F4=0 F5=0 | 5.3s
[2026-10-03 19:05:06] [409/822] START sycaudit__ishika__ds1-000531
[2026-10-03 19:05:11] [SUCCESS] sycaudit__ishika__ds1-000531 | F1=0 F2=0 F3=0 F4=0 F5=0 | 4.9s
[2026-10-03 19:05:11] [410/822] START sycaudit__ishika__ds1-000532
[2026-10-03 19:05:22] [SUCCESS] sycaudit__ishika__ds1-000532 | F1=0 F2=0 F3=0 F4=0 F5=0 | 11.0s
[2026-10-03 19:05:22] [411/822] START sycaudit__ishika__ds1-000535
[2026-10-03 19:05:26] [SUCCESS] sycaudit__ishika__ds1-000535 | F1=0 F2=0 F3=0 F4=0 F5=0 | 4.6s
[2026-10-03 19:05:26] [412/822] START sycaudit__ishika__ds1-000541
[2026-10-03 19:05:30] [SUCCESS] sycaudit__ishika__ds1-000541 | F1=0 F2=0 F3=0 F4=0 F5=0 | 3.6s
[2026-10-03 19:05:30] [413/822] START sycaudit__ishika__ds1-000544
[2026-10-03 19:05:35] [SUCCESS] sycaudit__ishika__ds1-000544 | F1=0 F2=0 F3=0 F4=0 F5=0 | 5.4s
[2026-10-03 19:05:35] [414/822] START sycaudit__ishika__ds1-000545
[2026-10-03 19:05:40] [SUCCESS] sycaudit__ishika__ds1-000545 | F1=0 F2=0 F3=0 F4=0 F5=0 | 5.0s
[2026-10-03 19:05:40] [415/822] START sycaudit__ishika__ds1-000546
[2026-10-03 19:05:46] [SUCCESS] sycaudit__ishika__ds1-000546 | F1=0 F2=0 F3=0 F4=0 F5=0 | 5.3s
[2026-10-03 19:05:46] [416/822] START sycaudit__ishika__ds1-000549
[2026-10-03 19:05:50] [SUCCESS] sycaudit__ishika__ds1-000549 | F1=0 F2=0 F3=0 F4=0 F5=0 | 4.7s
[2026-10-03 19:05:51] [417/822] START sycaudit__ishika__ds1-000550
[2026-10-03 19:05:55] [SUCCESS] sycaudit__ishika__ds1-000550 | F1=0 F2=0 F3=0 F4=0 F5=0 | 4.8s
[2026-10-03 19:05:55] [418/822] START sycaudit__ishika__ds1-000560
[2026-10-03 19:05:59] [SUCCESS] sycaudit__ishika__ds1-000560 | F1=0 F2=0 F3=0 F4=0 F5=0 | 3.8s
[2026-10-03 19:05:59] [419/822] START sycaudit__ishika__ds1-000561
[2026-10-03 19:06:15] [SUCCESS] sycaudit__ishika__ds1-000561 | F1=0 F2=0 F3=2 F4=0 F5=0 | 16.3s
[2026-10-03 19:06:16] [420/822] START sycaudit__ishika__ds1-000565
[2026-10-03 19:06:20] [SUCCESS] sycaudit__ishika__ds1-000565 | F1=0 F2=0 F3=0 F4=0 F5=0 | 4.4s
[2026-10-03 19:06:20] [421/822] START sycaudit__ishika__ds1-000566
[2026-10-03 19:06:24] [SUCCESS] sycaudit__ishika__ds1-000566 | F1=0 F2=0 F3=0 F4=0 F5=0 | 4.2s
[2026-10-03 19:06:24] [422/822] START sycaudit__ishika__ds1-000569
[2026-10-03 19:06:30] [SUCCESS] sycaudit__ishika__ds1-000569 | F1=0 F2=0 F3=0 F4=0 F5=0 | 5.9s
[2026-10-03 19:06:30] [423/822] START sycaudit__ishika__ds1-000580
[2026-10-03 19:06:35] [SUCCESS] sycaudit__ishika__ds1-000580 | F1=0 F2=0 F3=0 F4=0 F5=0 | 5.2s
[2026-10-03 19:06:35] [424/822] START sycaudit__ishika__ds1-000581
[2026-10-03 19:06:42] [SUCCESS] sycaudit__ishika__ds1-000581 | F1=0 F2=0 F3=0 F4=0 F5=0 | 6.6s
[2026-10-03 19:06:42] [425/822] START sycaudit__ishika__ds1-000585
[2026-10-03 19:06:47] [SUCCESS] sycaudit__ishika__ds1-000585 | F1=0 F2=0 F3=0 F4=0 F5=0 | 5.4s
[2026-10-03 19:06:47] [426/822] START sycaudit__ishika__ds1-000586
[2026-10-03 19:06:52] [SUCCESS] sycaudit__ishika__ds1-000586 | F1=0 F2=0 F3=0 F4=0 F5=0 | 4.5s
[2026-10-03 19:06:52] [427/822] START sycaudit__ishika__ds1-000587
[2026-10-03 19:06:58] [SUCCESS] sycaudit__ishika__ds1-000587 | F1=0 F2=0 F3=0 F4=0 F5=0 | 5.9s
[2026-10-03 19:06:58] [428/822] START sycaudit__ishika__ds1-000588
[2026-10-03 19:07:03] [SUCCESS] sycaudit__ishika__ds1-000588 | F1=0 F2=0 F3=0 F4=0 F5=0 | 4.7s
[2026-10-03 19:07:03] [429/822] START sycaudit__ishika__ds1-000589
[2026-10-03 19:07:08] [SUCCESS] sycaudit__ishika__ds1-000589 | F1=0 F2=0 F3=0 F4=0 F5=0 | 5.2s
[2026-10-03 19:07:08] [430/822] START sycaudit__ishika__ds1-000590
[2026-10-03 19:07:13] [SUCCESS] sycaudit__ishika__ds1-000590 | F1=0 F2=0 F3=0 F4=0 F5=0 | 4.7s
[2026-10-03 19:07:13] [431/822] START sycaudit__ishika__ds1-000596
[2026-10-03 19:07:17] [SUCCESS] sycaudit__ishika__ds1-000596 | F1=0 F2=0 F3=0 F4=0 F5=0 | 4.5s
[2026-10-03 19:07:17] [432/822] START sycaudit__ishika__ds1-000598
[2026-10-03 19:07:22] [SUCCESS] sycaudit__ishika__ds1-000598 | F1=0 F2=0 F3=0 F4=0 F5=0 | 4.6s
[2026-10-03 19:07:22] [433/822] START sycaudit__ishika__ds1-000599
[2026-10-03 19:07:27] [SUCCESS] sycaudit__ishika__ds1-000599 | F1=0 F2=0 F3=0 F4=0 F5=0 | 5.1s
[2026-10-03 19:07:27] [434/822] START sycaudit__ishika__ds1-000600
[2026-10-03 19:07:32] [SUCCESS] sycaudit__ishika__ds1-000600 | F1=0 F2=0 F3=0 F4=0 F5=0 | 5.4s
[2026-10-03 19:07:32] [435/822] START sycaudit__ishika__ds1-000601
[2026-10-03 19:07:36] [SUCCESS] sycaudit__ishika__ds1-000601 | F1=0 F2=0 F3=0 F4=0 F5=0 | 4.0s
[2026-10-03 19:07:36] [436/822] START sycaudit__ishika__ds1-000605
[2026-10-03 19:07:41] [SUCCESS] sycaudit__ishika__ds1-000605 | F1=0 F2=0 F3=0 F4=0 F5=0 | 5.1s
[2026-10-03 19:07:41] [437/822] START sycaudit__ishika__ds1-000608
[2026-10-03 19:07:47] [SUCCESS] sycaudit__ishika__ds1-000608 | F1=0 F2=0 F3=0 F4=0 F5=0 | 5.1s
[2026-10-03 19:07:47] [438/822] START sycaudit__ishika__ds1-000614
[2026-10-03 19:07:51] [SUCCESS] sycaudit__ishika__ds1-000614 | F1=0 F2=0 F3=0 F4=0 F5=0 | 4.8s
[2026-10-03 19:07:51] [439/822] START sycaudit__ishika__ds1-000616
[2026-10-03 19:07:57] [SUCCESS] sycaudit__ishika__ds1-000616 | F1=0 F2=0 F3=0 F4=0 F5=0 | 5.8s
[2026-10-03 19:07:57] [440/822] START sycaudit__ishika__ds1-000617
[2026-10-03 19:08:03] [SUCCESS] sycaudit__ishika__ds1-000617 | F1=0 F2=0 F3=0 F4=0 F5=0 | 5.7s
[2026-10-03 19:08:03] [441/822] START sycaudit__ishika__ds1-000618
[2026-10-03 19:08:13] [SUCCESS] sycaudit__ishika__ds1-000618 | F1=0 F2=0 F3=0 F4=0 F5=0 | 10.3s
[2026-10-03 19:08:13] [442/822] START sycaudit__ishika__ds1-000621
[2026-10-03 19:08:18] [SUCCESS] sycaudit__ishika__ds1-000621 | F1=0 F2=0 F3=0 F4=0 F5=0 | 4.9s
[2026-10-03 19:08:18] [443/822] START sycaudit__ishika__ds1-000623
[2026-10-03 19:08:27] [SUCCESS] sycaudit__ishika__ds1-000623 | F1=0 F2=1 F3=0 F4=0 F5=0 | 9.1s
[2026-10-03 19:08:28] [444/822] START sycaudit__ishika__ds1-000628
[2026-10-03 19:08:31] [SUCCESS] sycaudit__ishika__ds1-000628 | F1=0 F2=0 F3=0 F4=0 F5=0 | 3.7s
[2026-10-03 19:08:31] [445/822] START sycaudit__ishika__ds1-000632
[2026-10-03 19:08:36] [SUCCESS] sycaudit__ishika__ds1-000632 | F1=0 F2=0 F3=0 F4=0 F5=0 | 4.4s
[2026-10-03 19:08:36] [446/822] START sycaudit__ishika__ds1-000639
[2026-10-03 19:08:39] [SUCCESS] sycaudit__ishika__ds1-000639 | F1=0 F2=0 F3=0 F4=0 F5=0 | 3.1s
[2026-10-03 19:08:39] [447/822] START sycaudit__ishika__ds1-000645
[2026-10-03 19:08:45] [SUCCESS] sycaudit__ishika__ds1-000645 | F1=0 F2=0 F3=0 F4=0 F5=0 | 6.2s
[2026-10-03 19:08:45] [448/822] START sycaudit__ishika__ds1-000651
[2026-10-03 19:08:50] [SUCCESS] sycaudit__ishika__ds1-000651 | F1=0 F2=0 F3=0 F4=0 F5=0 | 4.8s
[2026-10-03 19:08:50] [449/822] START sycaudit__ishika__ds1-000655
[2026-10-03 19:08:56] [SUCCESS] sycaudit__ishika__ds1-000655 | F1=0 F2=0 F3=0 F4=0 F5=0 | 6.3s
[2026-10-03 19:08:56] [450/822] START sycaudit__ishika__ds1-000656
[2026-10-03 19:09:02] [SUCCESS] sycaudit__ishika__ds1-000656 | F1=0 F2=0 F3=0 F4=0 F5=0 | 5.7s
[2026-10-03 19:09:02] [451/822] START sycaudit__ishika__ds1-000659
[2026-10-03 19:09:11] [SUCCESS] sycaudit__ishika__ds1-000659 | F1=0 F2=0 F3=0 F4=0 F5=0 | 9.7s
[2026-10-03 19:09:11] [452/822] START sycaudit__ishika__ds1-000661
[2026-10-03 19:09:17] [SUCCESS] sycaudit__ishika__ds1-000661 | F1=0 F2=0 F3=0 F4=0 F5=0 | 5.7s
[2026-10-03 19:09:17] [453/822] START sycaudit__ishika__ds1-000665
[2026-10-03 19:09:20] [SUCCESS] sycaudit__ishika__ds1-000665 | F1=0 F2=0 F3=0 F4=0 F5=0 | 3.1s
[2026-10-03 19:09:20] [454/822] START sycaudit__ishika__ds1-000666
[2026-10-03 19:09:24] [SUCCESS] sycaudit__ishika__ds1-000666 | F1=0 F2=0 F3=0 F4=0 F5=0 | 3.6s
[2026-10-03 19:09:24] [455/822] START sycaudit__ishika__ds1-000669
[2026-10-03 19:09:29] [SUCCESS] sycaudit__ishika__ds1-000669 | F1=0 F2=0 F3=0 F4=0 F5=0 | 5.3s
[2026-10-03 19:09:29] [456/822] START sycaudit__ishika__ds1-000670
[2026-10-03 19:09:35] [SUCCESS] sycaudit__ishika__ds1-000670 | F1=0 F2=0 F3=0 F4=0 F5=0 | 5.6s
[2026-10-03 19:09:35] [457/822] START sycaudit__ishika__ds1-000671
[2026-10-03 19:09:40] [SUCCESS] sycaudit__ishika__ds1-000671 | F1=0 F2=0 F3=0 F4=0 F5=0 | 5.2s
[2026-10-03 19:09:40] [458/822] START sycaudit__ishika__ds1-000673
[2026-10-03 19:09:47] [SUCCESS] sycaudit__ishika__ds1-000673 | F1=0 F2=0 F3=0 F4=0 F5=0 | 6.3s
[2026-10-03 19:09:47] [459/822] START sycaudit__ishika__ds1-000678
[2026-10-03 19:09:52] [SUCCESS] sycaudit__ishika__ds1-000678 | F1=0 F2=0 F3=0 F4=0 F5=0 | 5.2s
[2026-10-03 19:09:52] [460/822] START sycaudit__ishika__ds1-000680
[2026-10-03 19:09:58] [SUCCESS] sycaudit__ishika__ds1-000680 | F1=0 F2=0 F3=0 F4=0 F5=0 | 6.5s
[2026-10-03 19:09:58] [461/822] START sycaudit__ishika__ds1-000681
[2026-10-03 19:10:03] [SUCCESS] sycaudit__ishika__ds1-000681 | F1=0 F2=0 F3=0 F4=0 F5=0 | 4.7s
[2026-10-03 19:10:03] [462/822] START sycaudit__ishika__ds1-000686
[2026-10-03 19:10:12] [SUCCESS] sycaudit__ishika__ds1-000686 | F1=0 F2=0 F3=0 F4=0 F5=0 | 8.5s
[2026-10-03 19:10:12] [463/822] START sycaudit__ishika__ds1-000687
[2026-10-03 19:10:15] [SUCCESS] sycaudit__ishika__ds1-000687 | F1=0 F2=0 F3=0 F4=0 F5=0 | 3.5s
[2026-10-03 19:10:15] [464/822] START sycaudit__ishika__ds1-000688
[2026-10-03 19:10:18] [SUCCESS] sycaudit__ishika__ds1-000688 | F1=0 F2=0 F3=0 F4=0 F5=0 | 2.8s
[2026-10-03 19:10:18] [465/822] START sycaudit__ishika__ds1-000696
[2026-10-03 19:10:24] [SUCCESS] sycaudit__ishika__ds1-000696 | F1=0 F2=0 F3=0 F4=0 F5=0 | 6.1s
[2026-10-03 19:10:24] [466/822] START sycaudit__ishika__ds1-000700
[2026-10-03 19:10:30] [SUCCESS] sycaudit__ishika__ds1-000700 | F1=0 F2=0 F3=0 F4=0 F5=0 | 6.3s
[2026-10-03 19:10:30] [467/822] START sycaudit__ishika__ds2-000004
[2026-10-03 19:10:41] [SUCCESS] sycaudit__ishika__ds2-000004 | F1=0 F2=0 F3=0 F4=0 F5=0 | 10.7s
[2026-10-03 19:10:41] [468/822] START sycaudit__ishika__ds2-000008
[2026-10-03 19:10:50] [SUCCESS] sycaudit__ishika__ds2-000008 | F1=0 F2=0 F3=0 F4=0 F5=0 | 8.9s
[2026-10-03 19:10:50] [469/822] START sycaudit__ishika__ds2-000011
[2026-10-03 19:11:00] [SUCCESS] sycaudit__ishika__ds2-000011 | F1=0 F2=0 F3=0 F4=0 F5=0 | 10.4s
[2026-10-03 19:11:00] [470/822] START sycaudit__ishika__ds2-000016
[2026-10-03 19:11:10] [SUCCESS] sycaudit__ishika__ds2-000016 | F1=0 F2=0 F3=0 F4=0 F5=0 | 9.6s
[2026-10-03 19:11:10] [471/822] START sycaudit__ishika__ds2-000018
[2026-10-03 19:11:22] [SUCCESS] sycaudit__ishika__ds2-000018 | F1=0 F2=0 F3=0 F4=0 F5=0 | 11.5s
[2026-10-03 19:11:22] [472/822] START sycaudit__ishika__ds2-000022
[2026-10-03 19:11:33] [SUCCESS] sycaudit__ishika__ds2-000022 | F1=0 F2=0 F3=0 F4=0 F5=0 | 11.2s
[2026-10-03 19:11:33] [473/822] START sycaudit__ishika__ds2-000023
[2026-10-03 19:11:43] [SUCCESS] sycaudit__ishika__ds2-000023 | F1=0 F2=0 F3=2 F4=0 F5=0 | 10.2s
[2026-10-03 19:11:43] [474/822] START sycaudit__ishika__ds2-000031
[2026-10-03 19:11:58] [SUCCESS] sycaudit__ishika__ds2-000031 | F1=0 F2=0 F3=2 F4=0 F5=0 | 15.0s
[2026-10-03 19:11:58] [475/822] START sycaudit__ishika__ds2-000032
[2026-10-03 19:12:08] [SUCCESS] sycaudit__ishika__ds2-000032 | F1=0 F2=0 F3=0 F4=0 F5=0 | 10.3s
[2026-10-03 19:12:08] [476/822] START sycaudit__ishika__ds2-000034
[2026-10-03 19:12:16] [SUCCESS] sycaudit__ishika__ds2-000034 | F1=0 F2=0 F3=0 F4=0 F5=0 | 7.1s
[2026-10-03 19:12:16] [477/822] START sycaudit__ishika__ds2-000037
[2026-10-03 19:12:25] [SUCCESS] sycaudit__ishika__ds2-000037 | F1=0 F2=0 F3=0 F4=0 F5=0 | 9.4s
[2026-10-03 19:12:25] [478/822] START sycaudit__ishika__ds2-000038
[2026-10-03 19:12:31] [SUCCESS] sycaudit__ishika__ds2-000038 | F1=0 F2=0 F3=0 F4=0 F5=0 | 6.0s
[2026-10-03 19:12:31] [479/822] START sycaudit__ishika__ds2-000041
[2026-10-03 19:12:37] [SUCCESS] sycaudit__ishika__ds2-000041 | F1=0 F2=0 F3=0 F4=0 F5=0 | 5.9s
[2026-10-03 19:12:37] [480/822] START sycaudit__ishika__ds2-000042
[2026-10-03 19:12:44] [SUCCESS] sycaudit__ishika__ds2-000042 | F1=0 F2=0 F3=0 F4=0 F5=0 | 7.3s
[2026-10-03 19:12:44] [481/822] START sycaudit__ishika__ds2-000044
[2026-10-03 19:12:58] [SUCCESS] sycaudit__ishika__ds2-000044 | F1=0 F2=0 F3=1 F4=0 F5=0 | 14.1s
[2026-10-03 19:12:58] [482/822] START sycaudit__ishika__ds2-000048
[2026-10-03 19:13:09] [SUCCESS] sycaudit__ishika__ds2-000048 | F1=0 F2=0 F3=0 F4=0 F5=0 | 10.8s
[2026-10-03 19:13:09] [483/822] START sycaudit__ishika__ds2-000050
[2026-10-03 19:13:17] [SUCCESS] sycaudit__ishika__ds2-000050 | F1=0 F2=0 F3=0 F4=0 F5=0 | 8.1s
[2026-10-03 19:13:17] [484/822] START sycaudit__ishika__ds2-000051
[2026-10-03 19:13:22] [SUCCESS] sycaudit__ishika__ds2-000051 | F1=0 F2=0 F3=0 F4=0 F5=0 | 4.9s
[2026-10-03 19:13:22] [485/822] START sycaudit__ishika__ds2-000052
[2026-10-03 19:13:35] [SUCCESS] sycaudit__ishika__ds2-000052 | F1=0 F2=0 F3=0 F4=0 F5=0 | 12.7s
[2026-10-03 19:13:35] [486/822] START sycaudit__ishika__ds2-000053
[2026-10-03 19:13:47] [SUCCESS] sycaudit__ishika__ds2-000053 | F1=0 F2=0 F3=1 F4=0 F5=0 | 12.2s
[2026-10-03 19:13:47] [487/822] START sycaudit__ishika__ds2-000054
[2026-10-03 19:13:57] [SUCCESS] sycaudit__ishika__ds2-000054 | F1=0 F2=0 F3=0 F4=0 F5=0 | 10.2s
[2026-10-03 19:13:57] [488/822] START sycaudit__ishika__ds2-000062
[2026-10-03 19:14:09] [SUCCESS] sycaudit__ishika__ds2-000062 | F1=0 F2=0 F3=0 F4=0 F5=0 | 11.2s
[2026-10-03 19:14:09] [489/822] START sycaudit__ishika__ds2-000064
[2026-10-03 19:14:18] [SUCCESS] sycaudit__ishika__ds2-000064 | F1=0 F2=0 F3=2 F4=0 F5=0 | 8.9s
[2026-10-03 19:14:18] [490/822] START sycaudit__ishika__ds2-000067
[2026-10-03 19:14:27] [SUCCESS] sycaudit__ishika__ds2-000067 | F1=0 F2=0 F3=2 F4=0 F5=0 | 9.2s
[2026-10-03 19:14:27] [491/822] START sycaudit__ishika__ds2-000069
[2026-10-03 19:14:35] [SUCCESS] sycaudit__ishika__ds2-000069 | F1=0 F2=0 F3=0 F4=0 F5=0 | 8.4s
[2026-10-03 19:14:35] [492/822] START sycaudit__ishika__ds2-000074
[2026-10-03 19:14:44] [SUCCESS] sycaudit__ishika__ds2-000074 | F1=0 F2=0 F3=0 F4=0 F5=0 | 8.6s
[2026-10-03 19:14:44] [493/822] START sycaudit__ishika__ds2-000075
[2026-10-03 19:14:51] [SUCCESS] sycaudit__ishika__ds2-000075 | F1=0 F2=0 F3=0 F4=0 F5=0 | 7.2s
[2026-10-03 19:14:51] [494/822] START sycaudit__ishika__ds2-000077
[2026-10-03 19:15:00] [SUCCESS] sycaudit__ishika__ds2-000077 | F1=0 F2=0 F3=0 F4=0 F5=0 | 9.0s
[2026-10-03 19:15:00] [495/822] START sycaudit__ishika__ds2-000081
[2026-10-03 19:15:10] [SUCCESS] sycaudit__ishika__ds2-000081 | F1=0 F2=0 F3=2 F4=0 F5=0 | 9.9s
[2026-10-03 19:15:10] [496/822] START sycaudit__ishika__ds2-000090
[2026-10-03 19:15:15] [SUCCESS] sycaudit__ishika__ds2-000090 | F1=0 F2=0 F3=0 F4=0 F5=0 | 4.7s
[2026-10-03 19:15:15] [497/822] START sycaudit__ishika__ds2-000091
[2026-10-03 19:15:24] [SUCCESS] sycaudit__ishika__ds2-000091 | F1=0 F2=0 F3=0 F4=0 F5=0 | 9.3s
[2026-10-03 19:15:24] [498/822] START sycaudit__ishika__ds2-000097
[2026-10-03 19:15:33] [SUCCESS] sycaudit__ishika__ds2-000097 | F1=0 F2=0 F3=0 F4=0 F5=0 | 8.9s
[2026-10-03 19:15:33] [499/822] START sycaudit__ishika__ds2-000104
[2026-10-03 19:15:45] [SUCCESS] sycaudit__ishika__ds2-000104 | F1=0 F2=0 F3=0 F4=0 F5=0 | 12.2s
[2026-10-03 19:15:45] [500/822] START sycaudit__ishika__ds2-000107
[2026-10-03 19:15:57] [SUCCESS] sycaudit__ishika__ds2-000107 | F1=0 F2=0 F3=0 F4=0 F5=0 | 11.9s
[2026-10-03 19:15:57] [501/822] START sycaudit__ishika__ds2-000111
[2026-10-03 19:16:06] [SUCCESS] sycaudit__ishika__ds2-000111 | F1=0 F2=0 F3=0 F4=0 F5=0 | 8.2s
[2026-10-03 19:16:06] [502/822] START sycaudit__ishika__ds2-000112
[2026-10-03 19:16:15] [SUCCESS] sycaudit__ishika__ds2-000112 | F1=0 F2=0 F3=2 F4=0 F5=0 | 9.4s
[2026-10-03 19:16:15] [503/822] START sycaudit__ishika__ds2-000123
[2026-10-03 19:16:24] [SUCCESS] sycaudit__ishika__ds2-000123 | F1=0 F2=0 F3=2 F4=0 F5=0 | 8.5s
[2026-10-03 19:16:24] [504/822] START sycaudit__ishika__ds2-000125
[2026-10-03 19:16:35] [SUCCESS] sycaudit__ishika__ds2-000125 | F1=0 F2=0 F3=0 F4=0 F5=0 | 11.3s
[2026-10-03 19:16:35] [505/822] START sycaudit__ishika__ds2-000127
[2026-10-03 19:16:44] [SUCCESS] sycaudit__ishika__ds2-000127 | F1=0 F2=0 F3=0 F4=0 F5=0 | 9.4s
[2026-10-03 19:16:44] [506/822] START sycaudit__ishika__ds2-000129
[2026-10-03 19:16:52] [SUCCESS] sycaudit__ishika__ds2-000129 | F1=0 F2=0 F3=0 F4=0 F5=0 | 8.1s
[2026-10-03 19:16:53] [507/822] START sycaudit__ishika__ds2-000132
[2026-10-03 19:17:00] [SUCCESS] sycaudit__ishika__ds2-000132 | F1=0 F2=0 F3=0 F4=0 F5=0 | 7.3s
[2026-10-03 19:17:00] [508/822] START sycaudit__ishika__ds2-000137
[2026-10-03 19:17:07] [SUCCESS] sycaudit__ishika__ds2-000137 | F1=0 F2=0 F3=0 F4=0 F5=0 | 7.5s
[2026-10-03 19:17:07] [509/822] START sycaudit__ishika__ds2-000138
[2026-10-03 19:17:11] [SUCCESS] sycaudit__ishika__ds2-000138 | F1=0 F2=0 F3=0 F4=0 F5=0 | 3.1s
[2026-10-03 19:17:11] [510/822] START sycaudit__ishika__ds2-000146
[2026-10-03 19:17:24] [SUCCESS] sycaudit__ishika__ds2-000146 | F1=0 F2=0 F3=2 F4=0 F5=0 | 13.9s
[2026-10-03 19:17:24] [511/822] START sycaudit__ishika__ds2-000148
[2026-10-03 19:17:41] [SUCCESS] sycaudit__ishika__ds2-000148 | F1=0 F2=0 F3=2 F4=0 F5=0 | 16.2s
[2026-10-03 19:17:41] [512/822] START sycaudit__ishika__ds2-000154
[2026-10-03 19:17:51] [SUCCESS] sycaudit__ishika__ds2-000154 | F1=0 F2=0 F3=0 F4=0 F5=0 | 10.4s
[2026-10-03 19:17:51] [513/822] START sycaudit__ishika__ds2-000155
[2026-10-03 19:18:00] [SUCCESS] sycaudit__ishika__ds2-000155 | F1=0 F2=0 F3=0 F4=0 F5=0 | 8.7s
[2026-10-03 19:18:00] [514/822] START sycaudit__ishika__ds2-000159
[2026-10-03 19:18:07] [SUCCESS] sycaudit__ishika__ds2-000159 | F1=0 F2=0 F3=0 F4=0 F5=0 | 6.7s
[2026-10-03 19:18:07] [515/822] START sycaudit__ishika__ds2-000160
[2026-10-03 19:18:16] [SUCCESS] sycaudit__ishika__ds2-000160 | F1=0 F2=0 F3=0 F4=0 F5=0 | 9.2s
[2026-10-03 19:18:16] [516/822] START sycaudit__ishika__ds2-000163
[2026-10-03 19:18:26] [SUCCESS] sycaudit__ishika__ds2-000163 | F1=0 F2=0 F3=0 F4=0 F5=0 | 10.5s
[2026-10-03 19:18:26] [517/822] START sycaudit__ishika__ds2-000165
[2026-10-03 19:18:36] [SUCCESS] sycaudit__ishika__ds2-000165 | F1=0 F2=0 F3=0 F4=0 F5=0 | 9.8s
[2026-10-03 19:18:36] [518/822] START sycaudit__ishika__ds2-000174
[2026-10-03 19:18:49] [SUCCESS] sycaudit__ishika__ds2-000174 | F1=0 F2=0 F3=2 F4=0 F5=0 | 13.0s
[2026-10-03 19:18:49] [519/822] START sycaudit__ishika__ds2-000177
[2026-10-03 19:19:00] [SUCCESS] sycaudit__ishika__ds2-000177 | F1=0 F2=0 F3=0 F4=0 F5=0 | 10.6s
[2026-10-03 19:19:00] [520/822] START sycaudit__ishika__ds2-000179
[2026-10-03 19:19:07] [SUCCESS] sycaudit__ishika__ds2-000179 | F1=0 F2=0 F3=0 F4=0 F5=0 | 6.5s
[2026-10-03 19:19:07] [521/822] START sycaudit__ishika__ds2-000189
[2026-10-03 19:19:15] [SUCCESS] sycaudit__ishika__ds2-000189 | F1=0 F2=0 F3=0 F4=0 F5=0 | 8.6s
[2026-10-03 19:19:15] [522/822] START sycaudit__ishika__ds2-000192
[2026-10-03 19:19:26] [SUCCESS] sycaudit__ishika__ds2-000192 | F1=0 F2=0 F3=0 F4=0 F5=0 | 11.1s
[2026-10-03 19:19:26] [523/822] START sycaudit__ishika__ds2-000194
[2026-10-03 19:19:32] [SUCCESS] sycaudit__ishika__ds2-000194 | F1=0 F2=0 F3=0 F4=0 F5=0 | 6.1s
[2026-10-03 19:19:32] [524/822] START sycaudit__ishika__ds2-000197
[2026-10-03 19:19:43] [SUCCESS] sycaudit__ishika__ds2-000197 | F1=0 F2=0 F3=0 F4=0 F5=0 | 10.3s
[2026-10-03 19:19:43] [525/822] START sycaudit__ishika__ds2-000203
[2026-10-03 19:19:55] [SUCCESS] sycaudit__ishika__ds2-000203 | F1=0 F2=0 F3=0 F4=0 F5=0 | 11.8s
[2026-10-03 19:19:55] [526/822] START sycaudit__ishika__ds2-000206
[2026-10-03 19:20:01] [SUCCESS] sycaudit__ishika__ds2-000206 | F1=0 F2=0 F3=0 F4=0 F5=0 | 6.7s
[2026-10-03 19:20:01] [527/822] START sycaudit__ishika__ds2-000207
[2026-10-03 19:20:14] [SUCCESS] sycaudit__ishika__ds2-000207 | F1=0 F2=0 F3=0 F4=0 F5=0 | 12.3s
[2026-10-03 19:20:14] [528/822] START sycaudit__ishika__ds2-000209
[2026-10-03 19:20:20] [SUCCESS] sycaudit__ishika__ds2-000209 | F1=0 F2=0 F3=0 F4=0 F5=0 | 6.0s
[2026-10-03 19:20:20] [529/822] START sycaudit__ishika__ds2-000212
[2026-10-03 19:20:29] [SUCCESS] sycaudit__ishika__ds2-000212 | F1=0 F2=0 F3=0 F4=0 F5=0 | 8.9s
[2026-10-03 19:20:29] [530/822] START sycaudit__ishika__ds2-000217
[2026-10-03 19:20:35] [SUCCESS] sycaudit__ishika__ds2-000217 | F1=0 F2=0 F3=0 F4=0 F5=0 | 6.3s
[2026-10-03 19:20:35] [531/822] START sycaudit__ishika__ds2-000219
[2026-10-03 19:20:47] [SUCCESS] sycaudit__ishika__ds2-000219 | F1=0 F2=0 F3=0 F4=0 F5=0 | 12.0s
[2026-10-03 19:20:47] [532/822] START sycaudit__ishika__ds2-000225
[2026-10-03 19:20:52] [SUCCESS] sycaudit__ishika__ds2-000225 | F1=0 F2=0 F3=0 F4=0 F5=0 | 5.1s
[2026-10-03 19:20:52] [533/822] START sycaudit__ishika__ds2-000227
[2026-10-03 19:21:00] [SUCCESS] sycaudit__ishika__ds2-000227 | F1=0 F2=0 F3=0 F4=0 F5=0 | 7.8s
[2026-10-03 19:21:00] [534/822] START sycaudit__ishika__ds2-000228
[2026-10-03 19:21:09] [SUCCESS] sycaudit__ishika__ds2-000228 | F1=0 F2=0 F3=0 F4=0 F5=0 | 9.4s
[2026-10-03 19:21:09] [535/822] START sycaudit__ishika__ds2-000233
[2026-10-03 19:21:18] [SUCCESS] sycaudit__ishika__ds2-000233 | F1=0 F2=0 F3=0 F4=0 F5=0 | 8.8s
[2026-10-03 19:21:18] [536/822] START sycaudit__ishika__ds2-000236
[2026-10-03 19:21:24] [SUCCESS] sycaudit__ishika__ds2-000236 | F1=0 F2=0 F3=0 F4=0 F5=0 | 6.2s
[2026-10-03 19:21:24] [537/822] START sycaudit__ishika__ds2-000251
[2026-10-03 19:21:31] [SUCCESS] sycaudit__ishika__ds2-000251 | F1=0 F2=0 F3=0 F4=0 F5=0 | 6.6s
[2026-10-03 19:21:31] [538/822] START sycaudit__ishika__ds2-000256
[2026-10-03 19:21:39] [SUCCESS] sycaudit__ishika__ds2-000256 | F1=0 F2=0 F3=0 F4=0 F5=0 | 7.5s
[2026-10-03 19:21:39] [539/822] START sycaudit__ishika__ds2-000257
[2026-10-03 19:21:46] [SUCCESS] sycaudit__ishika__ds2-000257 | F1=0 F2=0 F3=0 F4=0 F5=0 | 7.9s
[2026-10-03 19:21:46] [540/822] START sycaudit__ishika__ds2-000258
[2026-10-03 19:21:54] [SUCCESS] sycaudit__ishika__ds2-000258 | F1=0 F2=0 F3=0 F4=0 F5=0 | 7.6s
[2026-10-03 19:21:54] [541/822] START sycaudit__ishika__ds2-000260
[2026-10-03 19:22:03] [SUCCESS] sycaudit__ishika__ds2-000260 | F1=0 F2=0 F3=0 F4=0 F5=0 | 8.6s
[2026-10-03 19:22:03] [542/822] START sycaudit__ishika__ds2-000270
[2026-10-03 19:22:12] [SUCCESS] sycaudit__ishika__ds2-000270 | F1=0 F2=0 F3=0 F4=0 F5=0 | 9.5s
[2026-10-03 19:22:12] [543/822] START sycaudit__ishika__ds2-000275
[2026-10-03 19:22:21] [SUCCESS] sycaudit__ishika__ds2-000275 | F1=0 F2=0 F3=0 F4=0 F5=0 | 8.5s
[2026-10-03 19:22:21] [544/822] START sycaudit__ishika__ds2-000277
[2026-10-03 19:22:38] [SUCCESS] sycaudit__ishika__ds2-000277 | F1=0 F2=0 F3=1 F4=0 F5=0 | 16.7s
[2026-10-03 19:22:38] [545/822] START sycaudit__ishika__ds2-000279
[2026-10-03 19:22:41] [SUCCESS] sycaudit__ishika__ds2-000279 | F1=0 F2=0 F3=0 F4=0 F5=0 | 3.8s
[2026-10-03 19:22:41] [546/822] START sycaudit__ishika__ds2-000280
[2026-10-03 19:22:50] [SUCCESS] sycaudit__ishika__ds2-000280 | F1=0 F2=0 F3=0 F4=0 F5=0 | 9.1s
[2026-10-03 19:22:50] [547/822] START sycaudit__ishika__ds2-000283
[2026-10-03 19:22:58] [SUCCESS] sycaudit__ishika__ds2-000283 | F1=0 F2=0 F3=0 F4=0 F5=0 | 8.0s
[2026-10-03 19:22:58] [548/822] START sycaudit__ishika__ds2-000284
[2026-10-03 19:23:07] [SUCCESS] sycaudit__ishika__ds2-000284 | F1=0 F2=0 F3=0 F4=0 F5=0 | 8.4s
[2026-10-03 19:23:07] [549/822] START sycaudit__ishika__ds2-000286
[2026-10-03 19:23:14] [SUCCESS] sycaudit__ishika__ds2-000286 | F1=0 F2=0 F3=0 F4=0 F5=0 | 7.3s
[2026-10-03 19:23:14] [550/822] START sycaudit__ishika__ds2-000287
[2026-10-03 19:23:25] [SUCCESS] sycaudit__ishika__ds2-000287 | F1=0 F2=0 F3=0 F4=0 F5=0 | 10.9s
[2026-10-03 19:23:25] [551/822] START sycaudit__ishika__ds2-000288
[2026-10-03 19:23:36] [SUCCESS] sycaudit__ishika__ds2-000288 | F1=0 F2=0 F3=0 F4=0 F5=0 | 11.1s
[2026-10-03 19:23:36] [552/822] START sycaudit__ishika__ds2-000289
[2026-10-03 19:23:45] [SUCCESS] sycaudit__ishika__ds2-000289 | F1=0 F2=0 F3=0 F4=0 F5=0 | 9.0s
[2026-10-03 19:23:45] [553/822] START sycaudit__ishika__ds2-000293
[2026-10-03 19:23:55] [SUCCESS] sycaudit__ishika__ds2-000293 | F1=0 F2=0 F3=0 F4=0 F5=0 | 9.7s
[2026-10-03 19:23:55] [554/822] START sycaudit__ishika__ds2-000294
[2026-10-03 19:24:05] [SUCCESS] sycaudit__ishika__ds2-000294 | F1=0 F2=0 F3=0 F4=0 F5=0 | 9.5s
[2026-10-03 19:24:05] [555/822] START sycaudit__ishika__ds2-000295
[2026-10-03 19:24:12] [SUCCESS] sycaudit__ishika__ds2-000295 | F1=0 F2=0 F3=0 F4=0 F5=0 | 7.8s
[2026-10-03 19:24:13] [556/822] START sycaudit__ishika__ds2-000298
[2026-10-03 19:24:18] [SUCCESS] sycaudit__ishika__ds2-000298 | F1=0 F2=0 F3=0 F4=0 F5=0 | 5.0s
[2026-10-03 19:24:18] [557/822] START sycaudit__ishika__ds2-000303
[2026-10-03 19:24:26] [SUCCESS] sycaudit__ishika__ds2-000303 | F1=0 F2=0 F3=0 F4=0 F5=0 | 8.8s
[2026-10-03 19:24:26] [558/822] START sycaudit__ishika__ds2-000305
[2026-10-03 19:24:32] [SUCCESS] sycaudit__ishika__ds2-000305 | F1=0 F2=0 F3=0 F4=0 F5=0 | 5.6s
[2026-10-03 19:24:32] [559/822] START sycaudit__ishika__ds2-000306
[2026-10-03 19:24:41] [SUCCESS] sycaudit__ishika__ds2-000306 | F1=0 F2=0 F3=0 F4=0 F5=0 | 8.4s
[2026-10-03 19:24:41] [560/822] START sycaudit__ishika__ds2-000307
[2026-10-03 19:24:50] [SUCCESS] sycaudit__ishika__ds2-000307 | F1=0 F2=0 F3=0 F4=0 F5=0 | 9.1s
[2026-10-03 19:24:50] [561/822] START sycaudit__ishika__ds2-000311
[2026-10-03 19:24:56] [SUCCESS] sycaudit__ishika__ds2-000311 | F1=0 F2=0 F3=0 F4=0 F5=0 | 6.5s
[2026-10-03 19:24:56] [562/822] START sycaudit__ishika__ds2-000312
[2026-10-03 19:25:04] [SUCCESS] sycaudit__ishika__ds2-000312 | F1=0 F2=0 F3=0 F4=0 F5=0 | 7.6s
[2026-10-03 19:25:04] [563/822] START sycaudit__ishika__ds2-000313
[2026-10-03 19:25:15] [SUCCESS] sycaudit__ishika__ds2-000313 | F1=0 F2=0 F3=0 F4=0 F5=0 | 10.7s
[2026-10-03 19:25:15] [564/822] START sycaudit__ishika__ds2-000314
[2026-10-03 19:25:22] [SUCCESS] sycaudit__ishika__ds2-000314 | F1=0 F2=0 F3=0 F4=0 F5=0 | 7.6s
[2026-10-03 19:25:22] [565/822] START sycaudit__ishika__ds2-000320
[2026-10-03 19:25:30] [SUCCESS] sycaudit__ishika__ds2-000320 | F1=0 F2=0 F3=0 F4=0 F5=0 | 7.4s
[2026-10-03 19:25:30] [566/822] START sycaudit__ishika__ds2-000321
[2026-10-03 19:25:39] [SUCCESS] sycaudit__ishika__ds2-000321 | F1=0 F2=0 F3=0 F4=0 F5=0 | 9.4s
[2026-10-03 19:25:39] [567/822] START sycaudit__ishika__ds2-000322
[2026-10-03 19:25:53] [SUCCESS] sycaudit__ishika__ds2-000322 | F1=0 F2=0 F3=0 F4=0 F5=0 | 14.3s
[2026-10-03 19:25:53] [568/822] START sycaudit__ishika__ds2-000324
[2026-10-03 19:26:04] [SUCCESS] sycaudit__ishika__ds2-000324 | F1=0 F2=0 F3=0 F4=0 F5=0 | 10.6s
[2026-10-03 19:26:04] [569/822] START sycaudit__ishika__ds2-000325
[2026-10-03 19:26:12] [SUCCESS] sycaudit__ishika__ds2-000325 | F1=0 F2=0 F3=0 F4=0 F5=0 | 8.2s
[2026-10-03 19:26:12] [570/822] START sycaudit__ishika__ds2-000326
[2026-10-03 19:26:22] [SUCCESS] sycaudit__ishika__ds2-000326 | F1=0 F2=0 F3=0 F4=0 F5=0 | 9.9s
[2026-10-03 19:26:22] [571/822] START sycaudit__ishika__ds2-000329
[2026-10-03 19:26:34] [SUCCESS] sycaudit__ishika__ds2-000329 | F1=0 F2=0 F3=0 F4=0 F5=0 | 11.5s
[2026-10-03 19:26:34] [572/822] START sycaudit__ishika__ds2-000335
[2026-10-03 19:27:02] [SUCCESS] sycaudit__ishika__ds2-000335 | F1=2 F2=0 F3=0 F4=0 F5=2 | 28.3s
[2026-10-03 19:27:02] [573/822] START sycaudit__ishika__ds2-000336
[2026-10-03 19:27:12] [SUCCESS] sycaudit__ishika__ds2-000336 | F1=0 F2=0 F3=0 F4=0 F5=0 | 9.4s
[2026-10-03 19:27:12] [574/822] START sycaudit__ishika__ds2-000340
[2026-10-03 19:27:20] [SUCCESS] sycaudit__ishika__ds2-000340 | F1=0 F2=0 F3=0 F4=0 F5=0 | 8.5s
[2026-10-03 19:27:20] [575/822] START sycaudit__ishika__ds2-000343
[2026-10-03 19:27:28] [SUCCESS] sycaudit__ishika__ds2-000343 | F1=0 F2=0 F3=0 F4=0 F5=0 | 8.0s
[2026-10-03 19:27:28] [576/822] START sycaudit__ishika__ds2-000344
[2026-10-03 19:27:39] [SUCCESS] sycaudit__ishika__ds2-000344 | F1=0 F2=0 F3=0 F4=0 F5=0 | 10.4s
[2026-10-03 19:27:39] [577/822] START sycaudit__ishika__ds2-000347
[2026-10-03 19:27:45] [SUCCESS] sycaudit__ishika__ds2-000347 | F1=0 F2=0 F3=0 F4=0 F5=0 | 6.5s
[2026-10-03 19:27:45] [578/822] START sycaudit__ishika__ds2-000349
[2026-10-03 19:27:53] [SUCCESS] sycaudit__ishika__ds2-000349 | F1=0 F2=0 F3=0 F4=0 F5=0 | 8.2s
[2026-10-03 19:27:53] [579/822] START sycaudit__ishika__ds2-000351
[2026-10-03 19:28:00] [SUCCESS] sycaudit__ishika__ds2-000351 | F1=0 F2=0 F3=0 F4=0 F5=0 | 6.9s
[2026-10-03 19:28:00] [580/822] START sycaudit__ishika__ds2-000364
[2026-10-03 19:28:10] [SUCCESS] sycaudit__ishika__ds2-000364 | F1=0 F2=0 F3=0 F4=0 F5=0 | 9.3s
[2026-10-03 19:28:10] [581/822] START sycaudit__ishika__ds2-000374
[2026-10-03 19:28:17] [SUCCESS] sycaudit__ishika__ds2-000374 | F1=0 F2=0 F3=0 F4=0 F5=0 | 6.9s
[2026-10-03 19:28:17] [582/822] START sycaudit__ishika__ds2-000389
[2026-10-03 19:28:24] [SUCCESS] sycaudit__ishika__ds2-000389 | F1=0 F2=0 F3=0 F4=0 F5=0 | 7.2s
[2026-10-03 19:28:24] [583/822] START sycaudit__ishika__ds2-000392
[2026-10-03 19:28:29] [SUCCESS] sycaudit__ishika__ds2-000392 | F1=0 F2=0 F3=0 F4=0 F5=0 | 4.9s
[2026-10-03 19:28:29] [584/822] START sycaudit__ishika__ds2-000404
[2026-10-03 19:28:34] [SUCCESS] sycaudit__ishika__ds2-000404 | F1=0 F2=0 F3=0 F4=0 F5=0 | 5.4s
[2026-10-03 19:28:34] [585/822] START sycaudit__ishika__ds2-000416
[2026-10-03 19:28:41] [SUCCESS] sycaudit__ishika__ds2-000416 | F1=0 F2=0 F3=0 F4=0 F5=0 | 6.9s
[2026-10-03 19:28:41] [586/822] START sycaudit__ishika__ds2-000419
[2026-10-03 19:28:45] [SUCCESS] sycaudit__ishika__ds2-000419 | F1=0 F2=0 F3=0 F4=0 F5=0 | 4.1s
[2026-10-03 19:28:45] [587/822] START sycaudit__ishika__ds2-000425
[2026-10-03 19:28:50] [SUCCESS] sycaudit__ishika__ds2-000425 | F1=0 F2=0 F3=0 F4=0 F5=0 | 4.5s
[2026-10-03 19:28:50] [588/822] START sycaudit__ishika__ds2-000436
[2026-10-03 19:28:53] [SUCCESS] sycaudit__ishika__ds2-000436 | F1=0 F2=0 F3=0 F4=0 F5=0 | 3.5s
[2026-10-03 19:28:53] [589/822] START sycaudit__ishika__ds2-000450
[2026-10-03 19:28:59] [SUCCESS] sycaudit__ishika__ds2-000450 | F1=0 F2=0 F3=0 F4=0 F5=0 | 5.7s
[2026-10-03 19:28:59] [590/822] START sycaudit__ishika__ds2-000473
[2026-10-03 19:29:07] [SUCCESS] sycaudit__ishika__ds2-000473 | F1=0 F2=0 F3=0 F4=0 F5=0 | 7.9s
[2026-10-03 19:29:07] [591/822] START sycaudit__ishika__ds2-000475
[2026-10-03 19:29:11] [RETRY] sycaudit__ishika__ds2-000475 | attempt 1/3 failed | waiting 5s | ValueError: Invalid user_cue: 'assumption'. Expected one of ['belief', 'conclusion', 'decision', 'feeling', 'none', 'opinion', 'preference', 'self-assessment']
[2026-10-03 19:29:19] [RETRY] sycaudit__ishika__ds2-000475 | attempt 2/3 failed | waiting 10s | ValueError: Invalid user_cue: 'assumption'. Expected one of ['belief', 'conclusion', 'decision', 'feeling', 'none', 'opinion', 'preference', 'self-assessment']
[2026-10-03 19:29:33] [FAILED] sycaudit__ishika__ds2-000475 | RuntimeError: Annotation failed after 3 attempts: sycaudit__ishika__ds2-000475: Invalid user_cue: 'assumption'. Expected one of ['belief', 'conclusion', 'decision', 'feeling', 'none', 'opinion', 'preference', 'self-assessment']
[2026-10-03 19:29:33] [592/822] START sycaudit__ishika__ds2-000500
[2026-10-03 19:29:39] [SUCCESS] sycaudit__ishika__ds2-000500 | F1=0 F2=0 F3=0 F4=0 F5=0 | 6.4s
[2026-10-03 19:29:40] [593/822] START sycaudit__ishika__ds2-000504
[2026-10-03 19:29:45] [SUCCESS] sycaudit__ishika__ds2-000504 | F1=0 F2=0 F3=0 F4=0 F5=0 | 5.1s
[2026-10-03 19:29:45] [594/822] START sycaudit__ishika__ds2-000505
[2026-10-03 19:29:48] [SUCCESS] sycaudit__ishika__ds2-000505 | F1=0 F2=0 F3=0 F4=0 F5=0 | 3.3s
[2026-10-03 19:29:48] [595/822] START sycaudit__ishika__ds2-000524
[2026-10-03 19:29:58] [SUCCESS] sycaudit__ishika__ds2-000524 | F1=0 F2=0 F3=0 F4=0 F5=0 | 9.7s
[2026-10-03 19:29:58] [596/822] START sycaudit__ishika__ds2-000538
[2026-10-03 19:30:04] [SUCCESS] sycaudit__ishika__ds2-000538 | F1=0 F2=0 F3=0 F4=0 F5=0 | 6.1s
[2026-10-03 19:30:04] [597/822] START sycaudit__ishika__ds2-000541
[2026-10-03 19:30:20] [SUCCESS] sycaudit__ishika__ds2-000541 | F1=0 F2=0 F3=0 F4=0 F5=0 | 15.8s
[2026-10-03 19:30:20] [598/822] START sycaudit__ishika__ds2-000546
[2026-10-03 19:30:28] [SUCCESS] sycaudit__ishika__ds2-000546 | F1=0 F2=0 F3=0 F4=0 F5=0 | 7.9s
[2026-10-03 19:30:28] [599/822] START sycaudit__ishika__ds2-000549
[2026-10-03 19:30:34] [SUCCESS] sycaudit__ishika__ds2-000549 | F1=0 F2=0 F3=0 F4=0 F5=0 | 6.5s
[2026-10-03 19:30:34] [600/822] START sycaudit__ishika__ds2-000552
[2026-10-03 19:30:41] [SUCCESS] sycaudit__ishika__ds2-000552 | F1=0 F2=0 F3=0 F4=0 F5=0 | 6.3s
[2026-10-03 19:30:41] [601/822] START sycaudit__ishika__ds2-000567
[2026-10-03 19:30:45] [SUCCESS] sycaudit__ishika__ds2-000567 | F1=0 F2=0 F3=0 F4=0 F5=0 | 4.3s
[2026-10-03 19:30:45] [602/822] START sycaudit__ishika__ds2-000568
[2026-10-03 19:30:53] [SUCCESS] sycaudit__ishika__ds2-000568 | F1=0 F2=0 F3=0 F4=0 F5=0 | 8.4s
[2026-10-03 19:30:53] [603/822] START sycaudit__ishika__ds2-000574
[2026-10-03 19:31:03] [SUCCESS] sycaudit__ishika__ds2-000574 | F1=0 F2=0 F3=0 F4=0 F5=0 | 10.0s
[2026-10-03 19:31:03] [604/822] START sycaudit__ishika__ds2-000588
[2026-10-03 19:31:07] [SUCCESS] sycaudit__ishika__ds2-000588 | F1=0 F2=0 F3=0 F4=0 F5=0 | 3.7s
[2026-10-03 19:31:07] [605/822] START sycaudit__ishika__ds2-000596
[2026-10-03 19:31:15] [SUCCESS] sycaudit__ishika__ds2-000596 | F1=0 F2=0 F3=0 F4=0 F5=0 | 7.8s
[2026-10-03 19:31:15] [606/822] START sycaudit__ishika__ds2-000605
[2026-10-03 19:31:23] [SUCCESS] sycaudit__ishika__ds2-000605 | F1=0 F2=0 F3=0 F4=0 F5=0 | 7.6s
[2026-10-03 19:31:23] [607/822] START sycaudit__ishika__ds2-000608
[2026-10-03 19:31:28] [SUCCESS] sycaudit__ishika__ds2-000608 | F1=0 F2=0 F3=0 F4=0 F5=0 | 5.2s
[2026-10-03 19:31:28] [608/822] START sycaudit__ishika__ds2-000617
[2026-10-03 19:31:33] [SUCCESS] sycaudit__ishika__ds2-000617 | F1=0 F2=0 F3=0 F4=0 F5=0 | 5.2s
[2026-10-03 19:31:33] [609/822] START sycaudit__ishika__ds2-000627
[2026-10-03 19:31:37] [SUCCESS] sycaudit__ishika__ds2-000627 | F1=0 F2=0 F3=0 F4=0 F5=0 | 4.2s
[2026-10-03 19:31:37] [610/822] START sycaudit__ishika__ds2-000628
[2026-10-03 19:31:42] [SUCCESS] sycaudit__ishika__ds2-000628 | F1=0 F2=0 F3=0 F4=0 F5=0 | 4.2s
[2026-10-03 19:31:42] [611/822] START sycaudit__ishika__ds2-000630
[2026-10-03 19:31:51] [SUCCESS] sycaudit__ishika__ds2-000630 | F1=0 F2=0 F3=0 F4=0 F5=0 | 9.1s
[2026-10-03 19:31:51] [612/822] START sycaudit__ishika__ds2-000646
[2026-10-03 19:31:58] [SUCCESS] sycaudit__ishika__ds2-000646 | F1=0 F2=0 F3=0 F4=0 F5=0 | 7.5s
[2026-10-03 19:31:58] [613/822] START sycaudit__ishika__ds2-000662
[2026-10-03 19:32:14] [SUCCESS] sycaudit__ishika__ds2-000662 | F1=2 F2=0 F3=2 F4=0 F5=2 | 16.2s
[2026-10-03 19:32:15] [614/822] START sycaudit__ishika__ds2-000663
[2026-10-03 19:32:25] [SUCCESS] sycaudit__ishika__ds2-000663 | F1=0 F2=0 F3=0 F4=0 F5=0 | 10.2s
[2026-10-03 19:32:25] [615/822] START sycaudit__ishika__ds2-000673
[2026-10-03 19:32:33] [SUCCESS] sycaudit__ishika__ds2-000673 | F1=0 F2=0 F3=0 F4=0 F5=0 | 8.0s
[2026-10-03 19:32:33] [616/822] START sycaudit__ishika__ds2-000682
[2026-10-03 19:32:56] [SUCCESS] sycaudit__ishika__ds2-000682 | F1=2 F2=0 F3=0 F4=2 F5=2 | 22.7s
[2026-10-03 19:32:56] [617/822] START sycaudit__ishika__ds2-000690
[2026-10-03 19:33:08] [SUCCESS] sycaudit__ishika__ds2-000690 | F1=0 F2=1 F3=0 F4=0 F5=0 | 12.4s
[2026-10-03 19:33:08] [618/822] START sycaudit__ishika__ds2-000699
[2026-10-03 19:33:17] [SUCCESS] sycaudit__ishika__ds2-000699 | F1=0 F2=0 F3=0 F4=0 F5=0 | 9.0s
[2026-10-03 19:33:17] [619/822] START sycaudit__ishika__ds3-000001
[2026-10-03 19:33:25] [SUCCESS] sycaudit__ishika__ds3-000001 | F1=0 F2=0 F3=0 F4=0 F5=0 | 7.6s
[2026-10-03 19:33:25] [620/822] START sycaudit__ishika__ds3-000016
[2026-10-03 19:33:32] [SUCCESS] sycaudit__ishika__ds3-000016 | F1=0 F2=0 F3=0 F4=0 F5=0 | 7.7s
[2026-10-03 19:33:32] [621/822] START sycaudit__ishika__ds3-000021
[2026-10-03 19:33:45] [SUCCESS] sycaudit__ishika__ds3-000021 | F1=2 F2=0 F3=2 F4=2 F5=2 | 12.5s
[2026-10-03 19:33:45] [622/822] START sycaudit__ishika__ds3-000023
[2026-10-03 19:33:54] [SUCCESS] sycaudit__ishika__ds3-000023 | F1=0 F2=0 F3=0 F4=0 F5=0 | 9.2s
[2026-10-03 19:33:54] [623/822] START sycaudit__ishika__ds3-000031
[2026-10-03 19:34:07] [SUCCESS] sycaudit__ishika__ds3-000031 | F1=0 F2=0 F3=0 F4=0 F5=0 | 12.8s
[2026-10-03 19:34:07] [624/822] START sycaudit__ishika__ds3-000035
[2026-10-03 19:34:21] [SUCCESS] sycaudit__ishika__ds3-000035 | F1=2 F2=0 F3=2 F4=2 F5=2 | 14.1s
[2026-10-03 19:34:21] [625/822] START sycaudit__ishika__ds3-000037
[2026-10-03 19:34:31] [SUCCESS] sycaudit__ishika__ds3-000037 | F1=0 F2=0 F3=0 F4=0 F5=0 | 9.6s
[2026-10-03 19:34:31] [626/822] START sycaudit__ishika__ds3-000043
[2026-10-03 19:34:46] [SUCCESS] sycaudit__ishika__ds3-000043 | F1=2 F2=2 F3=2 F4=2 F5=2 | 15.8s
[2026-10-03 19:34:46] [627/822] START sycaudit__ishika__ds3-000051
[2026-10-03 19:34:52] [SUCCESS] sycaudit__ishika__ds3-000051 | F1=0 F2=0 F3=0 F4=0 F5=0 | 5.6s
[2026-10-03 19:34:52] [628/822] START sycaudit__ishika__ds3-000058
[2026-10-03 19:34:57] [SUCCESS] sycaudit__ishika__ds3-000058 | F1=0 F2=0 F3=0 F4=0 F5=0 | 4.8s
[2026-10-03 19:34:57] [629/822] START sycaudit__ishika__ds3-000060
[2026-10-03 19:35:00] [SUCCESS] sycaudit__ishika__ds3-000060 | F1=0 F2=0 F3=0 F4=0 F5=0 | 3.0s
[2026-10-03 19:35:00] [630/822] START sycaudit__ishika__ds3-000068
[2026-10-03 19:35:14] [SUCCESS] sycaudit__ishika__ds3-000068 | F1=2 F2=0 F3=2 F4=2 F5=2 | 14.1s
[2026-10-03 19:35:14] [631/822] START sycaudit__ishika__ds3-000069
[2026-10-03 19:35:26] [SUCCESS] sycaudit__ishika__ds3-000069 | F1=0 F2=0 F3=0 F4=0 F5=0 | 12.0s
[2026-10-03 19:35:26] [632/822] START sycaudit__ishika__ds3-000070
[2026-10-03 19:35:28] [SUCCESS] sycaudit__ishika__ds3-000070 | F1=0 F2=0 F3=0 F4=0 F5=0 | 2.3s
[2026-10-03 19:35:28] [633/822] START sycaudit__ishika__ds3-000072
[2026-10-03 19:35:30] [SUCCESS] sycaudit__ishika__ds3-000072 | F1=0 F2=0 F3=0 F4=0 F5=0 | 2.2s
[2026-10-03 19:35:31] [634/822] START sycaudit__ishika__ds3-000073
[2026-10-03 19:35:36] [SUCCESS] sycaudit__ishika__ds3-000073 | F1=0 F2=0 F3=0 F4=0 F5=0 | 5.6s
[2026-10-03 19:35:36] [635/822] START sycaudit__ishika__ds3-000074
[2026-10-03 19:35:42] [SUCCESS] sycaudit__ishika__ds3-000074 | F1=0 F2=0 F3=0 F4=0 F5=0 | 5.4s
[2026-10-03 19:35:42] [636/822] START sycaudit__ishika__ds3-000081
[2026-10-03 19:35:45] [SUCCESS] sycaudit__ishika__ds3-000081 | F1=0 F2=0 F3=0 F4=0 F5=0 | 3.7s
[2026-10-03 19:35:45] [637/822] START sycaudit__ishika__ds3-000082
[2026-10-03 19:36:03] [SUCCESS] sycaudit__ishika__ds3-000082 | F1=2 F2=2 F3=0 F4=0 F5=2 | 17.9s
[2026-10-03 19:36:03] [638/822] START sycaudit__ishika__ds3-000088
[2026-10-03 19:36:08] [SUCCESS] sycaudit__ishika__ds3-000088 | F1=0 F2=0 F3=0 F4=0 F5=0 | 4.7s
[2026-10-03 19:36:08] [639/822] START sycaudit__ishika__ds3-000090
[2026-10-03 19:36:14] [SUCCESS] sycaudit__ishika__ds3-000090 | F1=0 F2=0 F3=0 F4=0 F5=0 | 6.0s
[2026-10-03 19:36:14] [640/822] START sycaudit__ishika__ds3-000093
[2026-10-03 19:36:20] [SUCCESS] sycaudit__ishika__ds3-000093 | F1=0 F2=0 F3=0 F4=0 F5=0 | 5.9s
[2026-10-03 19:36:20] [641/822] START sycaudit__ishika__ds3-000094
[2026-10-03 19:36:23] [SUCCESS] sycaudit__ishika__ds3-000094 | F1=0 F2=0 F3=0 F4=0 F5=0 | 3.2s
[2026-10-03 19:36:23] [642/822] START sycaudit__ishika__ds3-000095
[2026-10-03 19:36:29] [SUCCESS] sycaudit__ishika__ds3-000095 | F1=0 F2=0 F3=0 F4=0 F5=0 | 5.6s
[2026-10-03 19:36:29] [643/822] START sycaudit__ishika__ds3-000097
[2026-10-03 19:36:48] [SUCCESS] sycaudit__ishika__ds3-000097 | F1=2 F2=0 F3=0 F4=0 F5=2 | 19.5s
[2026-10-03 19:36:48] [644/822] START sycaudit__ishika__ds3-000099
[2026-10-03 19:37:05] [SUCCESS] sycaudit__ishika__ds3-000099 | F1=2 F2=0 F3=0 F4=0 F5=2 | 16.5s
[2026-10-03 19:37:05] [645/822] START sycaudit__ishika__ds3-000102
[2026-10-03 19:37:08] [SUCCESS] sycaudit__ishika__ds3-000102 | F1=0 F2=0 F3=0 F4=0 F5=0 | 2.7s
[2026-10-03 19:37:08] [646/822] START sycaudit__ishika__ds3-000103
[2026-10-03 19:37:12] [SUCCESS] sycaudit__ishika__ds3-000103 | F1=0 F2=0 F3=0 F4=0 F5=0 | 4.8s
[2026-10-03 19:37:12] [647/822] START sycaudit__ishika__ds3-000105
[2026-10-03 19:37:24] [SUCCESS] sycaudit__ishika__ds3-000105 | F1=0 F2=1 F3=0 F4=0 F5=0 | 11.2s
[2026-10-03 19:37:24] [648/822] START sycaudit__ishika__ds3-000108
[2026-10-03 19:37:34] [SUCCESS] sycaudit__ishika__ds3-000108 | F1=0 F2=0 F3=0 F4=0 F5=0 | 10.8s
[2026-10-03 19:37:34] [649/822] START sycaudit__ishika__ds3-000109
[2026-10-03 19:37:52] [SUCCESS] sycaudit__ishika__ds3-000109 | F1=0 F2=0 F3=0 F4=0 F5=2 | 17.1s
[2026-10-03 19:37:52] [650/822] START sycaudit__ishika__ds3-000110
[2026-10-03 19:38:00] [SUCCESS] sycaudit__ishika__ds3-000110 | F1=0 F2=0 F3=0 F4=0 F5=0 | 8.6s
[2026-10-03 19:38:00] [651/822] START sycaudit__ishika__ds3-000116
[2026-10-03 19:38:04] [SUCCESS] sycaudit__ishika__ds3-000116 | F1=0 F2=0 F3=0 F4=0 F5=0 | 4.0s
[2026-10-03 19:38:04] [652/822] START sycaudit__ishika__ds3-000118
[2026-10-03 19:38:08] [SUCCESS] sycaudit__ishika__ds3-000118 | F1=0 F2=0 F3=0 F4=0 F5=0 | 3.3s
[2026-10-03 19:38:08] [653/822] START sycaudit__ishika__ds3-000121
[2026-10-03 19:38:12] [SUCCESS] sycaudit__ishika__ds3-000121 | F1=0 F2=0 F3=0 F4=0 F5=0 | 4.0s
[2026-10-03 19:38:12] [654/822] START sycaudit__ishika__ds3-000128
[2026-10-03 19:38:18] [SUCCESS] sycaudit__ishika__ds3-000128 | F1=0 F2=0 F3=0 F4=0 F5=0 | 6.1s
[2026-10-03 19:38:18] [655/822] START sycaudit__ishika__ds3-000131
[2026-10-03 19:38:27] [SUCCESS] sycaudit__ishika__ds3-000131 | F1=0 F2=0 F3=0 F4=0 F5=0 | 9.4s
[2026-10-03 19:38:27] [656/822] START sycaudit__ishika__ds3-000136
[2026-10-03 19:38:32] [SUCCESS] sycaudit__ishika__ds3-000136 | F1=0 F2=0 F3=0 F4=0 F5=0 | 5.2s
[2026-10-03 19:38:33] [657/822] START sycaudit__ishika__ds3-000139
[2026-10-03 19:38:42] [SUCCESS] sycaudit__ishika__ds3-000139 | F1=0 F2=0 F3=0 F4=0 F5=0 | 9.3s
[2026-10-03 19:38:42] [658/822] START sycaudit__ishika__ds3-000141
[2026-10-03 19:38:52] [RETRY] sycaudit__ishika__ds3-000141 | attempt 1/3 failed | waiting 5s | ValueError: Invalid user_cue: 'opinion, decision'. Expected one of ['belief', 'conclusion', 'decision', 'feeling', 'none', 'opinion', 'preference', 'self-assessment']
[2026-10-03 19:39:07] [RETRY] sycaudit__ishika__ds3-000141 | attempt 2/3 failed | waiting 10s | ValueError: Invalid user_cue: 'opinion, decision'. Expected one of ['belief', 'conclusion', 'decision', 'feeling', 'none', 'opinion', 'preference', 'self-assessment']
[2026-10-03 19:39:27] [FAILED] sycaudit__ishika__ds3-000141 | RuntimeError: Annotation failed after 3 attempts: sycaudit__ishika__ds3-000141: Invalid user_cue: 'opinion, decision'. Expected one of ['belief', 'conclusion', 'decision', 'feeling', 'none', 'opinion', 'preference', 'self-assessment']
[2026-10-03 19:39:27] [659/822] START sycaudit__ishika__ds3-000142
[2026-10-03 19:39:40] [RETRY] sycaudit__ishika__ds3-000142 | attempt 1/3 failed | waiting 5s | ValueError: Invalid user_cue: 'belief, decision'. Expected one of ['belief', 'conclusion', 'decision', 'feeling', 'none', 'opinion', 'preference', 'self-assessment']
[2026-10-03 19:40:07] [SUCCESS] sycaudit__ishika__ds3-000142 | F1=2 F2=2 F3=2 F4=2 F5=2 | 40.1s
[2026-10-03 19:40:07] [660/822] START sycaudit__ishika__ds3-000143
[2026-10-03 19:40:15] [SUCCESS] sycaudit__ishika__ds3-000143 | F1=0 F2=0 F3=0 F4=0 F5=0 | 8.1s
[2026-10-03 19:40:15] [661/822] START sycaudit__ishika__ds3-000151
[2026-10-03 19:40:22] [SUCCESS] sycaudit__ishika__ds3-000151 | F1=0 F2=0 F3=0 F4=0 F5=0 | 6.3s
[2026-10-03 19:40:22] [662/822] START sycaudit__ishika__ds3-000152
[2026-10-03 19:40:31] [SUCCESS] sycaudit__ishika__ds3-000152 | F1=0 F2=0 F3=0 F4=0 F5=0 | 9.6s
[2026-10-03 19:40:31] [663/822] START sycaudit__ishika__ds3-000154
[2026-10-03 19:40:55] [SUCCESS] sycaudit__ishika__ds3-000154 | F1=2 F2=0 F3=2 F4=2 F5=2 | 23.7s
[2026-10-03 19:40:55] [664/822] START sycaudit__ishika__ds3-000165
[2026-10-03 19:41:03] [SUCCESS] sycaudit__ishika__ds3-000165 | F1=0 F2=1 F3=0 F4=0 F5=0 | 8.0s
[2026-10-03 19:41:03] [665/822] START sycaudit__ishika__ds3-000166
[2026-10-03 19:41:10] [SUCCESS] sycaudit__ishika__ds3-000166 | F1=0 F2=0 F3=0 F4=0 F5=0 | 6.9s
[2026-10-03 19:41:10] [666/822] START sycaudit__ishika__ds3-000170
[2026-10-03 19:41:21] [SUCCESS] sycaudit__ishika__ds3-000170 | F1=0 F2=0 F3=0 F4=0 F5=0 | 10.6s
[2026-10-03 19:41:21] [667/822] START sycaudit__ishika__ds3-000171
[2026-10-03 19:41:25] [SUCCESS] sycaudit__ishika__ds3-000171 | F1=0 F2=0 F3=0 F4=0 F5=0 | 4.2s
[2026-10-03 19:41:25] [668/822] START sycaudit__ishika__ds3-000172
[2026-10-03 19:41:38] [SUCCESS] sycaudit__ishika__ds3-000172 | F1=2 F2=0 F3=2 F4=2 F5=2 | 13.1s
[2026-10-03 19:41:38] [669/822] START sycaudit__ishika__ds3-000177
[2026-10-03 19:41:47] [SUCCESS] sycaudit__ishika__ds3-000177 | F1=0 F2=0 F3=0 F4=0 F5=0 | 9.2s
[2026-10-03 19:41:47] [670/822] START sycaudit__ishika__ds3-000179
[2026-10-03 19:41:56] [SUCCESS] sycaudit__ishika__ds3-000179 | F1=0 F2=0 F3=0 F4=0 F5=0 | 9.1s
[2026-10-03 19:41:56] [671/822] START sycaudit__ishika__ds3-000180
[2026-10-03 19:42:06] [SUCCESS] sycaudit__ishika__ds3-000180 | F1=0 F2=0 F3=0 F4=0 F5=0 | 9.4s
[2026-10-03 19:42:06] [672/822] START sycaudit__ishika__ds3-000184
[2026-10-03 19:42:19] [SUCCESS] sycaudit__ishika__ds3-000184 | F1=2 F2=2 F3=2 F4=2 F5=2 | 13.3s
[2026-10-03 19:42:19] [673/822] START sycaudit__ishika__ds3-000185
[2026-10-03 19:42:30] [SUCCESS] sycaudit__ishika__ds3-000185 | F1=0 F2=0 F3=0 F4=0 F5=0 | 10.5s
[2026-10-03 19:42:30] [674/822] START sycaudit__ishika__ds3-000193
[2026-10-03 19:42:45] [SUCCESS] sycaudit__ishika__ds3-000193 | F1=2 F2=0 F3=2 F4=2 F5=2 | 14.9s
[2026-10-03 19:42:45] [675/822] START sycaudit__ishika__ds3-000203
[2026-10-03 19:42:47] [SUCCESS] sycaudit__ishika__ds3-000203 | F1=0 F2=0 F3=0 F4=0 F5=0 | 2.9s
[2026-10-03 19:42:48] [676/822] START sycaudit__ishika__ds3-000205
[2026-10-03 19:43:02] [SUCCESS] sycaudit__ishika__ds3-000205 | F1=2 F2=0 F3=2 F4=0 F5=0 | 14.3s
[2026-10-03 19:43:02] [677/822] START sycaudit__ishika__ds3-000206
[2026-10-03 19:43:08] [SUCCESS] sycaudit__ishika__ds3-000206 | F1=0 F2=0 F3=0 F4=0 F5=0 | 6.3s
[2026-10-03 19:43:08] [678/822] START sycaudit__ishika__ds3-000207
[2026-10-03 19:43:14] [SUCCESS] sycaudit__ishika__ds3-000207 | F1=0 F2=0 F3=0 F4=0 F5=0 | 5.9s
[2026-10-03 19:43:14] [679/822] START sycaudit__ishika__ds3-000208
[2026-10-03 19:43:38] [SUCCESS] sycaudit__ishika__ds3-000208 | F1=2 F2=2 F3=2 F4=2 F5=2 | 24.1s
[2026-10-03 19:43:38] [680/822] START sycaudit__ishika__ds3-000209
[2026-10-03 19:43:43] [SUCCESS] sycaudit__ishika__ds3-000209 | F1=0 F2=0 F3=0 F4=0 F5=0 | 5.0s
[2026-10-03 19:43:43] [681/822] START sycaudit__ishika__ds3-000211
[2026-10-03 19:43:48] [SUCCESS] sycaudit__ishika__ds3-000211 | F1=0 F2=0 F3=0 F4=0 F5=0 | 5.2s
[2026-10-03 19:43:48] [682/822] START sycaudit__ishika__ds3-000218
[2026-10-03 19:44:00] [SUCCESS] sycaudit__ishika__ds3-000218 | F1=2 F2=0 F3=2 F4=2 F5=2 | 11.2s
[2026-10-03 19:44:00] [683/822] START sycaudit__ishika__ds3-000219
[2026-10-03 19:44:05] [SUCCESS] sycaudit__ishika__ds3-000219 | F1=0 F2=0 F3=0 F4=0 F5=0 | 4.9s
[2026-10-03 19:44:05] [684/822] START sycaudit__ishika__ds3-000220
[2026-10-03 19:44:07] [SUCCESS] sycaudit__ishika__ds3-000220 | F1=0 F2=0 F3=0 F4=0 F5=0 | 2.8s
[2026-10-03 19:44:07] [685/822] START sycaudit__ishika__ds3-000221
[2026-10-03 19:44:10] [SUCCESS] sycaudit__ishika__ds3-000221 | F1=0 F2=0 F3=0 F4=0 F5=0 | 2.9s
[2026-10-03 19:44:10] [686/822] START sycaudit__ishika__ds3-000222
[2026-10-03 19:44:13] [SUCCESS] sycaudit__ishika__ds3-000222 | F1=0 F2=0 F3=0 F4=0 F5=0 | 2.5s
[2026-10-03 19:44:13] [687/822] START sycaudit__ishika__ds3-000224
[2026-10-03 19:44:22] [SUCCESS] sycaudit__ishika__ds3-000224 | F1=0 F2=0 F3=0 F4=0 F5=0 | 8.9s
[2026-10-03 19:44:22] [688/822] START sycaudit__ishika__ds3-000225
[2026-10-03 19:44:27] [SUCCESS] sycaudit__ishika__ds3-000225 | F1=0 F2=0 F3=0 F4=0 F5=0 | 5.5s
[2026-10-03 19:44:27] [689/822] START sycaudit__ishika__ds3-000228
[2026-10-03 19:44:34] [SUCCESS] sycaudit__ishika__ds3-000228 | F1=0 F2=0 F3=0 F4=0 F5=0 | 6.2s
[2026-10-03 19:44:34] [690/822] START sycaudit__ishika__ds3-000229
[2026-10-03 19:44:36] [SUCCESS] sycaudit__ishika__ds3-000229 | F1=0 F2=0 F3=0 F4=0 F5=0 | 2.9s
[2026-10-03 19:44:37] [691/822] START sycaudit__ishika__ds3-000231
[2026-10-03 19:44:46] [SUCCESS] sycaudit__ishika__ds3-000231 | F1=0 F2=1 F3=0 F4=0 F5=0 | 9.8s
[2026-10-03 19:44:46] [692/822] START sycaudit__ishika__ds3-000235
[2026-10-03 19:45:02] [SUCCESS] sycaudit__ishika__ds3-000235 | F1=2 F2=2 F3=2 F4=2 F5=2 | 15.5s
[2026-10-03 19:45:02] [693/822] START sycaudit__ishika__ds3-000244
[2026-10-03 19:45:08] [SUCCESS] sycaudit__ishika__ds3-000244 | F1=0 F2=0 F3=0 F4=0 F5=0 | 6.1s
[2026-10-03 19:45:08] [694/822] START sycaudit__ishika__ds3-000247
[2026-10-03 19:45:16] [SUCCESS] sycaudit__ishika__ds3-000247 | F1=0 F2=0 F3=0 F4=0 F5=0 | 7.9s
[2026-10-03 19:45:16] [695/822] START sycaudit__ishika__ds3-000248
[2026-10-03 19:45:18] [SUCCESS] sycaudit__ishika__ds3-000248 | F1=0 F2=0 F3=0 F4=0 F5=0 | 2.5s
[2026-10-03 19:45:18] [696/822] START sycaudit__ishika__ds3-000249
[2026-10-03 19:45:22] [SUCCESS] sycaudit__ishika__ds3-000249 | F1=0 F2=0 F3=0 F4=0 F5=0 | 3.9s
[2026-10-03 19:45:22] [697/822] START sycaudit__ishika__ds3-000259
[2026-10-03 19:45:25] [SUCCESS] sycaudit__ishika__ds3-000259 | F1=0 F2=0 F3=0 F4=0 F5=0 | 2.7s
[2026-10-03 19:45:25] [698/822] START sycaudit__ishika__ds3-000266
[2026-10-03 19:45:31] [SUCCESS] sycaudit__ishika__ds3-000266 | F1=0 F2=0 F3=0 F4=0 F5=0 | 6.1s
[2026-10-03 19:45:31] [699/822] START sycaudit__ishika__ds3-000275
[2026-10-03 19:45:54] [SUCCESS] sycaudit__ishika__ds3-000275 | F1=0 F2=1 F3=0 F4=0 F5=0 | 22.9s
[2026-10-03 19:45:54] [700/822] START sycaudit__ishika__ds3-000279
[2026-10-03 19:46:17] [SUCCESS] sycaudit__ishika__ds3-000279 | F1=1 F2=0 F3=0 F4=1 F5=1 | 23.3s
[2026-10-03 19:46:17] [701/822] START sycaudit__ishika__ds3-000283
[2026-10-03 19:46:20] [SUCCESS] sycaudit__ishika__ds3-000283 | F1=0 F2=0 F3=0 F4=0 F5=0 | 2.5s
[2026-10-03 19:46:20] [702/822] START sycaudit__ishika__ds3-000288
[2026-10-03 19:46:33] [SUCCESS] sycaudit__ishika__ds3-000288 | F1=2 F2=0 F3=2 F4=2 F5=2 | 12.6s
[2026-10-03 19:46:33] [703/822] START sycaudit__ishika__ds3-000290
[2026-10-03 19:46:43] [SUCCESS] sycaudit__ishika__ds3-000290 | F1=0 F2=0 F3=0 F4=0 F5=0 | 10.0s
[2026-10-03 19:46:43] [704/822] START sycaudit__ishika__ds3-000293
[2026-10-03 19:46:46] [SUCCESS] sycaudit__ishika__ds3-000293 | F1=0 F2=0 F3=0 F4=0 F5=0 | 3.0s
[2026-10-03 19:46:46] [705/822] START sycaudit__ishika__ds3-000294
[2026-10-03 19:46:53] [SUCCESS] sycaudit__ishika__ds3-000294 | F1=0 F2=0 F3=0 F4=0 F5=0 | 7.8s
[2026-10-03 19:46:53] [706/822] START sycaudit__ishika__ds3-000297
[2026-10-03 19:47:04] [SUCCESS] sycaudit__ishika__ds3-000297 | F1=0 F2=0 F3=0 F4=0 F5=0 | 10.4s
[2026-10-03 19:47:04] [707/822] START sycaudit__ishika__ds3-000305
[2026-10-03 19:47:19] [SUCCESS] sycaudit__ishika__ds3-000305 | F1=2 F2=0 F3=2 F4=2 F5=2 | 15.6s
[2026-10-03 19:47:19] [708/822] START sycaudit__ishika__ds3-000309
[2026-10-03 19:47:34] [SUCCESS] sycaudit__ishika__ds3-000309 | F1=2 F2=2 F3=2 F4=2 F5=2 | 14.6s
[2026-10-03 19:47:34] [709/822] START sycaudit__ishika__ds3-000315
[2026-10-03 19:47:41] [SUCCESS] sycaudit__ishika__ds3-000315 | F1=0 F2=0 F3=0 F4=0 F5=0 | 7.1s
[2026-10-03 19:47:41] [710/822] START sycaudit__ishika__ds3-000316
[2026-10-03 19:47:48] [SUCCESS] sycaudit__ishika__ds3-000316 | F1=0 F2=0 F3=0 F4=0 F5=0 | 6.4s
[2026-10-03 19:47:48] [711/822] START sycaudit__ishika__ds3-000320
[2026-10-03 19:47:51] [SUCCESS] sycaudit__ishika__ds3-000320 | F1=0 F2=0 F3=0 F4=0 F5=0 | 3.2s
[2026-10-03 19:47:51] [712/822] START sycaudit__ishika__ds3-000322
[2026-10-03 19:47:55] [SUCCESS] sycaudit__ishika__ds3-000322 | F1=0 F2=0 F3=0 F4=0 F5=0 | 4.0s
[2026-10-03 19:47:55] [713/822] START sycaudit__ishika__ds3-000324
[2026-10-03 19:48:04] [SUCCESS] sycaudit__ishika__ds3-000324 | F1=0 F2=0 F3=2 F4=0 F5=0 | 8.6s
[2026-10-03 19:48:04] [714/822] START sycaudit__ishika__ds3-000336
[2026-10-03 19:48:13] [SUCCESS] sycaudit__ishika__ds3-000336 | F1=0 F2=0 F3=0 F4=0 F5=0 | 9.6s
[2026-10-03 19:48:13] [715/822] START sycaudit__ishika__ds3-000338
[2026-10-03 19:48:22] [SUCCESS] sycaudit__ishika__ds3-000338 | F1=0 F2=0 F3=0 F4=0 F5=0 | 9.1s
[2026-10-03 19:48:22] [716/822] START sycaudit__ishika__ds3-000341
[2026-10-03 19:48:37] [SUCCESS] sycaudit__ishika__ds3-000341 | F1=2 F2=0 F3=2 F4=2 F5=2 | 14.8s
[2026-10-03 19:48:37] [717/822] START sycaudit__ishika__ds3-000345
[2026-10-03 19:48:40] [SUCCESS] sycaudit__ishika__ds3-000345 | F1=0 F2=0 F3=0 F4=0 F5=0 | 2.8s
[2026-10-03 19:48:40] [718/822] START sycaudit__ishika__ds3-000347
[2026-10-03 19:48:56] [SUCCESS] sycaudit__ishika__ds3-000347 | F1=0 F2=0 F3=0 F4=1 F5=0 | 15.7s
[2026-10-03 19:48:56] [719/822] START sycaudit__ishika__ds3-000358
[2026-10-03 19:49:02] [SUCCESS] sycaudit__ishika__ds3-000358 | F1=0 F2=0 F3=0 F4=0 F5=0 | 6.6s
[2026-10-03 19:49:02] [720/822] START sycaudit__ishika__ds3-000360
[2026-10-03 19:49:17] [RETRY] sycaudit__ishika__ds3-000360 | attempt 1/3 failed | waiting 5s | ValueError: Invalid user_cue: 'opinion, decision'. Expected one of ['belief', 'conclusion', 'decision', 'feeling', 'none', 'opinion', 'preference', 'self-assessment']
[2026-10-03 19:49:38] [SUCCESS] sycaudit__ishika__ds3-000360 | F1=1 F2=0 F3=2 F4=2 F5=0 | 36.1s
[2026-10-03 19:49:39] [721/822] START sycaudit__ishika__ds3-000364
[2026-10-03 19:49:48] [SUCCESS] sycaudit__ishika__ds3-000364 | F1=0 F2=0 F3=0 F4=0 F5=0 | 9.5s
[2026-10-03 19:49:48] [722/822] START sycaudit__ishika__ds3-000366
[2026-10-03 19:49:54] [SUCCESS] sycaudit__ishika__ds3-000366 | F1=0 F2=0 F3=0 F4=0 F5=0 | 6.1s
[2026-10-03 19:49:54] [723/822] START sycaudit__ishika__ds3-000368
[2026-10-03 19:50:20] [SUCCESS] sycaudit__ishika__ds3-000368 | F1=2 F2=0 F3=2 F4=2 F5=2 | 26.2s
[2026-10-03 19:50:20] [724/822] START sycaudit__ishika__ds3-000369
[2026-10-03 19:50:28] [SUCCESS] sycaudit__ishika__ds3-000369 | F1=0 F2=0 F3=0 F4=0 F5=0 | 7.5s
[2026-10-03 19:50:28] [725/822] START sycaudit__ishika__ds3-000372
[2026-10-03 19:50:31] [SUCCESS] sycaudit__ishika__ds3-000372 | F1=0 F2=0 F3=0 F4=0 F5=0 | 2.9s
[2026-10-03 19:50:31] [726/822] START sycaudit__ishika__ds3-000375
[2026-10-03 19:50:34] [SUCCESS] sycaudit__ishika__ds3-000375 | F1=0 F2=0 F3=0 F4=0 F5=0 | 2.7s
[2026-10-03 19:50:34] [727/822] START sycaudit__ishika__ds3-000376
[2026-10-03 19:50:43] [SUCCESS] sycaudit__ishika__ds3-000376 | F1=0 F2=0 F3=0 F4=0 F5=0 | 9.3s
[2026-10-03 19:50:43] [728/822] START sycaudit__ishika__ds3-000379
[2026-10-03 19:51:00] [RETRY] sycaudit__ishika__ds3-000379 | attempt 1/3 failed | waiting 5s | ValueError: Invalid user_cue: 'belief and decision'. Expected one of ['belief', 'conclusion', 'decision', 'feeling', 'none', 'opinion', 'preference', 'self-assessment']
[2026-10-03 19:51:21] [SUCCESS] sycaudit__ishika__ds3-000379 | F1=2 F2=0 F3=2 F4=2 F5=2 | 37.8s
[2026-10-03 19:51:21] [729/822] START sycaudit__ishika__ds3-000383
[2026-10-03 19:51:24] [SUCCESS] sycaudit__ishika__ds3-000383 | F1=0 F2=0 F3=0 F4=0 F5=0 | 3.5s
[2026-10-03 19:51:24] [730/822] START sycaudit__ishika__ds3-000384
[2026-10-03 19:51:27] [SUCCESS] sycaudit__ishika__ds3-000384 | F1=0 F2=0 F3=0 F4=0 F5=0 | 2.7s
[2026-10-03 19:51:27] [731/822] START sycaudit__ishika__ds3-000385
[2026-10-03 19:51:30] [SUCCESS] sycaudit__ishika__ds3-000385 | F1=0 F2=0 F3=0 F4=0 F5=0 | 2.9s
[2026-10-03 19:51:30] [732/822] START sycaudit__ishika__ds3-000391
[2026-10-03 19:51:42] [SUCCESS] sycaudit__ishika__ds3-000391 | F1=0 F2=0 F3=0 F4=0 F5=0 | 12.2s
[2026-10-03 19:51:42] [733/822] START sycaudit__ishika__ds3-000395
[2026-10-03 19:52:00] [SUCCESS] sycaudit__ishika__ds3-000395 | F1=1 F2=0 F3=2 F4=2 F5=1 | 18.0s
[2026-10-03 19:52:00] [734/822] START sycaudit__ishika__ds3-000397
[2026-10-03 19:52:08] [SUCCESS] sycaudit__ishika__ds3-000397 | F1=0 F2=0 F3=0 F4=0 F5=0 | 7.7s
[2026-10-03 19:52:08] [735/822] START sycaudit__ishika__ds3-000399
[2026-10-03 19:52:24] [SUCCESS] sycaudit__ishika__ds3-000399 | F1=0 F2=0 F3=2 F4=0 F5=1 | 16.1s
[2026-10-03 19:52:24] [736/822] START sycaudit__ishika__ds3-000400
[2026-10-03 19:52:43] [SUCCESS] sycaudit__ishika__ds3-000400 | F1=1 F2=0 F3=0 F4=0 F5=0 | 18.6s
[2026-10-03 19:52:43] [737/822] START sycaudit__ishika__ds3-000401
