canonical_id,split,leakage_group_id,source_dataset,prompt_hash,response_hash
ishika__ds1-000001,train,0,ds1,a1082d315424fb2d854231eacb3dfde789ea99fd747c82a9647bbea9c326249a,353a1b12f910fab5d019a9d36d2e7f184993ed7a23ecd11196fa162121267565
ishika__ds1-000004,train,1,ds1,30df56d9f256e691021b87dc7e30b1cfdda39217f7cdefdb049fc0d01c052b54,711a1b47da688e4b1a2f22aa7cd57769ee4c98b8c46445feb0137b4f9d9dd10e
ishika__ds1-000006,test,2,ds1,8e4a9180a4f81edac9fbf8aeae76675b53464e220c497a8bb16cacd0cb3694aa,d473057295435c0f5587ad6528572ca2ce2cd4f9d3049a3ffa91c7a3721df105
ishika__ds1-000008,train,3,ds1,ddad7d6e0ed1c02d29d687b52322e38d5eed67cb68bd602249502a42c3310f9c,5470eae4bc3c8f4aa2f1ac6f77ff7c78e1c0a5def81006122d06cebdbcd8b2a1
ishika__ds1-000009,train,3,ds1,ddad7d6e0ed1c02d29d687b52322e38d5eed67cb68bd602249502a42c3310f9c,d2fcef24226979000ab648d9183d63f680c3603f2cf6ffc55baa5ffb0b755b61
ishika__ds1-000011,validation,4,ds1,632203e22ac0c9bb63d95369ac89dadb608095cbed9803cb52051da78b29ebe1,cefa21441d4b81b44e6a3a0c5738c7d2f38a3894648cd01159f17deb16884102
ishika__ds1-000013,train,5,ds1,859511de5c023e66f99c7ae1edb915cd7a48a6307e81648fd6f14723c9f6fdf9,0834128bcae1d5550399b7c239d9cbcb5983f6c8d90a8d713b5b8d13803065fa
ishika__ds1-000016,train,6,ds1,d614222d15cac8f9c556692c7dd626e45848f57674361a69a5e475c248f2d236,8c8b082106b7d6e5698e2f8b72973941b526d9013da8d6fda51be80dae418d3d
ishika__ds1-000018,train,7,ds1,608aef7f9e627c87c54ccf002440aa2c6cff5b0a117219fcc3249c4479c555a8,4614f7f999824961ebe774da1a619e466ab538a133c2d867fd5d2110af1a9a62
ishika__ds1-000020,train,8,ds1,4357666a140551b09583e54b13b78e44bfe43d51c01cabbb4d023e826a4c3c45,308422529262612c8f4550af1dc1d8dbc14536aa81b984ef46148639b671dc57
ishika__ds1-000021,train,8,ds1,4357666a140551b09583e54b13b78e44bfe43d51c01cabbb4d023e826a4c3c45,54da0a185e7331e81544c542c26e1b52ad2f9fcc43b82e73d9be5c1cc807a10f
ishika__ds1-000022,train,9,ds1,850f7244ff4332a70d406c0f3699469ed580b3737cc26e2b02a8ef2f341414e8,9cac43aa69107fcf43a522ffcde8224bf8812561cad6e256116b20c2f7c5a23f
ishika__ds1-000023,train,9,ds1,850f7244ff4332a70d406c0f3699469ed580b3737cc26e2b02a8ef2f341414e8,e407c7b6ea283a6c28da07e6d7355b4cc8f18cfd6310e9d08a09e6839165ffee
ishika__ds1-000024,train,9,ds1,850f7244ff4332a70d406c0f3699469ed580b3737cc26e2b02a8ef2f341414e8,8341f8d1715d8b61a1d5b6974632afc3a57c17c748ca1f39cbff75fb615d2b10
ishika__ds1-000025,train,10,ds1,b736a8aef363bec096955c33a5fd1d7f2b721b2b0b30ee4fb003eb955453526f,c264b985fa60627e720b25aa827176a0c3b385b4b373b12595decce6561f3dfd
ishika__ds1-000026,train,10,ds1,b736a8aef363bec096955c33a5fd1d7f2b721b2b0b30ee4fb003eb955453526f,e02de935c3a004322f9c75b3d733dd8e1116710c386a35600b3722a132e994f4
ishika__ds1-000027,train,10,ds1,b736a8aef363bec096955c33a5fd1d7f2b721b2b0b30ee4fb003eb955453526f,27ef3bb3a26678fd8705f6dd759270dbc8d3ceba61927f91d92de387afce6c36
ishika__ds1-000028,train,11,ds1,08ce0abcdfe06d71f5cbd622398112cd3fa8ac5c1a6b9361b478ddc756a7d5cf,7efe211b592187c04753d5e0e2d678268ab004b9279c0041377a4318fe720a79
ishika__ds1-000029,train,11,ds1,08ce0abcdfe06d71f5cbd622398112cd3fa8ac5c1a6b9361b478ddc756a7d5cf,f186a8e54b48cd9394e34769c5b2b975058e275909c8d3414732631c99c620cc
ishika__ds1-000032,train,11,ds1,08ce0abcdfe06d71f5cbd622398112cd3fa8ac5c1a6b9361b478ddc756a7d5cf,732d2b44564214095db3c4a4126fc8e6305b0f79305f8657d832f155a4ae649f
ishika__ds1-000033,train,12,ds1,fae7dae5ac61f4d12138c26ccbdc6be912b0a88452e6a1796b136ba3830c1335,25870dbbad112b4ad71ec045b06176c03115afebd86be1c45759d33aa0b519ad
ishika__ds1-000034,train,12,ds1,fae7dae5ac61f4d12138c26ccbdc6be912b0a88452e6a1796b136ba3830c1335,703e606833882d449c35b848d94f35b8fcc9dad727c04de32ccaed6976c544b2
ishika__ds1-000036,train,13,ds1,a1bc80584da57c6edea05bfdf0a785dac5c4c4ae9c0ab9aa6b5e0508ea7ff2f4,7d27af8bd3a40af1dd30feef79ba18fcb06b39211a5fa436b07739442dadd386
ishika__ds1-000037,train,13,ds1,a1bc80584da57c6edea05bfdf0a785dac5c4c4ae9c0ab9aa6b5e0508ea7ff2f4,3180ee53958a8ca62c28b198e8230716e42bb93bdb0ffe76e42654f09c20f892
ishika__ds1-000038,train,13,ds1,a1bc80584da57c6edea05bfdf0a785dac5c4c4ae9c0ab9aa6b5e0508ea7ff2f4,805210a8a0c42fab7ebff37df5b4d88a91af7c531649556a0aff1112033ce6de
ishika__ds1-000040,train,14,ds1,aa0dcffae47e0385e3e10ca1af07f7b4908db61409f4eabc3924442a509abd1c,e08ae5021811fd049b06aa07c2e15a2b7293245f0f4f704c627e95763f896c0e
ishika__ds1-000041,train,15,ds1,a540e70abe5ffb3c24525dd535dd8d8858404585e8ac9c4e8e0fc4c5344f746f,97f1f64ebc3293dc6b2f10537863abed2d032b77b0145d1e25b95c2830551894
ishika__ds1-000042,train,15,ds1,a540e70abe5ffb3c24525dd535dd8d8858404585e8ac9c4e8e0fc4c5344f746f,74d75b75808080bcfda84e5d655f6579626f81e5899bf0342fb55c543fdc33e6
ishika__ds1-000044,train,16,ds1,6164f1d78613c0fcf8a5824da5d955acc832b3a694da0a0a5b6eb87ad76448fe,0c1a329296760eafc6b061beae3f63ff7c1b4f1b537948d6462990799378845e
ishika__ds1-000047,train,17,ds1,613eb13dfdceecdb4d856a3516dccffb52cc509a7bafaba9eaf98d14f24e04a5,ba0086d2d958c5d2e757b25f6b0c27527784d0f1e7012745c253a71134688e0f
ishika__ds1-000048,train,18,ds1,1ef8427d207a0a45ec8fe495bdfea1c850507769869b5120632c323efee3ad2b,efac44a52090f136747def0d9e334fa2ee1414fbf899eb63f07a641685274ab2
ishika__ds1-000050,train,18,ds1,1ef8427d207a0a45ec8fe495bdfea1c850507769869b5120632c323efee3ad2b,68c507bf60c07819d4e0129f09a8b467e247f966aba88ac9da090dc988daffcb
ishika__ds1-000052,train,19,ds1,7e81adf573be452f8ce6047547cb9b99dc3d8a0e02b7ba6f312df384e75deb9f,3b821e57d84cf7eefc05817c1c9c7475a97ee1022aa69b9dd65e9e16c27f7461
ishika__ds1-000054,train,1,ds1,30df56d9f256e691021b87dc7e30b1cfdda39217f7cdefdb049fc0d01c052b54,c3b0a48d4f985556c3fb2245e10bf3b2bcafc6325ce8ae3d8c443eb37fe0b2f7
ishika__ds1-000056,test,2,ds1,8e4a9180a4f81edac9fbf8aeae76675b53464e220c497a8bb16cacd0cb3694aa,7a222f1526d0c43146da58e5471c0b00dc4df3f493d85b2c7f5f247f490c577a
ishika__ds1-000058,validation,4,ds1,632203e22ac0c9bb63d95369ac89dadb608095cbed9803cb52051da78b29ebe1,8c4551606f911faaed93c5d08f1959ad76928839aadcd86f9263f0699767da24
ishika__ds1-000059,train,6,ds1,d614222d15cac8f9c556692c7dd626e45848f57674361a69a5e475c248f2d236,a34ec92a98e55655ad8904652a234f33d345d53909e065715a6f4fdd662e1881
ishika__ds1-000060,train,6,ds1,d614222d15cac8f9c556692c7dd626e45848f57674361a69a5e475c248f2d236,695113feb72b3dee6ccbac1458bc9988ba261408e972c239b7c78408e572de95
ishika__ds1-000062,train,12,ds1,6d73b7e92c45ae90c0e28a0b8d169eaa316e96a10db65cd0c902394ea0f0b34f,a04d7e201fb1c30662a4f11a26634bbc105d9e91437d33e56e5178dcef261067
ishika__ds1-000063,train,10,ds1,b736a8aef363bec096955c33a5fd1d7f2b721b2b0b30ee4fb003eb955453526f,0aef0f66785f13565627942808321d00edff1dddb7d1fede35997248702b12d9
ishika__ds1-000065,train,20,ds1,ddd3d2a2795989661145780cfbd9542c46504fafeeef7a3533392cc672a062ff,aff152225ef888bf9cc7dd895328da40dcd29703b0bef51736f674c55762e156
ishika__ds1-000066,validation,21,ds1,8a4d3bdcea93e63576873590bdc541f6551f9e4297274a45f1cbed123dbde592,454929ab37d7caf9f74480007965abeac002d6ab98bc7f18babeaaec4e405fc0
ishika__ds1-000068,test,22,ds1,b9e2a6533d35e0427d0c567caecbfb591615159d9b47505d307e5e6434cf0221,fa5037efcf5da7fddab86d125c59547d50580355a94baad94e1b861333fbd8db
ishika__ds1-000069,validation,23,ds1,07185087c4a60c381f75a7f370faf3ed1062d7dd04407f30cd5f8a92d3ffbef7,1d34831e6f57c0c9312004c2bacc8a7db857e714e101221a8ae09e23209fda26
ishika__ds1-000070,validation,23,ds1,07185087c4a60c381f75a7f370faf3ed1062d7dd04407f30cd5f8a92d3ffbef7,816184f7f93636160151f4baac5c79195d0080c53dfa2d5837f9d44899afc61b
ishika__ds1-000072,test,24,ds1,1c2948b260a2a7e0f9477ec059a6b263417458e9c7f175ad43bcae798983716b,1b6e7c871e638105e5d08b7ae4387052017d07c26a7f41822c69982a970c6120
ishika__ds1-000073,test,25,ds1,dedc01e23bc218552de83907c5a9cc421b5a617b8f3365f2a9e82bf2f9b90889,946fd27a752dcb85538a969bd6b2610e0097b2e1ec253a7c7a7c285b72411b98
ishika__ds1-000074,test,26,ds1,daba36630a874f948c922b6c0ea8a726f4bbb28ab7761e4d0471d142dae198cc,2449e3ac2ec39d5190573d3126da8f10ff1ffe83c8957e35e05864c0ad827b08
ishika__ds1-000075,test,27,ds1,6605e0fa2a541b5cc7cfb3a6c4a3ff815516b241ba25d27cf6c95c1687ca93bf,00157c25851f52e75bd8bc0eeff752127af47aae64bd6e7ded5a8155e647280b
ishika__ds1-000076,test,28,ds1,bdfb0f30116bfd62d9af568a9ef7f410bb7d4d9aaadab7038851c6f586d6c24b,c24694bda316c0bb27424e82c476186511c4c2413f02fb81acceb9636b79860e
ishika__ds1-000078,train,29,ds1,09c5ef866b1886de996cfff8eccf26c0117498a609ed49daf30b3e37e2c52cfe,c2883b065089d27a7b7744b3da85f89279a10cf061e76d7b7096abca238e8ea0
ishika__ds1-000080,train,30,ds1,806073a7a1f61190c4f9096739c1474c6277e6cc82af8a9a9fe47f9ff9249882,280f911a5e1fa061c43801791c5c74fb65af0fbdc9b39b5ac98a65fc6ae45c74
ishika__ds1-000081,validation,31,ds1,6f3f890eec5f0c96d7417389c63d1683b6463800ce85f08606d50046992057c1,3a9d502f4bbce631dc25161b31aded6c4fee5a89057db4db91277c60d80f2c28
ishika__ds1-000082,validation,31,ds1,6f3f890eec5f0c96d7417389c63d1683b6463800ce85f08606d50046992057c1,5d8c6dbea544e594ab8b03cf1fcef4e053acd4a0c98237ea36ccb01e68d400e9
ishika__ds1-000083,test,32,ds1,cc72dcd9a77720d553ef5ba4ad6b89405e17dfecde3326795dc7ec86f3c4651b,b0930a4e0e1e8b91bd1850b4dce4bf83482d64e34c403f7a182514341c4e089b
ishika__ds1-000085,test,33,ds1,cc5841bdcd7affdc0f7d16245ed4936bbe1f980e9c514b42547ed57998e0f190,bae9934a21e620c0403282c69ddf6491f9e69315544e8633e8aa2677c3fd8db4
ishika__ds1-000086,test,33,ds1,cc5841bdcd7affdc0f7d16245ed4936bbe1f980e9c514b42547ed57998e0f190,3525ea9811fe746d2718b73d3fa1943f96a911f90ea45291ad37dabbf6dba8f1
ishika__ds1-000090,test,34,ds1,3b0bb950c6674cf2ac607fddb6ed00dc30aa473d39f2327e835622bca86c5656,77aa743f307ad3e84d22944436f7b86e0d22392a78c2b1b9b0ab9c54cf18593f
ishika__ds1-000091,test,35,ds1,ca944022fc78a76e69a83ef96dace67ae141d7641f4f922d6e2311f5c5a0b242,3807eb623afc7f5cc581735c80a8ba53fe4f2e03cc822cb8f2850eeaed2454bd
ishika__ds1-000093,train,36,ds1,21727214e98fa03fab05f2421a948edb34da3fb301bd0ebd4511e1d650240213,00346f66e088fd9f7102b57fe6d1ca94a69d54eb436401f6af222ca9a4964fcd
ishika__ds1-000094,train,36,ds1,21727214e98fa03fab05f2421a948edb34da3fb301bd0ebd4511e1d650240213,9808bcd7d36f8de8e44d188551a1d9e41ab294ef473e677ccde72a8352904cc3
ishika__ds1-000095,validation,37,ds1,9a66cb8ad9d6ff2308e0511b908a1852e58488285e3b1b40e8506c65ae1a1b27,43cb3cab089b02a0f6afd8bfc94ad62febab81cb4fdf93bfedeed8a9e45c41ba
ishika__ds1-000096,validation,37,ds1,9a66cb8ad9d6ff2308e0511b908a1852e58488285e3b1b40e8506c65ae1a1b27,bd178d1d83715aa6e6c7bbc3de30526d1f8fb17059651442cd220df3e7dde40f
ishika__ds1-000097,test,38,ds1,8843c4bf08f479c770c64f66036b3d0457cb8cb64ab5c62187cf00fb7295648e,fd670d8996e3b7f2730f415a0a90981805925e679433aec305a5c895af2cb9f1
ishika__ds1-000099,train,39,ds1,55db156153ef610e8a1ce4be8d401c0e926d376836fc82fd6917faa316341d34,e01d9cbf5fa577dcfa486d9e101062f1711a01865e07fb70833fd5229e7b2b0f
ishika__ds1-000101,train,40,ds1,0dd6c6f238d4990f3fba449d2191a91da1e4d34db93375820e99e1c1686d0fc1,debbb138bbb581149991ca85177151321aecebcfafdb0690f4836d1268572d95
ishika__ds1-000102,test,41,ds1,e0c283208a360870d13a232522dd3b0aad17223e2b48c26b87b7c90c0a1337c0,d0ea0b7bd24aec795164457c39969216bc735a33003bb8c4744ead3ea1cbec08
ishika__ds1-000103,test,42,ds1,02befa90a55b1aa2203142d619284d8dd97bf00052dd434a91e1691a43ed6a4c,733133aa07a283176fa6d575bc774de8b7c879f315166182daf1b5b87ad8d256
ishika__ds1-000105,test,43,ds1,138d0a8b406714188e16cd25b88dfeaded00ed5f93ced0e56fcba5b23adca9a9,d3b325324e17b9367370a269a7b4fc083b754c6e13fca4a678671e6fb34978ce
ishika__ds1-000106,train,44,ds1,f4c4a053959bc04dd8cb904f3269622221ac8b4fb8d62a5b2b18e246e5d4138e,60db3c1769a04841c76123218a3cc61968d0dd425e0dc542ef8f86584315906d
ishika__ds1-000108,validation,45,ds1,ec2ec7b82220254890d00a951813371f232e442873c1a9f0172749a1e8603309,f6e56b19c164108604b02d5030c6605812abd86d64cef6e96d2919abd27c7d75
ishika__ds1-000109,validation,46,ds1,b820d1acda614a9ee06056d5eaf5ba975d1fb53b5a7278aa7ad7c8f4fd2b0b60,32044b1d1efddb73dcde75565e59c38c31e832be8d25dfd1c6d3b184d552e741
ishika__ds1-000110,test,47,ds1,9c2fd2390b8d0eb1ddeee68e570196a4666e6bcf3bc1582d4e29286b2abc0abe,d6cd26f5c1f7df5875fe9e16f35cc0abaeb1a8821ca0c8deb1ed32093500476c
ishika__ds1-000111,test,48,ds1,85778cdcca2d1633ad5b698e981cca065569a62167f92cdaf17ac4f2170accfc,68e70bf00e17c8a2e1ee8a64ef093e5a68835fb4d87dda4d486c3dfa63435105
ishika__ds1-000112,validation,49,ds1,ef1d83370004dfc30847b6ff841688435a901c6f479470d092a732cd896f317b,008c832cddff81a599d5246b198635a80e2b37669733e437be49ada5b6662c38
ishika__ds1-000113,test,50,ds1,2f327ec1913251339c8f0cc64ab502bf5dca858b3cefe3be0d90630334f419ed,0f52f9f8b7322b7a4dcfdf395d06897f24fb6af2b93d85fd0f611998721580b6
ishika__ds1-000114,validation,51,ds1,f0109d42b9f6adff19f10a3c6b3f8f74af2a8eda0066a3914e72414a1849bb29,bbb70d64fdbd9dc3e8c8213f3ffe7d4a630ccebbb3b34b07cab80bfd6ee10f3b
ishika__ds1-000115,validation,52,ds1,4f9b70f433eb7ee6550d98ec4f13b4e68c296b9b73b98300fd91896e9246a104,b014f12bce3cddccd5b9aff1bdeed7485298385d466b81ff87125563903efc66
ishika__ds1-000116,test,53,ds1,c5ad5d4d3b243df52c1187b673ce218922f3bf9b473a618b261cab2f1f05b09d,8273ff5c502197b3f9fe0da3b189d2d91f111a076e943655e9d8ea611031fe01
ishika__ds1-000119,test,54,ds1,a7dfee5c96f85cbc87c7bd6bf975ff9a9b95791c8ad5f631578065f7b280367a,2fdd38c4fbe0a81eb1d547f99644bc950989e48f22acd67ba1e343b10b21dc28
ishika__ds1-000120,test,55,ds1,ca4642ac517f38397486600c1c9eca79878ee0df7a6225b9408246431b3968d5,afbbb89a5939e33543ccee2a87297d22dd065f676b8940f458f4c41f9eb0690e
ishika__ds1-000121,test,56,ds1,d8764da68ae877dfd40652de95c8ac9856d76600576debbe77a845fd31ef43ef,3852a85cf58d599a63a06a6246a773ef562b580691b4d699ef8c56e2213689b9
ishika__ds1-000122,test,57,ds1,6345e19273e292e20af837c2663e725964bdf09c3d462e03ee82e8c3a9435e17,0588ce03c17f43857480d04bed0cc21beec647c3f59c4a1e962d9c449c4e596e
ishika__ds1-000123,validation,58,ds1,d08251963b4a5058579657e38b3be1ae56413396568ab58a305efeb92eb348cf,fd242fa0fe6289234ce5a3c4025d805b0c411c5f1de760ecf32e896bc4b536f3
ishika__ds1-000124,validation,59,ds1,b731098897380879c64abbf14f0c7ca002305bc5e652525569f8b84e9c3a6977,bbe056ad76b1f45832ab46ccf07c4a3c0399357e21b0ea5e41517b7c2fc9e043
ishika__ds1-000125,validation,60,ds1,cecbdd03a1b2d239d5a74564376002bb8234d4b04ccf83171b8afe995267442d,e76b11b8a74a8033bb9d9c4a47b53f51241a87c30b8ca4e4371c713f2114ebd0
ishika__ds1-000126,train,61,ds1,0f8ac2b7f4f172547215af09530d5bed500f41abe270139435b193cca464eecc,a124a9a1e471eb650ac6710bd45d85f99d7d6f67b08158d6df2575fc7f14fbf1
ishika__ds1-000128,test,62,ds1,e796e2c7e9af426ce1203343f4f2314adb9ce0817649856bf9045ac5e989c048,bbabc3f4a0e5efc25d01afb3892d32a7f12f1cb539dae6a1c212616aeef2c14f
ishika__ds1-000129,test,63,ds1,76b32111ae76b91b75a5980d5844f1ef46a92231ecc799e1e0051a1eb6d124c9,9906f40f9bb3fbd8410882eae1f6f322881dedca7fd416e9bedd11797e290b6c
ishika__ds1-000130,test,64,ds1,d393ef3985d976f5b56c50a21c0c546f7ee8ad8882b3468422e3833856ddcfc9,252d23445b0e2b605e8c7acc3d82199f0df0c313a93c076ba6e8ae37baa69e2d
ishika__ds1-000131,test,65,ds1,b6c82a3fef1da73aae3e9acbe997d505b0d604257e5fcdbdce3533532d894286,09b7b983648d1c72d08e12de59816a194b6a2f47d79a702c00761dd064945405
ishika__ds1-000132,train,66,ds1,7f67d4bd636aa5baf278cddf743f23cbf560a5fc9df901ed5a91989b91a1fbce,58d379c438a4e8d80de2fa84ee1a03ecf16a3780911783a4a482dccb5f55aaec
ishika__ds1-000133,train,67,ds1,0e8580bf8f21f998ccc80b2563673c2f71520a5bba702a1e946174a3a8f60638,0986fd2589825fcc31d8376ff56415fa7add33577e467d54df2ba82386e45267
ishika__ds1-000134,test,68,ds1,e0dbe13ae6f0d06411d7d6709ea8dc3599a24601e7925bd4d2bd34b4ba95b69a,4e4dbbc4bafa60ddc258e4d13a7e50e045ccc1c6fc7a1ca47fc81888c544d269
ishika__ds1-000135,train,69,ds1,93a69ce00364f1cb17745cad02bd3e9ab4812635e41bb1d6b5e2745d50324032,e051f6bd0f24e6afee7af7c7dccb9e09d0e6936c901db9f98cf92afc4d48f057
ishika__ds1-000136,test,70,ds1,dce353bf403d62fc7da3e38663654f9e85d38ec9470c2b03bcdaea8ebd3e65dd,3e1366fa26d2f1a08a3fe52ef0e63562049c9750230adf0fa64197f9cd71b536
ishika__ds1-000137,test,71,ds1,0a5deac16b7c0b75b2f4af991f469f8747c042e9889b810efe58bcfd07bde900,3bf08f6298c0c6770df1d278c5ea9cc6af0d1d78a4cbfe3b8302d952db8ef675
ishika__ds1-000139,train,14,ds1,aa0dcffae47e0385e3e10ca1af07f7b4908db61409f4eabc3924442a509abd1c,081e5417cba6d92afe83c693bee6c4f2564a19d4049ea99b47cc972429b7a3e6
ishika__ds1-000141,train,15,ds1,ea05f926740cdc4d34831285044b86d0baf957c97d64d64a30c7182222c86656,91560a175b9fa5e74f495b9540c002b247f18ebd5b43b4d74d16c7e7a8d381c0
ishika__ds1-000144,train,0,ds1,f45f48544a7c4c388247950d54e7a801cbf2fc88d399520b553d52a8e53c024a,2ec5e7e671de60483b028a1a19890ccce5f6de17ed436f998011516a81d89a92
ishika__ds1-000146,train,0,ds1,cec138a177b12701d6c1f0585fc7482c544fa8ac98c58265e51642b156819322,53602d0952cb5005fe94bd2cbf2cb5c03163ebf433c5c0cdaffc507c52d5b4ee
ishika__ds1-000149,train,72,ds1,e5e514102c8466883d79fbaff41140e98b0389579b12c125c944f00039119416,9a6a6a65f185c91e8e4924651cfc9c12b1e394b94661ba5560ad24c3435b8b58
ishika__ds1-000151,train,1,ds1,26a8e83e70e1e9a4ec52d2ca4e4f403b6bf9454bf7b8172d6c3f5b7c897465fc,be92e4d5c0a80d6d0578a68d1998b63bfd37a446c83dd5ae0bca95a6f28f5be1
ishika__ds1-000154,test,2,ds1,9f8850e91b5d3a51ac1801f374346f9706ae5bbab9c73fa40d34a85307b7c14e,797a96cb65341a2ee33097be6845cf3b47149bef295d3d3efc5f2f17da59c404
ishika__ds1-000155,train,73,ds1,16582a1b7d9f5554bdcbbf488a1d8f93c50d7f576dc1e9d6490b44f3fc637044,90da9c3262aa0843d48a27ab718c99890929e5ff137970db81bedd989d513807
ishika__ds1-000156,train,73,ds1,9015f3b63e41faecf983926504a937f56b4303dd9a895ff49c4d999f2ed09511,0b29f8623e80d06567d686a746ac77007eb4b529a1d4780bda217fc7228618a9
ishika__ds1-000159,train,7,ds1,320c14ec9058d790f390be5bab94774c4d59e3e82cb69ab42a2c912c3813a4ee,1e032c47e5ae56a2f3ecd4950a698e85c2997e30616a42784c587a9d279d0e2d
ishika__ds1-000160,train,7,ds1,608aef7f9e627c87c54ccf002440aa2c6cff5b0a117219fcc3249c4479c555a8,2c8630e58405334ad7ed0beacca35afddae86bcadbd895edff3e44b17a6839f0
ishika__ds1-000162,train,8,ds1,4357666a140551b09583e54b13b78e44bfe43d51c01cabbb4d023e826a4c3c45,0749827f9f293944c50039925197a4df951f4fe25af66c62fdd2ca6c0fb63b7e
ishika__ds1-000163,train,8,ds1,e6e6f8240f502ec292179af4bad752e04cd0bd001fb2c78f46ff4291d5a70fed,7f0c904024af9fd7de84409f28549e5da1c285ec3feebf84ad6b781985569148
ishika__ds1-000164,train,8,ds1,35c680f1adc51b7609d01f1db0d5b6fbd04465635b13b20fee369c78928ff518,700cff2c5ca54e96d5467299b347233073ee8be131637a707bc1d80506b65682
ishika__ds1-000165,train,8,ds1,35c680f1adc51b7609d01f1db0d5b6fbd04465635b13b20fee369c78928ff518,07762006b45daae5b76a7156f96218b23ca51b90b02ee35bf299a92512946371
ishika__ds1-000166,train,9,ds1,850f7244ff4332a70d406c0f3699469ed580b3737cc26e2b02a8ef2f341414e8,d1cc260899bfc9182e688298dbfd756d4f9a28527483a54f8a692246030c9245
ishika__ds1-000169,train,74,ds1,4de54f0bd1ebcb2b7a95571dd22b5379779bf745898862c6a980f9345adeded5,9f2500911ba8ed41236c0a3c1eaeb804fe3f88190bf78188cbd1478c79cbc4f2
ishika__ds1-000170,train,74,ds1,61a8bcbeb7367d0547a3dce044c121c3b25d396b85823d57771f7d9567ca4f59,e5bd2a7f2477ab67d87c014ae24886ff0991c319c23a7caaa90b62cfe9dc7dad
ishika__ds1-000171,train,74,ds1,2dc608258d5963e356ecfc61157831ba46f457d9022eb3f1b78fae9e05c1e709,9258990f7beb3cf4c74941f1117f026bdf2ca740e4e9eb13916f3d067ae5eaad
ishika__ds1-000174,train,10,ds1,b736a8aef363bec096955c33a5fd1d7f2b721b2b0b30ee4fb003eb955453526f,4dca79085bdd9bc742f634490a03ecc15dfdc4f632e17a4f7b92990ad9e68bd8
ishika__ds1-000175,train,10,ds1,b547684c552c3d21a0edf3d8c6db1a86896184c31386876168317a629a92ea04,f2a048c2ab8de46297add7e769baa99e175ef87fcf29dd9128fd3213babd4e6b
ishika__ds1-000178,train,12,ds1,fbff058fb9f5618b30ec4a768c2328f959b2f97d5065635d0e5b0a386f484e26,ef21277a5d6200d1b81fa7d86d8757789fd8c036e3105ec9f39fd384e6bf4401
ishika__ds1-000179,train,75,ds1,46bb80d54c7287958abac34c47cc9b397032f1c9412725f41443ccfcc8dca15e,179825a114fe8ebb61509532384590c697fce2ac2f290ee526316cd7e971c0d0
ishika__ds1-000180,train,76,ds1,643e4f124ba78a0e304347f97775c2df0253e6db89fa2806a4b950e573b52a68,85ccfe52dce7065d1d522771105be014b1852bb42f149cbba513c2674d4c10d3
ishika__ds1-000181,train,76,ds1,597dd7d2c947ceca8b9fabfb64e1e8f850cc9db7824f7de0d4d7283f1e1e1737,888ad784a60feb0642d74dc92adf891a46cb8c5d1294d09f4fad48c63a97c12c
ishika__ds1-000183,train,77,ds1,5e4176f44a48155987f33cf0a0b8bba61edbaee4b5dcd8fe280db0bd8f187af4,0ac150080df6c8cf7898cd990af6f6bee95ca84cf2e2ff97b1f1db5241eefded
ishika__ds1-000185,train,78,ds1,2a0efb01a1fc14cbf6608deb72ec5e53fd33611688cb0a1dde24d906763a5faa,10c65c5cc6cfa6051cb9a58779408d6acd28efe024ee437724e7bf6e171f6289
ishika__ds1-000188,train,79,ds1,927f128686ca0c96a5e4d0c5678dc9167f8be8660f6e2b6916e6f1cce15c3273,601cad309decf2618bf4c23f6e5704adf05d43cdcdaac5299799764e5266a52c
ishika__ds1-000190,train,80,ds1,134e28718db031ac8d9a5fd010f402fcab1301d3aa6d86c1ee3731c366e2ae8f,2840eb04d478c3ee3bce0f100b6577c18903068cf3b141c4083f2eec8ea358d5
ishika__ds1-000193,train,81,ds1,5effd19cdf9cf41152696b46cb2a9afafbd43b46c0f28788979063989a3b0955,eb73dd104a269b2c1ad2d8c068684dfa6a41a0ed1c6948bb924e21da8df9407e
ishika__ds1-000194,train,81,ds1,39c9e848ae6d341e62625bc06d1eb470c061621c9a96b5ff5335292735f1e3c3,902ef33f5355c461c7c62a11cd08077d2694f5e098f6ef9c58839ce458e3449d
ishika__ds1-000196,train,82,ds1,72120cce2d6c6868cf30e0d9d55ada4a9037a62dde041958719c424c9be6126f,197e2e86fb2f25ca9b72a2dea91d9e9d9ee693035bef9de582cff203ae233a27
ishika__ds1-000198,train,83,ds1,a4320971e5015c70d29747505d024362464ff1edd3b3a4a3ee855b419fc3ed53,0032ac4225d2164f7411cd0bf41a4976ed3500695aa3dacbb8792062f4bd7731
ishika__ds1-000199,train,83,ds1,a4320971e5015c70d29747505d024362464ff1edd3b3a4a3ee855b419fc3ed53,8321408067a95c36fc5eda2a6e0b624574da937c76e8810760106a19ceeca3c3
ishika__ds1-000200,train,84,ds1,fd6a5dcd1a5cc4de8d87adaa08fccca113f21db20c40ee21f2933fef68a4379f,a9f554e0d1a2a535029ad33f57346fc1ad68d8e8341771535acc48467acb40c5
ishika__ds1-000203,train,84,ds1,6bc5cda8fea386d38db689ba3a813590bc5575c6667c4a920b4095a0ff195233,d7125f63d0e4fea60781d9c63a5aefa2697ad0c9f0805d7a17e55e5a5ff4bab0
ishika__ds1-000204,train,85,ds1,2489a9c16913f6d737092aaa988a38e9e5774c3d356db92afe80af4acb7b0197,8f412d252f70c47fb5c4177faa77c83772f4acb556803ea64010658b2987ab1d
ishika__ds1-000206,train,12,ds1,d8c6c7b6da5bc4755f457ed0dd32867795f5928babb4a12caa74704aed9b2289,d8a53f44e4b7fdd28392f98ea3480779e0fcd5adfefe9a97c61b81ae6ae70ed1
ishika__ds1-000207,train,12,ds1,251dfa7a5cc7a309c858aab9f1e23bf47f10d141100b5cd1d01fc628de004856,da31524c8f6693b7c9af41e2330cf82392423e526080fd98fcce94499c8eff4e
ishika__ds1-000208,train,86,ds1,390109be818b323aa8d666b3d03d11181055574dfaec588a563991ca98dedb6f,575390d0c90ebdef402abb362a7053eacc14a2f7410b3c3a043559755062e42b
ishika__ds1-000210,train,86,ds1,7b248165008955d6f6baee8f239f4beeafbd53c677111597146262e027c5d83b,a4b87f7e48e560622cd8999363589b68c9846481be6577a6a154efb234be8d7c
ishika__ds1-000211,train,87,ds1,029c4a5e1e6be74b2603cd25804253f5c30b9196fb166359235b9d345f4391a6,f735fd21fb3b32ad5d4eaebba5500ceea13021123c3bf606a51b4f818ac9c38a
ishika__ds1-000213,train,88,ds1,a88dde6796cfa9dad5ff111a7bdaaaee049d4ad85ec3815b210d5aef28f14a6c,e70e159c01d86f8f578102461c5ae1c102f790ad4883e1a20bbd52b68de04ce3
ishika__ds1-000214,train,88,ds1,80f60656fc1f7fc21bd7bd25386978f624a66de795c89778a7d076549847fd8f,a0757308073b7b0ca08813a40d720164dce009d26a67de89352f30d368ff022f
ishika__ds1-000215,train,89,ds1,fc8e3c0277af41d624c0a9d5a78a108c918537db845eefc37606214153605ace,41fcc435f290dc65cf158a89a5a9547886f8406aa2bebedd968a4a2cfe6c1a37
ishika__ds1-000216,train,89,ds1,fc8e3c0277af41d624c0a9d5a78a108c918537db845eefc37606214153605ace,b69d90636947ec1ddd8084a8cd390fe5e6fe9620dba7a2ad3c568e7f46b1ddc0
ishika__ds1-000220,train,20,ds1,ddd3d2a2795989661145780cfbd9542c46504fafeeef7a3533392cc672a062ff,1298a18faa837540f6507727f1e44d8d3decd00643744a6124e63fd79c95165a
ishika__ds1-000221,train,20,ds1,ddd3d2a2795989661145780cfbd9542c46504fafeeef7a3533392cc672a062ff,3aef94aa13a54ce3528cda5c3581bae9c387054863e8e1322812b04d40b4c012
ishika__ds1-000222,train,20,ds1,1398cbba4b73c2c030427c1cd7dbd8620c78d9472f6caf8d5c5eae25a0f9f251,54e8df2ee89925b99da254fb97154192212e92b20fc789b90a33fa1ee2cca074
ishika__ds1-000223,train,14,ds1,69bcc942c542c081ef8fa9565761f69d1aa521d0ae45b1de94f5478348fc61be,334a1772edfd4c6c54548a6b18a0abe7dccb18c91425ca1d3b58cffc462e97ce
ishika__ds1-000226,train,39,ds1,79b044274cdbef8ec12c09fbe17bff71306a3db672a39bd0920809089fa95b04,db889d707c6640c9ab3f4890618708cd0906e7dcdbbfc64780ea7e66aea12102
ishika__ds1-000228,train,0,ds1,f45f48544a7c4c388247950d54e7a801cbf2fc88d399520b553d52a8e53c024a,86b6b5066dc325d947f3a141d8b1a70c045a58ec87c0919537baaadf101c3b6a
ishika__ds1-000230,train,0,ds1,d3926a8563a630c5623479a596fea30cf7a671f0d67a1e0871c16dfa3addae56,5e142a78288e6ed2a0202ce31c13b423178e4a1483c36007093be42667ceaa24
ishika__ds1-000234,train,72,ds1,a09e37ffbdd60b1eb32232d62c5635b3c8fe90144950b4efbb24700ea772e0e5,f962a74d8f913d7c534c1b6d3abb8bad46f766b552f3cffc7c9e6657d518a7d3
ishika__ds1-000235,train,72,ds1,a09e37ffbdd60b1eb32232d62c5635b3c8fe90144950b4efbb24700ea772e0e5,692656afc96cbb53232b077b3f9e3c1ed3b81aa19fc8575262aa1e56cd48b3c5
ishika__ds1-000236,test,2,ds1,8e4a9180a4f81edac9fbf8aeae76675b53464e220c497a8bb16cacd0cb3694aa,1d9018e4311e8b8af472003dd08f1906418ad1c74e0dc58743e9fd1c6fb9578d
ishika__ds1-000237,train,73,ds1,ac93b650221e435576c8e953bfa7c8f3a967ef55aa23d4d8b2de4449fbc57d07,ebb3957cae07b6f46185e8acce30c2c9b025d340b33a8881fe47ad6abd39703d
ishika__ds1-000239,train,90,ds1,6aa00bbb4e2e5873d394987f1c4f1ffb35ba4f75787221d54fc23910d2a69b42,d8bf5e5ddaeb387f448cf79d3a814a1356e76b836caf3b4c2fc52c666ec5bba0
ishika__ds1-000240,validation,4,ds1,0aca12218c7e9eb799d59e72b45653cd4947172c8b13e21e4697516248ffcef0,68ce8f680ecef24e575b7590e2d178a29229c79426a5813d4590fa6bb6c9dd54
ishika__ds1-000241,validation,4,ds1,0aca12218c7e9eb799d59e72b45653cd4947172c8b13e21e4697516248ffcef0,0866b29fe4c370dc3a97197f07dc803d0e69594cdee0cd339831be9f84730788
ishika__ds1-000245,train,6,ds1,fa937722b59c19c3e6fe96e109764bb070540589b1fdbe76cba79c418f8736e6,267c3179f2e94b701d1c1c38b260f77d4428ad4ce7305138129815cf36aa44cd
ishika__ds1-000246,train,7,ds1,af1ea38c89bd4735493aa799a84adf9975a6a6b1690834e8c1262f0f8000650c,4bc5df6d2758b6c87a2e7e31a294b7494122276cd14ab100e78f74cdb9c2fdc6
ishika__ds1-000247,train,74,ds1,61a8bcbeb7367d0547a3dce044c121c3b25d396b85823d57771f7d9567ca4f59,8e0fdbd0e78cfcef5e169ba7b5ce7121b51b50ecc31380f6f66554f6156633d6
ishika__ds1-000248,train,12,ds1,4f6808bf9375946e4d6654b7d08d350c6babdfd05190f2d8a50c70617082b205,a7547947d41daf440413884fc3beb8b01dff98b2e42a9a3a0973a7133c79be79
ishika__ds1-000249,train,12,ds1,6d73b7e92c45ae90c0e28a0b8d169eaa316e96a10db65cd0c902394ea0f0b34f,3c75bbab021e14a34d611139d9ebf00d2d210773e88174eb361ecd413b835051
ishika__ds1-000250,train,10,ds1,b736a8aef363bec096955c33a5fd1d7f2b721b2b0b30ee4fb003eb955453526f,1ab58be9c3f044861cd9d7d52568a085730c7ee02d56a7fab91317188a4e0e04
ishika__ds1-000252,train,11,ds1,0884b17c9be312d9dbd94cf0ef9aeb53df9d01774dae42c9f92be445752025ac,e143998d9fcd0b58709e189007a85c416cb357e55fb41e13652e1651248b1612
ishika__ds1-000253,train,11,ds1,0884e39636adafe8a2c9426bd518cddfef8ade4ebdc46b472fe22df3e3299dd2,71a8abbf2fdb4abc446bac2158e5230d6df0e05f6d83e1cab243674c7d00a188
ishika__ds1-000254,train,11,ds1,95d78e1899ac4a56aa4f9f2a782107b91cdd11223afca1201f3107928df47b48,186289aea92c4576cbf428a0761c289c2bf7b8b846913ade4c01301260c7e07c
ishika__ds1-000259,train,76,ds1,643e4f124ba78a0e304347f97775c2df0253e6db89fa2806a4b950e573b52a68,2887b25578e123137c00686095621efd82d897153c8209e6fa867efc71dca6cc
ishika__ds1-000262,train,77,ds1,45c9f1812e0e4042d7775d0736dd13af029c8f1785b802bfa256295280828a3f,85dd13958441c134ed89499d1c5f8dadc1f6596388fe26517e26b32e6ace5aad
ishika__ds1-000263,train,77,ds1,dfcd70fe73dfff77f28c8ae016b227d7eb5fb1d2d7e96ec826230c8093bc2e3d,19ec20522ca03875ca5ddc4b3d048c7267d8d2ad8c82ef75842f2598c8ca0352
ishika__ds1-000264,train,91,ds1,54ffaca510aae7317e920b686850606f5bfd6b552f817c5dc132c31ff125687b,08a9da5d6d4e3c46a96046a19a213a007b80c409db17973752712dac2f4e2d58
ishika__ds1-000265,train,91,ds1,5a232ce05695806cd7f0df7984945a978a50fc97bec33f0b6200983ff6e927d2,8b32de0c81c1849b7871953d50588e606f715d2f1fd314fd39cc099899a97691
ishika__ds1-000267,train,78,ds1,2b0e0eefbd426268e140e2853eaa7ccaf5adaaf80f026cc5f280d2ac527cbc83,bcc9093bd286059a358abf2a6c2c58d01cfc420960a65497e59fa17ff5e7d26c
ishika__ds1-000268,train,78,ds1,6888c070dbbb4cd5581c281c3e1ad73739011b889fbc2061ac6b446233bb53ee,8b9c972295a2afd57d2b814d425577e0a881b6a304733694da1a6022a3ac31f4
ishika__ds1-000269,train,78,ds1,82b3b08a012b7003f331ebe70da42008f51637e17435ca17c5893d2a67c69f6a,10cc731fe1674e15a787c324dacc445995a942bf476e3101ad6eb009adeac69d
ishika__ds1-000271,train,79,ds1,6c65f98c4cd561fc6ac86db3ce96b7c1efa4d2a5f2cfa2f13ab0d57f050e4581,b4e0611871125f88a285ea9cf2eed9d879d464ab455621898a552ffd97ea782b
ishika__ds1-000273,train,76,ds1,118ed8baaf40d38e6823bff407857f29311ce23ffd7f2a4e7d6927405bde8be8,6e52a8af8d88f3fb9d4ee953bf720b8d58600dbef6cbba04540cfad8bce6b1ca
ishika__ds1-000275,train,92,ds1,a136bd9d1561df7d9f2111a4fd4bbeba678022dd9b13a0c709c044b9a6f1f23c,571edd15c886a5255873dc7809d685a08576672818aac15c16fdc74860e8a7c8
ishika__ds1-000278,train,81,ds1,39c9e848ae6d341e62625bc06d1eb470c061621c9a96b5ff5335292735f1e3c3,23ca1ec4b96ac20ff095eb5d36fd4a4ad02b894cd0fbcc171300bbd356b73ddf
ishika__ds1-000280,train,82,ds1,9c28e63526ae3208bbf5d8dcfdc4fecccde97ccad1b07a7719f56fc5074f2868,9cb5152d5d713cd483dda3ee149cc1010af4be610e4b2bfb3a9f486427d6f889
ishika__ds1-000281,train,83,ds1,cd0012cccd1c435dbf8658a578ec8e4b5615d075e70bd563a50b1b14a8aacb7c,f238074a6801a24c89659047a9dbe1629a2f63586560871b8ab0c432eb7a2783
ishika__ds1-000282,train,93,ds1,56b36a8dc31a482b3f26ba752e899495129d774ecc642d9508f59532de940869,c3483643c6968268c1d63627a8fb0f4a0e018fdb8b28fba86dc2cc6887a11454
ishika__ds1-000283,train,84,ds1,0ba5e27a32fbeddad56fc54d7370444bf1bb0b32de90f13f7c7b4f74c0dee661,40f8daefe3c5ceae8f16e613d424e2e5c1b59a00f523cdcb2fdb2ac49c2d08e4
ishika__ds1-000284,train,85,ds1,f82c062af205d4ca69adf9019b16b26add70ba1bf2a828f9d670306c9ca60fd7,9f47f5edbafb7b59dc4e1fdc44702c85e0c37f4bc5e12aa566c1b269cbe5d55b
ishika__ds1-000285,train,85,ds1,4d3858389f8fdb638f1c0e54fd6372bfa1698e313b007b43ca0d166680bcca48,e894f05d0db409f934e3aaf9eb167344abb6082abbfe7b567c5e8113ba5a632b
ishika__ds1-000287,train,12,ds1,b88ee199619e87acc7b338f011a784cd37f5d019b186cae9807ac9373dd7e71f,4ddb1dae157b36713bbe25d2e30256c43f6f0039b396d32b9ffbe3c7be853e0f
ishika__ds1-000288,train,86,ds1,630a2437e4ddee835c6f75d0be4b0c52f82025f3f36a438f75e9b2a0c9db0102,26e19a3d7c48aa5df17b41b9717b080e8d3a0b723556881580ce25d8a8ba023f
ishika__ds1-000291,train,87,ds1,ae2e9b641b2891ecf8436140d7428b0c85ec2007e038e55bce2e882b79a194cd,81987a6ac0e7a48db01f97cb202724cd5ec4fd1e4704a58ba3f099a4e58bb14b
ishika__ds1-000294,train,89,ds1,800ba6ce52705a69ec7e04d2dfc3736f3392389a4e4d496df8480fdae8fb86d9,517a1b8b1599cdc21294a53ce478871cc73edcdb59dc9936d03efb1dd640e620
ishika__ds1-000295,train,89,ds1,75ac3a28ce02d8e4110fa3e55f137a146fcbec337e40784502ad3aad8a27cdb7,a3f7ca5b24256079201c76ed140c8d42cda8c410c3e1cca6c2c1f86caf926f24
ishika__ds1-000296,train,5,ds1,d2795d6215298b8fecb77d0cdcaab8df2a3664c35718de21e0f9bcdfec4f6db3,3ecfa333424337dd570a0aa0cbb07c9a11312e7ee2419961f951192eaf433b78
ishika__ds1-000298,train,20,ds1,1398cbba4b73c2c030427c1cd7dbd8620c78d9472f6caf8d5c5eae25a0f9f251,b83c554595ac1e961f67b88d2011f29cac31028b0dd728f333a52f257ac2651e
ishika__ds1-000300,train,20,ds1,c95afbf7a6a0a000b8de779a5b4ea3ccc429000b3129eaf76bc04dd584f7f9aa,e219ecb5528253745a326bb8e48957cb2dc3fb3cfdd21664ac444f813d0cb5f7
ishika__ds1-000301,train,14,ds1,ebcce80338f1a3fadf20c6263b97fbd4e5a05de1100e0b58de30721ae49c1760,6846274705eeb3531541c902d2cd5a201617343eac4cba9cb16366960334b2bc
ishika__ds1-000302,train,14,ds1,ebcce80338f1a3fadf20c6263b97fbd4e5a05de1100e0b58de30721ae49c1760,490c01c1a956965a2d18949b4c4a72ab43332d4c0ee1c7732585ab287787e392
ishika__ds1-000303,train,14,ds1,aa0dcffae47e0385e3e10ca1af07f7b4908db61409f4eabc3924442a509abd1c,e864c8593814d4189106937a67f14fd75db6486237a1e09a94ec8ac54808b5a2
ishika__ds1-000304,train,15,ds1,a540e70abe5ffb3c24525dd535dd8d8858404585e8ac9c4e8e0fc4c5344f746f,2d131d81091b331c8ece265852d57aa4a4069ef88a64c46bc8d07e77b122d01b
ishika__ds1-000305,train,16,ds1,b13c41481392ecdbf1450804c674b6e14d41726daf06b3ea56c38c65a4fa65b3,a177f280e8858988ec2ae4d74b5a297ab4829e27baf09b0b9dfc1a160cb4671a
ishika__ds1-000308,train,39,ds1,79b044274cdbef8ec12c09fbe17bff71306a3db672a39bd0920809089fa95b04,fcfcd045db44d8c23efb57d4b829cd95913bf82b164b426e31e0c11b4e35008f
ishika__ds1-000310,train,17,ds1,cc40c7b3b421b9d9a3248e08127aa3f1786986e0bfb3678c16f72a2a879bd0a3,badea60c577613eb8dd22266d44c83df53e26a5dcafb572f2819e6c824d0e4fd
ishika__ds1-000311,train,18,ds1,342ab6d17acd3754de28346b8b25887ea8385c60daa578e16d2c378a71c1e02a,ac4bfa6f2d1b9bda63540e689d56501990929ef766b05f33a8241cbd13128bd2
ishika__ds1-000313,train,19,ds1,e3939d4ce33b64d19ab63eebc585030b0359617b7edb5891ed42657ba815d7f7,0c9446e6682c6834c04d09c44804f5979f24b480f35725cc9630255225f44306
ishika__ds1-000317,train,1,ds1,832f888d597876e4cdef78cf660c6d9bd8f291339935f868e684fd23497cb815,894a91ab4e797661de9464cf4d77047ca3d3837ceb7049139caf1e1cd58d6be1
ishika__ds1-000318,train,73,ds1,9015f3b63e41faecf983926504a937f56b4303dd9a895ff49c4d999f2ed09511,4254c9f31b90d7f1579b6aa8262e21aeb2907deb92ece7b6883bfc1640e1f901
ishika__ds1-000320,train,3,ds1,03a1ec5d6583c5c0286038ed8ec3e45de19a065b717b5b916cfa398d0cda6c64,5949bc1c2317c1c870176843f37e200cd0c4e652ab02f72d4390b09d12b7eaa2
ishika__ds1-000323,validation,4,ds1,5ba6a5628ece3d25212b8addedb619d5c8adb3b293f0c0f394196e3c82d743d3,fb6672b56ada1ed7fc9e4384b6918c497cc4e42727a185bba4eff126651009e3
ishika__ds1-000324,train,7,ds1,608aef7f9e627c87c54ccf002440aa2c6cff5b0a117219fcc3249c4479c555a8,36348ba4752f4da4928c9262d179143e1be042db998a17063844abb5800b0e93
ishika__ds1-000326,train,8,ds1,35c680f1adc51b7609d01f1db0d5b6fbd04465635b13b20fee369c78928ff518,d209ccfaa66ff0bb3af6c39e8ccdb8dfcb881e1abeb138c5a4573331391f6445
ishika__ds1-000328,train,74,ds1,61a8bcbeb7367d0547a3dce044c121c3b25d396b85823d57771f7d9567ca4f59,a3a5bf26c1f497791b342e8195c4a5ad4bfffa94dbf70ee64de437d06b039501
ishika__ds1-000329,train,12,ds1,1ee216826bfe29eb37b43c874d5ab690988cd6b77e35d33f9c9390aeb0bbe033,9aa13df732a0379ad220873fd97ca9773d6ce05237f3b8c6be3a7136331eadcf
ishika__ds1-000331,train,11,ds1,abb7ad2812e9bff6d3a6540fd1c6476301cfcdc14c4b338f859bdd1fd9de9edf,74bca10885d3136317f1d0791fe44e3c84be8d7dd49f049c9901ac79168c6c2b
ishika__ds1-000332,train,12,ds1,fae7dae5ac61f4d12138c26ccbdc6be912b0a88452e6a1796b136ba3830c1335,81e14f616ecbd0bc297c820b110d315554a2601f00c551c4a938d0559f4c04f1
ishika__ds1-000333,train,12,ds1,2c3b43d73563de67da5952148d6f343bb07bf9d93766c8a554dc82e9dabd036f,6ad489ed283b6a1fa81d1b415f9809a659d5bffed9ca777e33ab4e6322e91eb3
ishika__ds1-000334,train,13,ds1,30010687b831459107cbf029b6431ad6c3b9dd5da6da5d053f790eca6fc3cd1c,d12d0433df9603f517c59681cb83099edc916abee8450c943b71492ceeba0c82
ishika__ds1-000335,train,13,ds1,525cd3550528b7e6a0efd7aa74f8e4f2d702370d9f26f38325ab77903f3262c0,78b875a8efe77f985e5d24f637f4cb817738595858d6be979bedcb132ea4f005
ishika__ds1-000336,train,75,ds1,e636737b5c6b2022bf4ce21b56267a7d6ee08246bd4cae1ab1d1e93327b99a12,8159a62692824570a8779b14f78ea5141ed6c7cffed7c7016eae5a34c70d5205
ishika__ds1-000338,train,94,ds1,6836893714e5acbc4508acdc2ebcda00f32fd076bf74dd1e494ae38a4c64a705,e1d172f34ac56dd1a318d3aefde768530b42ab8a98031931da8ae3cf2e46fea5
ishika__ds1-000342,train,94,ds1,41db10f8404b207148af1beb3f144862371e063e10daaa357bd529bc2d5a6996,2bfcd10d268483c8112801f00d677f79c4b4723ffb6298bbde21aab6df60d9f4
ishika__ds1-000343,train,77,ds1,0396d20c654ccf5638a52918a2a697199bb6555ec06c08ca0175dabc7fcd2143,89867236326405dcc7feea6e93ce7a8b7a886b378740880a7b5839a38a06a751
ishika__ds1-000345,train,77,ds1,dfcd70fe73dfff77f28c8ae016b227d7eb5fb1d2d7e96ec826230c8093bc2e3d,87949b0ebb50eb9e220181c0d56dad805e3e396f8e146e21e097cb57d1f9550b
ishika__ds1-000346,train,91,ds1,eb4ace7d02c5d396bebcf29c09f0ef09e25da123b27321090e09b3c545785676,7c81663d95a62b202438485470eebe03bda0dd0276c7c1f51f2646c34dada0ff
ishika__ds1-000348,train,78,ds1,2a0efb01a1fc14cbf6608deb72ec5e53fd33611688cb0a1dde24d906763a5faa,b53c6fd00fa535da442564956e7e67bf07f70b58d4e144950ea945aecf323a27
ishika__ds1-000350,train,79,ds1,dc196ceac1c018eb2efc52b78a708517b75d329ea2415bd2a51936c10fbf3b6e,1fc401aaf71fa5bbb6bd59c2300af0b538824390eca1ff86ae98eb06ffffd57b
ishika__ds1-000352,train,76,ds1,6166ed55f15e59522f3f68c769b1f18b7cfdb554c39052de71a66ec047112a1d,3e25c1cbdb32452bce840595cb897c8b71fc44230a67019b844f508e7663db9b
ishika__ds1-000354,train,76,ds1,d502c6b69bec3e153d59163478f95f3066c820224798a497ef23600b524da3aa,f0801cde445a364b2d2a2d3341023b1f4455c7ce24385be17a008613ba6af46b
ishika__ds1-000356,train,92,ds1,371a8a03382db2f20638d3996996058bcab04e2093684e32fd2030fcc95b1aad,6c485eccaa4fca185e9022f17a8f37841a747beda728a5e1d6c9cb05c53b7bb6
ishika__ds1-000361,train,82,ds1,deb5a33b5309bea5f32b441ff17d63e0fb5e926c2cbb8c281e84fe8a343e7b6f,2ad22d8bcf03f8b71cabf8c609a6207cdebe7cbf0b5d402949f6dc3acca41f7e
ishika__ds1-000363,train,93,ds1,56b36a8dc31a482b3f26ba752e899495129d774ecc642d9508f59532de940869,8227f7f9a002556240cf985f72be1409a656773056002cd5162114ddc1cb5f09
ishika__ds1-000364,train,93,ds1,56b36a8dc31a482b3f26ba752e899495129d774ecc642d9508f59532de940869,2138f6cca021a2bc2fa4bef542d5add4b3c00946a3331765e27cf0f16ee7fd7a
ishika__ds1-000365,train,84,ds1,acf05cb5e2c2a1fe04000d323da12ae89d67e12da624f2f934587428a00a2152,bb1b33659b398763fb5d902a068d9ab7127364d9449ce730e09ac8b54f7538e5
ishika__ds1-000367,train,84,ds1,0ba5e27a32fbeddad56fc54d7370444bf1bb0b32de90f13f7c7b4f74c0dee661,69576100775c6e3fd0b2505257e4114c185927368857b69fd2e56bc5f266bba7
ishika__ds1-000368,train,85,ds1,f82c062af205d4ca69adf9019b16b26add70ba1bf2a828f9d670306c9ca60fd7,3b6d99c6a890a4050dd758b533e909df172bb6c6131fb8cdb6729d6032aa7c40
ishika__ds1-000370,train,87,ds1,6434b59baae2215db4fb42fd9556fcc0bf69ea7135565038b7219da9c83e5648,50c8b0a121f14275b5d614198fac20e0c610f97700b82618953b544599fee8b7
ishika__ds1-000371,train,88,ds1,f982c6f9b9b51b92705307c442f1b67b2f2a542bc4d275d4c12f9176d2ce2320,3a8f76da14b45c0f14c117b89e38376a872bcdb3f5940bfc6898c2b917a9bcc0
ishika__ds1-000373,train,89,ds1,fc8e3c0277af41d624c0a9d5a78a108c918537db845eefc37606214153605ace,b2a8479559bbd252d5ddaf1bf7f9f3984ba039fa98dddd250192da986f1de69f
ishika__ds1-000374,train,89,ds1,c187feb9f6d3d9eea7d4b5d481bfa0dd643da7b17f14947705248cc3b5dae408,784fb370483fa8eef15eb23e3cf5f0f323f19dde27b3a6be7cb628d546af768b
ishika__ds1-000376,train,5,ds1,794b7f505926c309219abfcab396ccb5206b6ea18435289169fd3e43c29212fa,7b2cf185f0cfb40524012717b5d6988a7cd84b7f39eaab2c9d5a88ceac072e94
ishika__ds1-000377,train,5,ds1,859511de5c023e66f99c7ae1edb915cd7a48a6307e81648fd6f14723c9f6fdf9,0bfe6ab250a11079c53c83f5a5d5728ec90494a56239ea9022820ff68fa0640f
ishika__ds1-000380,train,15,ds1,ea05f926740cdc4d34831285044b86d0baf957c97d64d64a30c7182222c86656,b74ed36534e371c99e6b326bf97e57eb60b51522d4a003d9168d4030072c28bd
ishika__ds1-000381,train,15,ds1,27b139618a828e080c1580ee10dc9503f4cc8ead742cca294c8318bc5f7f7aa5,d4e0f73b5acf50eca0e5bea7f84ef7920ed361d132e47ceb2ada7f5d178f6d39
ishika__ds1-000382,train,16,ds1,b13c41481392ecdbf1450804c674b6e14d41726daf06b3ea56c38c65a4fa65b3,6cb9f1a789bb279d34ec184181e0c773d0b288799a25fe948ce9c49fcef34cd5
ishika__ds1-000384,train,17,ds1,27567f3739d8e37aaab90bd759332e7218b8bad0dccda6f147532522a7404c02,f2b19356335eb7a63a1069e6613790c7bed12723ed4101cfec320e99fe03b9a7
ishika__ds1-000385,train,17,ds1,cc40c7b3b421b9d9a3248e08127aa3f1786986e0bfb3678c16f72a2a879bd0a3,69289e4e65a2c4de056388038b8aab592a11c972d601f9f8c3c1c00471950205
ishika__ds1-000389,train,72,ds1,a09e37ffbdd60b1eb32232d62c5635b3c8fe90144950b4efbb24700ea772e0e5,046d8ca5cbf73858aa46579f6c5e8ec093412976858404a78e4cb3ffc5d92cb4
ishika__ds1-000390,train,72,ds1,a09e37ffbdd60b1eb32232d62c5635b3c8fe90144950b4efbb24700ea772e0e5,b020889fec87422fc247bc9a3016b9cc29c42c090712954a6119d8d4afec7c9d
ishika__ds1-000391,train,1,ds1,80ada055900de1c77e86a094f6a055414387017c6fc1c52202bfe3aec60dfe91,72f11ce61b14bf7495552d204bfb015e3fe4d16df29cf5d04f327fa7e0ac34e0
ishika__ds1-000392,train,1,ds1,26a8e83e70e1e9a4ec52d2ca4e4f403b6bf9454bf7b8172d6c3f5b7c897465fc,6b81b22ca28b55e0f326f23c484d167d5fe4216a121fd47aa7d154deae70e857
ishika__ds1-000393,train,1,ds1,26a8e83e70e1e9a4ec52d2ca4e4f403b6bf9454bf7b8172d6c3f5b7c897465fc,c68b8eebeecd1808a5c677a7653f4ea2c19f57b0d036a9f1604205e4e250b758
ishika__ds1-000394,train,73,ds1,ca82474fc66d6a706fcbc977197b5f2061b4f42640ae657b36ab5c3b4c6a0ce0,0d4e60151b1ddfdac349045d66780980a3f0a5cb1e9a38671aa450c50d64d9d9
ishika__ds1-000395,train,73,ds1,ac93b650221e435576c8e953bfa7c8f3a967ef55aa23d4d8b2de4449fbc57d07,197dd2f54a70df2f3d43ebf89f114c1028e430c2c3fef109d3885af7ab7218d9
ishika__ds1-000396,train,3,ds1,c4ecf53d45a936376d77bedccb4709fcba5bd844b0b621773a73c0aca0bd00fb,20a3f308cb2d1f442977f7cc2fcf570694af98dcdb67df169f721b86ef4cc659
ishika__ds1-000397,train,3,ds1,c4ecf53d45a936376d77bedccb4709fcba5bd844b0b621773a73c0aca0bd00fb,307e8565cd85ef8de7491152dd5eeb2f3259f686d9a9bee96b98c54469d91e0c
ishika__ds1-000398,train,3,ds1,03a1ec5d6583c5c0286038ed8ec3e45de19a065b717b5b916cfa398d0cda6c64,20f9fa38c87d6140e59104c75749cf411baa122b6e170bc7a4bc66f47c80d954
ishika__ds1-000399,train,90,ds1,18a0384ec40b579a3831c11069e821b83bdda638e4197df39d38637462cee308,226726e92c6e48e74d70dd3447968f9031fbf00f7d184cdfee19cea26ffae9f1
ishika__ds1-000400,train,90,ds1,4bf990a11cd24556adf4535d597f0ba9b898507fd250177d4d978d55e3658617,1a3ad442f5df11debd225f0f14eb326e590cd6dedb0cf0e9c51ef8b9095f603c
ishika__ds1-000403,validation,4,ds1,5ba6a5628ece3d25212b8addedb619d5c8adb3b293f0c0f394196e3c82d743d3,b3e5d4a0bd16c05b6c9d43254239f17efc7c37b78fc20feabb96149cf5b0ee0d
ishika__ds1-000404,train,6,ds1,d656af39e3d99bf745c79af6d4c7ce1540c8e3ce12643c7668239ab028ecb3db,8ec2932204c6f10549131be3c765f94d89fdf762a1834092c8245d9ecc937964
ishika__ds1-000405,train,6,ds1,d656af39e3d99bf745c79af6d4c7ce1540c8e3ce12643c7668239ab028ecb3db,6e5b49ca447d11a6844af2c9c5c83eaf856d101bc5a37699090e712223fa1027
ishika__ds1-000406,train,7,ds1,320c14ec9058d790f390be5bab94774c4d59e3e82cb69ab42a2c912c3813a4ee,c9a68eacc60a254263e7d32893b52bc3550db6c9c6145863e751ee39094d5446
ishika__ds1-000409,train,8,ds1,35c680f1adc51b7609d01f1db0d5b6fbd04465635b13b20fee369c78928ff518,c17354a9375dfb96229c305ac8331c43bdffd7e3529fed91626b08369b35f78e
ishika__ds1-000410,train,9,ds1,9a298dc7950086d585a7c63a30d59d3f7adf657f6d5e149a5ef618c2128f6313,d6cf95af760f6fbccb4afd2ff6472ac280635de5101cf91a711765ad989663db
ishika__ds1-000411,train,74,ds1,d4e3a81d6bd4927f3b115a5c0a58b106d224d89cba105b08da6fc17399a6e04d,673f9ff2652a34db69a5342a4a54ed58aa324427a8509436e02118a7d982c8f5
ishika__ds1-000412,train,74,ds1,d4e3a81d6bd4927f3b115a5c0a58b106d224d89cba105b08da6fc17399a6e04d,69be8ce52815a6145432eb6f02f8f4d1cdf943323bfdb90c1dea58a603f786e6
ishika__ds1-000420,train,76,ds1,6be5e193b9071899c2df3f75fad71088341fc3fe3cebf93b6c871c41bee0f9f9,af4b1528f50669af7ae87357ced07148c8d84d7adcbdb335e63891a305c21a20
ishika__ds1-000421,train,94,ds1,6836893714e5acbc4508acdc2ebcda00f32fd076bf74dd1e494ae38a4c64a705,c52c8a68cb599371ef1df6d68d45ac2e8881f324deadd2c05518190d2c5d869f
ishika__ds1-000423,train,94,ds1,d4e823080f1c929e264b7e44bb4709249c76bafa200ac70023d5de1f75985a9e,f86bcac38aad6b240a69c5df79781960250ac0ea14eded8cc8180d80d1bde935
ishika__ds1-000425,train,77,ds1,45c9f1812e0e4042d7775d0736dd13af029c8f1785b802bfa256295280828a3f,043664a20dd3798ad3846bd80c49856e5dce3c88ca6f39d00d3d8083467b3b61
ishika__ds1-000426,train,77,ds1,dfcd70fe73dfff77f28c8ae016b227d7eb5fb1d2d7e96ec826230c8093bc2e3d,9b0a3d032aaf30e35deb129c8b670a1aeccbd1c7134a7c14b39a3caed1d1b94e
ishika__ds1-000429,train,91,ds1,b361d529ab2cb6fd1f2c40e19eebf949a73d43f4e1b8ae9be630b0220ce779a8,ed8ea03a713b29c60bbe935aa59ab5c4270f7ce414c6665578da07ea84ece285
ishika__ds1-000431,train,79,ds1,17eb3f309a6dec74e37c3fe18f58f688b2458405016b6a6383539fba54c4112f,facb9534be95ff5d993c1f3a7cc1f1ad17f85e5d8ba81f59a225d5109e4c29c4
ishika__ds1-000433,train,80,ds1,3f84b32108ddf00e750472e81e60543665d228e2310ce847ed15d1bbda4cba05,4f2fdfd79c2cc8e3e2ee8f8163ed307edb6ca894d6e1ee0c7106e15b00da285d
ishika__ds1-000436,train,92,ds1,e03af9dee3a06e469ae5439c13fa5b8fa805068abe3a5e32277271025e390af8,83102c1812790b5d3cb1fffe5c91454fa76a39087ae82fe0376059a38f8bbe65
ishika__ds1-000437,train,81,ds1,5effd19cdf9cf41152696b46cb2a9afafbd43b46c0f28788979063989a3b0955,f6e1391f0ccec40561e9e42692202af2bc77398cef3d2c01ac69dd1f8a3f3b82
ishika__ds1-000439,train,82,ds1,72120cce2d6c6868cf30e0d9d55ada4a9037a62dde041958719c424c9be6126f,535e23e58b7facd16b3ca7d362bd48ed2d7668b653c71abe8ac3252358f7c954
ishika__ds1-000440,train,82,ds1,deb5a33b5309bea5f32b441ff17d63e0fb5e926c2cbb8c281e84fe8a343e7b6f,e4a851a1bbc761f47086b6911e80e12fb08753ca9c5eec67cea6d010dec4b679
ishika__ds1-000442,train,83,ds1,cd0012cccd1c435dbf8658a578ec8e4b5615d075e70bd563a50b1b14a8aacb7c,ea7ef79e67e804f3b87fc96bf1835bafb101f847fa2f32e1ba384f097db96813
ishika__ds1-000444,train,85,ds1,62fe97c5a6d0db6c5ac5f1fc063f45d22b2b6221ee5a1149e6e8e99881f6c653,cbe2d4871d67e3a19f93db8ec58bcf881eec3f184834722584d8ba98b9b1ffba
ishika__ds1-000447,train,12,ds1,251dfa7a5cc7a309c858aab9f1e23bf47f10d141100b5cd1d01fc628de004856,cd34d6cacdec9d88349d8c6f9792b88ec85f9ff16c94b3b243466856f13232d3
ishika__ds1-000448,train,86,ds1,390109be818b323aa8d666b3d03d11181055574dfaec588a563991ca98dedb6f,2b67723e5d9c0329b9cb2741d125c9a13f656274c33de02cb5fee705abe4c7e9
ishika__ds1-000449,train,87,ds1,b3a12a8dd90625bf6dd923980efb197d0509c1f56e5570352d827a5eb1061296,28554947c97366ca22721597ad8b9cb1e89accfb17dbe97cc8276837c43333db
ishika__ds1-000453,train,88,ds1,3afb641033366dafaf82b8544d9e51ce4498404fc47c460741afa2b4a94ddbdf,37444c677306c06de4333b5041b4facc21fab07ed95c47ebabd6ce70980b2cdf
ishika__ds1-000454,train,88,ds1,0dd6557a07f192a9deb376e9270ca5a3a0f9b6d9250845b8c65fa1fd91d59e69,947f9e888a1e8476348d144ea79e5bb5b0b61176342e388b1b05b1a04f3abdb6
ishika__ds1-000455,train,5,ds1,794b7f505926c309219abfcab396ccb5206b6ea18435289169fd3e43c29212fa,ef4815521284d3b8d0b72a52c9da7094e11dde0692526269ce50823212379211
ishika__ds1-000456,train,20,ds1,c95afbf7a6a0a000b8de779a5b4ea3ccc429000b3129eaf76bc04dd584f7f9aa,c810153bfa6ba0b5ac2fab8286004227ab1471ec03a98e5493103e0089e04f60
ishika__ds1-000457,train,14,ds1,6002e876861808af608c2d7255312f5d63960326a41851ddf9f850bea248e040,536a28466a42287422f152adfd1d199e20c961f375741737c219b8e9ebdbc99a
ishika__ds1-000458,train,14,ds1,6002e876861808af608c2d7255312f5d63960326a41851ddf9f850bea248e040,0d6eeb4a4febd64d749e26e30e9a88ee518e111d288f62cdb65635a84c87e4fb
ishika__ds1-000461,train,16,ds1,6164f1d78613c0fcf8a5824da5d955acc832b3a694da0a0a5b6eb87ad76448fe,459345aa56b0d7186d39d9b8315eab3beb5459ba832d214e77f58d40ff593bcd
ishika__ds1-000463,test,35,ds1,caa2a77bfb1879ce581cec90b2fcd4c700c06a04391ec8d5d6961133b48e7515,dd08df843f6b3ce29a2eccb4ed192b62b2ba61e9cf014041ed935665d1a5dfbb
ishika__ds1-000464,train,39,ds1,e05d32944b75c5f9c07d3db7e433759212d963af8bfb332aba5078e8da7dbc9d,a7902ee05ff676b8ec5dcd260b263f1497665386c2be085ea44cfd4e95606a07
ishika__ds1-000465,train,17,ds1,22de86fb20130ec4149d2d953662e964c2da36f0f458ed79a56ba3309ea38309,a2424f98c9c7edd0671c1a59b43c89fe4726d9e3779a65debf2463ddcce2de1e
ishika__ds1-000466,train,18,ds1,a8c5349ebde44dc707eee38011ec338e0af4114d8f94c8532f0edd4525d542cb,debff587fc766ac833e19e368d1d693a3938198f7aba0f49f8ed581abebca23e
ishika__ds1-000467,train,0,ds1,d3926a8563a630c5623479a596fea30cf7a671f0d67a1e0871c16dfa3addae56,12e979d38d195f8564a1290469374826e80cc5c8702fe763c68455e35750f638
ishika__ds1-000468,train,0,ds1,cec138a177b12701d6c1f0585fc7482c544fa8ac98c58265e51642b156819322,b204ddbac3f0d15667e8bb8b491f881bfbf8c27cf413e2dfa713f4dad2ddd6c1
ishika__ds1-000470,train,19,ds1,e3939d4ce33b64d19ab63eebc585030b0359617b7edb5891ed42657ba815d7f7,5ced44e05adb05a7bd86267a94c1040e9d63c5f85ffebf70882b22f03e094921
ishika__ds1-000471,train,19,ds1,255ddca7b904e31ca334f67fb428d17c5f3db801f347c65cc489d138df826f30,da4039caa73e484e8714e6c35e08724efdf64c0115cbb948f28f1c04c8ff1276
ishika__ds1-000476,train,73,ds1,aec395adc38500341a2224d2373a61b998f3f7e1d59a3981af210e9213d1b12e,859bb5e153079cacddda77e2ac3e03800c7db009acbae56892af7cd579a299ea
ishika__ds1-000477,train,73,ds1,aec395adc38500341a2224d2373a61b998f3f7e1d59a3981af210e9213d1b12e,3fd99ed6dca3f0f7cdfd68cffbafdcdeb866c645174b6d2da53df2a825c6ca85
ishika__ds1-000478,train,73,ds1,9015f3b63e41faecf983926504a937f56b4303dd9a895ff49c4d999f2ed09511,cf760f7a5cf594619785ed3568ab317f03b8785e081e32c3edcfa578a52e89b2
ishika__ds1-000479,train,3,ds1,ddad7d6e0ed1c02d29d687b52322e38d5eed67cb68bd602249502a42c3310f9c,3889e55df6b93ddf8f221fb9e5e16b01a4b6e641506a443b2de074c0d8246ca3
ishika__ds1-000480,train,3,ds1,c4ecf53d45a936376d77bedccb4709fcba5bd844b0b621773a73c0aca0bd00fb,6fd37c9736b043b922f68f0242ccde1531b022b77019a1ed117e55d37cc0b8ac
ishika__ds1-000481,train,3,ds1,03a1ec5d6583c5c0286038ed8ec3e45de19a065b717b5b916cfa398d0cda6c64,8c81936b6bdbbcf7a90550b29b5301d7889d61919a3abcd232a6fc5b526c9a86
ishika__ds1-000485,train,7,ds1,320c14ec9058d790f390be5bab94774c4d59e3e82cb69ab42a2c912c3813a4ee,b136f1669701432cad4af9d44b239d29ea5dbbb8e1ae10bda868456725391636
ishika__ds1-000490,train,12,ds1,c505da3e2deceae01fcd903893a40f43c910cb07bc16bc27eb52f22bb9353198,1c90ad0d23143d8b339fb25fa2ca7cc20e48ac5e83b085d1f4b3d9507891a359
ishika__ds1-000491,train,10,ds1,b736a8aef363bec096955c33a5fd1d7f2b721b2b0b30ee4fb003eb955453526f,9c3a1a4e05c692a3e3d49ae44627e0a1d143f9e289fe02aaa6b5c9ca360e4a01
ishika__ds1-000492,train,12,ds1,cc6b35411bb42c4097c79c40f9d8baf7d2bdccc5ccfe0ea4b82b626dff2ba10c,81147810d4492c979037ee2827c117ad93317d387857636b0082c86365d473d9
ishika__ds1-000493,train,12,ds1,fae7dae5ac61f4d12138c26ccbdc6be912b0a88452e6a1796b136ba3830c1335,2e505357e6ff3e98001ebceee6f4fe14e6cd2eb7a8f239d3b163135248de9c08
ishika__ds1-000494,train,12,ds1,c2ecff6fe2faba93b13c330f775255ffdf360328b604c095b364557db9908bae,c452299a194ed12e437ea38ff31c5b1f19c778da7d849d16fc2a29940f318367
ishika__ds1-000495,train,13,ds1,a1bc80584da57c6edea05bfdf0a785dac5c4c4ae9c0ab9aa6b5e0508ea7ff2f4,51534298eab2f0ed0980239fb84f9650fc7aea3245e673a371b2f53a2a3d0ded
ishika__ds1-000498,train,94,ds1,87270def14f2d52a2708c2989ae8953633e26092b7bba15f2a1ec81891b0b363,0ae79ccd7278a854983a3b2f6fff535bd1f10b120b2e7245123c7ae42f9e0697
ishika__ds1-000501,train,91,ds1,5057bf11032df6d3c2698475a2dd6f12846e0ed01804868360c8e623f0493d24,7c5bd7bdb55bef61eaf16cadcc7235a752e97e0fdffed8e79b54e0a4d88ceb85
ishika__ds1-000503,train,78,ds1,edaecf58d5b866d3ec9d0e40f11c1f19b6303ce24282ae150600892295ba7c6b,c1abfe6598fdcf6fd554bd792d812dd954ff913260c58662661d7d09a7fa12f1
ishika__ds1-000507,train,76,ds1,8624452af860d629de8aa6fc4c746b8178775f0796d222a0acc276b59bc626fe,9ada4d386565209998192914f085b329fef27cd348124dd306cf9d68aabd6bcc
ishika__ds1-000508,train,80,ds1,3f84b32108ddf00e750472e81e60543665d228e2310ce847ed15d1bbda4cba05,c73d710d46291168f79db9be88578e5b022f4ebda77fd735093943f30b725f95
ishika__ds1-000511,train,81,ds1,3feb4081e64cc2ce4fe41e798e5157a907379e14d731c5852360d971943541f1,8de4ca148a6b6a03db1a709e61dedddf9d6aadcc26c51980831539db745d34f4
ishika__ds1-000512,train,83,ds1,2951462437846b8c59d465c7bdb045be07c64ab4fca9392f33ff23ce50c5fd2b,f4a9e1c55ad7fbad5169b52a3be73104243e215336b77a73d37213279504a50b
ishika__ds1-000513,train,83,ds1,a4320971e5015c70d29747505d024362464ff1edd3b3a4a3ee855b419fc3ed53,a3d417ba23308277fc531f5511450a1b5f0affc976883ac154f2bc744be194d5
ishika__ds1-000514,train,93,ds1,da239b6345776e18f7190f65fa0faec06448743a37513157b48e3d4e8878f699,52c6e8d60ff82949457f4065b6584545278ac271ae85022b28d675b762e871d7
ishika__ds1-000516,train,93,ds1,3d5823785aac918e766520f069d07532a059de730318807eb77f62c1e5e81a21,1540b5cd0685b7f863b4afe0af900835e6a6540e0184abe66eec0a384115fd0b
ishika__ds1-000517,train,93,ds1,bd44230c23e685d9827f183cbefa8aa4aa6ff75f68bf7480187977df957f89cb,53741e9d55caa6051c1553d0493a7e30506a1fbe1d594358f4299e2d45a90661
ishika__ds1-000519,train,85,ds1,2489a9c16913f6d737092aaa988a38e9e5774c3d356db92afe80af4acb7b0197,24b129503b4e44a2f1d46088f387e318dd7c9c29c742fe6157c5674334d1d088
ishika__ds1-000522,train,12,ds1,b88ee199619e87acc7b338f011a784cd37f5d019b186cae9807ac9373dd7e71f,90708c0b989979c67f9824fbc35229b97677879052f32c8739a4cb991ca264ff
ishika__ds1-000523,train,12,ds1,251dfa7a5cc7a309c858aab9f1e23bf47f10d141100b5cd1d01fc628de004856,2af947eb18a4c10d99daf156426b72a5df2967a9c820181749253d4b4ea59db2
ishika__ds1-000524,train,12,ds1,251dfa7a5cc7a309c858aab9f1e23bf47f10d141100b5cd1d01fc628de004856,d9f059f0da9a9960c95491c16e212babf63bf96fb1a2eba67422404241cbd96f
ishika__ds1-000526,train,86,ds1,390109be818b323aa8d666b3d03d11181055574dfaec588a563991ca98dedb6f,f06476e4727bc54b092f5d6c29c6c4831bb7a1c037294d05360023d2a2e27e10
ishika__ds1-000527,train,86,ds1,b77720ec1efda729cfd52620ab5a755ec805bee400b47254472418263228526c,a2641e12b78da90690abae428c1a6cbd5983faa75ec83dada32282b4635389c5
ishika__ds1-000528,train,87,ds1,ae2e9b641b2891ecf8436140d7428b0c85ec2007e038e55bce2e882b79a194cd,ca9063866c7be6b5867d8e6128fa87f65b43090d668a2321322b34353ab7f612
ishika__ds1-000529,train,87,ds1,6434b59baae2215db4fb42fd9556fcc0bf69ea7135565038b7219da9c83e5648,ade60a904b391f1e5cdb9fc0c8587d760d0b17d91c4ba9c302bffc14b35119ca
ishika__ds1-000531,train,88,ds1,0dd6557a07f192a9deb376e9270ca5a3a0f9b6d9250845b8c65fa1fd91d59e69,f0ec31e3b616ee93d03763809ac9e945e73e2a5f4ee044f12fb9b47f708f236b
ishika__ds1-000532,train,89,ds1,fc8e3c0277af41d624c0a9d5a78a108c918537db845eefc37606214153605ace,d283fc5304eb27185331608a22f55b286a3151a782d3667bfb4fe0f8d10bb736
ishika__ds1-000533,train,89,ds1,c187feb9f6d3d9eea7d4b5d481bfa0dd643da7b17f14947705248cc3b5dae408,001968ae4752afbef9c03d9a8b06500262d8099e3f193fbd2310a1bae5312a55
ishika__ds1-000534,train,5,ds1,5468791d00c3e115273975209b283531308a32695f512e95b6d070bd7198e506,13ef4e80a0803152b89c41a3ea465412f38c82d44cdb6ba0229c1f49d39b4132
ishika__ds1-000535,train,20,ds1,6e4bb6deda3185ef3b4ca6716c38b90e73b375273424ba19c242f5b2e18c4e54,e34613679b5bcf9e1d57dbe9b8c810a57af717d36e8ee6d4fadc7c29fe4a04e0
ishika__ds1-000540,train,18,ds1,b2451075588864ef2caef4b1b5e3611faf0dceef4521a500fe231bcda5fb1d63,cd01deaf5fdeb0da3b5e0415d199f46782d296a6c9cc0c8c6e236ef51de1344a
ishika__ds1-000541,train,18,ds1,1ef8427d207a0a45ec8fe495bdfea1c850507769869b5120632c323efee3ad2b,f708373ea9222a2df41ec3bffbbfdb90884d92e5c416efbcb0519d7db7f1fed7
ishika__ds1-000542,train,18,ds1,1ef8427d207a0a45ec8fe495bdfea1c850507769869b5120632c323efee3ad2b,a4768d0cf82db2126afbcd01fe88439070e0e35b9ba50c578794d6078335e58e
ishika__ds1-000544,train,19,ds1,931e3d966d7e9a884a58cf2f429e8008bb5ecd825b3ac95e424ec78a908de269,f3acf5b7db7c380820bf3abe666802f6751a36c8d26dafe314665bf878c24fd8
ishika__ds1-000545,train,19,ds1,255ddca7b904e31ca334f67fb428d17c5f3db801f347c65cc489d138df826f30,58cd067d2fb578d594626ce3ad6984032f5fb50b7e391327c8d27dcfc7862d7b
ishika__ds1-000546,train,72,ds1,c04e02470c1a5ebaaaa09cae11a1c48dfeb66effcafa3ab879a074b110fe34d8,16830ff4d05c3651c74f3139bd38bb714dd7ba4330b28987774965c4929fd579
ishika__ds1-000549,test,2,ds1,111f0e445860cd9861cdfa5ea48f606b3e85576c344227943f10bd4f351fc908,3e25b0ae4054cea096bccf4e3db38f8e74f6876b81434c9903f391085308d12c
ishika__ds1-000550,test,2,ds1,111f0e445860cd9861cdfa5ea48f606b3e85576c344227943f10bd4f351fc908,687b3e904bde5249d2b52da6282dafdd065c1d56e8f0039a50f6e1ef3837c0f7
ishika__ds1-000553,train,90,ds1,18a0384ec40b579a3831c11069e821b83bdda638e4197df39d38637462cee308,152d598e73c50f4a5330a4d9735f69a058adb1140eb7cd1743188d95cd485d16
ishika__ds1-000555,train,90,ds1,9f428852d24466aeea4132283b3b6831dd8045a23a71fa8e298b5becfc23c205,41c7808a7bbde6e651982fe6628fa6d446d258c118ab93da4802d110dc8a9005
ishika__ds1-000556,validation,4,ds1,632203e22ac0c9bb63d95369ac89dadb608095cbed9803cb52051da78b29ebe1,2b26335c4b19031e7de616dce654709e9daacb09420ef39d0cfaa7cad672fe47
ishika__ds1-000560,train,7,ds1,608aef7f9e627c87c54ccf002440aa2c6cff5b0a117219fcc3249c4479c555a8,028cf0c60ebc045aae6d5a812dacd989b82c5f0d904b4ae5277648e62d50ba1a
ishika__ds1-000561,train,8,ds1,20385fd9ae2fe8e7ecf766fb17ba13d1a11ae7553dfbb432ab1b6bb6623b4ac8,306c40cba3e0564e36f2f866bb96d4b25f4a260da07d86bb2136486ec5d522cf
ishika__ds1-000562,train,8,ds1,4357666a140551b09583e54b13b78e44bfe43d51c01cabbb4d023e826a4c3c45,a8a181faaf46c6a2b0967bf86518df9f8c8ddba1604f3a143bc6684f9b55322e
ishika__ds1-000564,train,9,ds1,65f941631695b37455ca90a2624b924b97f0c39933873d7fd2b8c3965d09b383,b50fcc6feb2274196a4cafeca007b7228a417dc698c7a1a2b0677e1b9dd039f9
ishika__ds1-000565,train,9,ds1,ab098e4a4278fc2e8f29d4597924b942052074f4d5a9a922e01931b72001309d,e28367697a8c46db42c4743d95c38910c4c06843b7650c115f3a99bdb7ebd312
ishika__ds1-000566,train,74,ds1,4de54f0bd1ebcb2b7a95571dd22b5379779bf745898862c6a980f9345adeded5,3e20069ae943d58b832c48bc20a1eaebd6663446a986685ef6b5598734cf7148
ishika__ds1-000569,train,10,ds1,747d2197fe84fa203d81729938922ca2fab8ebb1e19436cee371e6e684f6db38,9fa252a4573b62bac7bc513b26f84a6aa876250c9502171af408706839d4961a
ishika__ds1-000571,train,11,ds1,0884e39636adafe8a2c9426bd518cddfef8ade4ebdc46b472fe22df3e3299dd2,04617959f82f5a286fd08b796fd1cca725e609df7bb4864e695ca88b23ca12fa
ishika__ds1-000574,train,75,ds1,46bb80d54c7287958abac34c47cc9b397032f1c9412725f41443ccfcc8dca15e,a318f9f3144ebef88c7b7d05ef24a102a2eb135f6bba00d595e6fbee060a0ef7
ishika__ds1-000578,train,91,ds1,5057bf11032df6d3c2698475a2dd6f12846e0ed01804868360c8e623f0493d24,8fc77f66790dadd538bcccb6096369d07cd94ae0e6a81b911ce32814ac5c7b88
ishika__ds1-000580,train,78,ds1,6888c070dbbb4cd5581c281c3e1ad73739011b889fbc2061ac6b446233bb53ee,abd0aa31c17bb91a3b19a6fb7fa4d153238325080a69181381852c4841e0d734
ishika__ds1-000581,train,78,ds1,6888c070dbbb4cd5581c281c3e1ad73739011b889fbc2061ac6b446233bb53ee,057a7ec973b482ae7777e6bed9202d8f1a294eaa7a56037186d639ff858a2e3a
ishika__ds1-000585,train,76,ds1,6166ed55f15e59522f3f68c769b1f18b7cfdb554c39052de71a66ec047112a1d,ca122742b974f881effb7eca9bd0c5d76ba4cc980eee5148290febcdc5828dd4
ishika__ds1-000586,train,76,ds1,118ed8baaf40d38e6823bff407857f29311ce23ffd7f2a4e7d6927405bde8be8,a2c16779c68da0807efa6b7a4a426c7b332470d81596ea12775aa0aa324a320c
ishika__ds1-000587,train,76,ds1,d502c6b69bec3e153d59163478f95f3066c820224798a497ef23600b524da3aa,4e8cb856678eb643ceeb793d147788a193afe37263b951368e78b3eb81f9ceb4
ishika__ds1-000588,train,80,ds1,0f258ceb1c7f952a3dd6985ba866efc8d281a3e7cd7775a4502ca74bd2ebc117,850d15512816c415941f5dcbbf9dc4006d5cbaac6861624f331808d5fd6a3106
ishika__ds1-000589,train,80,ds1,134e28718db031ac8d9a5fd010f402fcab1301d3aa6d86c1ee3731c366e2ae8f,af8011221825f5dfcc6615bb65ccfd0858f1fbc15b19a76f7653474e48faddb0
ishika__ds1-000590,train,92,ds1,e03af9dee3a06e469ae5439c13fa5b8fa805068abe3a5e32277271025e390af8,7ed9edaa258016fc6a4acc4dbfb568083006a87d9b8ee300e78648af786b7ffe
ishika__ds1-000592,train,92,ds1,a136bd9d1561df7d9f2111a4fd4bbeba678022dd9b13a0c709c044b9a6f1f23c,86db89250d20de5a9a05e045560e73db72ad51cedc0418359503a6ae8fd47134
ishika__ds1-000596,train,83,ds1,2951462437846b8c59d465c7bdb045be07c64ab4fca9392f33ff23ce50c5fd2b,ae042254f382ccf13f14adc8ac8b62cc972081f3506639dc57593fbafb24fac7
ishika__ds1-000597,train,83,ds1,cd0012cccd1c435dbf8658a578ec8e4b5615d075e70bd563a50b1b14a8aacb7c,c7336f1e1530f6382d4546b7f0834cc75ba53688c1d10cbeb0786c496b523652
ishika__ds1-000598,train,83,ds1,a4320971e5015c70d29747505d024362464ff1edd3b3a4a3ee855b419fc3ed53,623c0fb05c002939cb05ad9b17c29da4528c2ee3e40c9a74ac23faf66f84101f
ishika__ds1-000599,train,93,ds1,da239b6345776e18f7190f65fa0faec06448743a37513157b48e3d4e8878f699,ac0d4cf54456fe67ac0ce4ac641520aea779d6c01388de6273ccc7990f0ea4e0
ishika__ds1-000600,train,93,ds1,56b36a8dc31a482b3f26ba752e899495129d774ecc642d9508f59532de940869,a9981911eeeb307a1113a291a54e3d9f6c586e0ba9d72c9a3e1a2f12717a65f7
ishika__ds1-000601,train,84,ds1,acf05cb5e2c2a1fe04000d323da12ae89d67e12da624f2f934587428a00a2152,c18a644a3f5e826b7f50910030dfbfa4cc1deaec81383f75cd31bcc11c4d8690
ishika__ds1-000603,train,84,ds1,fd6a5dcd1a5cc4de8d87adaa08fccca113f21db20c40ee21f2933fef68a4379f,aa43b7475c8df962668e908d93d66a236a6bdce9f0dc94b446846b79049e9726
ishika__ds1-000605,train,85,ds1,2489a9c16913f6d737092aaa988a38e9e5774c3d356db92afe80af4acb7b0197,79f1dd2998f4cc5cafd89ae664a60bd3df3cd5e953c0e1f4304d355a47b4410a
ishika__ds1-000606,train,85,ds1,62fe97c5a6d0db6c5ac5f1fc063f45d22b2b6221ee5a1149e6e8e99881f6c653,de89c6ab58646286bfe025a36805e7e6d16aae5ad113f3cbefec5b9fb5665a47
ishika__ds1-000608,train,86,ds1,390109be818b323aa8d666b3d03d11181055574dfaec588a563991ca98dedb6f,da6e9881fba54742903980c11d7e81493b0a9c944d4e8e6eae163d3ed14b934b
ishika__ds1-000614,train,5,ds1,5468791d00c3e115273975209b283531308a32695f512e95b6d070bd7198e506,071525523706918e8b6912a982cf8483346104adb5239e4573c5d0680e3783c3
ishika__ds1-000616,train,5,ds1,5468791d00c3e115273975209b283531308a32695f512e95b6d070bd7198e506,b9f463c5cdc19b068fea9ee253c944bd34f016abfcd0bd3b318dcd9003af2da6
ishika__ds1-000617,train,14,ds1,6002e876861808af608c2d7255312f5d63960326a41851ddf9f850bea248e040,4209e0128101f3f2993ec64afc86c7929541b68d0a428814e94361cf0ecac543
ishika__ds1-000618,train,16,ds1,52d8c1db44c46af01138446d9893e034e6e363e5e5a7713dd8f6965dc7b67c2d,e75ef1870c14f37ce1c257842575c1c05ad89ac94e20f437a8ed447b0077a0fa
ishika__ds1-000619,test,35,ds1,ca944022fc78a76e69a83ef96dace67ae141d7641f4f922d6e2311f5c5a0b242,2734c6e6917ed0f5b34392d7072f222d82b66c33aa31045d2773c037ff696417
ishika__ds1-000620,train,39,ds1,55db156153ef610e8a1ce4be8d401c0e926d376836fc82fd6917faa316341d34,49ba245fa76995a8e21b8d5abb1a42e01be6ff2e36afaa44a5647778436f6c06
ishika__ds1-000621,train,39,ds1,97725aa291d6b532253f1dda15ef01eeaaa80ee5fc536d4a03f06eade8afd663,43b05f32d95920924e5a70da6992ca46dce6b80997ab5b5ba49179485561fdd2
ishika__ds1-000622,train,18,ds1,b2451075588864ef2caef4b1b5e3611faf0dceef4521a500fe231bcda5fb1d63,5626cddf9b9ae158945201be310bd23dd88fcd059589f11fdf227a9010def3ba
ishika__ds1-000623,train,18,ds1,b2451075588864ef2caef4b1b5e3611faf0dceef4521a500fe231bcda5fb1d63,22eaddc05330b67d1c3a0616e57ee33b412bf86dbf61324e24b58947f29dba8d
ishika__ds1-000625,train,19,ds1,255ddca7b904e31ca334f67fb428d17c5f3db801f347c65cc489d138df826f30,13d30be2898f8f0928dde7368999af6f8068399b404e57c410e7adc0681794bc
ishika__ds1-000627,train,1,ds1,26a8e83e70e1e9a4ec52d2ca4e4f403b6bf9454bf7b8172d6c3f5b7c897465fc,e525eaf127e6bef9142b5e7645b92450c0661bb5a15ff27866c999fce6daca51
ishika__ds1-000628,train,1,ds1,30df56d9f256e691021b87dc7e30b1cfdda39217f7cdefdb049fc0d01c052b54,3c1d7fa1c4f60c931e12834655782f50b03b9602d50f71895108d742d832085f
ishika__ds1-000631,train,73,ds1,16582a1b7d9f5554bdcbbf488a1d8f93c50d7f576dc1e9d6490b44f3fc637044,0b0e6e1e3ee93d89e356cdede7a80cb72ef29ed8e1efa126bfb3e95e65c6f2cc
ishika__ds1-000632,train,3,ds1,ddad7d6e0ed1c02d29d687b52322e38d5eed67cb68bd602249502a42c3310f9c,eb5e336654f33ebd0e98d5e9f1393d862adb73e738e994c3950e2f17d2779699
ishika__ds1-000633,train,3,ds1,f5ced92cffcca5b99ed38e837af6508b039b4246c4804e21ee202653e64e0c06,89f86a6c5a221b0233cfdcd5a81cac2fbe19151e2ad6e7f6619bfd9a1bc26c39
ishika__ds1-000635,train,6,ds1,d656af39e3d99bf745c79af6d4c7ce1540c8e3ce12643c7668239ab028ecb3db,e1a9a6519b7ba0110800b30239384a04b9cf24a6c3f4e414257e05f9753fcb93
ishika__ds1-000638,train,9,ds1,9a298dc7950086d585a7c63a30d59d3f7adf657f6d5e149a5ef618c2128f6313,e46957c628ef511c90476e93f455a66ca0ae25aeb1a4c9932990b454195659e4
ishika__ds1-000639,train,74,ds1,61a8bcbeb7367d0547a3dce044c121c3b25d396b85823d57771f7d9567ca4f59,0c82d75f955626663a928f21fd686f5699ab2a91e033f51d0338ee1b52c64378
ishika__ds1-000641,train,11,ds1,08ce0abcdfe06d71f5cbd622398112cd3fa8ac5c1a6b9361b478ddc756a7d5cf,eef59bbfe8e793fbd7cca4078e4667333edfa1e0bd214db075420d64ab08f55c
ishika__ds1-000644,train,75,ds1,c76409d138bbd67ca80f5bf1c6373d8b24309cd8217d9b92b157c4fe23235f7c,c512657a54a036e46291b42627a6a69d35b07d8bc6aa98bd2d95fb9777c40b68
ishika__ds1-000645,train,94,ds1,d4e823080f1c929e264b7e44bb4709249c76bafa200ac70023d5de1f75985a9e,5f50ff98bc711647087ebc87fc2641a9be43308e7f4262a22a1e3173651d3b09
ishika__ds1-000646,train,91,ds1,54ffaca510aae7317e920b686850606f5bfd6b552f817c5dc132c31ff125687b,95b276f1da0a6733e8fc54c075eb7b0009dcd11cdab12d59ae32e456cc336268
ishika__ds1-000649,train,92,ds1,a136bd9d1561df7d9f2111a4fd4bbeba678022dd9b13a0c709c044b9a6f1f23c,e936b46201f393235f420b6f9dfb32eb777f922740b57762a8e4eab69df7229c
ishika__ds1-000650,train,81,ds1,3feb4081e64cc2ce4fe41e798e5157a907379e14d731c5852360d971943541f1,8f3ea24dbe018c58a791a0b8c7f35da2ceebfb40bb5d0b6f0e53026a9d3932da
ishika__ds1-000651,train,81,ds1,3feb4081e64cc2ce4fe41e798e5157a907379e14d731c5852360d971943541f1,bfa4936f2564babb4465ef582267752f41733ea68514eecc5e8432eb977336b2
ishika__ds1-000654,train,93,ds1,bd44230c23e685d9827f183cbefa8aa4aa6ff75f68bf7480187977df957f89cb,af125a17350504319fbccc7e8a6eb8c959ed8ce2363a6454ce7389fc41336338
ishika__ds1-000655,train,85,ds1,4d3858389f8fdb638f1c0e54fd6372bfa1698e313b007b43ca0d166680bcca48,96a0c10e803c08643dd564a5dcc6c531f562de8560446c9b941c493181ef0da1
ishika__ds1-000656,train,86,ds1,390109be818b323aa8d666b3d03d11181055574dfaec588a563991ca98dedb6f,ebf326263c9d7951613f9965f127d977d2687bc7590328869bb6a69c9df3c1fe
ishika__ds1-000659,train,16,ds1,709e41fe15762dd6b72864c6e96785aa4e0840621677c77bcf04705f42a705cb,9640ec073e2cd9c26a34538c7e393285da31b860ccf403474dc3d60c36d3582b
ishika__ds1-000661,train,17,ds1,8865b92440be3c28b557279a9f4ed182479a6db17771607e193243bcdb1ecdd5,41180c8c7ef4831dd2998bdac42750bec64ff37a339b82607b855f227e5665dd
ishika__ds1-000662,train,18,ds1,a8c5349ebde44dc707eee38011ec338e0af4114d8f94c8532f0edd4525d542cb,07ba0461d82cdaddaadac2ca74231cd9834633b63bc2c99dfc0dd8e1e795f568
ishika__ds1-000664,train,72,ds1,e5e514102c8466883d79fbaff41140e98b0389579b12c125c944f00039119416,e0cdebbd7639943505d6590d984a76b071c45bcb3a7d609a7c2d66f163710094
ishika__ds1-000665,train,1,ds1,30df56d9f256e691021b87dc7e30b1cfdda39217f7cdefdb049fc0d01c052b54,a432f482ce70b5234880623e25fb94150ba18beb43b924ed9de6290eea9cbfe7
ishika__ds1-000666,train,95,ds1,7e0a0c5f40d3266865b2ae1eac69fbff7dd16773efe2555cf01680c2cf1b9f9f,4301b37d21d46fafde77ccdd69cbfbcb14d9cab5e6ac7c31d18aeed628fd8bb7
ishika__ds1-000669,test,2,ds1,9f8850e91b5d3a51ac1801f374346f9706ae5bbab9c73fa40d34a85307b7c14e,bd0c6d450bdafb92330d83186c903f61adfda6407cdab779f48300c45dabe0aa
ishika__ds1-000670,test,2,ds1,bfc557c36cbdefe93e3f603477c1ff6c87348144a3103b1dfdecc2afdb261431,0cc914da1bd41f022afbef4ffa4feb3176dfeabedcc421abe958db2d12b0213b
ishika__ds1-000671,train,73,ds1,aec395adc38500341a2224d2373a61b998f3f7e1d59a3981af210e9213d1b12e,797545f7437cdf1045e924f509d213ffa6ce20611c5f6d8121c844ff15981d4c
ishika__ds1-000673,train,3,ds1,93a9ef18154c8fd6d4a5dffcfacaee621e1317969ab2a954eff2c0f8c720b342,4388564591cd3890958427c1831835c249b4e834ca19dd714a06722a8b3179d5
ishika__ds1-000675,validation,4,ds1,632203e22ac0c9bb63d95369ac89dadb608095cbed9803cb52051da78b29ebe1,446a59219af21b43dcb1bd2729bd8418767c4105bfda800c631c8f658c97f81c
ishika__ds1-000677,train,6,ds1,8845496467b09e4cc928582b30099979bbbd8e08d2c2778a018051a945e390c1,06969c51540fdb3b7e1a0b1bd739d874e03b6a1defe987eb879638a6845e3d83
ishika__ds1-000678,train,7,ds1,cea9eccce160c78f41eec627b4da20d1101db4bfe044768e350d99d792061ac7,c297a10e70abcc3f93e36769cdd834ad470862ad9cef0d2660c1b97be9b71b8f
ishika__ds1-000680,train,8,ds1,ecbb5e67233e05ae809e5670b2ba505cf284ad6e7b6e81639ea43d3aee4637ba,007048c334eacd30d13c437072e1dd601ccf271bc04218e64e563556caec4107
ishika__ds1-000681,train,74,ds1,d4e3a81d6bd4927f3b115a5c0a58b106d224d89cba105b08da6fc17399a6e04d,3467f088fba8f95154e216dd6c6744e16f325fa8c0d41b0d4f2ebd1c05e3a202
ishika__ds1-000683,train,10,ds1,c3b3a18b6bd2d5e5bf7d544f3394c9f06186c67c2354109a3460731ed7072e4c,f4dbc436989b7fe943a2ec706bbffbc7b44b2c0e7e2a217ad1c2ae7d6f9f1e82
ishika__ds1-000684,train,10,ds1,747d2197fe84fa203d81729938922ca2fab8ebb1e19436cee371e6e684f6db38,42284c50b4111fcfb9fb8c0a3b0ded3b4aaee2f3e2533206fc80316b03ec2d7b
ishika__ds1-000686,train,11,ds1,abb7ad2812e9bff6d3a6540fd1c6476301cfcdc14c4b338f859bdd1fd9de9edf,070f322471d8d613738c6b85afe9155fa1935b331b206d18c8df1a9a1de413ad
ishika__ds1-000687,train,75,ds1,e636737b5c6b2022bf4ce21b56267a7d6ee08246bd4cae1ab1d1e93327b99a12,76973593434d146f359f18aba622fa34dd0d0322cbb28d2f8bb09e6b9a72512c
ishika__ds1-000688,train,75,ds1,e636737b5c6b2022bf4ce21b56267a7d6ee08246bd4cae1ab1d1e93327b99a12,24affa76a314dc4a51a7b21235dc4a470a9e380ddf7884bc9e5273e045f46519
ishika__ds1-000689,train,77,ds1,b4c58834cf9fd6f685cb3c28af55409833ee242f3fdf4e70c91b7b962ad205a1,5584bba01e0aee5f87fed874ce6c2c7854fdb1f800c4b0616cb9b4d61eb3fb70
ishika__ds1-000692,train,80,ds1,3f84b32108ddf00e750472e81e60543665d228e2310ce847ed15d1bbda4cba05,fa79236a6abdca64cbc53c001480013ef8f3ecf71a4713d93bb346e7307bc2e5
ishika__ds1-000694,train,92,ds1,14c349cf13eeb5a220e77c260d1f8f99953c465d0ccad77f980c02da3c98e33f,2bbe20393139f594e8eb26a2ba8c1ba064f3702d9240b0fb984c42aaf6b4ea33
ishika__ds1-000695,train,93,ds1,da239b6345776e18f7190f65fa0faec06448743a37513157b48e3d4e8878f699,77d4c0bd43d74109ef97bf215d3d2f2d35296942f4c9dd39b94625e1c99c2958
ishika__ds1-000696,train,93,ds1,56b36a8dc31a482b3f26ba752e899495129d774ecc642d9508f59532de940869,a6bb89ab52ded45b39ec7a50f3733118b402bdb6714e19be92ecbfe9d82e1e13
ishika__ds1-000697,train,93,ds1,da239b6345776e18f7190f65fa0faec06448743a37513157b48e3d4e8878f699,ab9e8ff32c6433963055651eeb6096ce5a0c96967c3a1203a2e2dbb61cadd03a
ishika__ds1-000698,train,88,ds1,0dd6557a07f192a9deb376e9270ca5a3a0f9b6d9250845b8c65fa1fd91d59e69,2f61cb3f1fae7ab7fe310dce1f0943d16e7559cec41546d111e5f6f627350dc6
ishika__ds1-000700,train,89,ds1,fc8e3c0277af41d624c0a9d5a78a108c918537db845eefc37606214153605ace,49263320463952f1d4620d2a75cc94b016bebab0d9d576131fbc0d554796306f
ishika__ds2-000001,train,96,ds2,3ac25c59eb988e316a629b5982b7880e73d295d00e0955c5ea95568a3a53a3a8,50fc2efbc33747f36a5892b458d9cbd9ea10e2f731f3e451586820b5d48caa83
ishika__ds2-000002,test,97,ds2,1fc7463358273d542a7ed7996dd18c0646165802dc80fa7a3376c8002c30eb34,010e6bea74aea1c31da8d5bf8e4ac12fd1f589260c777dc0df6dd905b6194582
ishika__ds2-000004,train,98,ds2,a9bdc490524b868083e91ad253cf8b4a459b84d30c0f96ee988efbbc0202708a,4bb4771c693869610bfb34f6852bd4cc14e0e0aed09a40de600e5907db54fa91
ishika__ds2-000006,train,98,ds2,a9bdc490524b868083e91ad253cf8b4a459b84d30c0f96ee988efbbc0202708a,83643dc4225205cc3c0c1cee0b7110be0159bfe8effc631c6b9e8711b0b16792
ishika__ds2-000008,train,98,ds2,a9bdc490524b868083e91ad253cf8b4a459b84d30c0f96ee988efbbc0202708a,3bf7a470503152f9286097164873297e07814963fa2a6b7ac0b280227ab4661b
ishika__ds2-000009,validation,99,ds2,b4587edbc1144e75efd6ba678315abadb0d4270f59c8057371b75ddbb39c5400,0be36a85dfef18e287d7b6c6a106e55f51d75149ee08af13f9f91b98a8103f2d
ishika__ds2-000011,train,98,ds2,a9bdc490524b868083e91ad253cf8b4a459b84d30c0f96ee988efbbc0202708a,104d27aa58889bccc6819457bbc61a779b5b68a3fdd8af87c5b2055eefe0e864
ishika__ds2-000013,train,98,ds2,a9bdc490524b868083e91ad253cf8b4a459b84d30c0f96ee988efbbc0202708a,567ae64e68e3a78f45f6f0a5ba29d2a6733fc47f64c5d0d9e8565c5504f23221
ishika__ds2-000014,train,98,ds2,a9bdc490524b868083e91ad253cf8b4a459b84d30c0f96ee988efbbc0202708a,845e60ece80d1b1eab615ac1b85ae9de393981dfa81c5a31b9152f194d5b2108
ishika__ds2-000016,train,98,ds2,a9bdc490524b868083e91ad253cf8b4a459b84d30c0f96ee988efbbc0202708a,188c12756357daa66ffe99abbe3c20369a88c39d6b077ac3790912a26083ed6a
ishika__ds2-000018,train,98,ds2,a9bdc490524b868083e91ad253cf8b4a459b84d30c0f96ee988efbbc0202708a,bd00387ea40640c8361d088dd0622080d72f2bfeb1dba5db310d3473cf3c6faa
ishika__ds2-000020,validation,100,ds2,8d5f3549ce09beb6890ac080717b7ac09df3f8f4f3563289973dde8dae796eb4,43ea9a53f829a12b66d2028e5de5f4ecdf2c75330df47b16826a8611ededed4b
ishika__ds2-000021,train,98,ds2,62bd384a207f55c1ed9fc6d81f34231449ad50cb61f02250d5b742001794e98e,a9560862667b33a3bc4d099f8c4bcb55fdc6680765d15e72077db19f59060d2d
ishika__ds2-000022,train,98,ds2,a9bdc490524b868083e91ad253cf8b4a459b84d30c0f96ee988efbbc0202708a,b22cb4c0e76aa3d32e4b808395d9d7dcc0e0fdb83bd6d5486e8badc64b82596f
ishika__ds2-000023,train,98,ds2,a9bdc490524b868083e91ad253cf8b4a459b84d30c0f96ee988efbbc0202708a,164ff40ebfdffaf8cba618987ce19b1f77994eeae8845f84640189233dc086c4
ishika__ds2-000024,train,98,ds2,a9bdc490524b868083e91ad253cf8b4a459b84d30c0f96ee988efbbc0202708a,b32bf128847031a399d5e31678520406c8a9aa38c2278101c2c53e0517daeb2c
ishika__ds2-000025,train,101,ds2,7e403a2d29e0e57545a47b789eb813ced78a8ac02cff361cfb95d512b39221ab,dc153b57334fb4a89976ca1f4dec7decf617932b08ba923f03661b40b68eff44
ishika__ds2-000028,train,98,ds2,a9bdc490524b868083e91ad253cf8b4a459b84d30c0f96ee988efbbc0202708a,b587164baccd18337b6a0e1eccf9da58a76d0ae2aa2c6616376eca4d38dba535
ishika__ds2-000029,train,98,ds2,a9bdc490524b868083e91ad253cf8b4a459b84d30c0f96ee988efbbc0202708a,b99b62122ae1a3fe48535c2a37fa22a425b49216c5717ed8637d7fa19af07340
ishika__ds2-000031,train,98,ds2,a9bdc490524b868083e91ad253cf8b4a459b84d30c0f96ee988efbbc0202708a,154c08492f4c80170c981b4f02fbc4d2c25832f6b2a0e16ce6f99c1197521f5b
ishika__ds2-000032,train,98,ds2,a9bdc490524b868083e91ad253cf8b4a459b84d30c0f96ee988efbbc0202708a,208424162f68f041dabebd44995ef0b6dfa7963e07ec566e3d197b8a8be84b2d
ishika__ds2-000033,train,98,ds2,3ef4569a8cf5a188ec7601bcda480f02ee6f8c8e48bb427320ae0012155f1b7e,5c95c7fc9217dcfcd798bfd2fbb4a9a54357f8d23fde156c10edd4c604cdb105
ishika__ds2-000034,train,98,ds2,a9bdc490524b868083e91ad253cf8b4a459b84d30c0f96ee988efbbc0202708a,10b089b6a70ebf0b2b30dd7f38e6f6f9787b41cf338c4b7b4a08a2010bee3a1e
ishika__ds2-000036,train,98,ds2,a9bdc490524b868083e91ad253cf8b4a459b84d30c0f96ee988efbbc0202708a,515c7c09e6d2a516632c5a7d63f7b99881a40f6f047aed6f88cc06b76caac076
ishika__ds2-000037,train,98,ds2,a9bdc490524b868083e91ad253cf8b4a459b84d30c0f96ee988efbbc0202708a,2bc9099b59fd59530780b3278b26c3c9caedb10d623a82d225cf5a99bfbf03fc
ishika__ds2-000038,train,98,ds2,a9bdc490524b868083e91ad253cf8b4a459b84d30c0f96ee988efbbc0202708a,771cbf73646ae67698af380960e5a06b59e4fed91665448542d4f7b8904a0d35
ishika__ds2-000040,train,98,ds2,570ae74c68ea97ecc97949804a85819ad1c79d46abe4763239c05e6f069a9c91,462880bb983beab90d4b6d3c36f42d5027a0550827899a0b85b000b832127ad7
ishika__ds2-000041,test,102,ds2,ea5e58930a7114d6264627d1276b8f81f27ee0ed243f3b0349860dc3f7d615f8,9d6a67dd09f0fd4d00594744bead5ca45467d825220a1f2e5bccffc295f07004
ishika__ds2-000042,train,98,ds2,a9bdc490524b868083e91ad253cf8b4a459b84d30c0f96ee988efbbc0202708a,682bc86b99a546f4c95ed87e4957343b48048045a2291a08177337e9887ef1de
ishika__ds2-000043,train,98,ds2,a9bdc490524b868083e91ad253cf8b4a459b84d30c0f96ee988efbbc0202708a,cbdb2a0c70b6cf6367aef666354a6a58d259b7f05d175e85ffde152fa5d2df31
ishika__ds2-000044,train,98,ds2,a9bdc490524b868083e91ad253cf8b4a459b84d30c0f96ee988efbbc0202708a,8e55cc8999ecdaef5dee2ac83ca4faeb0fbef6153b985de7a0cacc556fc9c188
ishika__ds2-000047,validation,103,ds2,bf26d7c84668903c71e6c15095ee48f735e7c2482d5fdff75c87211d06ac150f,291698bc83d90a1000a73ef2bb01d7e3e0dad0567106b733411fb9d3f028e083
ishika__ds2-000048,train,98,ds2,a9bdc490524b868083e91ad253cf8b4a459b84d30c0f96ee988efbbc0202708a,c1b7ef3deda6d425e23efc7b3917f99ca5aafbc2a333ad577fd4765320ee8849
ishika__ds2-000049,train,98,ds2,a9bdc490524b868083e91ad253cf8b4a459b84d30c0f96ee988efbbc0202708a,4a6fd93bc45bfa25efa5ee48855fe51f0ade4d17f339cabe14d7c0d03468753e
ishika__ds2-000050,train,98,ds2,a9bdc490524b868083e91ad253cf8b4a459b84d30c0f96ee988efbbc0202708a,2fb059d670780eac61399d53a8362170533d7fc218883aa6845f956ed9f319bb
ishika__ds2-000051,train,98,ds2,857e418f822930540bf26c86e2d1f16643645d9624c9e410108930bcf9cc6936,c70e9152cc3bf9e6d59f4a8ad4f11d6c953861410bb03197b2b7bd272a4ec729
ishika__ds2-000052,train,98,ds2,a9bdc490524b868083e91ad253cf8b4a459b84d30c0f96ee988efbbc0202708a,fe9b3b6c5db85ed2a4fe22f54b33d67627fe6d857f938ccff448adcfba4cba34
ishika__ds2-000053,train,98,ds2,a9bdc490524b868083e91ad253cf8b4a459b84d30c0f96ee988efbbc0202708a,6a31c6494568ceccf02c0bd23e991a38f2a7d70d1fbb5a16d489dbd268357e3b
ishika__ds2-000054,train,98,ds2,a9bdc490524b868083e91ad253cf8b4a459b84d30c0f96ee988efbbc0202708a,9f5e3e97c7903319a998551e8e6b8cb1544740c5bde110fc436ca25284e0fad3
ishika__ds2-000055,validation,104,ds2,555ac6b1e500fffeb3369cf5f6b33d3bd7427f0244236e2a1e877941b23cf98a,f6f5e21e2f44ffbe2234f78c8fa5d348b11447655d66c715885535baefc5159d
ishika__ds2-000058,train,105,ds2,272ae0fe865782246e9887be7e84941eb42b9af16336b780977ad6b8799708b9,81966c20507c82f33f1fad7957870edb3b55b158ed98eaf3511b4c83bbd03fe5
ishika__ds2-000059,train,98,ds2,a9bdc490524b868083e91ad253cf8b4a459b84d30c0f96ee988efbbc0202708a,9c2928b4f726031ce7abc11e088fb4a33fc305f98d3550c62fbb9f318c2376f8
ishika__ds2-000061,train,98,ds2,a9bdc490524b868083e91ad253cf8b4a459b84d30c0f96ee988efbbc0202708a,13d008fd39526e68e75d9a09e66ffcd7a20bbb9455a056fb9305156b644bde20
ishika__ds2-000062,train,98,ds2,a9bdc490524b868083e91ad253cf8b4a459b84d30c0f96ee988efbbc0202708a,a5123b1dd2cec90db34186ee2f98ce2d6c91aca00a0b98df0c7242017685aafd
ishika__ds2-000063,train,98,ds2,a9bdc490524b868083e91ad253cf8b4a459b84d30c0f96ee988efbbc0202708a,a41ad865bb423983b81d74ef93773eb3e00c16aa1730a84fc2915b89c3e629be
ishika__ds2-000064,train,98,ds2,a9bdc490524b868083e91ad253cf8b4a459b84d30c0f96ee988efbbc0202708a,ae70190bacdf2efede6568d7a2239c7208949b4ddf2f6ebb565887cd4bcb472b
ishika__ds2-000065,train,98,ds2,a9bdc490524b868083e91ad253cf8b4a459b84d30c0f96ee988efbbc0202708a,0019197dc7b3968e97fdd36cd8498b607b3938b8811f458d1603fc68c9e49403
ishika__ds2-000066,train,98,ds2,a9bdc490524b868083e91ad253cf8b4a459b84d30c0f96ee988efbbc0202708a,699370d2ef49f40d831d2b11cb1cf601621358b776a8f754c9f988bcb500e88c
ishika__ds2-000067,train,98,ds2,a9bdc490524b868083e91ad253cf8b4a459b84d30c0f96ee988efbbc0202708a,29dceb4af7538603f7a217d41c45380c12d1daf0b8b7924b65568c3d104d1bb1
ishika__ds2-000069,train,98,ds2,a9bdc490524b868083e91ad253cf8b4a459b84d30c0f96ee988efbbc0202708a,a0644cf80a63bb247b9de1c00325dd9200899f5f4f021ad3bdf62eb7c4fc4295
ishika__ds2-000070,validation,106,ds2,9fa8361d2d028a5d9be09aa629a46199c09db26f2102a78b6b6110eb93ec344b,0468fc16f6f77cc8f450fe0a093fb266f0963bd438d6c1cecffc3a570af146b5
ishika__ds2-000074,train,98,ds2,a9bdc490524b868083e91ad253cf8b4a459b84d30c0f96ee988efbbc0202708a,be6e10557eb9544328b5613e39bf3ee3c6dce7b16d7580eba9002ea985f933f2
ishika__ds2-000075,train,98,ds2,a9bdc490524b868083e91ad253cf8b4a459b84d30c0f96ee988efbbc0202708a,deb80acc4da3021c70b82c741005dedba8365726ee6bea51d01c3efd033ae261
ishika__ds2-000076,train,98,ds2,a9bdc490524b868083e91ad253cf8b4a459b84d30c0f96ee988efbbc0202708a,57846eba621ebd2316dbd424c83105deac7ecf647c60517f6d7be61bdfc34726
ishika__ds2-000077,train,98,ds2,a9bdc490524b868083e91ad253cf8b4a459b84d30c0f96ee988efbbc0202708a,927e3fe6e72a72d9e2c04e3c4b31479e2d33c3d6f3734f80195fe6ffbfb30e9a
ishika__ds2-000080,train,98,ds2,a9bdc490524b868083e91ad253cf8b4a459b84d30c0f96ee988efbbc0202708a,1c32bb94d0145cabd75a1bf81bf7c7b51b6b8062f39c9435c837a44e8ec70ba1
ishika__ds2-000081,train,98,ds2,a9bdc490524b868083e91ad253cf8b4a459b84d30c0f96ee988efbbc0202708a,776f6dded3349be5c8a3a1aa1114cd4ba8e62dd334364beb0c7eb289799cd339
ishika__ds2-000083,train,98,ds2,1a7d84867d02fcedd72aaf9f9f023f8b070fa0b710fbdd3292fa174cb923cc04,98137e8058ae02e685c96ae10aa4aa7643bcb1e21dfe2ef1cfc660a4c1058931
ishika__ds2-000084,train,98,ds2,a9bdc490524b868083e91ad253cf8b4a459b84d30c0f96ee988efbbc0202708a,4274ff6184237bda0d54bc4c19b53ed5116abdb04ac3cf0bd2453661505e907c
ishika__ds2-000086,test,107,ds2,e6308a155d5a4a2ce61eaa68591ef508ceeb3a8c8178a0411b4c59b8499b37c3,d5c36aebeb1b6bc747d0da80de1fab0fc67d02d941134599609f2ccb4c98a975
ishika__ds2-000088,validation,108,ds2,9d5b2e74103590863c36da58f63e88889d48dc7d6db4b796763bdb283c52c830,b6c3773e3e6dec38bea57fce6602aa24470e40c8533cd775736c3439626b4c7f
ishika__ds2-000090,validation,109,ds2,957dde9bc0c2b86fb00988048200cb3447c35bf2391220de83a1c59408b8b805,e6b7c762d253a62b90258ad1e8146f4999bbd982dd76ea3152c5fc23a9f320fb
ishika__ds2-000091,train,98,ds2,a9bdc490524b868083e91ad253cf8b4a459b84d30c0f96ee988efbbc0202708a,d16d9a70e93ddea9ce148cadefc399d52be320458fcae9af68080b51b8a3edaa
ishika__ds2-000092,train,98,ds2,a9bdc490524b868083e91ad253cf8b4a459b84d30c0f96ee988efbbc0202708a,b48c42b8d7f391be6c7ef42ce58484822dac331fab936a606109e918fd0b89ba
ishika__ds2-000095,train,98,ds2,a9bdc490524b868083e91ad253cf8b4a459b84d30c0f96ee988efbbc0202708a,b4a3b97c0b74e7661e8901a1059c7d2b6d11cf17481e26e60759fa7b721cabf8
ishika__ds2-000097,train,98,ds2,a9bdc490524b868083e91ad253cf8b4a459b84d30c0f96ee988efbbc0202708a,c3c9169edce840af2966eaa5be4313e5e24a9a6fdac1d89dc5f4c3b0e48233b9
ishika__ds2-000099,train,98,ds2,a9bdc490524b868083e91ad253cf8b4a459b84d30c0f96ee988efbbc0202708a,4c0556a37a3c414d959564916016e1883479dacf94177a3db332e1e039d7408f
ishika__ds2-000104,train,98,ds2,a9bdc490524b868083e91ad253cf8b4a459b84d30c0f96ee988efbbc0202708a,f497d164ce1d3e8903bbad9cdf2bd9913775408d0ec11bb43c70f9b917d2c303
ishika__ds2-000105,train,110,ds2,46e7db4586bfd81200bc74bdaa27fbb63ae56088cfa5d4f0f4d9ddae218ce313,f2da35b726bdc2d7cf5ea99216952d6834066e50e1f24536324bcb58f9615ea7
ishika__ds2-000107,train,98,ds2,a9bdc490524b868083e91ad253cf8b4a459b84d30c0f96ee988efbbc0202708a,04be1a886ac23477f1349cae6392299109ce1541f896362311c95433a853c9bf
ishika__ds2-000109,train,98,ds2,a9bdc490524b868083e91ad253cf8b4a459b84d30c0f96ee988efbbc0202708a,a71fae98efde0c2c3896ebf6a27f536ff079478868faa62d24bc834a3c4da7ab
ishika__ds2-000111,train,98,ds2,a9bdc490524b868083e91ad253cf8b4a459b84d30c0f96ee988efbbc0202708a,ec3768d23f019a49bf32817d3d148cc7238892a154b75d8dffddbcc9c8543e6c
ishika__ds2-000112,train,98,ds2,a9bdc490524b868083e91ad253cf8b4a459b84d30c0f96ee988efbbc0202708a,7b1dd88c50e1473391b8779627d70f8185a34358d70c6822e8d142d239fa55f7
ishika__ds2-000113,train,98,ds2,a9bdc490524b868083e91ad253cf8b4a459b84d30c0f96ee988efbbc0202708a,0d7dc7927fdbd043884eef2d12450c96742ff7d25ab1b787b8bf3a512131abc8
ishika__ds2-000115,test,111,ds2,3b59a9d2ff234ffebb7f864c19f599fd9ec1d0a037b68aab0615e3752ef7a477,9933ec9be3713a9f9dba564dc17427507ae58560cad19672e63b6f6aba8d6488
ishika__ds2-000116,validation,112,ds2,9eb3ea69736c58a5414f3935e055abb8ff5eaf9afc4d7f522a513334641a79f3,e0a4b4fdd0d2acfec34132f06a56fc4eac2dc2028e9bf1246705a37256aac1cc
ishika__ds2-000117,validation,113,ds2,de22d1b22fab3cf60bf6773b3cd1c9685d6cf2492e70514bdd156105972828ff,b45fae6fa7e110d791f379a3b9798434555b0a3d6f14c498a1d34a27d7de8bf8
ishika__ds2-000118,validation,114,ds2,daa7b19c1d6350ad3c1a2ddc6799635504aedafdd59a48c967e3fa788750378d,98c375dee1888cfb0e28bd89f1add7e546219b641df8c74f5ed803d1cf3d7f85
ishika__ds2-000121,train,115,ds2,7434a27f5af38c82075f065dda34efb9e1b0d23efbec91d314d4a387a0d1b53b,75420e2fe9c56f20875238689f3a6c9f77ba17da0c28944b3d1967e6d8f7e31c
ishika__ds2-000123,train,98,ds2,a9bdc490524b868083e91ad253cf8b4a459b84d30c0f96ee988efbbc0202708a,a60c7e8c38e5311e6bb034955f47279c578a3be068a9cfc2973212e47e697076
ishika__ds2-000124,train,98,ds2,a9bdc490524b868083e91ad253cf8b4a459b84d30c0f96ee988efbbc0202708a,314a25f92068b9ec4bf64c44c91b79a4c386852b70fd675b1b2a9443be536ec5
ishika__ds2-000125,train,98,ds2,a9bdc490524b868083e91ad253cf8b4a459b84d30c0f96ee988efbbc0202708a,0e9a1b5599d589be2910ac56bbac7f52c230f235f33062bab7bcadf6a7f93acc
ishika__ds2-000127,train,98,ds2,a9bdc490524b868083e91ad253cf8b4a459b84d30c0f96ee988efbbc0202708a,57aa4c6b3d7d4b25566fdd0c65f3cdf17e7c67cf0bbf28a484b20d6d2dc90599
ishika__ds2-000128,train,116,ds2,320c173d32280aa01b918a5190863562e0dbf88e90df8738378a9a1643550513,b4435684f0527590be54d7c590c243bcd7b98777b9e39dde61df62e44f0c19b1
ishika__ds2-000129,train,98,ds2,a9bdc490524b868083e91ad253cf8b4a459b84d30c0f96ee988efbbc0202708a,1f1c94ad3c21583499f539ac2c2c93a89ae3277e512b16f62d6e3b730d652836
ishika__ds2-000132,train,98,ds2,a9bdc490524b868083e91ad253cf8b4a459b84d30c0f96ee988efbbc0202708a,09ffd9657c3de03c7f3b3a6f2f788db8ce5c8b8507cbc07a1aaef36a93f2df42
ishika__ds2-000134,train,98,ds2,a9bdc490524b868083e91ad253cf8b4a459b84d30c0f96ee988efbbc0202708a,8367704a253be90139034542088cb5df0b7d28c6ee5e091f54495555bc93692d
ishika__ds2-000135,train,98,ds2,a9bdc490524b868083e91ad253cf8b4a459b84d30c0f96ee988efbbc0202708a,3cb8b435e1c2c54e5a31bbf474b0b5a909422658515a816591b240111ef3f917
ishika__ds2-000136,test,117,ds2,4fca341a854c3e8ec7a49262a36a5cfa873b83e633cae31ab9140baa30f4e425,7c8d669aff812eeea2a578f9adec90c5695b3c5879acaebfaea8c192f05d46c3
ishika__ds2-000137,train,98,ds2,a9bdc490524b868083e91ad253cf8b4a459b84d30c0f96ee988efbbc0202708a,2d20986931187b1e49bb59008165f0c7fb7052b5c63c628e99632d71457beae9
ishika__ds2-000138,train,118,ds2,021e50f4ae2829e93f3839be2e2bf0bdb967dbfadd580e68202900428cb1ca11,a356d2692fcf87009f6312f27e08a6e7877aef55359d9dd0003ec4ad7fc05f4a
ishika__ds2-000142,train,98,ds2,a9bdc490524b868083e91ad253cf8b4a459b84d30c0f96ee988efbbc0202708a,76c67ee62bebca0432f66f158f6df88153b449f6b2b1f7bd479d014dadda7e3b
ishika__ds2-000144,train,98,ds2,a9bdc490524b868083e91ad253cf8b4a459b84d30c0f96ee988efbbc0202708a,54b7cf2dbf1bd2fae0c8557732a6a84348736e3d1e98aa4caae65649e74af20c
ishika__ds2-000146,train,98,ds2,a9bdc490524b868083e91ad253cf8b4a459b84d30c0f96ee988efbbc0202708a,69954ddc8d4f14c05cc2ce15e184646c19c32872e5a4cddbde9c2ec03a4161ec
ishika__ds2-000148,train,98,ds2,a9bdc490524b868083e91ad253cf8b4a459b84d30c0f96ee988efbbc0202708a,6c29cf7fd2a2e1ad310e6dde474ad2b94e04e3ebff6ecf79717e1b0ab563d1af
ishika__ds2-000149,validation,119,ds2,9a75707b8374c9e85ee7b039112e9ff52a35486ed5e11abcbd709d31e3880c23,93548ae5e257b263d7ac8bc963046bdb6f3251bef7df3ddfdeb6e158ae07911a
ishika__ds2-000151,validation,120,ds2,4de65ea019f2167bbd25fdf679d32a0503f156c939285da3df11d2eb41811c74,9421dd1d3906ed0834bc5f587d07e8e5d8ce28aaa4415f5b505ffe3bf1fb8ebf
ishika__ds2-000152,train,98,ds2,a9bdc490524b868083e91ad253cf8b4a459b84d30c0f96ee988efbbc0202708a,5f567b62e71c972e495de0bd70149a7f2079e4df368be2c41a5f4bfecb4e2c64
ishika__ds2-000153,train,98,ds2,a9bdc490524b868083e91ad253cf8b4a459b84d30c0f96ee988efbbc0202708a,e078d418b855a2e99169437d6898ecfb6b17002f05b000ee231e00b8acf478a9
ishika__ds2-000154,train,98,ds2,a9bdc490524b868083e91ad253cf8b4a459b84d30c0f96ee988efbbc0202708a,3f6a87a8870a4e2f9c05b7fce9a5bb09d4c0745cb58f24316812ab08eea7d3fd
ishika__ds2-000155,train,98,ds2,a9bdc490524b868083e91ad253cf8b4a459b84d30c0f96ee988efbbc0202708a,90c14f1c19600f308233b0911a59fcd9f31b2af7627a9a875e8036e3c781de5a
ishika__ds2-000156,train,98,ds2,a9bdc490524b868083e91ad253cf8b4a459b84d30c0f96ee988efbbc0202708a,c6a96457a8062cbdfb6e64c453776e6119feabacc3a6c157ad3be779415e3d0c
ishika__ds2-000159,test,121,ds2,dec818c43b90345f131915ef2fabb17b6c41ecdef913203e258208b071ced3ba,2bd19a9f2532b53349e7be34e34ec2657a7ac4cfbc71a2f2b2f650f0f6cc5399
ishika__ds2-000160,train,98,ds2,a9bdc490524b868083e91ad253cf8b4a459b84d30c0f96ee988efbbc0202708a,05253bc90beb328bd1d78cabcddf1982c483da87bdf976462e046f3489ba3242
ishika__ds2-000163,train,98,ds2,a9bdc490524b868083e91ad253cf8b4a459b84d30c0f96ee988efbbc0202708a,e8c5b26f8e1412bcf42b5fddceab875766e9696a6bf42e06c0d8035f827e92ea
ishika__ds2-000165,train,98,ds2,a9bdc490524b868083e91ad253cf8b4a459b84d30c0f96ee988efbbc0202708a,3b4d989215e7c4865bfcb490255a4439a464fa6508fbc784c424d8368fbc76c2
ishika__ds2-000167,train,122,ds2,c752199025d58e20b060bed704af038bc06507f66614cfd3d759dae0538739bd,6c9cb2a8de5993fef058d73e4f8445c929d243d4352947a437b98a07e428cb4f
ishika__ds2-000168,validation,123,ds2,aafe99afba213fc84bb416d0c81f1524714e5df894d63648ee85bd6cb6e4a479,5fbe5fa977db38ec228ec0b250ea58cd2809808a18cb93d0c8c64151c49b12db
ishika__ds2-000174,train,98,ds2,a9bdc490524b868083e91ad253cf8b4a459b84d30c0f96ee988efbbc0202708a,e24c03d55a9b8b294baaf6dedd99dc7c6e48667e67dbf67ffac297ccb6012701
ishika__ds2-000176,train,98,ds2,a9bdc490524b868083e91ad253cf8b4a459b84d30c0f96ee988efbbc0202708a,9caa83c2f6d248c895ffb676290b5891716885e94416c9e183d18706af4ccf60
ishika__ds2-000177,train,98,ds2,a9bdc490524b868083e91ad253cf8b4a459b84d30c0f96ee988efbbc0202708a,c0b6895666c86fa1ec011f96a230e9f89acc14c9473ea5e7defceb982dac56d3
ishika__ds2-000178,train,98,ds2,a9bdc490524b868083e91ad253cf8b4a459b84d30c0f96ee988efbbc0202708a,63bb5db26be9451fa55f9fa6b9135c2842f3231aa154243d92415c1d8a1e8515
ishika__ds2-000179,train,98,ds2,a9bdc490524b868083e91ad253cf8b4a459b84d30c0f96ee988efbbc0202708a,9a4dc4ffca84aa6e2e1e02bbedeba343a9aae1ec32bfdbbf7f1a1e4225409001
ishika__ds2-000182,train,98,ds2,a9bdc490524b868083e91ad253cf8b4a459b84d30c0f96ee988efbbc0202708a,1c856317b860612c1be3e954b618891cdba0a8f59e2cb939762978298a7e4155
ishika__ds2-000183,validation,99,ds2,b4587edbc1144e75efd6ba678315abadb0d4270f59c8057371b75ddbb39c5400,5cd5980775885c51367f14a79badc8f345f9837a60fc162d4bf00d2d3d248b7c
ishika__ds2-000185,train,98,ds2,a9bdc490524b868083e91ad253cf8b4a459b84d30c0f96ee988efbbc0202708a,0127c50decf8c70d10155c9f5a1e9316ca58dbb04d569e99b607280e02e7eb06
ishika__ds2-000186,train,98,ds2,a9bdc490524b868083e91ad253cf8b4a459b84d30c0f96ee988efbbc0202708a,002ba3d050dfdcd4c465442bb349dfbd23952adb7558f79662abf9d6a8277240
ishika__ds2-000187,train,98,ds2,e0151367cdf189c1a10d5feb6b5479d4597960f98ac42e6b5fa2371a803a06c6,e26a6432355db03120d32ef0d444ebb53857b15c596f7620560be9add510d3fe
ishika__ds2-000189,train,98,ds2,a9bdc490524b868083e91ad253cf8b4a459b84d30c0f96ee988efbbc0202708a,60d4db4cd1649fbd361fe4836682d046bb60f31538beb1567b61ef2c8ae46ce9
ishika__ds2-000191,train,98,ds2,a9bdc490524b868083e91ad253cf8b4a459b84d30c0f96ee988efbbc0202708a,e746462a212bd42892a458395a737c1c08aa014a746991988eac16acf6ace9b8
ishika__ds2-000192,train,98,ds2,a9bdc490524b868083e91ad253cf8b4a459b84d30c0f96ee988efbbc0202708a,804cd0f901ff46c585241756bf9778e8f283274cb7161534284b7725c0d22df3
ishika__ds2-000194,train,98,ds2,a9bdc490524b868083e91ad253cf8b4a459b84d30c0f96ee988efbbc0202708a,550f6fd716aa3bd987a74f7b2ec9a0ec4dc58892941916f102dc3d60c5f79d0d
ishika__ds2-000195,train,124,ds2,67ccdaa780098b4ee7efcc0224a637c2b8de249f67394e39d2cbc279f73d1fc9,393fcf60a921cdba1de36221a886d0b53bb1dcc0c4e01b34e311d61717e60c8d
ishika__ds2-000196,train,98,ds2,a9bdc490524b868083e91ad253cf8b4a459b84d30c0f96ee988efbbc0202708a,c5292d2c8105143c8df88354be689bbfa93e735845b611c98ecf52b578edf577
ishika__ds2-000197,train,98,ds2,a9bdc490524b868083e91ad253cf8b4a459b84d30c0f96ee988efbbc0202708a,7f24c9987790943308d90124e1201da54392c2b4fae4201272977e56251cdef0
ishika__ds2-000202,train,98,ds2,88b3b0e1b9517a8e7d4a5d6bd125681cf47eae22aeaa7d4ec9711e0cdf059fe5,49ed7ea26cebcab7fed513bbfab349ec638605b01e9c84c4c47f234fa49cc0ea
ishika__ds2-000203,train,98,ds2,a9bdc490524b868083e91ad253cf8b4a459b84d30c0f96ee988efbbc0202708a,03ce7c775ea17479e50822a8d0d4168035debdf43822cf73b3b66f60fd3e5576
ishika__ds2-000204,train,125,ds2,9d6af58300181e04c012da55b70aaffe483e4dc316b3d26eeed78ae0289f17c9,bf9065a159358dc26c242acd8d1a88e82b7b5a9bcd06a38e43ee6f02d4e3cf62
ishika__ds2-000206,test,126,ds2,52ed4935eae907aa4c83e872233edee5df79b1df56b3ad69ef8c9859db18e2f8,f0817ad0de74b22924a98fbd76c93b3071e732a3583db9e1672ae8b261dcbcf0
ishika__ds2-000207,train,98,ds2,a9bdc490524b868083e91ad253cf8b4a459b84d30c0f96ee988efbbc0202708a,37a8c2c20e49b6cffbaf16088300f8c11ea9d54f42c8afb50b8b4ef67b060636
ishika__ds2-000209,test,102,ds2,ea5e58930a7114d6264627d1276b8f81f27ee0ed243f3b0349860dc3f7d615f8,4cf96cde4932d40299b09a7ddfbcc19df397bbd36ea3314ee43f38e606fa84b2
ishika__ds2-000211,train,98,ds2,a9bdc490524b868083e91ad253cf8b4a459b84d30c0f96ee988efbbc0202708a,1e24c3b19a4c00b0d2ac152d2304b7736f4d6ad89fc4dbe677a13d8e6688e17e
ishika__ds2-000212,train,98,ds2,a9bdc490524b868083e91ad253cf8b4a459b84d30c0f96ee988efbbc0202708a,7eb62e66ea9782949418f527ae49a2d7318c8e91612c35765559dcfe01043696
ishika__ds2-000213,train,98,ds2,a9bdc490524b868083e91ad253cf8b4a459b84d30c0f96ee988efbbc0202708a,31c201c7ae8c6a64595c82eca47f0ee76b9546cbc93bb6130f1298e1f4c7d08b
ishika__ds2-000217,train,98,ds2,a9bdc490524b868083e91ad253cf8b4a459b84d30c0f96ee988efbbc0202708a,5708936ac1af9bf9544c1b10e8f0a4025e2b39e16044888dbc0b8cd789115409
ishika__ds2-000219,train,98,ds2,a9bdc490524b868083e91ad253cf8b4a459b84d30c0f96ee988efbbc0202708a,63df76577a6c777f65f228c25228480bdec230999b9b1861c08c061eeaa8864f
ishika__ds2-000222,train,98,ds2,a9bdc490524b868083e91ad253cf8b4a459b84d30c0f96ee988efbbc0202708a,6ec7fa91bacf8ae944f34a684f86f55ea9b9bfe5ac872ac67f1aa20c82c7da01
ishika__ds2-000223,train,127,ds2,d9fe7412b8a77d187ca2d457baa2077f4e4deff8b20512dc871558cd71690af6,991c476f467984491c62f5c0223240db7cf52059004d63c8b22987924d81fadf
ishika__ds2-000225,validation,128,ds2,f10d2f3eb84a663a337aba30d09aef2a27b13b56b2f0a9fe0d02436985f524ba,b4d43cf0b6f6290c5b94146968f78a6096ba82549e2d0a63c08ed376f1989839
ishika__ds2-000227,train,98,ds2,a9bdc490524b868083e91ad253cf8b4a459b84d30c0f96ee988efbbc0202708a,c86b953ac1fbccf9b437679de386841183549a699289cc109dcd5d22f478c959
ishika__ds2-000228,train,98,ds2,a9bdc490524b868083e91ad253cf8b4a459b84d30c0f96ee988efbbc0202708a,61355565f51a24be0e4a8acfab01833bf75719bb7e7db9d6e6e1c207f5f54105
ishika__ds2-000230,train,98,ds2,a9bdc490524b868083e91ad253cf8b4a459b84d30c0f96ee988efbbc0202708a,734389f23dd8212bac2362141d368ebdc9b36574742ac973a5e9358c48e12b3e
ishika__ds2-000231,train,98,ds2,a9bdc490524b868083e91ad253cf8b4a459b84d30c0f96ee988efbbc0202708a,c4f5c6fd70911cdc0394a457aa6fb5272823e87b038fffde8fa467ca94158f21
ishika__ds2-000233,train,98,ds2,a9bdc490524b868083e91ad253cf8b4a459b84d30c0f96ee988efbbc0202708a,11fa6c091eb90b3163a0483c54948d33476ac43c0bb2e72f055b111ece0d8208
ishika__ds2-000236,test,129,ds2,a98483077f2476a2ba714ec2f0d16acb24b11c479302715c19abab7abc79deab,ab81ebb7a2e9ca8d4b9c5411425bb0316432f18dc5b6b53f8d25a7d94e012b7d
ishika__ds2-000240,train,98,ds2,a9bdc490524b868083e91ad253cf8b4a459b84d30c0f96ee988efbbc0202708a,4a391acf18be3644d8b1821b81464163ee05f1db5385ab1742a9473d84e1fec4
ishika__ds2-000242,train,130,ds2,fa96c239883c7d0ba6696c157ca349b8dbde8c31614e9a147b7c2c41ae3694e2,7a6f7d82c59da1821a6048d00968e0a3ea9a01176abb34ca08be5c90c05b813c
ishika__ds2-000244,train,98,ds2,a9bdc490524b868083e91ad253cf8b4a459b84d30c0f96ee988efbbc0202708a,4d70c1eaa2a99e5fb1b7e621c63f5457ba38fccd1cbceb300c3fdca6acf103e2
ishika__ds2-000248,train,131,ds2,17c5db609763dede1a43dd310dcbbfe52a11bd8dc30e15aceecbddea9679a8f3,a14a53a460c782ba987eebaf8d4cdfb41b0f01eb2f47ce7eead2d7536f8ad8af
ishika__ds2-000250,train,98,ds2,a9bdc490524b868083e91ad253cf8b4a459b84d30c0f96ee988efbbc0202708a,e1890265dff887aeed78fc68bbc21588c0eb35a5b72ab9b99ba342b778563776
ishika__ds2-000251,train,98,ds2,a9bdc490524b868083e91ad253cf8b4a459b84d30c0f96ee988efbbc0202708a,98c92133e5a11e928355cff255f0440a0f7e59076332a02af7cf217c9e661204
ishika__ds2-000252,train,98,ds2,a9bdc490524b868083e91ad253cf8b4a459b84d30c0f96ee988efbbc0202708a,8820e0809e06acc43b51a7e280f8299398c83b35dedefc9e5372a93f40136402
ishika__ds2-000256,train,98,ds2,a9bdc490524b868083e91ad253cf8b4a459b84d30c0f96ee988efbbc0202708a,dc3a949043e7981cef090dba6c5a4e3f2f888fbcd2830923c2b785a663b3313c
ishika__ds2-000257,train,98,ds2,a9bdc490524b868083e91ad253cf8b4a459b84d30c0f96ee988efbbc0202708a,6d6a973bb8748bc161daae0ee29d621321978f5b1d2af8ad09714fed0908b254
ishika__ds2-000258,train,98,ds2,a9bdc490524b868083e91ad253cf8b4a459b84d30c0f96ee988efbbc0202708a,f7af075776bc11631feb904e0a8845a7e13322ddb96250d5cb6d603fc4f5dbc3
ishika__ds2-000260,train,98,ds2,a9bdc490524b868083e91ad253cf8b4a459b84d30c0f96ee988efbbc0202708a,8100e7ef7f8bc37f2cb1504573d0807a57cf42bde93046ee57f6cbdcbaff60c0
ishika__ds2-000262,validation,132,ds2,1f0fe2277b8920037112234ca258af8c91c7813798c0940692150f3e4d61e2f0,c7abc1027ba2cfa9ac4a10f7c83507348c931d305011cdc25920fd1910734dc6
ishika__ds2-000265,train,133,ds2,18ec83044e7fb527bcd40c05c10c68876882f880e77121d1980dbcca8df3c00a,ac7d82a66ad3c8ea33667d777915de20c20ec88a551b5e4e14a8a8da6e5d96a8
ishika__ds2-000266,train,98,ds2,a9bdc490524b868083e91ad253cf8b4a459b84d30c0f96ee988efbbc0202708a,39ce36823ce7efd787b3a8f6600a44261cc7151da178bcdfd1d100028cd5d45b
ishika__ds2-000267,train,98,ds2,a9bdc490524b868083e91ad253cf8b4a459b84d30c0f96ee988efbbc0202708a,7a475c3f4b29ddc0bc48b4ac818e81e48a13208f2b1774ea374df551e92e8226
ishika__ds2-000270,train,98,ds2,a9bdc490524b868083e91ad253cf8b4a459b84d30c0f96ee988efbbc0202708a,01130155094fc5115fce2c3459ee73030d465bd2811e071fc1a2a8e2db833011
ishika__ds2-000272,train,98,ds2,a9bdc490524b868083e91ad253cf8b4a459b84d30c0f96ee988efbbc0202708a,0ef1a28acfa6c5fa89bb3dc4087aaa3dbc01653d96e4faa6aece3d2e405105a4
ishika__ds2-000275,test,134,ds2,10489df5b6d0ba82265577a2adf41e29369eb2858a1496b6716da547160c47fb,3326efc1115dcbe0de53f40d3cf01a2704e748379803079ea3b0ab91cd8abecd
ishika__ds2-000277,train,98,ds2,a9bdc490524b868083e91ad253cf8b4a459b84d30c0f96ee988efbbc0202708a,5fb1cb8afc8ea1df9b17dac6b2a5ef7f8dfa0a513ea7d30a59c2e8b4667c9b74
ishika__ds2-000278,train,98,ds2,a9bdc490524b868083e91ad253cf8b4a459b84d30c0f96ee988efbbc0202708a,7c7070b8884db41801b3d9d4200aebb07b7d2a7fccc4679969a46bcef59399b1
ishika__ds2-000279,test,135,ds2,bd3e5548d2877f8095da5306ca435a86b8bed02e8b692e22bf77c01d577a0b49,ad9d0276456ac5f042d29ba2e3d4a274e07c72889cf6859ce455ce6b72b60b3e
ishika__ds2-000280,train,98,ds2,a9bdc490524b868083e91ad253cf8b4a459b84d30c0f96ee988efbbc0202708a,5a5e9040ca6461faad3bccde167c3958e726db253896bfe6fc503a0647d8c0c7
ishika__ds2-000282,train,98,ds2,a9bdc490524b868083e91ad253cf8b4a459b84d30c0f96ee988efbbc0202708a,c9171f19de566d0d69d1d7d76cb4b8bf9a9496d29a05a7b9c6c0c7618da5d0c7
ishika__ds2-000283,train,98,ds2,a9bdc490524b868083e91ad253cf8b4a459b84d30c0f96ee988efbbc0202708a,57bfe0bce9c049d061ee48d93b6848e7b5d9b867e74d5dcc56f1872488e74e62
ishika__ds2-000284,train,98,ds2,a9bdc490524b868083e91ad253cf8b4a459b84d30c0f96ee988efbbc0202708a,966ebd60a472d410fc2ec44b0232eeaacdf9561dc67334f87682992fa991993b
ishika__ds2-000285,train,98,ds2,a9bdc490524b868083e91ad253cf8b4a459b84d30c0f96ee988efbbc0202708a,cf0db4f72f346e3b1c8bb459706e04ecce21ce7435e0cdb5d91925d86fa30935
ishika__ds2-000286,train,98,ds2,a9bdc490524b868083e91ad253cf8b4a459b84d30c0f96ee988efbbc0202708a,532856bd60d1ed55d3c013fb16458f942a3d2e504334ab8e7c181e98cfb8da3b
ishika__ds2-000287,train,98,ds2,a9bdc490524b868083e91ad253cf8b4a459b84d30c0f96ee988efbbc0202708a,64406b715cd0576722c81c7c12b962c5f5c25b3018a18d5d73dc7217cc470867
ishika__ds2-000288,train,98,ds2,a9bdc490524b868083e91ad253cf8b4a459b84d30c0f96ee988efbbc0202708a,cdfcb612c6a8fe07b594f58ebd592bfc70eb441375297ad8040bca0803d1f269
ishika__ds2-000289,train,98,ds2,a9bdc490524b868083e91ad253cf8b4a459b84d30c0f96ee988efbbc0202708a,6d46ab0dd4bfee66ea551a0e16b77ef3e8045825343dfb20b6dd26210fb0ba6c
ishika__ds2-000290,train,98,ds2,a9bdc490524b868083e91ad253cf8b4a459b84d30c0f96ee988efbbc0202708a,2bca0401d71bcdc4a1360e1e35df74a30cd771288cfb2bee734905b3b2a8a32e
ishika__ds2-000293,train,98,ds2,a9bdc490524b868083e91ad253cf8b4a459b84d30c0f96ee988efbbc0202708a,37852e9728078e7709ed9b56e530402ddb256b81f76b8088be936930b791aeeb
ishika__ds2-000294,train,98,ds2,a9bdc490524b868083e91ad253cf8b4a459b84d30c0f96ee988efbbc0202708a,0a1c89ef761dc553cdb97e205f8c5b02c70341f554899dafcba0c105c169bb09
ishika__ds2-000295,train,98,ds2,a9bdc490524b868083e91ad253cf8b4a459b84d30c0f96ee988efbbc0202708a,90fb914c297917f3076487e017cc92e2e2ca0c7b9463f06ea380f6562454e1a7
ishika__ds2-000296,train,98,ds2,a9bdc490524b868083e91ad253cf8b4a459b84d30c0f96ee988efbbc0202708a,88bc0878f56c5dc5e6d3e8eb5718bd794980cdc626c673cfb30d03a1f9308829
ishika__ds2-000297,validation,136,ds2,5a6ccd2ea8e81ba52043fe2034729155f1563d4902bb96ac0bb2d8732cf9cc50,5ab17ef0d093b97ddb306704dbe209ddbbad376ca0925cd066169467e372b4e6
ishika__ds2-000298,train,137,ds2,064ae0ffe08938eb560f8025240a2169ddec5cce74eed105132315923049feeb,ae49a5e2e1e4bbe7d9e6404d5956aa94bda13052c06b3db3ef91c22572b46957
ishika__ds2-000303,train,98,ds2,a9bdc490524b868083e91ad253cf8b4a459b84d30c0f96ee988efbbc0202708a,90c8be55ffd8073252a4e56327f70c31411efee4a8f3c25008842cfac977953d
ishika__ds2-000305,validation,138,ds2,6130149c889eeae08bbbb570393c4535e632ceeb302469782f92d52f0636d635,57aa0c7a5a0987a9188acedc43144b8ed1bc3eea6a950d86c9042f488c401cfb
ishika__ds2-000306,train,98,ds2,a9bdc490524b868083e91ad253cf8b4a459b84d30c0f96ee988efbbc0202708a,afaf5c33dd678206d7437638a49b38e8b3ac94412348dd341bff8f6c3cb103e3
ishika__ds2-000307,train,98,ds2,a9bdc490524b868083e91ad253cf8b4a459b84d30c0f96ee988efbbc0202708a,ae682dcf068d52d1bb0463dd814ef10142ee9d6c69c583e2fdca4c3b45117072
ishika__ds2-000308,train,98,ds2,a9bdc490524b868083e91ad253cf8b4a459b84d30c0f96ee988efbbc0202708a,9df59e3e4351e05c81faad1758fa6708e1d73d4276a2c10619ef1b5dc3ca397b
ishika__ds2-000310,validation,139,ds2,05d8347a9b22c9588040475595fc0a56dbefce7156e87f3482691d5eb2c512c2,b83400f954a287d40d9f38d62a04fa666992d941251d88b8f0916d0c6886d457
ishika__ds2-000311,train,98,ds2,a9bdc490524b868083e91ad253cf8b4a459b84d30c0f96ee988efbbc0202708a,65e66e446f78168f0df5020b28a90b4af1efdb3da20d02edc0b1c98a10736ad5
ishika__ds2-000312,train,98,ds2,a9bdc490524b868083e91ad253cf8b4a459b84d30c0f96ee988efbbc0202708a,2dd5e63e3bc84717626eaa8e3bbaad8d8aca2e2fae08235841c3887f36979ff2
ishika__ds2-000313,validation,140,ds2,943fb35c40799c879d2d259ce41869f3894e4c64b937864e2b40afcae5584568,8fe36c85c7b5acc889e07f5e0b664de2ed795c13ca2463cd8153ba4c093fb441
ishika__ds2-000314,train,98,ds2,a9bdc490524b868083e91ad253cf8b4a459b84d30c0f96ee988efbbc0202708a,7d9a8201a58ed077f3be57a212ae1e85cb2b064ec9c7961f4b11c143eb34b565
ishika__ds2-000315,train,98,ds2,a9bdc490524b868083e91ad253cf8b4a459b84d30c0f96ee988efbbc0202708a,7736c4707c60224c289d7b7b23e3cb0880121a1d06943d8aad7d87709cede18f
ishika__ds2-000320,train,98,ds2,a9bdc490524b868083e91ad253cf8b4a459b84d30c0f96ee988efbbc0202708a,f4b2459a08d2a450b37d4fde31c9758c15c23601df69713d25bfc1cbfd504b0a
ishika__ds2-000321,train,98,ds2,a9bdc490524b868083e91ad253cf8b4a459b84d30c0f96ee988efbbc0202708a,b6ae168e3ff06d789dd4c3a5397becbc6a6b00de1b38b257a7007dc32010e113
ishika__ds2-000322,train,98,ds2,a9bdc490524b868083e91ad253cf8b4a459b84d30c0f96ee988efbbc0202708a,57d9f71fe5171e0092e973a37d8b3a2440edf2cbd7628d871df37c109e8322ca
ishika__ds2-000324,train,98,ds2,a9bdc490524b868083e91ad253cf8b4a459b84d30c0f96ee988efbbc0202708a,596d1eeb025628830c72f780610122cc3c001996c60cde40cc9e8bee41ba3876
ishika__ds2-000325,train,98,ds2,a9bdc490524b868083e91ad253cf8b4a459b84d30c0f96ee988efbbc0202708a,807c15a8048ba8aecaa9ba900ab2369d1fd27d844e94d4288e332b389cbbc192
ishika__ds2-000326,train,98,ds2,a9bdc490524b868083e91ad253cf8b4a459b84d30c0f96ee988efbbc0202708a,fa1b4b35bf0500445effcc52c1417f49a3d27cd0e3e2d1e34968b5e2f52f8799
ishika__ds2-000328,train,98,ds2,a9bdc490524b868083e91ad253cf8b4a459b84d30c0f96ee988efbbc0202708a,3a56ceb8c027090c472316f3f8f9cd3514c39538aa6adbac0cd2d1f7a9e3a297
ishika__ds2-000329,train,98,ds2,a9bdc490524b868083e91ad253cf8b4a459b84d30c0f96ee988efbbc0202708a,b04fe7395d43e745dba2cc33c3afc22a2153703570adb101b1620c2e3e916e01
ishika__ds2-000331,train,98,ds2,a9bdc490524b868083e91ad253cf8b4a459b84d30c0f96ee988efbbc0202708a,a718e0134a1412b1bc9c697636d65b0fadf3bac521df27bf4d73327aa57092a0
ishika__ds2-000332,test,141,ds2,6e82e582c77f05a5ad6c2fe9132daac6655c0e040171187e6447bf0972135cad,5c2ef5ad8f588891e2004027d1720934cb598bf3105dac3ef1d8d264c7e41237
ishika__ds2-000333,train,98,ds2,a9bdc490524b868083e91ad253cf8b4a459b84d30c0f96ee988efbbc0202708a,3fda665b27b6ddd92d6879ffd17144cc812366f141ebbf1d56d5fa835beaa510
ishika__ds2-000335,train,98,ds2,a9bdc490524b868083e91ad253cf8b4a459b84d30c0f96ee988efbbc0202708a,ec3759c4b21d082818809af1bc0d9bde54f99f7361599ab3c4b059ff0dec33e0
ishika__ds2-000336,validation,142,ds2,9d61c13dac7fb949b165033fd7b576ac79a1af16dc9fd343b434515690389839,1986702d57bd8dd898209c2b6986ba47d77332442dc3c1f892d3810767b3ef69
ishika__ds2-000337,train,98,ds2,a9bdc490524b868083e91ad253cf8b4a459b84d30c0f96ee988efbbc0202708a,32799d14bdd85fcc5af70520ae8b3fc30461c8959d6c2d6b2f9b0bbcdd73b021
ishika__ds2-000340,train,98,ds2,a9bdc490524b868083e91ad253cf8b4a459b84d30c0f96ee988efbbc0202708a,89bdeb7411f4ff7179a2b4e15d5da217016439ec0abb2ca2799d323575765b14
ishika__ds2-000341,test,143,ds2,b60ecb4b45e8c2098ead82b477707647a78a258c37446e43c77abd4085e93b19,a772088cb2e0bd27ae9eb41f96556eccd9f911043dc74fffc7a89035929ceb3b
ishika__ds2-000343,train,98,ds2,a9bdc490524b868083e91ad253cf8b4a459b84d30c0f96ee988efbbc0202708a,1cbaa7dd38af89f286f29713c7ed3d01b237e8c71be92540c2fbb608232f5310
ishika__ds2-000344,train,98,ds2,a9bdc490524b868083e91ad253cf8b4a459b84d30c0f96ee988efbbc0202708a,67d37473c6aa4f7d3a4f096ce9b499d5f52ca68f0394a9fa61acaeb53bb41e5c
ishika__ds2-000345,train,98,ds2,a9bdc490524b868083e91ad253cf8b4a459b84d30c0f96ee988efbbc0202708a,63adcc86be6f82277bbed1dec95e862c24141276ec8bb86cdb82085b26ded841
ishika__ds2-000347,test,144,ds2,7312872214681d77bc6fcbd6e857e578d63cfc1bdc2b992345aa11f693a7c3ab,133dcab7db785094b0354f11dc06518a0fa508f2e4a88e7501b2ff5954cc7191
ishika__ds2-000349,train,98,ds2,a9bdc490524b868083e91ad253cf8b4a459b84d30c0f96ee988efbbc0202708a,8bca775609db1578745825b949d2eacf3418716c08f38eb70acad3a960bf67b5
ishika__ds2-000350,train,98,ds2,a9bdc490524b868083e91ad253cf8b4a459b84d30c0f96ee988efbbc0202708a,9ed90c1e0ac0ca9c3e3f22c653f021c06b6f9ac117400843cc04566982e8ad6d
ishika__ds2-000351,test,145,ds2,3f6b7f35c51665262788f4e9c97476afae5cf4426dead083b7569940ae685d93,4aa37c36457818c3af564ce78952e0d38cbbc8e92ab090a115e44727d14a6f6e
ishika__ds2-000352,validation,146,ds2,f8d3f4ea330d7ebdf36ce06dd80f89fbe92f879b22925ddaf045a23655763a61,fa00742f285f1b847cea2b0cc67748ba949c8d8c6c30cd1c719522156319c2a2
ishika__ds2-000353,validation,146,ds2,6050a95535b84f53df903a08898bdcab6d600c56dc3bef489e5479efeb1d457c,77e94e66c1decb3f14b35b8da1cae72035a13901dd0255ae4bd27f5475a8658c
ishika__ds2-000354,test,147,ds2,cbe8d3bd6f19e3aa809a0548a1a52e6f71c58681adc1079a8af37a88017d3d4b,fa52e16b4e69e80d1413cde78c8e6e84c169383cd9df4d7c56b781d16654ca41
ishika__ds2-000356,validation,148,ds2,e03aee3eb850ccfebab0eb0648b96d6c4c8e339eea29a254988f4bad5b27b493,5bbe148d7250acc414f2b20b07e63cd5987d97ef9be15bb170f8b4fa87e85931
ishika__ds2-000357,validation,149,ds2,edcbd0392db6a81eb00196ec4b5ded82e06607298c2242014cb9f809b86d44e9,2c108cf2e9cc081807e0e819fcc4d753565d6b05f1d70ad2853eb92a038d6648
ishika__ds2-000358,validation,149,ds2,05a64e60988f689bfbe2d9e8aac4a922e34a6413bf6c1f4b109b81c237c9b7e7,6b80213bc3bdfe6e182fae67d5b9aec8aaf01900085be551b730f46cae0f736f
ishika__ds2-000359,validation,150,ds2,6ee1b15d447cfc1501cec4466eaef6f4b0b1fd7e7731182d1efe3ea27362aff7,3414b6454a30b980d672f3b0a2ad2a951dce65902cec045860c1fad919b88517
ishika__ds2-000360,validation,150,ds2,9d9334296e18ad31b3488f1e1cf6c75d974a77b2eba48c0d3f028acd594a8c93,3a0154e60298e446bb592cd3f7b8cb3e736632ce2c1ad506f277583f544c6314
ishika__ds2-000361,validation,151,ds2,e2c4ea12a16c45f2d5607bb5f9898545869e583a3bd63bef349d6587e3276d6a,621c4ef55518c84f4587b4c7728050099ef217d7f654ae2dd99617e52765c2de
ishika__ds2-000362,validation,151,ds2,689da71a2ddba3ebba7a9264e598d93909930a8be93964d6cc26efd250e34434,3bdb4227dcd5feb02e1d06c956647d3dfdbddb624b171fb55a0a54fd1464e3a8
ishika__ds2-000363,validation,152,ds2,b34f695f4219f8b1daa7dc272189f8ca4d15b05e155e996f2bca888aa9497bd3,3e37e0fc93f4d6c890726d1e864cb66c919b6b9b1f42288586cf8f51dbf1b2de
ishika__ds2-000364,validation,152,ds2,8dea4c36609b815910d61af1fe96774b02776641fe161029a79fff501fd73e37,7e9d3f074d7b2f24ade9a15dafdffc10820925c4536412f854d0bc3a1ed30faa
ishika__ds2-000365,validation,153,ds2,922c5695bf4940f26454e93544ba5f7ecc0a78d1089f16cef14d3d344822242a,7d4de992806042b0218ef4da0cf03dff3633b8bb3c9f30b9a32a64cba49a825d
ishika__ds2-000366,validation,154,ds2,0f8dd1992010f1f8c1a3a4c0f31c8d3a29d8955aeb154101dede1ab9c7e7885f,97e6a53729249c9ba7d03c6d5a7dcd0a11d71bed8613679fc4d1e53d2f77d24f
ishika__ds2-000368,train,155,ds2,b48e9d8e4061516f47f6e8660d638a9a245ed7f29c9c073b5a2c43aa8428f1be,e821fb52be55cd657e88f60409d84aba35500c244c38aa09d655452d8f0b7705
ishika__ds2-000369,train,155,ds2,0c5443911d95cf6c7223c583e349923fc9de31b0d57a71faca71e681c7c10c82,4a5ba00d0dfe50214d05d7207411cd06d0d3373f9e9095e9ee6d84ebb6933453
ishika__ds2-000370,validation,156,ds2,46a926fec0da6697d8b668358222054e1956966650d775b0d671a597c8829efc,3a11307541b4e16574c15823caef7ff6fa8747635a58d97a9c50bfad1180f6f4
ishika__ds2-000371,test,157,ds2,2966332409ea9a290f599d633ac024839ef975053ac154467cafcb83179c8296,7ba497fd2d122651c1ffff86e79503bb6abdb91df453a055998133adffc74db3
ishika__ds2-000372,test,157,ds2,25f3ce2e71085f20e8e3d5b81835c8da24069963a28554710012de03217d1c84,bdbfc7a3878c38a60076407912ef201d94bd6790e5902e67b2c6d7702436c8f5
ishika__ds2-000373,test,157,ds2,429875259d5a2430f3fa8aca5d68ea72a8da06df3c578ed40090cff190a745e7,0486508b761864b3e91ea64c63374f3169a3d5beb24ac0e02f7314d8ab240a10
ishika__ds2-000374,train,158,ds2,a6eb287246f1186e2f8d6855659f0bf461d98e3df6d3342282a50d37140a957b,5b79ee40dc5a59905b1f192fa83f6e6a873aef57715e1698ffc4364d003131de
ishika__ds2-000375,train,158,ds2,46aedb021cdc62231cdb8d00039522f06fb125ef5353a039469014dc5183808a,7bbfa1f36f9ea158e059c9b73bb7e594d0e4626709de69bd2c224002ea6e110d
ishika__ds2-000377,train,159,ds2,1d9ce23a46ca32a772753aa744836c1fc42780a0bce567c805ed1826721995f1,81789cfaec9ecf78a150a104f56f2d8efeba6c13b1f2e511a4d297542a6a24a5
ishika__ds2-000378,train,159,ds2,7a0fea65783fdbc7776a90981571ae7f5542d64b5a81091c06d47605fe74ac8f,46804bc5afcbd9ed1007976a160aa1efc6a061d968fc9d2342a47997d054788d
ishika__ds2-000379,train,159,ds2,88bad1ece0d05416fc666caca152eec740707ac8297d463f220e703b1b5c2f4f,871221f26fe27808cc96daa98ac87fbaf2bfdb50898064dfb9642580ddb4c603
ishika__ds2-000380,validation,160,ds2,1272a7136f592fead41bebe8f6111b6829b0ebe783009bc5031d5d7c409575d2,5c6dea8f9081a6af5a3e644e5ad9c38fd390afa3ce530a395de176991d535a3f
ishika__ds2-000381,test,161,ds2,8da4e86ec7a47b56f6858b3bad91514877451cbcd018d9c142500699b269b61d,f5023ccc0d52625e2dd7bbd609043ab630d07a4370acd89c0330de967085377e
ishika__ds2-000382,train,162,ds2,59e8440696f6083be2ddc99d3bdcf0d8d881c92b9ce02159107845443f7b6d83,540794a3372b4d4b8e5f60803cb78ccb09169453485fae042da3a4b78f1764bf
ishika__ds2-000383,validation,163,ds2,2e357555abbe4417a6bbb9f86c1393dd6cc768fb9325770d3cb3e4f5f22b4c44,88b557f0e767bcb9c26004a9a9554ffc95765d69c97664dda26f10451e520630
ishika__ds2-000384,test,164,ds2,d93039a91bfede0968f67c0a6496f05e17237375fcebee5d4813deeb625fb69e,8783a776921521c8e454804d9c2e7e08ec87b75e853085cfa2b279b473090c21
ishika__ds2-000385,validation,165,ds2,315cdf52fd63cf2c359227725a5c032a9af6f6ccaf62038ceb5a71f30bb245a2,150a3c1794cf68aacd22a6a541681f5f5eab0fe1c334be5bc9900daeb11a6211
ishika__ds2-000387,train,166,ds2,d76fc3d464607c6efd9e204d15732a504421a1e8eb2b7c6e7625eac958f9b4f5,4a53041b5fa23cef9be1b3b534c7635bb7e984fbb3fd8ae88770422f244502f6
ishika__ds2-000389,test,167,ds2,40daaec1a7f954a51664526934ac6ff7b320d4a5cf4cf6a6c099f43f296fb6a4,3b4da932fafc004d762d27cfcbf8e1deaac950bd8d8e7855e58cf0709ad20af5
ishika__ds2-000390,test,168,ds2,0fdd226ea0c181d6343439072740ae9339ab60c8aca2de170bc5f7ffa834db21,4f4c7ff1bfb7e78ee1a948abae0a867115c61d60236c5c14fc075508c86610f5
ishika__ds2-000391,validation,169,ds2,9cef2d51616f7811951c9ead1aa61ec9d157c1be9b981ab08fec5d693b14d842,7f33a08021d01aa9d0b56f3a0cf2f163601e9185298b467fb84bc073c101d3a1
ishika__ds2-000392,train,170,ds2,178cdb9326dc835dabb50b648e5ed0758458ecbc89d1f5aa607abb00d51d620e,a7966af10a5d18cc92d81dc87162b568ece6822932b585dd3962b2efbb88f968
ishika__ds2-000394,validation,171,ds2,9440fac8b841a4c68768bce75bc77a42e116b20c315e8ff7a95ba139199112f1,413dd8bed3705a1a8606ab91a7f372f2e99d611576100c81a341119090c0cb9d
ishika__ds2-000396,validation,172,ds2,1bb5695f5111840394c57333d44673b91e2c980c329d2e3f4bc0a71d77c31bdf,3f8a43d0f218b4245a435eaa00f496f237de3fb197affa335ce1d0b4480eca99
ishika__ds2-000397,validation,172,ds2,06eacfebb4c271f098de14a359f06784d3827b2df27d3610ec2163e4d7ecc8dd,76e334332f0dbc7c6c71cfeecb64da3d65cf43fe75eecb6f846f22ea7d17da70
ishika__ds2-000399,train,173,ds2,833e7ce08311bb1d55f0c90f06e0b431fd5a2bfd2bd573f767bd79c73a693f42,2e2decb71c4756483d5659a88665d475e6ea89b331a697ea3b0c654fb7caab38
ishika__ds2-000400,validation,174,ds2,624e0e480f8cacbd54675d2ab904a19b1b9bccdb1b3b9f676cc62e8cef4767d5,92110d82061354767c0d29fd0cb68a5cfb1730df5e8c37b251938932e29ca7c4
ishika__ds2-000401,test,175,ds2,0e1c87301f8c356fd6fee6348b00830c8d9b8554616ce27de7db4bbdc0de2832,806507aa28bc924f37164791513a2c13cc252c59bacbf551196379b7b2e60c8e
ishika__ds2-000402,train,176,ds2,7c2736fcd443db037f70fc31fafd35a9ff345e61bb9b75e8f37490c4ca5f281e,8621eb712846275d3e9301aeaca5eb240d67c09db8f2a278c54890d7c8b6cbd4
ishika__ds2-000404,train,177,ds2,68b1a201b5969f32c65afe098eda295d8898951477e15221109b56536921eef7,d2568450c6b1568e69b924e24130464ea5e61ee6562c80408618cdcb01283edf
ishika__ds2-000405,test,178,ds2,495455b74bde1d802aa9eab16599e34481996321f6be9b3325ba8b44692eb75d,a196fba544249736001d389c4690a87f05a9a26b632e5d260dbe7a4ebef6fbca
ishika__ds2-000406,validation,179,ds2,2685fbf6fcab00313039924ed112ce470ed6fd61daa689a0579b845795767d09,a0701dacf6ba04a181798a4eb2a908ec65746648e89bdac719acb840290cc383
ishika__ds2-000407,test,180,ds2,7839683e076a0189030b113104f824ae06e3a3393d3b149850fcf790ce2c4d3e,969731a46e010034e09711fdc4672dce38dfcbb1091129c9fc6fd1816a523ac2
ishika__ds2-000408,test,180,ds2,0752717e1fdf976b7358a79b622bcf888455f5b17f7a4a31d341f21e59a8a48b,61eb4aaf6e7279ef9a2d84be68d1f33c30d353cea8dd2d8b97042052b92184a7
ishika__ds2-000409,train,181,ds2,12ce186c1f045c4404be75e2fe8880eb65914c42f904bc60ad0bd3c20a21fa68,b895709296cd5c2789e57b7bd64c2bf956d697e49cb5d6c8ce2d4d198dda7192
ishika__ds2-000410,test,182,ds2,c237a16d0236445ef849f6c1251ec2611864025eef0ce814feb4c2731ad40c61,0ce9df386f1ab147014e09503e1e3c9e9ace149b67cb724d973752a1c896e9ba
ishika__ds2-000411,test,183,ds2,e19cd902db17c20c60d7f48ef8c71f03c4a1f4825a232a5c3ad52ee0fda2476a,38f901a5eb59edd52e5a2710b19cca4e4649ae605b49d67390a9a28515d74d9e
ishika__ds2-000412,test,183,ds2,bf2b4a211e90e66066ba2229076e33832490cf1de1d116f534ce243e12a9f0b9,972804ffb9ace33a61bdbfc5a6d4b9cbbec7c3ac575cee41a74eb9204a395edc
ishika__ds2-000413,test,184,ds2,0f47c7dba96d51398f84c0c3b86a2652605ec8cb30c9038b000fde0d13f6a0bc,23dc4503c5d8dfcb7e084f2130444372022724f3ec05674fe995f0d15aa0d6a9
ishika__ds2-000414,test,184,ds2,67c792c8393b58350084019b43d3ae3feb79cafa181357cd39a6f743348bf186,9890782f56dc9de3bcee25ef38c93c7abfc3da2cdedaecdbda3880563e04ae1f
ishika__ds2-000415,test,185,ds2,c84a92a281dbedc9af01edc0ccf75167e90e60091575671c43aedb817515f7af,ded9a40e6e37c42a18cd49601a2b5ce781b840153797c6e1d29ed392d755d02e
ishika__ds2-000416,test,186,ds2,f28c1ec660b485e79215d8d93af4a5011481c7332a99b7148dba43c1d54ce51a,7d35ba1f42e0c708e5586113e22a6968b186aea1f4ef35cf306d5da42196202f
ishika__ds2-000417,train,187,ds2,15a73e0e6d5dd29dec278b294b9cce72b4a267f6cad25aa743ca1449307096e9,4c40079acbcb9a9cf482c3eefcdc42c171fcc3b3b89cffb72ed078779b16e7c3
ishika__ds2-000418,train,187,ds2,5d7818272ee55705b84e2c9a98405990efb942be0eb71d954c3e9514e01a82af,8e4b2aa3d43be2d5e2c1e89693a7270e89f0a157ec4018c031c5c6f876fb72b6
ishika__ds2-000419,validation,188,ds2,0acc450d145d5f71fda13b92c80db8f5deb1af2a1ce7902f2f415ce51213a404,fc15e5013d8d0bad7fa85a03825a81a24a58a84d04a7e6aabf1fd501f6426e24
ishika__ds2-000420,train,189,ds2,4123b3e788b24e40d79e7cd6b7fee27036d736a4e58aa98631ee97ee52bff158,baade9a02f959ac10d45dc93ed0b526b80fc4393d1970b94b174a6749e668f34
ishika__ds2-000422,train,190,ds2,aed6e169f4bce9dff2c9d98e51e5b8b467b1d83d68514af77128db1986edfa8f,83e507903f4da4b607f634947e4f311133eb9aff5725e2ccc045b727e2caa76c
ishika__ds2-000423,validation,191,ds2,aa1fb3cd32f26ab3eb167cf914751efff168c1ebfcf6895f28ea7f38ad34ca95,49ebf32536d7d35d8f11e63b177134e3c1ecb67f7903a9f3fb57bf9595db5749
ishika__ds2-000424,train,192,ds2,24e228b2722a793834044d90fda73d21087f3b3dd46faec1e60466d31682cce3,5bc504d7f1cd0a620ff6e0a6a9acf5e17d07fb4eade17708da35c6a0b132c4d7
ishika__ds2-000425,train,192,ds2,ef990c6398f85c19f92cf1ca20f924c5d7a86f8d64e38c537e5286a042e9f7e4,f08a64654bfb88aa5fc2f8b6418bd91e54c2dc7f6fc24d496591271db9057747
ishika__ds2-000426,validation,193,ds2,c07fbe3c546efae4600816f403f90c64405aa106b1df699152a1d4a3c378ed1a,6a6d3759ed22128a55648e0fcf5dab5152893848e286304e5229d81096c436cc
ishika__ds2-000427,train,194,ds2,83f39c704d803e3fd333bf318b7076652f515eb70149c78c32911e7f13f327f4,c2cc965820d39cb4138e73923ba7b82ffa2ec985edbaf3ba98a70ea8740666a4
ishika__ds2-000428,test,195,ds2,e667b8392f856298e2a026de17d88949bf958b417025cd1aa22f7faff5406373,473d2fe1f336a803a877d816ccdf19ce0e9e748610c10bcfc3d2597814fa12f0
ishika__ds2-000429,test,196,ds2,42aaa563b7ff55bc16e1e35fd44574b2d4de492e3619bba4b44ad9a210106f28,e8ee59475c09e7a5592446a222c4794358f6eaaf6840a25d0b7d3d34043cc810
ishika__ds2-000430,validation,197,ds2,b063adf525c1ad6e092c6682cee0e98b77ca27f70a7caf27d68df1798ba48042,c93212f9a803250a8945f528c69f17e3299f316ca3f799c2bc47ccd57203e72b
ishika__ds2-000431,test,198,ds2,07dbea01de46f9bf1c57d56cc252e890f9dc62a2d8073fdb6bb7144a45e5828d,8b4c8ac63a889a9efcda3b82714f47f78c3e433d9bc034dce1158248a7cbb49c
ishika__ds2-000432,test,198,ds2,73f358854f2a43c4291b50749cb48a5eedd4762d8442307c59e6429c2577fb72,d2451650fb6cbfcab58f9a6e3aebd0fff6e374b61968e4b6b0641169c4009997
ishika__ds2-000433,validation,199,ds2,885fec2d1e30464f0058c980946206142a30db806b0bc4a1b06b1a526f2430c9,ad13855bbcaae9a31924999a212d1b0de233f2fd41314c01bc349bee0da2f211
ishika__ds2-000434,train,200,ds2,e819176f4f044bad3cc451f52fe7df02793523c9b67e3c1b64857fd034ca74ee,efe0e2577cb3e390bf3f674c1fa45dd29cfea9927ae738973b76293d8327cfa4
ishika__ds2-000435,validation,201,ds2,713544b473d6b4a5bd96ec1637afc87677341784589320fbe0565d0566841619,13788afa7769392448756a458bab753a99bf95b8f4fbfead9825f12d4ff6e093
ishika__ds2-000436,train,202,ds2,ac17820c08619057ed7379163656a2ab3f331cbebc40a57cc2cf05bc3d287c7e,fcdb0d7b35e716994be2495c61fd674c5391e2d712b34203e5e0e061075947ee
ishika__ds2-000437,validation,203,ds2,5633e07601f690e0f01c8e4cb0e68f8d6f8e48f938a52bdaba4337b8ff2ea36f,fab6c9029161e3f4386e8adb8c89a2daa30e934876afa019de8d45ac3eda5dac
ishika__ds2-000438,test,204,ds2,6d066ac6b92364602677a70c4823065af8948e6f4dad33930d577e061ff665a0,a7f83e9d5971b092104e4ac132b6f50a9bc044c31fb175c044566489e95e2c5d
ishika__ds2-000439,validation,205,ds2,fd0548be1efb44663474a8d9289511b34e18c0240f0e4dbd33167872af6c0147,98259d3a59583ec28d043bb4398c380b01de6cb79dda04fdd588972716a44cbd
ishika__ds2-000440,test,206,ds2,1d7c6b1248a8829ec472f3b10b384fb1faa566c8dbc1db55e8565d4c48c52168,1285f64ee231224a656bd066e8c33c35e26129340f95bae1250ccbb870743fb7
ishika__ds2-000441,test,207,ds2,077e17cb17fdeb938b16fb961ee4e3061e62a0066489c7e51bc51515ae68e3fc,32f781175f06d841bb5a5b41ef411d29bfb2e07eeb052b3c7de77e344922c09c
ishika__ds2-000442,test,208,ds2,672e17b8338bac7acceb6b12db04fd3f71040f571b8de895a7f011688f216d02,cd9a9bce2853f30737bf73928e35914665bf21e32808dc661f1cb09d8ed7acf1
ishika__ds2-000444,test,209,ds2,7118370b742841d8e75dae79ef6cb1289a6d05d185101b6c02bfcbf9b42bba61,25a64f3c6cea06a204a0462b84e9cec363be60df1809297ff01381d6403ebb05
ishika__ds2-000445,validation,210,ds2,2192e4d867111c0933f23a00bf4e68ba1db4a72a5e41850cb5ff01ceb55683bb,9eff724f77a01f6ebf6706f17d627e24ab304896369e18da27c2f370cf91290d
ishika__ds2-000446,validation,211,ds2,788f16679c15e972431ef9ddeba4e169d750fa8e757c3906bff7ce87d9a84d1c,33637df14f558af4c4327aaa4cffe6ae4b9e7c303c9af902e4dfb7f5f35afccd
ishika__ds2-000447,test,212,ds2,1c39ed0e665bee0af1174a43ab4b89a5181bada48478702601cff0ce77ef93bf,df5a0c5b06846873b58cc909284bce5346b039618e93d20b45ed7ff65d85d404
ishika__ds2-000448,validation,213,ds2,355d240f3a33b7c07b9d83bd8f0fdb92b2a1670a25f02ad6a5e0e0aae4a0bcc1,838cb996b4a858f24c110f6865c10af940a614b8e2f3fdfda2512813012c8e39
ishika__ds2-000449,validation,214,ds2,cc5a791c211d2a7a008eac196c005f66dd0426af5bf77a72b74885a949e95bf0,235b373db064ba1319a159139e8b8762090f0f06e524cb2c631a00b2e2e8042d
ishika__ds2-000450,test,215,ds2,58918c96cea456efc0c9db56ab2baa9102a9f944d49203ad63a0b9f0d15e572d,1af2340aeee23ace6067d267e261d813fb7bb956e01abbf62a721ae2f4673d06
ishika__ds2-000452,test,216,ds2,7445c5850bcd58c312c286224e24c5415928c76421ff2117360518966c54e919,1055fe401606a42e6f8a1f8e5b6d8010957b0b1acff72cc8a824c50378d0cb87
ishika__ds2-000453,test,217,ds2,c3cc56381ffff96dd4b12b8ec5452239693ea8edbd5fcf9ef61329cad3d850b9,4b1b28de4d1b9d7f0f2a7cd1242f80af224f73a93a1f9148077fb5d1958f2311
ishika__ds2-000454,train,218,ds2,661527e48f7cb0ed8c6d48a75a1891f6a71acf1c3b10422db79abe3582a4429e,f70ef5a4b9a06ead47302d1e675ecad7e81c9df2de34819432346d7b071adc25
ishika__ds2-000455,validation,219,ds2,06fc6c6a6f22095ea4d3729b723b71916988f2f5d67fb009fc39269f813225c6,97652d912c929a4242478bd31cbf7b7edf3c47a826e147a1c658248a4358c02d
ishika__ds2-000456,validation,220,ds2,9fc8643fce1bf89f02c76372855859aa75d4b51209e4614f9a6437e8f5525927,a2249d51aab343e85f079244dc09fe2f4317480bb0fc0a7a0423351bcfe3f991
ishika__ds2-000457,test,221,ds2,f4233ed11355c1979cba7229320f5096bdf2dcabaa582c6b5ca4037b58545b38,84367160bcc6f9488062fa715b352b34bbc35e66c6ec6989f312c3fa594f66b0
ishika__ds2-000458,validation,222,ds2,16988a8665e2ed776f111376f9191e887526f5398ec40f10f7fdb12765d22ac8,ee63deb2b622652a43188555b2e46c83f423b9e0f4955c5e66e9e2c1063b07f5
ishika__ds2-000459,test,223,ds2,030ed6469e412944576aef589964278227fbe74737eaa3b557a6665afb4d3c0c,8bd6755e018069ed3dfee4873822eb53235fb74e289f8d9a908fce84e2a90867
ishika__ds2-000460,test,224,ds2,b0d47a1e1f662fba7bb24b1de2a09d4bd646296ee28eed0aadf3e0de2716743e,220ea625d354cc11b7b657a7482af160a3b61281534b38691e9a77c6e95a4f6a
ishika__ds2-000461,validation,225,ds2,86fe41d1df0e24223d791a3b0163ebf98c9c5230f998f88c3da955f4b1c3d507,c4d511e69e1f111fb254082eeaeca317d6e856a0a9c42edf73528158262c5d17
ishika__ds2-000462,train,226,ds2,d8b219d31f006b2d1a339873392ae84db054eec241a9e5f41a50879e44268602,f7735c6379200a2bbb8d64cd5b3d43a0d281f0dfcb673cfe424721dcc1bcb137
ishika__ds2-000463,test,227,ds2,deb176dfc3dac79d0825a9471b5131193947980e7b7b6440fba614694b08bd0e,b8706fa3905ec08f30170c68d0bd84d8caba535a27057d9dfd4b9beec09825dd
ishika__ds2-000464,test,228,ds2,575bd7f883e9eaac05a02debe2f52df9c35cea4463818061204c7a2077182bec,2464fd3727da1019a1310557a2c4e6c8ee75ef7770bddf311b72b0bb2be56350
ishika__ds2-000465,test,229,ds2,5a581f4136c901c4f44bb6593306976cb60ef2636331a665933dcbecfaf322ec,0e132f7cda039f044d3db379e283c8a9ff6929b79851160744c72f5284cfcd0d
ishika__ds2-000466,test,230,ds2,9c79d2ae921c4c23ffb08f68b981982ab92f96b3063b9580e1353e40c02da19d,1e9dab9a4f95482459535254f1102b2ddcafebca36e4fad71c5f6f0a16a03d7f
ishika__ds2-000467,validation,231,ds2,f51ec3db3dc3a0b262c157b9a379a5f3b15a842f38d2dfd68610a59454a00a5c,024775a7f176afea58a1d585acd3fd1ef6173522defb0cc532f54b19b71684d2
ishika__ds2-000469,validation,232,ds2,1de6b6f8436e878de10f1ca63d52bf47eb4282af7f81bb2337e570f782defe9c,df33883fe22e7f52b42f58aa1d70c6f9426d74c60b0ca31f4ad307d8e41fc3a9
ishika__ds2-000470,validation,233,ds2,6284cc81e3e7ae1f3df5bc76d9c0f8802bfb72a47edd5383d14585981625e91a,7125d697fe3d71e04342e0ff857bfdaafd9550c49661ba2c95b1ab4bde771fbb
ishika__ds2-000471,train,234,ds2,e48d8602de6342b54113260b57863806bdc602503a3430ce94232d5d49af50d1,f26433b7bdba54370eda5f475a13cafd43dee39f067d5cc6b8e152fcac9cc524
ishika__ds2-000472,test,235,ds2,7168d7a601cfa1e1c0bc48bce5941dc6e05aa870f81a5f2b862ff29a7ca7b408,5cde77a477bb6063d430f467b5e2c780bf402e40158b02dea3cae004f5c07a07
ishika__ds2-000473,test,236,ds2,a7ca6743768174841a018d837d44d2e1480733a601193f889d1b29056ace5fae,f0085b47448e5688ce848635314d690c021b6285463b6fe32fae4423ae2fac0b
ishika__ds2-000474,validation,237,ds2,0c119722ab7cfd6b5b1a0d085f8dc7e0edd49607f38e758a2a8b5f665fa3ab3e,cda73174c6b31ede8b989b2864b8889ede7621cd532b98a9e380ac91afa6452f
ishika__ds2-000476,test,238,ds2,bafe8b1c74b32f13af17ed68b2ebf0940fa044f0f173c0469c034b51d089adaf,50f789b0cf56097b2efe1f1df66e971c29f9034521fb9cb0b98c94008a2ee55e
ishika__ds2-000477,test,239,ds2,eb86fe0c4347c85ca22926b2730e02042ccefc1da55ac3704a4173239ddf6e52,95b11b7df7eabdec8e03052a8331de16862a24c19e996baad9eba2bf5ef900bb
ishika__ds2-000478,validation,240,ds2,24ebf85c496dd835acdbcf6de3aa73ca5a2ddd0fe34616872e8062d5c65692da,55d1433397ce25188bf51bbe296039385fbc9db79b2995aef1794282f988501d
ishika__ds2-000479,validation,241,ds2,c3938d944c77e65f4123f251576a3595ded7dfcf256f8fc4d67c255513eb3eab,1829287352e82f5d19c710239504a6a21f32c0c04e2416066655ddf7abbea733
ishika__ds2-000480,test,242,ds2,ea93fca0a6bdba42e58cb19d869a9c12c2137a331bc60bdd405d94803cc58893,74d02a4d1f4ff191237262997f28f9905eca59d10f3b8c6ae30d38418534b6bf
ishika__ds2-000481,validation,243,ds2,5c041b942effa8fc5642f55f6c1747023513c0a7979512c3f2a60fc39ededd4b,6182e27cb6f759d8123a91c55fc1805a449e08e0aef3526afbf01a301f35fce1
ishika__ds2-000482,test,244,ds2,2ef929d9b2872562bd6cb706ac507526e88cfae7376f1230ea7782011e76a1d0,29d90d765d93016ad1b476375b4665ba5b0637b05725acf0253208b93becde6a
ishika__ds2-000483,validation,245,ds2,a7c52b17f6b08423f4d002f6806451f8495d833729d4d122f424eafb231b306a,e1b548f5188024596063a76b2d8c94983efceaab2812236e7f750149061c554f
ishika__ds2-000484,validation,246,ds2,9021e4007d6e5b3fc10102e0441b1d6a01ea8be52aa930ada93f92df35aabfe9,f51b01d0f61b311bfca66dafaf223aa50ea64acbf719f09e30e927983845e851
ishika__ds2-000485,test,247,ds2,ae1fcfea9cf7cdccb11932601d0093c9cd8838bd7417f6a8ae1911685be0060f,dda5d33cbfc067b8786071735e952559e163441542452d041a7e1dc341f9f783
ishika__ds2-000486,validation,248,ds2,2066fc91a55d259afbb319ba09f42e6b35a5d53b1f3616049a9f008de0b913ce,9e15cfb20972147057e6f118ec823447c583e18c86c3eec72fc8be2ceabee04c
ishika__ds2-000487,validation,249,ds2,89b4153f70092c081c62d928d9a8b87410b8d8d238128ea029a4864fa7a5f0f1,00e5224ee774927c563a8139529a20494d9e1708bb5218435ac1107b3dadbbfd
ishika__ds2-000488,validation,250,ds2,08255659a399423080bfee85a736622a84dd24fce0a7a19d1eae5765b9f7c259,ed47d3f50830666e69a1d41876e3976d633783ed8b3bc47173a60408925181de
ishika__ds2-000490,validation,251,ds2,7190ee069031e5dd0e3f60d55c866d59c86f67b7b6bb449b90d9dedd58df57cf,409c39e9652d90d17457a74be3951123e1fddf27e771ebb5f7bb206e643372ba
ishika__ds2-000491,test,252,ds2,4eb2a432e2d5e8ed4e660417aab0f301043892cbecf29d69c7e7e103e03e8d0c,ce9191c7cdb1dd93b98935baed47db56c307ffef9fca7cf9e2aee3a18e5a2018
ishika__ds2-000492,test,253,ds2,b6e754f19b396454aad7494552bd6c043746c03faf32840dc2836b058aa46a3b,de1b83a3a79c73f4c8e3930764320ebffc37c2de2f13c066df4464531e54773c
ishika__ds2-000493,test,254,ds2,f4d452dbd1aff707dc7e40fd5b02d586226cc8a34ee68c5795f190f40dabe62f,9db9fd4f2579187c67b26147b82dabd06654f1024b51ebb35f0cae8bbf47a02c
ishika__ds2-000494,test,255,ds2,72dbc8ccb7dbcfe087d2934d429598754547f38876482fd9b9fc242c859c1dfa,07c5e6ffa38ced1b6d4c174b50f50a75dd8a428b37196fbb1af13d353b60b5d8
ishika__ds2-000495,test,256,ds2,858e0a80c2a98991c2bff7f9b84509c91c695cfa64e2ad313fa906fb807d024a,b3e2f29adb072a86ec9b249f8387716ae7ff37da556bccc56d5db4dcd5eb19da
ishika__ds2-000497,validation,257,ds2,a924324bfa91c9720d21fc872f396894d9b9810bdb9e386dd8210b2ee9c8c1f5,d2c6192859ec9a3b5cd20181b9fa84e2381de2bceaf8caadac04aa6264b01f4d
ishika__ds2-000498,validation,258,ds2,760d1bb24a0fefedc82107aa893e19b2f43a7e7b3fde6a102c3079c9f6aba140,3a76c2ae718ccab236dad1fbd9bdae442d01786373c33ede4f0d06b3c8cf7d4e
ishika__ds2-000500,test,259,ds2,010d0659695a5798dd7674ce555fd4e26d044867f8afc6d39d2370bd27e39c25,2a7ee9ad390ebade379263cf6f1cc4b73f57902cdb23e25538a66cfa19832263
ishika__ds2-000502,validation,260,ds2,2ed323757195b938db2e62be55a6935ed1414f6603f9831453c66151d6c0591b,b0cb1462dedac3c9ec99891f6eecf310f1633263cb1bade2db27c20547cf258c
ishika__ds2-000503,validation,261,ds2,a3cc3798b4b1a7b3e411fd36c15955c2ddab8f972b48dcdabaebce49809c8853,614cd4e13affa8bc34fcbb7fe236d3396a9fce1cda95cd52fc811a6dfed9d0dd
ishika__ds2-000504,validation,262,ds2,66be9173f5c3e31e50078d58d8fd059a6f2d25326fee999f6c50364143ad10cb,437abb8ffffd306c1f94a8674da0dc445a1d0d0afbdbad50287c8a8504ee2e3f
ishika__ds2-000505,validation,263,ds2,016164e26c149651fe4ed5591cb21010000df3e7e657e04f6e9229d7fdc18a24,46e9dc63cdc379e7e6010282bcfd248bce82d83a03e69a94cb054ff9f4aba591
ishika__ds2-000506,train,264,ds2,087d4acf851c890455ab93fccf01dfa8e47280698a75ad016d6a0bc49db26d96,a7d6de91c2aa0b52ee31f2a1bccb229ae249046ec18d2af49238642217c232a6
ishika__ds2-000507,validation,265,ds2,9ec2e1f6a2478daffcba56db83aaae709b9e93ad3a34522bae6b686eec1669ee,eca091621490ee9dedb228b4b06cc003884c17440895211ab7bef3935c12e249
ishika__ds2-000508,validation,266,ds2,a3ff0cf2a59e7debde40f51830dcd3a78ffe2c83214ad7535bb721c2495b1e1e,94b81d71ebb293c1dc423e29771e88e3f0ed9d73071f4d2e4d38a1964aade829
ishika__ds2-000509,validation,267,ds2,e352df81f8e4af32b4d9fcb7830a8471c9c6abe14bf6557b2e574f48294ef2cf,ade1a4e88fc5fa4fcbba5700717768dd4d39840517b2a7a7d5a368f49b8758fd
ishika__ds2-000510,test,268,ds2,1e6ec039018e337a67d716cf5808868c6741aef3e3dff9128c8f2f51e0c4d65d,b3dd06914dc150a8dc6fee0cfff5fbea7eb4420a2f4bc8499fb5b9b901ba54e7
ishika__ds2-000511,test,269,ds2,68f4537110c1b5439fe7ce22438cf6e24c1983e14e3a2563bd890afb57c8443d,2b8e24d68af2ab4be1adbc69ef34f63f58c29c840cf6f6bd1dd7962486941bf0
ishika__ds2-000512,train,270,ds2,36fbd27e120851162d0dce4d067fe4505757cef07948b8f2b9ad0d970b9bd218,4e9354a0c50659afaf7dcc1b93d38a6b95a62a75230f8a485e8442521caa8d86
ishika__ds2-000513,validation,271,ds2,59b469254bbfe22deb29e37ef95b918c42f8515ef2550ffc2f2aef2551ee51ea,a30b702710fc0ddc5a085bc58c4d28517084660ca949998d9df8aa06088ea5c9
ishika__ds2-000514,validation,272,ds2,aa166944c883623258c2d922c9e41028183461abed1e16e54d9b8eead76cabf0,24c41bbd933bc219e1105946784a57aa9d568c0e8b10920ae0899bc4b4e46d77
ishika__ds2-000515,validation,273,ds2,d0b39ba57798afee464af944b490fefa3c66e6748374bb760771fae71dae6b66,2fe3b8687bfbe9fff4e99b4a4b011d4d1903f76abe9aa93f2c4475473088618f
ishika__ds2-000516,test,274,ds2,44fe5e2da42c58331cff4a035bd5c3081187f3e4ac1194d3b17ce51e62199b9a,80f1eed134bcbecc78abe9b50563b4e8447635dc802ffdb7b77f3c1d665fb57a
ishika__ds2-000517,train,275,ds2,e2d60dbbb955a606e61346d666fcc9a5aeaa01f4b79e4bb3eb534ef7f91925e4,dd729b8d627fde78200fc6478ffa9a382621722445d8c93e596006450ad88c87
ishika__ds2-000518,validation,276,ds2,7a2a1f91703450680e99581518d996b57713173bdaee08517dd6f40d7f2a4c87,a0bc050f210402613e6c7d2a22ed9e50d058b6670c82ffd7c3412749bdbf6f4b
ishika__ds2-000521,validation,277,ds2,5a78f24bfa81ea53f0b775cf5a80528190ef5e7d48c077e3d641c98682d1afc9,da9d977bfffa9b423417629d04278bb25f4cbfdba5c0fde26b768bab7a19b50d
ishika__ds2-000522,train,278,ds2,70f8b93781a1105191ed51a1f8d2aa140c33cfde2262cc48051f3133418757c3,d03f7587a6e803b8d4184f08a2b060a61e23cc40aea15f4c9585800eb44e7386
ishika__ds2-000523,validation,279,ds2,396ee7fee281251dcd608d19ab3490222cdd5ab850e42ec4c829dbe376f7df14,fe0def0b0ff054e00900f0f60ce88e829a231c1976bd253c21f005fe5e02c1cf
ishika__ds2-000524,train,280,ds2,f5cb618b2e3a7d580aed5cc9726f8b4d6d221d14833032e04569264a4991b999,9a09f84e333dbfd653b624140e2f0436cc23c8c3ab8bd9f26d18828bb5404f5e
ishika__ds2-000526,validation,146,ds2,f8d3f4ea330d7ebdf36ce06dd80f89fbe92f879b22925ddaf045a23655763a61,9954d09db9cb13fb64d8593c3827e58a1f0a91f8db9440cc00a94f04607e5dc3
ishika__ds2-000527,validation,146,ds2,cf3bb39f2ccf311b1c9e4453de7c3f485f9712cce73cd84b1fbfcfa43387c7e1,189f11ceb5029f2c6ce01b5fba4e6bcd1f69a2c14d7c621538d619c619fc1f11
ishika__ds2-000528,test,147,ds2,4160f0ed6d70504abf73ea26778fa79f6d2339b407233143c4e881b53fe2d21d,86540f9f16c53231dc90a61ea5b0ea02b763acdec0699d0dd3637768cf666a91
ishika__ds2-000529,validation,148,ds2,af74e3964d190bbc9c63987dee8b2d260025b920acbe7cb28628b32f47c4c284,bf1e944e342fa7c3c6700c617b2a2a9d8e98aafc73976ae6ebf62a9ee3df751a
ishika__ds2-000530,validation,281,ds2,293c4c93c188382da8b1845e054bdd71cd9a71f6eb6804daf6229f5641b270bc,a5bcfba7318915d39bc4f3bc2c4353268f8839677aade89095290b07efc624a2
ishika__ds2-000532,train,282,ds2,f02503ed18026af3a96589532b08e731116e7120fa8d6943557726025534925c,578b7e574af7b5ec82d22c9ee71dced7580bfe0c5f765a40eefa3807a6e84e9e
ishika__ds2-000534,test,283,ds2,1f5fba58e8c3141fdab3848ed9d9d68eb6f9ff79ed519df72a935b9d52c50d08,3f003492453dd13527becd81a03a3ce64b201cfc99224dca344f98b7b4957841
ishika__ds2-000536,validation,152,ds2,ac860d20693404ddd9095170268b747d4e4cc3b4448f7551dce037e2413b8b15,d50c08bf6db784d19a38a65f71e9db17cfd6865b218d7ae4ad1d5852dc0b18dc
ishika__ds2-000537,test,284,ds2,bd091d70b1ac3f6681eca39e09310fb483f48dd913e6aa787f277254b7272238,26a4f1b3b121c09041b0826f83aca5cc1c30dcfb6c6c9472e262d8ff53824456
ishika__ds2-000538,validation,153,ds2,922c5695bf4940f26454e93544ba5f7ecc0a78d1089f16cef14d3d344822242a,53e77d08ff0e082e7f3bde56cb5b0bfdff3e2daf127532d2528b0aad70f1ce9e
ishika__ds2-000540,validation,285,ds2,ddef51aa861e7419a42681653f0f4abe05857697a0c8400c708cccddb3ded71d,dedcf916dd9ecc5ad3d064cf39608802b666f702e162b16c523a524c5cdb00f1
ishika__ds2-000541,validation,286,ds2,f4e7130ab39df8a2181fdc262063488fd054fafd0f26005f758e679507ece113,23f2c077d9e25e760a690bcb95add8924bbe9aca713687a8de11533587081fe1
ishika__ds2-000542,train,287,ds2,3e4ad67b27d388cf51e774ab69199f9b90670391f6d9cfb33d6f7ee134f69fca,2b0af5dc3f08f95c75ad34b08b07ed78cea88a42e0b71e791ad7b973a067b3fd
ishika__ds2-000543,train,155,ds2,417181b113fb557935a8055fdfc58e7624edc2958a9156d786e74ce61b9ea316,e3fd592e106e2bad25d4a241668f5e12bf219e792422632712dc9364e3d4f89c
ishika__ds2-000545,validation,288,ds2,5156c6305c9732997cf8d0fc1d7929535cd028253f73b83dcd80097ba00a2989,f89416c7b32c92b75116b71aee96be785332d60b9e190817ad7160ce48899f83
ishika__ds2-000546,test,289,ds2,116aa936e776591479aa85f90717c75eacec4ead17f4b1ef4e6c6346f4f48c2a,cbd1899aeda7d8336b73dd7aac4c9e7763bb432045a9732a46788dfb636a070c
ishika__ds2-000547,test,290,ds2,a5f9e0d1a79a53b3af19a5a68191539d06b22eb916daed15dd130bc899c7071d,3be97086b2765415bd98e12d1941fb76f71c44a216f98d634d8aae2e656036d2
ishika__ds2-000548,validation,291,ds2,48337d33e0c862fe6b9eec0ebeb44c74462370d0e4bd3e134666798d66f16b11,b305367b07572c4a68f0cac94a9e1bce5ec42caafe3b68572a4c19a9e571bd4a
ishika__ds2-000549,train,159,ds2,ecb53982c8614a354e775074ef95585752d9aced642593f0cfac74efe0b504f1,6913312418c414142dbc43295ddaf7a4b8d533ef1a413da7be6f1f7a78e863f8
ishika__ds2-000550,validation,160,ds2,299bd286c24ef6f34ad5a104919b0884dbe6910e829accb2bbb44a407bdaff9f,afdce229ba4a981bcc517c1fff72b6a6de797f544cefc58d2c7d8800df6f4650
ishika__ds2-000551,test,292,ds2,928b7163d87a51a36f6517169df651a3decd4b0b6d7eab3dcac4cdd6290e26e0,d70729f68dce2a1f03398465afa9e02fc20e43bb5082a741dc488bb244d003a6
ishika__ds2-000552,train,162,ds2,59e8440696f6083be2ddc99d3bdcf0d8d881c92b9ce02159107845443f7b6d83,3f08e8261aa4c746ded641a73fe8fce705bd22c2a227372d474c3fa7332cc29d
ishika__ds2-000553,validation,293,ds2,53ac539bf128d140009211fb696df957ad05cdac8f059a95dd8af6047faf550d,5c5a84dd31d9cfed6f10bb6066419f22cccca8b5f8105c6e016ec70b9f5aacee
ishika__ds2-000554,validation,294,ds2,7640d1e9328c380823e9902a74b0187b61a3d59ef7efc1ca282ce8a1d8cfbb2c,747f6a422d624d5c3c53901f01eac775bcc955bf7ce7f15d976266d162f88eed
ishika__ds2-000555,test,295,ds2,59e4992bb9d8762182322e3eb79379965741692cc9e12b2bb2a56b2f80c4ba4e,dccea5d586953a24718c85dc1b42368844bd48c4ae725ab5f792db574d8d1ee1
ishika__ds2-000556,test,295,ds2,5a7461f6dfb6d55300c458a98f73ff8e0d701893d2a3ae2d77690728be54841b,87ef057193933a048fcf03c64969fb9a0c2421495b405f3d37625467ba235ece
ishika__ds2-000559,validation,296,ds2,5ef8c8d4d202479e8be8c5f3a9023abf40a1f40cfed576a4343e6559d3bf2356,542335814239ba352c7a90978ed222e45da736d5e91db379d1ba7ca3190f9d8f
ishika__ds2-000560,train,166,ds2,51ad71bd62cfb8158c928e98115483059782e8129be70c2a7df8296387c93638,0251ec6d2d8520e8869c19e056d7d00361bcbc9e27dba4e8b6149fa2b7cd8953
ishika__ds2-000561,train,297,ds2,73c3c11f69c685c5590b768348bd82fc844738cba2aaae185b288212e65a18bb,8a8ba9f115954977bad7fc7675babb4469d7b4aa088169ef40b035ed6a894817
ishika__ds2-000562,train,297,ds2,67f42bb91d49a9fbb3a504597e23cba48d1470b50585e8afb59d4ad8e62b8742,730ccf417fcaa295421b7cf84c1028173f3ac71652b8b93489d33dbbae16083a
ishika__ds2-000563,test,168,ds2,9ef3a110ae1b26fa7c5615bc712e7cb9f888b4a1baeaa82dd483167aa7b45aa7,97fac238aaa067c2fd19c3dcd7ebe9da79558400b9ee58f275b6184e6df4db34
ishika__ds2-000564,test,298,ds2,eb8b2b7815ed9d13e124f4858da68ac83612fba36297259509b43073635418f3,e540b9e1e5a03c5cc9608a9975d7f67b2476f678e2e557fad2504010afef5a1b
ishika__ds2-000565,test,299,ds2,ecc26e2a03883b68e45e000786d128b0f2ad24f2056b81d30055a402163b96c4,a7e956a98f8e41f66b836d199541a0275c4adb524ea10c9b433f130e2e1358fb
ishika__ds2-000566,train,300,ds2,3b96b44515f1a4a6837b4b2a8173f851c4b7b1cbb903611f8a1214df8b5cb9ea,06b5007c6f149c3f30ff9058376fcbde50218f7825ee4f11ae048aaba2784c79
ishika__ds2-000567,validation,172,ds2,1bb5695f5111840394c57333d44673b91e2c980c329d2e3f4bc0a71d77c31bdf,ffa2d7103fe0cb91e994012961d4b0f0cff2b05d63fe4857296b816e37daac60
ishika__ds2-000568,train,301,ds2,29b499a7656764d14180994ecbcabef9530c580563087180c8dc167314ff036e,43660b405992e04300fed9aee5cc49d8c0f27932166a7552e0f926d3fd92e5b2
ishika__ds2-000569,test,302,ds2,13e551dd5ade3df90632412d95eb2b6058327a3ab1f214c4e4f78bcff8311334,9fb7277662547a6d3d902f09e175eb4791329cb285a07d31589d7c43edf61238
ishika__ds2-000571,train,303,ds2,dd11d9792df3017d0a003d924b888d83ad096546b7d239050d72155bc9aa92e4,530e9deec266b64551534d84af3fa4db518bbfb4df04825277190531a015d41c
ishika__ds2-000573,test,304,ds2,6a818e94161292fed1b5ce1b68cf89f7e91e0f01506f65833f84bf28359513f1,b8266b61e3e8662ffe90fb9b95bc3e156a3be6037f89ab0840ac494773cb7d2f
ishika__ds2-000574,test,304,ds2,1ee2febf165a2472e0f7e2e21c058e69b368c3110b3f024d1cffd80105b74144,3453597d5165348586985212d79f764764361bfee1fdd314667b61d5b9942747
ishika__ds2-000576,test,305,ds2,76fd822416ee0d76a219175b0b242591dc52979c03ae83392f6c000f9e8c40aa,2610389437bf22b6dd5b0f8b3c5f32a739c02f23615f2590ed0daa86c5678962
ishika__ds2-000578,test,306,ds2,23ecb24b2b8eda34b2e325341e2113665c4889518d82a0c9f1dd0b41f3e46dc1,25f8862a3820cafdeb69d69657af9303517547cddf894b09f3e920c4fed657c8
ishika__ds2-000579,train,307,ds2,b60b58e031e44d426a8bc4bd96dba9aa91b37e7674401bba9d7a98188bebd09d,f5eea14f788aa3af36b5d7c78135bbeaefbfc8889565a75578c7f2af225b7cff
ishika__ds2-000582,train,181,ds2,12ce186c1f045c4404be75e2fe8880eb65914c42f904bc60ad0bd3c20a21fa68,bce230e8aa2fb4d871d333f2eede22befe4c0c4d872c5a82e6990896fcf3b7dc
ishika__ds2-000583,validation,308,ds2,a7debf1cdde1515c3e34482a73ca2ae785bfc36ce0eb0954a18981460f4efb10,2b2c5e6e55f3cd1ccb57194a9699301f9413a0187825def5f6863d6c7cf8a682
ishika__ds2-000584,validation,308,ds2,99e89f3b2d46e2f1c64d2c854f6169706cc33f70afc47006d338a348de0d70f7,fa0c51a81e607bff8950157b8badad91cf150093f1f4fe7e6284fffe6ce654fb
ishika__ds2-000585,test,183,ds2,387c6a338cb2f92c7bd71b7eae3ef4519a4751a02c6010aa24afdb5ac07a3712,2677c0f1f5bba176269003ce682b398bd5f0c2e8793f8732e905b8c92c0280ea
ishika__ds2-000587,test,309,ds2,3a23b4d466c447fb72dc779872ea952a73f0a457329bb704007a3a7093da58ce,e248c7f81c36e7e0c10ba55fd0169fbf9184fbe9094042a87b3ff2ba87b5e8e0
ishika__ds2-000588,test,185,ds2,c86f5dfef538e0e6a6e7a0bdb3deb4e026ce45a34d92b4c7efe6a9428f172439,dcecd5d7917f1b1b9c6f6494942fa58c7e0d9662c8e60c908c74dd47f2ab2bc9
ishika__ds2-000590,test,185,ds2,3c0d5c1078869f897839bf219b2d31e49bdaff18a285b626745e0f5f69c07009,029a87b37658cf993545daec2c4b27cb81b3dfb10da6e99c453cc05949afccb9
ishika__ds2-000591,test,310,ds2,69c3ea433278cd22f5d93bdc48e546b7ab9cab3bd6ae02d93027e35a5b026c4c,ff2ad87dc903defd92cdcabfe4a039d4cc8989dab176d2a29224e808824ef810
ishika__ds2-000594,train,190,ds2,12e9928c36d59a1ce942aea5da748b4fc73a0da23218ce91d5cade76f5e99c7e,754cad4723b444467b03a5de08a80fc322f1cab47a5abc776e86e4d2eaa5e9ad
ishika__ds2-000595,validation,311,ds2,06a89eeaf3ea373fa57de7ad7002636b55b1d5d6d78eeacadea08e0a3056a8d8,3cfec8364e07a1c874f8c2f0d159d5f6a34be27c6c13e63b7eda6d4e119e2197
ishika__ds2-000596,validation,312,ds2,289811a1ecba00b71992f070eefae44918c753890201ab235c01d6399771f153,aa2a94d770e91d252e420735a8b0b7bd3d530f37c8a88b4da2500dbe7565a0dd
ishika__ds2-000597,train,313,ds2,d21eb06038638ed173afa8a7ba27cae9280d218bc6e9afb57b2d37da30ac724c,5589aa66af6909b1e6dcbcc38d246ca44d42247896f75c3629cddd06ef096fef
ishika__ds2-000598,validation,191,ds2,aa1fb3cd32f26ab3eb167cf914751efff168c1ebfcf6895f28ea7f38ad34ca95,6d1eff5c4df249df377bff2ac897a10a57b9ffad4e35e9b431129db8c9d27c1b
ishika__ds2-000599,train,192,ds2,24e228b2722a793834044d90fda73d21087f3b3dd46faec1e60466d31682cce3,a0c36cc672d1c3411bb2f6573050b3bb6d63ffcb1d6440738f521e268201a734
ishika__ds2-000600,validation,314,ds2,d735d566fb780590aa84c329ebb0a2c0b95573c9a7b6b341322b5a957078654e,c19a9cdf97043165bef781bbe5517dd38d92f7fcb649bff7f50b9432335bad30
ishika__ds2-000601,test,195,ds2,a3d71aa62595cb7f764df3a4081d9ede1e32cebba19ad8f9f48f92e4d2af70fd,4456a0d6dfb4485a63370df929c75bb3c42b62a96f07345881439bc4ac1fa91a
ishika__ds2-000602,test,195,ds2,d90cde3a51652fce72112be28f2fdb2cb62d2058cd65605c80e0be5ef47e8416,9ab671dc6042b6da7cb0c01bc58860755ee98d06616286e5c20d87446ce50d86
ishika__ds2-000603,validation,197,ds2,9f316087f669ab6cc0fad33868d052e950ef85015dba41e55cc3d588365c5adb,fd6d127bc81c3f915fea662bad87bc1d3f8c89861290a01828ca4526c48810a7
ishika__ds2-000604,test,315,ds2,32f7822495c81634393e57cc0509cf2e6a84162279bf65ee48f6729085395fcd,1e009a49f274e30284963d04f83d06596a72c5681372b1bbeb3c5ddfe9d73d4d
ishika__ds2-000605,test,316,ds2,0f43c46075ac710b3cd32a26cea0b65fba0401b0151b638fe280460030ebabeb,6985d6075fa026bab3ceb60f6668bffd63f4047eed3d570fbb01ed88228c0369
ishika__ds2-000606,validation,317,ds2,a75baf6437140b6c295fb0a762d276168eaae7e11c30115e3f6983cb9b925e12,33fd8108628133a3431f9fac49d755d8e125bd5524fff64fe0d98e4f2f05559c
ishika__ds2-000608,test,318,ds2,69e86bf07365239ac6ea99b32086dffd2109a62215bf1309e5bb7d1b7a7147b6,e427e429ca1857f41d8b13daf4aadaee692d3630fc8413657b6c2d5f20ab8004
ishika__ds2-000609,test,318,ds2,5aa77464142b7452f803c37ffdfbb3107a59eebfb78ac25f044ec86f478ec494,d7e8bb034c91e16b645584efd03905c3f8d0ffd233bbb6e65e046773c995ed3d
ishika__ds2-000611,test,319,ds2,33721876b906112a5e05241e6b6e1934e088f6a19bf36c4653484699e540e28b,eba9a1b7d689a62d611cf7a9e5648183201f4e3b1ef69b171f39422d6606ac86
ishika__ds2-000612,validation,320,ds2,8a0f30ded6074c43893faadbb10fc9b7fa595d33c06786ad1270d6a851dd6a82,b75e5cc9073f2c24a1a8e59731b7a833656b5caa8d6a5af0d459cf9aa6c70633
ishika__ds2-000613,test,321,ds2,3dd142833c945a10ec8bc979dcd191c0a9d3eaf7e04b333fa706054c08768586,20f29659af3dcc9d864b4bfc4139034b3387c1a2d55653cc2381cc548fecc133
ishika__ds2-000614,train,322,ds2,75b56a300fcb04a37af227272b07b320e6f51855d3f3e203f192f1267dff2156,dfc56c2cb3ef8fa212227a694e17ac57ffe265c3115c05897cdd1efeb035145c
ishika__ds2-000616,test,323,ds2,1cadbc701beb9f560cd4487633e51cda90268d04f7694e7bab3954c96a6f78e0,c35a8e3a6ccff8452b72c5d837b46dd255e09f76d49468f88f85b04247e0bef6
ishika__ds2-000617,validation,324,ds2,49e94d4d442dbb7f0f359743c99d52e9c9bd7cbdc16946ccf23907b846262484,1f7db58861914c59ec14e65638c55bf7161e42fea04c7fffa691c4678f528cba
ishika__ds2-000619,test,325,ds2,c06b3234e7f5e14f0911c13e81eea13bed17dd25f95d210b412466c4feadd099,ef97afbd75a6f7a9ed420c9dc842db50133f0af5118fb9ade3010bad6a80ea86
ishika__ds2-000620,validation,326,ds2,1c1d92846256aa2ff305d6c4f3c3b4a6304c692507515f8886b6a1f8995b0b77,4c47c1cded9261aac9d332ea39c34c1e8a23c9a7d05d04d1c4c83fe8c045f3a0
ishika__ds2-000622,validation,327,ds2,3b46a456f12c1d7aea0259a245de71af39807a23fb61fe1aa46d2e6c2ac5b12b,0d98a0a2f76eab838640d8720fd0325d4b7d48bea7de84b01a6aaa35fec87a72
ishika__ds2-000623,validation,328,ds2,a421bb901ab7d43920c6bc711d8f21b03a5a8ce969ad99bd4fd6935275e00496,238af166a46d9bf60777bf2efc1c76be570e5f4d9a2bc6eb5056f3e01a9729e5
ishika__ds2-000625,validation,329,ds2,9193be19d1d1d8901a314a3cfc19420208aab62ffb783969020d73024437e38a,809177a38aafe5954c882d5d6888b58c9b23a30d64e3dbea59d1d70aa94e4291
ishika__ds2-000627,test,330,ds2,5d807009800b1c41639a1eed46da7580d0501a69f6792a4b522fbc50333471f5,c3459ad51a224b4fd6cbe0dac50c302573e26273fbef0d7b531f99bf4e88153d
ishika__ds2-000628,train,331,ds2,58aa8a186bd3567bf668d5fae1ce1dc3cc33ee6885b685f353868d4db00934c2,2c20ac230fc685a283c4a45f8024d79b02488cb67880728612e0208d133d1e33
ishika__ds2-000629,validation,332,ds2,5d18b7a97f9b7766359e1a7885fdcdad1f4c6ec159ecc419c74ebec972eefbb8,94913d999541190b4824b6c1071d9c080b0b4267a6b4ffbb8bebb45cb629d5a9
ishika__ds2-000630,test,333,ds2,da8436999eb9d59484fdff9d558205ee4060b94722398338ece0a91e44802634,36e3d38405a7035849e58bd021a3e4e8fd56213a5d78360869bac6371fdadde1
ishika__ds2-000632,test,334,ds2,44bca3c861c32df5c4eed76839bf2352a65228a204e24f3ce66aa7583211af58,727cbe8b2bd67aea15cfd29742f53cf19d120f8b669f405e0adac2906cb7039a
ishika__ds2-000633,test,335,ds2,a66ec89f66181688b8b516499cf92d70dc8c4c24ca6cac7377308f1f93f504f7,798a5aed14f52547e9ae37b26e5b004e9c1bb81c2a41b8f37b8bc4a507d54e2b
ishika__ds2-000634,test,336,ds2,76f6b9d61d566b5166612ab12b5e551810924bcdb6a7861022858f0fefcecd03,a7d398035cdc44977ebfb652ff844280f44bde575db8929f7dba550fb3ab99c1
ishika__ds2-000635,test,337,ds2,80bfd74c21fa86cc36675db94d90f3afe8e1439ede4e12dda3b28b698aaa335a,4382ce579c93636c46ff8b68da2b3bc8fb0519cfcf8415b0d3d65f468541975e
ishika__ds2-000636,test,338,ds2,a66e1882ea7ba6bb8b1328a892326b16d4625076c6fc52aa7439dd6b207cd79c,a1d301a89e46fe3ce7e322b2547ed388deb1da6bb6dc5323b15bd4dbe5f271d9
ishika__ds2-000637,test,339,ds2,4c518b20c069fc6c89a87013f470f1bc84cf258fdbedc039551926c8d8e2bed6,97d80b1ddebf0a697648d0d57eb84f32426314bc0d0c91ee0a6e09e288fb603b
ishika__ds2-000638,test,340,ds2,e5025036737faab6c4a4894c3a0ba4d354208988c585d4a6c77c0d1d1ab45b14,4a399e56a027347dac3031ebbe272c3d5027f2c214a5d2c72c578034fe75d856
ishika__ds2-000639,train,341,ds2,a8691bb728968c313b90c74c0476e46e9f16ec32f0e3efe25f78291fbdc563b3,76ad23e50da752e2b0586aedf7f100fb9f677bc080f5343b09a2177d6dd4cc9e
ishika__ds2-000640,validation,342,ds2,6a27856f019253e277ddd9ad71b1b08585f1d3d39c09a6b4341f9d61f8623367,ae5e5f7c996388c1be4983efaab277cc651b133cbb6207a66a4ce54fe713ff18
ishika__ds2-000641,test,343,ds2,795f9e8673cfd41989bb986ff4045b5722f8f16456a7abecd55d7e1990b65dd3,3a2a26118156210fbadcb380782d11be8944ef756f1dabe4b20389b3e0790f60
ishika__ds2-000642,validation,344,ds2,36421ee1ce92934164ed6a7ab187455069ef0aa9066e8071b19de354e4b0aeea,7e7b4852980496be2725acfcc8600b5e5203c58a9b6405159047d9589ba950c4
ishika__ds2-000644,validation,345,ds2,8cafb0825f534bf28e11bf1ec6ede81822ea981fd001ef685dc1ad5b3a8653c3,f36499d062ebf0195c538ddb4805ec64989e4c33197d77fe8a20b7431332253d
ishika__ds2-000645,validation,346,ds2,22381a6102f2a6d557a2302002de5e3cae456346ae6e0c06e7068e13bf3c27f2,2dc158f8e04e4c06126a3e49560e6dbcc96006e9b17168c8885ba4a3407bc989
ishika__ds2-000646,validation,233,ds2,226a5f99037c902e5db1d6f777805723fced29ff54438ecb23d66195953032cf,bae15c9e79e66654ca713c20b62bd362cd7a8a94c976953f80b32a0b34fe2a58
ishika__ds2-000647,test,347,ds2,2c10dbf9bcc4d9add64920cb754f9f120d514ed2e1740205fa573e12b5247491,f1837b5c30e5ea0596e362f6147f4bff999d31eb7e95b9199cb7ae9c33cf3fcc
ishika__ds2-000648,test,348,ds2,e0fbeeafba8f5e17329bd63fe37ddc018d2fb2fb8234082ad014625fb31a65fb,d73e97e4e0b50ae8f6069a714f81eaa411521ddcde253ff4c90883674985f997
ishika__ds2-000649,validation,349,ds2,5751a10de2584f1b9279da6ac2e72c1e9f0e570b427027433acf913bb3516fa3,012d95a38f114c758395e622497892b8fed840d8dc1f792ea2e22640c9490b4a
ishika__ds2-000651,test,350,ds2,0c3ce1727066d011a9feb6ff6b7cd7064fc5be2ea1be2461c875d25c7628b1b1,42c937daee415df478c937c5360b318698370a6f44187e27049be1e8e5ff3d0e
ishika__ds2-000652,train,351,ds2,f5e7fe061e14e600385d6a030ea1afb54fb7d6449ed7e29a805443d54dec7908,6caf86af83fa929fdaecf279f43c22781fc1644f11f1d97ade3c63f16b22953f
ishika__ds2-000654,train,352,ds2,007fb65d0098bfaaa33e5a28ad16e09131af6ab3db88c75691834feb9c865ed7,2f54de68354b051f51edcfa591374426913051c25e1014ceec8d324d36e2e3e3
ishika__ds2-000655,test,353,ds2,f540d5abb23431f8e782268a91942c77a13c6ce2eee1f1f08b9e2ec084128e3b,bf867f586ba34827292ba3ae9a83ccec29a84944ed6f8d713d8c46549af24d4c
ishika__ds2-000656,test,354,ds2,dd65b45de6f4ffe0a8d60097357b8f7401886d5fc85a79541e2df9c3ba0f4b9b,39b422bb49830e6b2fd4c37422ef410c2b3b2e746dbf54aedd6d7dc1b2e2e269
ishika__ds2-000658,validation,355,ds2,de71daf2eeb6aa1e01513eec3cd20bb917f832dc4e0f1d831dcbe9500dc6f568,649b3158add651b51b3c336921b2456cc82231a1397d919437e2498e04d5da68
ishika__ds2-000659,test,356,ds2,8f82438cdd1b55c0beab04f988663cf244cbba4c925aa1f5fd4b78e2054247c9,29d7dead887d6d633c7038f6a99b27238e00866ec466b724809392e92c030921
ishika__ds2-000661,validation,357,ds2,630fd6df0478fc9ca33105b7e9d2a0ec17c0f4c2f009c1fcb80457f36873acef,8c5db0d0e621cc88a1e397de149d374aab1ad1cf8452d3524cb75e1725887f7e
ishika__ds2-000662,test,358,ds2,8323769ff8095b4b1de64e33c8a9b908a124a6ee9ee360150263f86d14b521eb,ea8e7152c0177bf2d41873aa8086fa50e57061725eaf7a4630efbbcdbf950cb8
ishika__ds2-000663,validation,359,ds2,496e3fe1314735cf866f27baae505880f77a290186c34e04d7ce392174c9e881,75eee02f86b29288f5be4feeabff35a32a16cd8a66351e39ec514aab17ef9573
ishika__ds2-000665,test,360,ds2,5ddafeea185da43f203f863ee185896d1da6c3875fabea8a34f90154a902098c,fd90242e4c531c8b8289d39a5f128354e4c60849f8a215e48ee630dfa863618d
ishika__ds2-000666,test,360,ds2,c3e2f7616331a191e99925662069497277ee2a8c11cd58f25a976da41e84570c,df3024566407eebda0758345c9dd8b29a2bb2cccb320da459989e867c7c40b72
ishika__ds2-000667,validation,361,ds2,b03d2389747a7cdd70a0479f5eae0b211d0aebcf7c6609000e35686ea6c16d85,297d14ce7f29a80340471abe2d222d25fd5bd74357d7fff52326fa0687dc0057
ishika__ds2-000668,validation,362,ds2,8359408c77966c3e2a6385eed714f0e80071b271ae097e286b59a2cb6ed9f6f1,28586b68da1fc65c2f377355842ddb579360126693d76e4f4d6e672e8a37f9e6
ishika__ds2-000669,test,363,ds2,74748c4b40fabe164380643af37147de63308bdd97723aa72280d188e31fef01,29bd517ca9e99680347fe83e0d844cd8883bb77bc6991f8bf38f3551e9358191
ishika__ds2-000670,train,364,ds2,0951dc16a4897d35aae03264bff37df8b545274f6933d55e165570ce74f60866,aeaffa6ffce96f37a396067d84767c0b39ae241fa2b9878629ee14d0d539e21c
ishika__ds2-000671,train,365,ds2,b8b5913ba87c4234361b4dd81bd771bc392b043901c2f1f6c60e28dd5744f683,19976036f1c47fed47cc5d0042f7bba5e89ade7396bd313ac27a6f0a7ccbd15e
ishika__ds2-000672,test,366,ds2,b16324f326fad507883067c5d10cda7359dd6507d76c9ad160ddaa55fa292f23,eb3aa24939206327fcb8402841b9ff2bd3aad3eb4a26d58719cf7b434775a0ec
ishika__ds2-000673,train,367,ds2,c48112609888f1f1dc2ba94cc903316545154263720d54fc403d28c81f6878aa,76998bf893c4a9856e0254274768df85dba6be6786e9d3c924aeb166f29a3cc7
ishika__ds2-000674,train,368,ds2,3bc651f58dae91597aeac314025c4d730d606f6119ddfb8a27625a97bee59b07,e7c622c2916dd86ceb5027ef3bda3b911b48173ad39548415f7b3d44e52699b0
ishika__ds2-000675,validation,369,ds2,6af1d08840ce102189e9004c71b6d6ac770053c14c146eda232aef7290e174a1,349f7fe59a27ffd2e9e4697b78d4faa4ff80aad976eea821d14594ccd252ef4d
ishika__ds2-000676,train,370,ds2,13a97de05ee94cca391a353e7812ea834178f2f47e3cd0e60556890cb0d63ded,3d76f5f4eeb7dec83bf6ac54aa0fe089be417445c820d9eb0bd5a37c15f6619e
ishika__ds2-000677,validation,371,ds2,5b8d58cd9761fe48de3c33ee6e7e7b4528e9fcfdcc61be62249d1f0fed9f6fb9,a90dd5eb17d5a702bc13714fcea371b0087c077e7d0a9c6b3c509ace710de6e2
ishika__ds2-000678,validation,372,ds2,2e51fae34f7e758a2fe10a1ab06844ef64d1c74b34801c12da8924d4d05a57d1,2976155aa87f9caf349a97add839a0b038b4307dc0f0407c216ef36da71f68ad
ishika__ds2-000679,train,373,ds2,1feea5a024d3ec819e64bc498776c90561a9ec32a2dd294fd53cc2473bddf672,afcadbd3f797d96dff46c592542da87e5572a5ba190090a730524208dc0e0d09
ishika__ds2-000680,train,374,ds2,c04f496c4c23d4a769ba3d52ab352ef3b7e45ab9d61d32fb2432a7e4c8be13bf,96abfacd749bc7a0201c8ac07712e34286cf6885f1017be9e2592fc08bb69895
ishika__ds2-000681,test,375,ds2,8744479909ab081fe5538c1fa91d3496053cb02047f2cb22c3b583e3d6e74f07,c5ba417d89927d04b5d43d0faa7ada187dd1f3055b0ab09142c758f75e4fb058
ishika__ds2-000682,validation,376,ds2,ee3c674faf4875e054849f328c85729b1b535ce93b8ee0d561924734abbf900e,cde0c7ab5b130be8c20b86d082086011749ef6e36e20be706fdc0c57870c4eed
ishika__ds2-000684,train,377,ds2,718aee0a46f726641647f45afe7399ff68cc2a812359403ea6c21071aada8e33,7cf4b7a005916f0b22d2907b107a2529eb9493f6348ccafcfcf3a63061f69b3c
ishika__ds2-000685,test,378,ds2,00bfa50648a6d0fb02f1a018f49d9916c1c5de1419cd44adea2768d4de33d193,d7804df247c27812c7bce516384d56e0c20b37b2f8531c656c60af060bf400ae
ishika__ds2-000687,train,379,ds2,a0fe18550d51982e3aeba5c5317e2cfe0b65af7bcedc174d08eef5bfa90e194a,72d4160d2b6ddba6e8d74af921cf675a7e794b94618790fcd783832c33396c97
ishika__ds2-000688,train,380,ds2,ef79457e298d485394cea77e18a8705da17e0bfca7e1cee3db210baab6f4dc86,0e868a3f42eb4b8870aa9226a73bb5c839533c6f97e892e6fad6929cfc372b96
ishika__ds2-000690,train,381,ds2,9d1c23601b5d7a3fc36649347fcd91a9b3e43d16749feb419676b9bab3f1d354,a9476d2e449aa1ee629d9499008bc2134b05c83cd4622cdfc6b992db90b22ba9
ishika__ds2-000692,test,382,ds2,b9fa18b935dcf3e4129505fd1bd40ef2f68d8f3c8a0c1067d89a02c992f0eb02,f9da5d30e276b0753169ef774ef6914e5f779fd799cf75c6b68bd91329684f17
ishika__ds2-000693,test,383,ds2,943a9e20b93157631a50e7f7181a07c8581196ba4e1f3135e67adb63e78fc337,8bbf07e6e74ac00e5cb943aa3360ca7bc3f5c6072bc24d1e139877581403926b
ishika__ds2-000694,test,384,ds2,85cf434261acbfe827e1607668f12cce13c66d4f64f840e6bb2be3a00913e7c5,6f0ff9c8712819132370337ac4ef1f5ba32b0311a8506795cb634f0ceb3a684a
ishika__ds2-000695,test,385,ds2,257c09dc810c2f2f6abd5fdb29fecb0afeee50475ac25e583fb7fb8e7264dda1,247f0993103f22f903c474d2d8eca54fc6e9ce01716d6abc74abd8f3dcd9a6a6
ishika__ds2-000696,validation,386,ds2,0845e1042a07dd706b83987a3ef33c6afcb62ad0ed602fb61194464d17ed6b67,613bc3c99fd3197a85774b1dbb16ea02149b39a276697e798cdfc25517b7e058
ishika__ds2-000697,test,387,ds2,a70bb7e3674989199f3479f4a0cf19156e5f0d1f0bd6584f89a7f0ceba80ba27,c1c290fa7f3d2319e96951de6987d87fcd84f4d62d76944c35be0cc5f4557a8e
ishika__ds2-000699,validation,388,ds2,5f0a24c119c2f7f53a43e8673c4ccbb20e1ca9e7ea200d889b468c68007bdfd6,ae74aba9e2ba20c3ae3c2019303992cb3323e6a7fad6a33cd598fa55eeb64160
ishika__ds2-000700,validation,389,ds2,87294a5350be39f4770c1d5bd9fdc70777e98d7cb87bc413a67fd381e8809c3d,f3d7a05c36f8dc83ac0781f83fb7963b68a2b9455bc5e777e40f764b880da8ea
ishika__ds3-000001,validation,390,ds3,55e60ac64e6000a7887dc0af73a6491c5982b9f52689bdc938218d47d40699f4,6aaffa1a93e801185fe995c02f64d1533a3db4ae9c2c6a1e9d0d3fad54adb126
ishika__ds3-000003,validation,390,ds3,55e60ac64e6000a7887dc0af73a6491c5982b9f52689bdc938218d47d40699f4,eb3eac56e5415d53b4ddb5fc5f47d5d8267928e107baed41c7b24fb3661a92ec
ishika__ds3-000004,validation,391,ds3,075ec5170fab8cfe656eda85d076057d97004a30c70390a3df5f0005b0ba0d71,f82c35b75bffb60a4b8e0b45253978fabce3741031ec6d1f02537da564de3ebe
ishika__ds3-000007,validation,391,ds3,075ec5170fab8cfe656eda85d076057d97004a30c70390a3df5f0005b0ba0d71,4ac13d95faacb6f20aa5400c546b1d4b0ed5e161fdead16bdd4c0496e8cc8584
ishika__ds3-000010,test,392,ds3,804bdb8917cd742011a6b5d65bceb8aceb84169879211e980d438d706e5a2ae4,162876d5d5219e0cca2783c769e9351b0a9ead35c354075f16f4a29d54a06e6f
ishika__ds3-000011,validation,393,ds3,5ed9d8ccd764843a4fc41aa45adf146dac93f1fe325b738055e66dd783a77212,5d2c9e6c67c59a6e58dfcb95077e9dfa6b3e852b3534c162365584d46599b3c9
ishika__ds3-000016,validation,394,ds3,79a40fe5ac82013bd04d982280ac9a7f6ada55f64294130ecee7888c0527883a,c038b1c8825ec8e1323b50cc141519a3d95e1852234d1f0b94f559feb6353b98
ishika__ds3-000020,test,395,ds3,4ff78a5bf9338cfdecb791262468dbadcced3932db667306622cd657cffd0ab3,1541f7a8f3048fec591ed7f3c0b41dfb2fb23e082ed48a19187c26fe72f765af
ishika__ds3-000021,test,395,ds3,4ff78a5bf9338cfdecb791262468dbadcced3932db667306622cd657cffd0ab3,238f88168473a678e7e3e2c70d3fc0775ce52261dec1dcb4087cc76c7b2c4f21
ishika__ds3-000023,test,396,ds3,0a8e58a8bec0b38a0c146d07a8b1b81ade5192c5431ded7a0f09a06347fbcb5b,a64fdc9a5da93ebbfa1eab31241b8f9ce982cbf9cea01ae3cde084adebe11afd
ishika__ds3-000024,validation,397,ds3,1eb1ef1e17b9a465b0f8dfeddf8ddeecc297e6f9529b5650c8e7b5b6ced25fbc,15eaad47222563699595ca5f82b7f197c6df14b21e5ee6e8b559828d236f39cb
ishika__ds3-000025,validation,398,ds3,1eeab8e26f79c3f16d4a0bc52e96f163d718c7c1c168259210597dfb3fbfbe6f,9e0542fe8817557abee3094976e6ee7986fe1b6f44c5144b56ac6318492de35a
ishika__ds3-000026,validation,399,ds3,17180474cb7df1e8943081d7efb890a70ca384a9a2390047a6a851dea65588ac,3761478fa5a3d0e76f857d91fd1458189a45f521295b234f0e07d0ef21e850bf
ishika__ds3-000028,train,400,ds3,b4a929fb5855f470b202a6f498676cd949c84ca628b85a6c6ec57a711aaf668f,d08268fb877132dbc30ebbd431dc46bb65b1db1434994ffc3afb59b5ac241a7f
ishika__ds3-000030,train,400,ds3,b4a929fb5855f470b202a6f498676cd949c84ca628b85a6c6ec57a711aaf668f,aaae736c29b0632f267215bbdeddd2e9b34ee64e7551d71332ad4cf9f9817503
ishika__ds3-000031,train,400,ds3,b4a929fb5855f470b202a6f498676cd949c84ca628b85a6c6ec57a711aaf668f,3086fba9ce307f577594a4c2e20b07076ad5dee2fe74251c4f69000690d0d680
ishika__ds3-000032,validation,401,ds3,ce22046079bd290252c5b6de6d88892cc0255065516d3cf9e6fe0d740b3e80bb,e806509784cbf3e9639524d193fb6423fa1494493e416d1f415a67714afd0255
ishika__ds3-000035,train,402,ds3,21593a3f47f5d58a69a9d6a90e851c7ffb39851d401f2093a28741cf1a42a6d7,c1ed19b548213b3855e0cc4dff1f57213152b8dbd87390d81b771f2269728a29
ishika__ds3-000037,test,403,ds3,ce77e6e16bf8a00404c24c24221aa813b97f28fc80627ee3b0a0725c2416c8f1,1394b2fed514136528737bcb3286ae54af5802d53a6f8bc036e01a0a664a347f
ishika__ds3-000039,test,404,ds3,8f3464b67c14a884d489e92c4ab2fbbc33f3fdf88ccc10177c4d374b93d7f177,1ed81ba2800f293c5a79d7f7d2585d768274d08f70293b33be72a811c7a262ba
ishika__ds3-000041,test,405,ds3,753a3b8df27c532064996c5e54d38541f784bd1611ee5ab6ca70d74c12d113cc,741eaee9b9f67869b338fe380f84441ead9635e91745b18b052e004e33ca7d5f
ishika__ds3-000042,test,405,ds3,753a3b8df27c532064996c5e54d38541f784bd1611ee5ab6ca70d74c12d113cc,0f0a9319e2ffd49cdd40a51ee4f00c00fb9e9b2985face8e22ab2ece395d9d75
ishika__ds3-000043,train,406,ds3,2dee2d84b6a6f42bc74a4f3e6d973b27145d4fa28651096c9e573e4c876beb5c,2ae497d44b06dcb669926459e5ccdc470c3e30cc8fdbb4451c1563da39d8b6bd
ishika__ds3-000044,train,406,ds3,2dee2d84b6a6f42bc74a4f3e6d973b27145d4fa28651096c9e573e4c876beb5c,2ec8b838c9a7885f527c5da5e41727fd4603386525b7e17e893ae7ab205a9831
ishika__ds3-000045,validation,407,ds3,b9ec9733bf186f3864fc441c9da33ab6330d9de281fd6d405a7aeef5c145dd1f,37ae0fdfb8e342a3e1790837592b86c561b5a7f97d0b95a92d1fb3e85ed6446d
ishika__ds3-000046,validation,407,ds3,b9ec9733bf186f3864fc441c9da33ab6330d9de281fd6d405a7aeef5c145dd1f,d41af708577de833be4961b537ceb1684f9effc193585164a46afef19884855e
ishika__ds3-000047,validation,407,ds3,b9ec9733bf186f3864fc441c9da33ab6330d9de281fd6d405a7aeef5c145dd1f,f059eeba13dc04a7f336204ff0152fcb4e668877e0493b8cc4659df19a699b4e
ishika__ds3-000050,test,408,ds3,d5a7ece1256f9b1dee6a46b2ada97f8cc5636e44cdff61825b1a7c2becc99550,66a932ca2f475161aae10fc92d6ed6d6b4165d378f18a2c9ec82ce5fc82564c6
ishika__ds3-000051,test,408,ds3,d5a7ece1256f9b1dee6a46b2ada97f8cc5636e44cdff61825b1a7c2becc99550,1a9b81ead6aaf6e715cb20ec0c4ad8f81dcfda57e93549dec51a9f705437ddb4
ishika__ds3-000052,test,408,ds3,d5a7ece1256f9b1dee6a46b2ada97f8cc5636e44cdff61825b1a7c2becc99550,76c3fefc8c07e0998576a99ff48ae127f035257fe66b9844c2c6e4d7d7b8f079
ishika__ds3-000055,test,409,ds3,30b14c12b533e5e750888cbfb4ef70eac2fa1b1cb6a222067f3c48804a663b6c,2a0da0b6bc7846aca386bac1d56b7917541632dc283bb0049af8c9bf31eef388
ishika__ds3-000056,test,409,ds3,30b14c12b533e5e750888cbfb4ef70eac2fa1b1cb6a222067f3c48804a663b6c,4b38e4cd088597c4fe57fd919755ff8671c8332babaea5618152ce2c98201276
ishika__ds3-000058,test,409,ds3,30b14c12b533e5e750888cbfb4ef70eac2fa1b1cb6a222067f3c48804a663b6c,72ce6cd202dc0afc6e1168a480587f3732b6f471bf8c55773a59c2bfd199952f
ishika__ds3-000060,train,410,ds3,115049a298532be2f181edb03f766770c0db84c22aff39003fec340deaec7545,2375062b63f90b79abff133e6fca4408bea5b3fff44bf0a134e4d1bcae549196
ishika__ds3-000061,train,410,ds3,115049a298532be2f181edb03f766770c0db84c22aff39003fec340deaec7545,d7596ae356c480fa3abdb550efbd236a6b454a5a24b902ba2ccbbfa43e366952
ishika__ds3-000062,train,410,ds3,115049a298532be2f181edb03f766770c0db84c22aff39003fec340deaec7545,754988b945f82b8e5e6064a8fe1afa501eddd4ffb0c00f7da7b4c2ca58bfe816
ishika__ds3-000067,test,411,ds3,ad17a7b635efc545e4664bf0f75ddcb4d7a9347e61ec15c3ac9510ef20717441,5dd90ab8c5997658b21d35d6e90197951390265bc10574b5a261887c5558a90b
ishika__ds3-000068,test,411,ds3,ad17a7b635efc545e4664bf0f75ddcb4d7a9347e61ec15c3ac9510ef20717441,ff967aa047ea2c04a55d94c08e8842b9ebe65de60f391cd2e1fa665fbd07dc15
ishika__ds3-000069,test,411,ds3,ad17a7b635efc545e4664bf0f75ddcb4d7a9347e61ec15c3ac9510ef20717441,97acb31efa09ca5a301cb3cc12db0de70ebeff340004809f0bbd2460bafef981
ishika__ds3-000070,train,412,ds3,cb3d6e208cedb9391beeb37bc03ae6f7121ac0a27dba2c352d31c7edd54e8d07,2f42a4a79926d7097d60b4190d0c8029b5fd461dcc6c1f4f19a8ddca6d0e9c2e
ishika__ds3-000071,train,412,ds3,cb3d6e208cedb9391beeb37bc03ae6f7121ac0a27dba2c352d31c7edd54e8d07,0661a0211c87568eb92377c34124e952ca7a87da939552cf6106b45944381db2
ishika__ds3-000072,train,412,ds3,cb3d6e208cedb9391beeb37bc03ae6f7121ac0a27dba2c352d31c7edd54e8d07,9e1688beff01368eb66f7c013ccbac85eb9fb94f421b41f5488042534f69e795
ishika__ds3-000073,validation,413,ds3,ef51404791af487636f8a71bee6329015cebb37bc72fe553a93e4e4a3ffe1d0e,ae6f104b65d2061b691bc97b51311fb240c0d33370e6e8907c7cafd0ced279d7
ishika__ds3-000074,validation,413,ds3,ef51404791af487636f8a71bee6329015cebb37bc72fe553a93e4e4a3ffe1d0e,498bdb49bd4c01b539e7107b3f28425fa9ec1b8647a31268ac81923ce6bb1e83
ishika__ds3-000075,validation,413,ds3,ef51404791af487636f8a71bee6329015cebb37bc72fe553a93e4e4a3ffe1d0e,effa56d92f194c8bfee2d7de86b617a86417a83c123f59554c96efdd8f4ca9fa
ishika__ds3-000076,validation,414,ds3,fb07103d96308e28241933185349428e6e91156c96d7de332a1fea0533cb6257,aa260a3e79f52f451ffd60bc94ae47273b154171639f1110553842d8225b6d7e
ishika__ds3-000080,test,415,ds3,a8c6c13323b5e04a181ef0d496f558f8c4d95c9ce85a2d9580db0a99d307a966,9f3aad1761df2c3e4b7b4e6becd6a66ac37e1500a3f8a2661cbd91e123d05bfd
ishika__ds3-000081,test,415,ds3,a8c6c13323b5e04a181ef0d496f558f8c4d95c9ce85a2d9580db0a99d307a966,496c68a8a102aa257e026eed7e8c375e9e3957a7ab58a2038e48d9001ae23292
ishika__ds3-000082,test,415,ds3,a8c6c13323b5e04a181ef0d496f558f8c4d95c9ce85a2d9580db0a99d307a966,934af9728594cd099be065351cbdbf97faaa0ecf2aea2e21a09e07a9f5f35353
ishika__ds3-000083,test,415,ds3,a8c6c13323b5e04a181ef0d496f558f8c4d95c9ce85a2d9580db0a99d307a966,ff5d5b35fd3ee7d709acd172b39bdf9ab15f7a0f509fc2ca74f520f10f395f35
ishika__ds3-000085,validation,416,ds3,e4d2d0a09fcf2c5523ca56dc5284df72eca6d757d32cc59aca98561af838d007,2674845df1cfe9b04d1ed99e41eeda4e70365b06e16468b2fb2dfdc81a978bcb
ishika__ds3-000086,validation,416,ds3,e4d2d0a09fcf2c5523ca56dc5284df72eca6d757d32cc59aca98561af838d007,32800c61f7cff7cb3d87ef796fd463f1d6c4eecd16d0b414d6b9827abb9a4a00
ishika__ds3-000087,validation,416,ds3,e4d2d0a09fcf2c5523ca56dc5284df72eca6d757d32cc59aca98561af838d007,5791548cdff3e88030eea0fc74778652490586debd343742b491f1999ae53cad
ishika__ds3-000088,validation,417,ds3,ab0bf5a79d0bdaa0b0810ba1eb99c5c61dad252a12e743d1d0635cbfa90cf1ad,c57d71fa8c0e65e65275fe6036dbff49b4eba63554db20e8918a38e5efad4794
ishika__ds3-000090,validation,417,ds3,ab0bf5a79d0bdaa0b0810ba1eb99c5c61dad252a12e743d1d0635cbfa90cf1ad,db2b12a8c296afb913171791bfb612e869fe9ff0c1526ee4270832822b999911
ishika__ds3-000092,train,418,ds3,56f33ad69818d633dbd711b9b5f7e64e74489173c813f9c814767c3220983f1a,514b2c78476105e006d595741a06ad5b939efc591665c088cff975bd091d86a5
ishika__ds3-000093,train,418,ds3,56f33ad69818d633dbd711b9b5f7e64e74489173c813f9c814767c3220983f1a,437ece324b0042cdd31bc16abfdfd400e09de2deccdf165426a1e40dc558589b
ishika__ds3-000094,validation,419,ds3,f5ef4d2821cb51792e23c0b4f71ca76f5256225f83468eefc1a1f9becd33572b,f380f868bbf47b5ef11aaaf010829bf4f23816ee6608fc915acd1f1bf8dde938
ishika__ds3-000095,validation,419,ds3,f5ef4d2821cb51792e23c0b4f71ca76f5256225f83468eefc1a1f9becd33572b,0d8654cc7fa938a252f730ff55ddc3b51880ec5515fd43fcf89cbbf4856f1999
ishika__ds3-000097,test,420,ds3,d4ee3bcacb685e644ec6346c045b23ba3fa7cbc14ab67b2911800d2856506897,0f48a4c46de94a56e189c17e81308bb174d442e72f1743f4990c99c320356c18
ishika__ds3-000098,test,420,ds3,d4ee3bcacb685e644ec6346c045b23ba3fa7cbc14ab67b2911800d2856506897,eb5628d68fb76baecc466d1268b24b80f3cd17e5198cb56840ea5eda2fd2958c
ishika__ds3-000099,test,420,ds3,d4ee3bcacb685e644ec6346c045b23ba3fa7cbc14ab67b2911800d2856506897,40d73a84c12f71723c9f8c7d9f84fda631307e7ebc38d275837be30d5603c213
ishika__ds3-000101,train,421,ds3,c652d192563cac387c25f8ed638646342aaed610d1d18ec6f9c2f7b10d7fe6ee,c6e1bbf4fb09213845bc190aee9a4a7cae2db6a3ad7115d120d636ba7c8aa569
ishika__ds3-000102,test,422,ds3,3cf08f05aa01ad33aca6c825f91dd6060bf64b1fa00f89a5a55336b5039dce74,979b8b33a670e1028fa44d9a4d902ee1d4ff3a0af3fd6c2548dc31d5264ac7ee
ishika__ds3-000103,test,422,ds3,3cf08f05aa01ad33aca6c825f91dd6060bf64b1fa00f89a5a55336b5039dce74,a364acf8c1288552907bfd591c80f2df341d353051580345b701224b52f10bb8
ishika__ds3-000105,test,422,ds3,3cf08f05aa01ad33aca6c825f91dd6060bf64b1fa00f89a5a55336b5039dce74,e79705004cd030d4032078142667e544b59edecedfad2ed39a168f6396e1950f
ishika__ds3-000107,validation,423,ds3,e593a0a12351d5acf081de7b072067a56211dd8a656ef4b8088773aba4871d83,057a471f1b42c47ba4dad035eda09bea4ff5e90a3819f78bf6d2fe497ce17599
ishika__ds3-000108,validation,423,ds3,e593a0a12351d5acf081de7b072067a56211dd8a656ef4b8088773aba4871d83,f08eaaca84a4d20701804f408c8318a43c9ac12ed71defa4ae91beaa68d9a490
ishika__ds3-000109,validation,423,ds3,e593a0a12351d5acf081de7b072067a56211dd8a656ef4b8088773aba4871d83,b0d1e225aa78d17f6a4221c9b6d61f924a8a146d194079fd862b441276715875
ishika__ds3-000110,validation,423,ds3,e593a0a12351d5acf081de7b072067a56211dd8a656ef4b8088773aba4871d83,d791d30b1bac357578ce9a40b9893022295e6398279ebe8045783e0fad378e4a
ishika__ds3-000111,validation,423,ds3,e593a0a12351d5acf081de7b072067a56211dd8a656ef4b8088773aba4871d83,176e45bff48f24748870bdb1a82fa86e64f894c31fc605b51e7abe7e95c309bc
ishika__ds3-000113,train,424,ds3,d0d21280f8d96e5e89b9209591664391c95d41bc71fcf45c33348b8fc5de2c34,c16143bc5a4915d5ded902b6163ad717cb87a6bdcab910c3bac888326412cf69
ishika__ds3-000115,train,424,ds3,d0d21280f8d96e5e89b9209591664391c95d41bc71fcf45c33348b8fc5de2c34,15e5f8ff73004d14ab07ba941afd09484f300d0e4904cb5594b32d5cda70dcfb
ishika__ds3-000116,validation,425,ds3,4d50d42567eff140bac641a9e718069398a086c7072c7618a62d43a450cc685a,37dd968a3c064b28d9815751bf2857c940bf6365e5bdb045d3109599421d34cc
ishika__ds3-000117,validation,425,ds3,4d50d42567eff140bac641a9e718069398a086c7072c7618a62d43a450cc685a,dcf460462bfe3a9e5b2836688fa3d430d013df047313492b81ae0d31713cefaa
ishika__ds3-000118,validation,425,ds3,4d50d42567eff140bac641a9e718069398a086c7072c7618a62d43a450cc685a,f4be8080f9400d16385988492c3bcfa6513108f27ccd68a0a71aadd7af1918e6
ishika__ds3-000121,test,426,ds3,fe39cd376686d8ee88ade4ba6125ce0b65454a7d0b174956cc715e922f73501a,3d38b584f0d046acbc348b90c9c91306ef3ae832a1a8a07fad6055cbc19a2d1f
ishika__ds3-000124,test,426,ds3,fe39cd376686d8ee88ade4ba6125ce0b65454a7d0b174956cc715e922f73501a,2788de9d03ee4b108befbb06533ff6ab80373bea13d4756d7687e2fd32509317
ishika__ds3-000127,test,427,ds3,5bb0cff5cefe70e9deb041cb2f49eed70be3f7086360bfc32eff003487818470,c84c47cf310d94e778cbf56bda05d919b812d919be966e005d8d53af1f64357a
ishika__ds3-000128,test,427,ds3,5bb0cff5cefe70e9deb041cb2f49eed70be3f7086360bfc32eff003487818470,9c26cf7e140f7238dd062238f1a5afd712f927aedb603c579286e206760bbbde
ishika__ds3-000129,test,428,ds3,b1042a79852a1ee4e97fb78b7a4902ad49f76b2fa470152aac8c855a03b5e4af,d9aaa3b4619101164963716c1e24b0c4beac2e514e0297d6af8fa1177b3cbb9b
ishika__ds3-000131,test,428,ds3,b1042a79852a1ee4e97fb78b7a4902ad49f76b2fa470152aac8c855a03b5e4af,6c52c8efb10c4d9e16082620ba1506a8fb58d7dcf951ef25961587ba1eb88d38
ishika__ds3-000133,validation,429,ds3,718909aa773588497846d3fefc766b75060f3c676df76064280b48fdf34f8a43,98794729f3208c21c5c2363ca69382e564da5b2bbdff25c55a8f984d0e88e9a0
ishika__ds3-000134,validation,429,ds3,718909aa773588497846d3fefc766b75060f3c676df76064280b48fdf34f8a43,14eedef93ebc95e2255a126f53830b4347926d7d70468b2c9b47f8c4db415113
ishika__ds3-000136,validation,429,ds3,718909aa773588497846d3fefc766b75060f3c676df76064280b48fdf34f8a43,07fdd31ea68be84d39c068bd989bf124e6f0cb15c38f2284e7ccf301efd9f3bf
ishika__ds3-000137,validation,429,ds3,718909aa773588497846d3fefc766b75060f3c676df76064280b48fdf34f8a43,8dc4a15a252077b512b1814092b93127aa140725bc63b47e98fbc52e0793c7d4
ishika__ds3-000139,validation,430,ds3,110ab13fa7c531558de6dc05b790ee6db26aa0a41517513e3d0509f6f7227dce,888d80c255d8ae68c3fc460ba65ae8d2456e7fc617b6e71b35ed0c7d69c89ec1
ishika__ds3-000142,train,431,ds3,98f2e98c0c09e54f84d2f12fa1bac9cfc7690fa3a3142406cdba78e7f133af25,622bf4c9ab622ccddb898c58918006c93134e2737832128d5abfbd0cf355660a
ishika__ds3-000143,train,431,ds3,98f2e98c0c09e54f84d2f12fa1bac9cfc7690fa3a3142406cdba78e7f133af25,19b73772ade2bab95c7efe5e59f4aed522686358f77de7604e5465fdcd10219f
ishika__ds3-000145,train,431,ds3,98f2e98c0c09e54f84d2f12fa1bac9cfc7690fa3a3142406cdba78e7f133af25,e0b8bf4c5af8d5cad41ae30b806c42908aef5caa88355cfcdd572da9170dafe4
ishika__ds3-000147,validation,432,ds3,d738eaf77aff0b5be73ac95519cd62e2c6c54949457d6b2a08e622766b90a2cd,15ff833ae2ad7518a6512f5d93a15a0cb6b12e8f124bdd260b9be26c15f26d53
ishika__ds3-000148,validation,432,ds3,d738eaf77aff0b5be73ac95519cd62e2c6c54949457d6b2a08e622766b90a2cd,ae1bffc901bd5a71d52bb1a6e2d41c300c3d0a6280acfde742d862b841132951
ishika__ds3-000150,train,433,ds3,182b2b1963c8203aeaeb5de6a87c3b1e568f04439caf606a0362771235a9cae3,0ef938623ae0ad79786c255b1e50629026a50ab8263d57e13ec25a41baf965e4
ishika__ds3-000151,train,433,ds3,182b2b1963c8203aeaeb5de6a87c3b1e568f04439caf606a0362771235a9cae3,e0be0cb03c16c8ef7b99fe874cdb54d9c6c47a0d3747cef357f85f73f39c1a30
ishika__ds3-000152,train,433,ds3,182b2b1963c8203aeaeb5de6a87c3b1e568f04439caf606a0362771235a9cae3,9e12fde5768df80a6107f99d723b2f9892feadaf9fbde59e695970c7ebc80eb5
ishika__ds3-000154,train,434,ds3,f50d7bc799f13faff57ec0ffecef0eed74561f43e8a2a4080e793d22d00b86f2,1e43da829cfab9560aebc60e8af1375c7586e45309dc51c52c634642b44413f2
ishika__ds3-000157,train,434,ds3,f50d7bc799f13faff57ec0ffecef0eed74561f43e8a2a4080e793d22d00b86f2,e5f4b84aea53bbb3eef5d56709a146ac58ba02a9d4e44300fdf6b5e254079b7f
ishika__ds3-000158,validation,435,ds3,ce6093efbafd22a4dc9205d53a389e12eb34d43f9bc5b7b3c947ea1304ad820b,f5d40a8760590fdfa9fc07542741f2a2a67150ed1e4585e2bb9909a668a73743
ishika__ds3-000159,validation,435,ds3,ce6093efbafd22a4dc9205d53a389e12eb34d43f9bc5b7b3c947ea1304ad820b,0ba0fb424ce7e55eb2820c76d30a1dd3f21e18cd559a17949adef259c768db88
ishika__ds3-000163,validation,436,ds3,5e292117d1d15f34113dd668a53fe9f7694af1335351eb4fe4051a54a384adce,fb48ee5cac0222472384edeb0978e245be8d6ef1a104b79d7e7709e8e08a98f3
ishika__ds3-000165,validation,436,ds3,5e292117d1d15f34113dd668a53fe9f7694af1335351eb4fe4051a54a384adce,113dbb825b9ec3df7d38a3b9ddac47fe5980466cfc8b258afc404cc66f4fbd45
ishika__ds3-000166,train,437,ds3,4da9daafc72bdc3025d0cdeb386b7b48ecf1ae1f657e56e44824e30f64841425,55dd8e78f216982b05f6cec7b32b103e1141df715ef07911d89dffc24459c1a7
ishika__ds3-000168,train,437,ds3,4da9daafc72bdc3025d0cdeb386b7b48ecf1ae1f657e56e44824e30f64841425,b3bf11f66e621c92b88e7ef5ac0640e1d9bee064d2096de9f895003013e37c5d
ishika__ds3-000169,train,438,ds3,02fe517bb7321d30dd2d6435bdf168fe200a3c1fe8b215965e0bab60096ac482,747e9ed3c3e2f55e60326500078c8e6bd7c35bf177d87433c8d41b11ffadf017
ishika__ds3-000170,train,438,ds3,02fe517bb7321d30dd2d6435bdf168fe200a3c1fe8b215965e0bab60096ac482,7149427ae9c2e91761f0284b446a9303c8298a40e43ade3936b39d73dda32999
ishika__ds3-000171,train,438,ds3,02fe517bb7321d30dd2d6435bdf168fe200a3c1fe8b215965e0bab60096ac482,dda5a9b41b50f4f2651d498d3b21727a2e23518238425538ed486de0c2d45054
ishika__ds3-000172,train,438,ds3,02fe517bb7321d30dd2d6435bdf168fe200a3c1fe8b215965e0bab60096ac482,12fa815c2fd9bd4e9597cfee043b3c40f43d5fed2f1d43260e6066d16309ae59
ishika__ds3-000173,train,439,ds3,bebde45d6881beb83b5bfb58bee79307ed5c814f0c9feba1f5d74bd7ec93603c,f32b96e00eb36345507961dedf045ff39da30ad4c4eacbe2b45dfad16e02bd3f
ishika__ds3-000175,train,439,ds3,bebde45d6881beb83b5bfb58bee79307ed5c814f0c9feba1f5d74bd7ec93603c,f84825b1ab4d912e277dd3653fa947fd949b6f699d0b9095e6e99f97950962c4
ishika__ds3-000177,train,440,ds3,f248b2206afd866b59179af6166ca29e85ee016857e265240bc4615774e47f30,5cedbc64a5bd0a6db7090d671740062822daa1d9f1dfd48f9db77a57c95771e5
ishika__ds3-000178,train,440,ds3,f248b2206afd866b59179af6166ca29e85ee016857e265240bc4615774e47f30,a9eceede9fe098eb02e6d117acb0a08c9109fcc753a6c852b274aea8bd41ee1b
ishika__ds3-000179,train,440,ds3,f248b2206afd866b59179af6166ca29e85ee016857e265240bc4615774e47f30,7f9f8647fc5c127aab600522fd6e230d500a420fc3cc5bc8a3fed4267034650b
ishika__ds3-000180,train,440,ds3,f248b2206afd866b59179af6166ca29e85ee016857e265240bc4615774e47f30,849ce4fdd01268991dc01c0dc81d832f45268d4269bc973a93a0c632c6b6e9cf
ishika__ds3-000181,train,440,ds3,f248b2206afd866b59179af6166ca29e85ee016857e265240bc4615774e47f30,203f2b0afabc5108c00e7646521781d5283929b393e84477cd08367ce93434e3
ishika__ds3-000184,train,441,ds3,fa3983ed379df9009355883f1bd059501f4aa18c8bddb63c55f5e9e1c3daacd3,a146beaf1fb14d361d45a2115a84118a4a1d82aafd1e91555d8e1aaada26f355
ishika__ds3-000185,train,441,ds3,fa3983ed379df9009355883f1bd059501f4aa18c8bddb63c55f5e9e1c3daacd3,1d2094ab356ac91771e69d2f2a826b0dba942389c9e9864a1d6d4cd4fa4c0243
ishika__ds3-000186,train,441,ds3,fa3983ed379df9009355883f1bd059501f4aa18c8bddb63c55f5e9e1c3daacd3,e7b90c558310587793c6712c42e616a4be36d0d0a123c118024673f29df28726
ishika__ds3-000188,validation,442,ds3,d4d435319ebf66308b5ebaf34fe6439e618d26f93f63638c4a79a4478314347b,13bd2a7fba428b88118462772f083e184cf51f159212e764853bbbf7a3fc68fd
ishika__ds3-000189,validation,442,ds3,d4d435319ebf66308b5ebaf34fe6439e618d26f93f63638c4a79a4478314347b,37b3312e6838252d4230201bef303613c280408d140a04dc6ff434aaa5d57950
ishika__ds3-000191,train,443,ds3,c29d20ae8d535f6cc3a61df960837a4ab7e7e34e1a1af44b0fb6fd9b153f4918,40ed446b68b94b65865f10873e8d5a8de99329029ab45854484cc8f5696b0d4a
ishika__ds3-000193,train,443,ds3,c29d20ae8d535f6cc3a61df960837a4ab7e7e34e1a1af44b0fb6fd9b153f4918,352834ab94c354defb6668aacc2d4f7bf417f2d7c91f29d014dd890ace0aaa79
ishika__ds3-000195,validation,444,ds3,f7b8be17aab9e47affa817a796effdf4978ff470ad747bb04da0507db125d010,edbf6046af44849ffaca455f0cb1d832ae99282b50831c70f81cfa75a6de7fdd
ishika__ds3-000196,validation,444,ds3,f7b8be17aab9e47affa817a796effdf4978ff470ad747bb04da0507db125d010,b9c0b9b6eda6c06111513bae138043140e2a9f39f1344fe54f3ce736b061c08a
ishika__ds3-000198,test,445,ds3,494c16eb90eeaed377d41554a6d87c205ef0f15c91d0beb179b0ffc51790b55a,943755d6c6572732d22658746c6aaa3443ca52bc2db95b01f2c1c8a27a9a3f8d
ishika__ds3-000201,train,446,ds3,6d066ecf136a78a4ef0d9c5d0e607948a3cdc9ba99cf50b936ea683f05798f33,3929178b215aef6f1b42976839d45ba2ddee085d45f81167ffa4d8f8073a639f
ishika__ds3-000203,train,446,ds3,6d066ecf136a78a4ef0d9c5d0e607948a3cdc9ba99cf50b936ea683f05798f33,f53e45ef29f4fa1a25ac3319076dccf068eae0a240173b2f6bed019e8ea04d79
ishika__ds3-000205,train,447,ds3,700e1c5d2c105693ad207cf95e2079810478cc6ee8931e6df764fb68c42ba42a,5adc1d3806d45f41b16189732206b16d8e9ce846c6ad734c13fa27c472051d1a
ishika__ds3-000206,train,447,ds3,700e1c5d2c105693ad207cf95e2079810478cc6ee8931e6df764fb68c42ba42a,65a9c67d3b0aafabcdb4d3d26ddc5ee8aa6d4e2c602d177951d83d6baa77e66b
ishika__ds3-000207,train,447,ds3,700e1c5d2c105693ad207cf95e2079810478cc6ee8931e6df764fb68c42ba42a,fbcfb0336d463a48c33f26645463ea5516cd249435f541b25e14cb8459997182
ishika__ds3-000208,train,447,ds3,700e1c5d2c105693ad207cf95e2079810478cc6ee8931e6df764fb68c42ba42a,85c76cfe7ea58b5b49f2273e72b02b989e1e9ab16947c6769bf914d57c01566f
ishika__ds3-000209,validation,448,ds3,acae0365f0f099e2c51ed0a6158ed550b3d08eedd3b35bbb1ebd7f56b86619c6,53f6c8bca1813fb4daeaddd3065f7efb9e3b73b876f4b0daf3d710e82ee73d2b
ishika__ds3-000210,validation,448,ds3,acae0365f0f099e2c51ed0a6158ed550b3d08eedd3b35bbb1ebd7f56b86619c6,4115801413fdfa3c871bc919d4d7e532527bbe3e253c957d09cfddcd30bb5b46
ishika__ds3-000211,validation,448,ds3,acae0365f0f099e2c51ed0a6158ed550b3d08eedd3b35bbb1ebd7f56b86619c6,6e919a95713aeb688f218c716518b71b39479f7bbfc34a82cd72269832f5a063
ishika__ds3-000215,test,449,ds3,639e943350bf385d34060feac7622038eadbbcd03173ec2614b2d6afae9fbdb0,22d889b5053e6383e3d0fdda1821073aac95eccab0fac28f52ca44cc98bc1ea7
ishika__ds3-000216,test,449,ds3,639e943350bf385d34060feac7622038eadbbcd03173ec2614b2d6afae9fbdb0,71d3e3b77a8c1c147ff75ac0eff1e8d8b797477b8e32fbee2bbc28db402196e5
ishika__ds3-000218,train,450,ds3,6ceea5c95d944be156ea8cb50bc8ed24bbfeb5dfe0f756be2244520f2a068789,80db5a1ebc9b8790ba80da9d8d2a28171268060b2d7be8ca19bf17cfe149b16a
ishika__ds3-000219,train,450,ds3,6ceea5c95d944be156ea8cb50bc8ed24bbfeb5dfe0f756be2244520f2a068789,b2fa14106353c482b9015b69b67f5f8cb20060205431db57c122ef29c937c9cd
ishika__ds3-000220,validation,451,ds3,49b11db954d3fccd459f34aa91c2a83e15f8fab114aad5e5145a191a7b854914,325a9e32d78c78a0c04cdbb0cddd0bef0e8d3860707583c239aa972d19f12673
ishika__ds3-000221,validation,451,ds3,49b11db954d3fccd459f34aa91c2a83e15f8fab114aad5e5145a191a7b854914,718b23cde5881e5ebcf16d1e8c533cc2c77858544385bced85d8a89bf0301967
ishika__ds3-000222,validation,451,ds3,49b11db954d3fccd459f34aa91c2a83e15f8fab114aad5e5145a191a7b854914,e9bd3c4d8725824eeabb40725f40ba85b5e2ba0cabcfabd781562d8bb748c235
ishika__ds3-000224,validation,451,ds3,49b11db954d3fccd459f34aa91c2a83e15f8fab114aad5e5145a191a7b854914,79a4af2b9fe0221ccccde65d4b09eb819abb467780fff5a2e641d9c5f3ab29ac
ishika__ds3-000225,test,452,ds3,e7f8b4cd1e68c822fe6d675ae9aba03ef2f8752bb55005798a3ed63e5d793e6f,40eb655b98b439aa5c63b6142a10bae3198b49f38e04bd1c537f223fd2483174
ishika__ds3-000227,test,452,ds3,e7f8b4cd1e68c822fe6d675ae9aba03ef2f8752bb55005798a3ed63e5d793e6f,592d79c621e66f45bdd98da8208f5581f793066f3394cc7505ceb814f2080037
ishika__ds3-000228,test,452,ds3,e7f8b4cd1e68c822fe6d675ae9aba03ef2f8752bb55005798a3ed63e5d793e6f,74c44f270d9d6f6d6a6143f1424b5d02a7775d5860a7bf161afc5350631ede02
ishika__ds3-000229,validation,453,ds3,c7a1ad411186ce281bd382b02ead00a25a34450358b9a9962db1aff200b9b1be,d79763ee5be16928c29ae684ddab5a6c7cb01218d64434f6f9fca08bf748cdc9
ishika__ds3-000230,validation,453,ds3,c7a1ad411186ce281bd382b02ead00a25a34450358b9a9962db1aff200b9b1be,c2bbbd128d6b5071ad0033ceed220a962ef4459bbff6c07ae72d2a82072c4f48
ishika__ds3-000231,validation,453,ds3,c7a1ad411186ce281bd382b02ead00a25a34450358b9a9962db1aff200b9b1be,9fa21be528754ff0b3bf5cad265da4d01a5ea5028a89c49b6a7ab415271d03a9
ishika__ds3-000234,validation,454,ds3,902a6094db38fae816d5ba25450d34c0edc3957e80c03bcce3eae705026b4afd,f6413245d6afdc6bbaa6dae34b8061d7916067c56d2e04de3b2cad2b2e565ea0
ishika__ds3-000235,validation,454,ds3,902a6094db38fae816d5ba25450d34c0edc3957e80c03bcce3eae705026b4afd,2ce36a842e5ba71e98ccb5b0e50ef3061d31d50650cc8f4200bc19002983c5d2
ishika__ds3-000238,test,455,ds3,e420820a688e12177519d9d20232351a6af4aaeb240433492ebeee4ff6be5986,afa96d8ccae402c9819dfd234ae09cc7e8b0c4d3cacdfe098f8133ba7853dec8
ishika__ds3-000239,test,455,ds3,e420820a688e12177519d9d20232351a6af4aaeb240433492ebeee4ff6be5986,d34fec1882335496568e17d61a1f36f996102a7671c31f8e9797ed7b439b04cb
ishika__ds3-000240,test,455,ds3,e420820a688e12177519d9d20232351a6af4aaeb240433492ebeee4ff6be5986,930f1a65a8f98c9391df22d66adea121d1d332c64271932039e9bc0a0a5a2b07
ishika__ds3-000242,validation,456,ds3,ee1bd450110654f8aaeaf60a94e76645661cb63a75081fc1edd676aab07725d4,3455b9165df8b5d38b3504156305d770d787c8b1f094703f51780a674c7fbe09
ishika__ds3-000244,validation,456,ds3,ee1bd450110654f8aaeaf60a94e76645661cb63a75081fc1edd676aab07725d4,5ea28b3871ea8468d96780e0d59135bffe9dbf2c40bd45dcf88ffe200f1da1e6
ishika__ds3-000245,test,457,ds3,e4fda80a1ce287c8fda43c92ac46880ea746a837aa4b7a70b9d7debedc64dd13,0ba84fdd6e87238038b5325b6079863a962bd747345edce0dfa242a908f2f0e7
ishika__ds3-000247,test,457,ds3,e4fda80a1ce287c8fda43c92ac46880ea746a837aa4b7a70b9d7debedc64dd13,576cbd0d00bc9a4eb7c13dd81c8179d4d8e6be9a1acf3114aa35f63485d412d9
ishika__ds3-000248,test,458,ds3,9592851202b52a0d9bced0ee95445bf97d45b97fd11824baa9bbab9ec36bede1,50d82d90826fa35637fdfcc5d7e82be7d7f534c5da607d5e0e21c1fcf984212f
ishika__ds3-000249,test,458,ds3,9592851202b52a0d9bced0ee95445bf97d45b97fd11824baa9bbab9ec36bede1,18a9c51144cbc7b00f136371cc86f7b46d6f9bb8e19c6ea188c473404012a273
ishika__ds3-000250,test,458,ds3,9592851202b52a0d9bced0ee95445bf97d45b97fd11824baa9bbab9ec36bede1,8eadeffac09e90c1f0f4b1fe1b664bf2b5f0763713511c6e4673b1bc32a36548
ishika__ds3-000253,test,459,ds3,61ebccf65364caed65f2e8a7a926dec3cee5232f73ed6ec05ee3bfefddcde367,3907a9194cd9c59a60877c514e28001a171caa1f7ef4d1c3b934dff2880403ff
ishika__ds3-000257,test,460,ds3,d71807808a30295b2143f4c0e0f2bc31d34aafa927d4d80540ddd387c83b6161,837f7c60e62745e293ebecded47e2f12ee234c7102e03b609eab6ddf77b7df36
ishika__ds3-000259,validation,461,ds3,2c58babc327786382a6df969d949f38ca51bc396499ce8f27b67e79f5e140aa1,2a0cd5100d6d6f3c3618add55fd858bae731c93ac512836ad8586bc8deda427a
ishika__ds3-000264,train,462,ds3,1d6be11860878072aeef98ecdbacf03e9cbffbe6aaf0a30bbd31ae89c8bb588f,ce15799cdd0fc639b54ffc3fcf2644720110e64088359a071ddfbfcd949edd58
ishika__ds3-000265,train,462,ds3,1d6be11860878072aeef98ecdbacf03e9cbffbe6aaf0a30bbd31ae89c8bb588f,b7639f60b57f941da47cd340381893d6bea79cf295387bc189160c47a1e9b456
ishika__ds3-000266,train,462,ds3,1d6be11860878072aeef98ecdbacf03e9cbffbe6aaf0a30bbd31ae89c8bb588f,afecbda71308a8d19a7b0b9bd02b3f8c0a3e5ff36bdbfb4dd79d67bf39cb18ec
ishika__ds3-000270,train,463,ds3,9d6137b02a7855b9dd79e7c3872bd07c619535b70d812235c5dec13df749cbea,f049178aabe189383010922b4a7d4d846f4ab124abb8a9242fe5517fd0ef2192
ishika__ds3-000271,train,463,ds3,9d6137b02a7855b9dd79e7c3872bd07c619535b70d812235c5dec13df749cbea,0d2f3e37972fc7c9a65e198c0484604d8cdc71ec5524c36c706dccb56a9b7c4f
ishika__ds3-000275,validation,464,ds3,8eb3f1143ecbd3357e87e171ba9676f017737595506917ed63b65209cdd672f3,0d83ed4b42311c7c40142b906abaa9607d09d05b05c5d300009fac6fecfaec2c
ishika__ds3-000276,validation,465,ds3,01d470b0290666e82fa725d385a900d4f7ef4471afde6e4cad035e7c9d728ed6,e85c5f00bd4f40112f1193d0587e7376f4087f34403a75743598648fe9dc2cec
ishika__ds3-000277,validation,465,ds3,01d470b0290666e82fa725d385a900d4f7ef4471afde6e4cad035e7c9d728ed6,eede4688299e6cb7bb61558a0483b1fad596146752cc204fcca74b60c90fc1cf
ishika__ds3-000278,validation,465,ds3,01d470b0290666e82fa725d385a900d4f7ef4471afde6e4cad035e7c9d728ed6,7b2ae365366c74e308251eaee38a7b8653a4d4a7e377f9c58a6480997bb50c4f
ishika__ds3-000279,validation,465,ds3,01d470b0290666e82fa725d385a900d4f7ef4471afde6e4cad035e7c9d728ed6,aed6a31f74a6b0d44a71b2ad786a0c9732eb4145dc8246fabfd85df22c342b08
ishika__ds3-000280,validation,465,ds3,01d470b0290666e82fa725d385a900d4f7ef4471afde6e4cad035e7c9d728ed6,b6d44d5f6cfc816926f29b2616af40913398a054ec15fbf87b470a8078e93925
ishika__ds3-000281,validation,465,ds3,01d470b0290666e82fa725d385a900d4f7ef4471afde6e4cad035e7c9d728ed6,d97bd8fb49afb9b16afd37a19435e9ee03b8314d7e18590e66eb12216ac3cce1
ishika__ds3-000282,train,466,ds3,634d51be1da3f8a63618158488ec860d9540e4559fc6d8c02055478a642e2d26,0ca1e8784070914465a3be00a2c2a88a425892982a71f5b76a759537b8696456
ishika__ds3-000283,train,466,ds3,634d51be1da3f8a63618158488ec860d9540e4559fc6d8c02055478a642e2d26,13bb642748a36ddf5bf735b1bbde97ed0be6759f1911573b61a92e336cf8ac5b
ishika__ds3-000285,train,466,ds3,634d51be1da3f8a63618158488ec860d9540e4559fc6d8c02055478a642e2d26,be06d31346670005743928117be0e1d34c123b93666084bdab7fb86212ee54a1
ishika__ds3-000287,train,467,ds3,e776c7ce2f04a2f4f4eab12ee75a3741a2c6a6e5b621168ca960b0315565794d,3500392fd1ae9e735355067cc1697f36ca027b04f8992017ac502f1e36215952
ishika__ds3-000288,train,467,ds3,e776c7ce2f04a2f4f4eab12ee75a3741a2c6a6e5b621168ca960b0315565794d,3ed26a03ffe0632ac98c340c0d80ece88178dcf066e925cd4ed8694f0c21511a
ishika__ds3-000289,train,467,ds3,e776c7ce2f04a2f4f4eab12ee75a3741a2c6a6e5b621168ca960b0315565794d,b57f75c0c28d5a36f7739afce67a1c2e038532b047d58380d718a7412315cae9
ishika__ds3-000290,train,467,ds3,e776c7ce2f04a2f4f4eab12ee75a3741a2c6a6e5b621168ca960b0315565794d,6343449ef0df4d7148fe50eadc1c2026738c9ab040876ab91a27ad5878a0e93d
ishika__ds3-000291,validation,468,ds3,a85795cfd76a230d6825168f615640ef889b47794fe4a38c5e6d9d3c1d08059c,b596428d2c9d57e23a4efebb1d604d1990afd97b205864b77e40a5be7d9ccbaa
ishika__ds3-000292,validation,468,ds3,a85795cfd76a230d6825168f615640ef889b47794fe4a38c5e6d9d3c1d08059c,b20bd462c1397d32b86422cfa805830f8f0a1d09be7665391649f19c7140da52
ishika__ds3-000293,validation,468,ds3,a85795cfd76a230d6825168f615640ef889b47794fe4a38c5e6d9d3c1d08059c,c4af277eda0e7c59610d6dac5ead7b7eeffad64defec89d9c948ce76b5f785e8
ishika__ds3-000294,validation,469,ds3,07ad41cf1d9cea0246bc8822a50e69cab9939a5874574ea9f5b3d915961ab846,69d66165a2e41cb049b82604ee67fa041064bba62f33c7fbdfbecbbde43ab5b3
ishika__ds3-000295,validation,469,ds3,07ad41cf1d9cea0246bc8822a50e69cab9939a5874574ea9f5b3d915961ab846,858793ab1002bdb835f801b30525be4adb516331b055460d6eefbcb1932078ff
ishika__ds3-000297,validation,469,ds3,07ad41cf1d9cea0246bc8822a50e69cab9939a5874574ea9f5b3d915961ab846,d9b2e9d48b42b95d5dfa5303c38810dbf18aa15f35eada1515704ad2658f5361
ishika__ds3-000301,test,470,ds3,6fbd0338914a18e14b7b73128cdbcff715f2813b68cde2512e9b4401cf6ac866,804dc0a95d557413591a895b73a2f036e4c963aae3c0dd3ac0a7f87fe81d5622
ishika__ds3-000303,test,471,ds3,5237241f62e6aee76d082a8f1eb82b5f7c6571da94b4cd82e78a0382ef45e0cf,8fff53f85068dd9b56690b5b1a1f60fde891e1171016e0c140aebb049eeb89a5
ishika__ds3-000304,test,471,ds3,5237241f62e6aee76d082a8f1eb82b5f7c6571da94b4cd82e78a0382ef45e0cf,54764ea0f57a11ae29c6d85946db38dc3a530ab4e95b84d227b17f53ba0b5fda
ishika__ds3-000305,test,471,ds3,5237241f62e6aee76d082a8f1eb82b5f7c6571da94b4cd82e78a0382ef45e0cf,a08d09d82275cb72709dcea3535325b38c225cc9bee143ef540166873df487a7
ishika__ds3-000307,test,471,ds3,5237241f62e6aee76d082a8f1eb82b5f7c6571da94b4cd82e78a0382ef45e0cf,4e066d57042dd2e39364445dbeb61b52d6e9052020213603b223625e256e94cb
ishika__ds3-000308,train,472,ds3,4d53a0373666e4d42874ea0993c3fa38fbe80b94ccfb494f7c12244c4182d1cd,ab58f1281af8adffa0c0b524395150e322bbaa843c74cacd3754295e1109f9c3
ishika__ds3-000309,train,472,ds3,4d53a0373666e4d42874ea0993c3fa38fbe80b94ccfb494f7c12244c4182d1cd,dccaa6f2cb4f644b9c4583240fb47962da63be5435055f642c868bbc11ab9126
ishika__ds3-000310,validation,473,ds3,8b9257799015e8fc1b3ac2d6cacf9916e54b4ce8366c7a09a5918fc596795089,db055eb725ab54a897a115d8d3957b3d9d05c2d95ed0845894e7a6a328989ff4
ishika__ds3-000312,validation,473,ds3,8b9257799015e8fc1b3ac2d6cacf9916e54b4ce8366c7a09a5918fc596795089,bfce64c09874c9c60b0bd621b2699644ffa0fe23f90517f5691233aa657df002
ishika__ds3-000315,validation,474,ds3,b69b529e59a66b1e7bc3441005ac696c789d916028ab3e890173424add638ec8,204622ab70a4d722a94b0f70e3315c3f3401ad0c9ab965d1a1f32cfc94de9972
ishika__ds3-000316,validation,474,ds3,b69b529e59a66b1e7bc3441005ac696c789d916028ab3e890173424add638ec8,cae323ad9def84ff0bbd55e8b3c9e122f68f82bae78312710a8b7912cac309ff
ishika__ds3-000320,test,475,ds3,2fb0353cfdb9533df83ba72bbb24907b7be5bbca90227d1a07675e6136d5b1a8,1e4bfce925a16d290a14a1b0162d0ef091f5912295936362d8f7909b638e91ee
ishika__ds3-000321,test,475,ds3,2fb0353cfdb9533df83ba72bbb24907b7be5bbca90227d1a07675e6136d5b1a8,90d97757fcd2042c7c67203f4a573bafe691b2af7208e2263d994e4ee6dbb2d9
ishika__ds3-000322,train,476,ds3,a1b4e84195069adc8780cfe26cdf522326cc9080325b885666ed2a3db3cc7d6f,d0665d2ed30270806baf06a7b4122c4029fd6d975212eb6f703677f5d3243b20
ishika__ds3-000324,train,476,ds3,a1b4e84195069adc8780cfe26cdf522326cc9080325b885666ed2a3db3cc7d6f,507a28e774b415a713db357a279cb2d93f4bdf31a9f6e7fee60d88cf511ec9ee
ishika__ds3-000325,train,476,ds3,a1b4e84195069adc8780cfe26cdf522326cc9080325b885666ed2a3db3cc7d6f,c00159379ec92614fcb799d63b3c5c2643331887dbd674907c7c366b2eadcd55
ishika__ds3-000326,train,477,ds3,219ca8cbfb43356bbfcf0e2be6fcffc120aafd165c6d30217b70ad72a5c60920,48b19f87518d97ff22a0413066a3bfd702ee73e27b6be18198a2c02626d138e4
ishika__ds3-000327,train,477,ds3,219ca8cbfb43356bbfcf0e2be6fcffc120aafd165c6d30217b70ad72a5c60920,f89fb728c53295c19ad3d58f6b37eeb39e28bc0907de79ec8fac4002501ec1bd
ishika__ds3-000331,validation,478,ds3,74a8db48e63cf991788e7f7c9a4312497ebf1193314eaa07c7d225e717d1c597,17767d310c8e669bcb03555bb1f114b3145cda262ad1c59bb081ca5574a94971
ishika__ds3-000332,validation,478,ds3,74a8db48e63cf991788e7f7c9a4312497ebf1193314eaa07c7d225e717d1c597,489a14775a73b8b13daa599eb87d41a77f6dd579ff94279cfdfaa3160c2afece
ishika__ds3-000334,validation,478,ds3,74a8db48e63cf991788e7f7c9a4312497ebf1193314eaa07c7d225e717d1c597,89908828cec67e0c5915fbda612d9cc1a71feda8abf1107bd5ea716318c075a1
ishika__ds3-000335,validation,479,ds3,9adec63f8daa0b2fd1f71dc46e37cce86773db25126c5e71c5094715da38e337,7d6fe9b6ce44f4ab42b8445c4e3eb716400e48057544d5a95ffe21520f54408b
ishika__ds3-000336,validation,479,ds3,9adec63f8daa0b2fd1f71dc46e37cce86773db25126c5e71c5094715da38e337,cbec3dccb00d6d9b52a7fb2d498afc154c8ced5d9b70bb88448ab4cdb8923a67
ishika__ds3-000337,validation,479,ds3,9adec63f8daa0b2fd1f71dc46e37cce86773db25126c5e71c5094715da38e337,ffe1ab72d1ec3551857620ef05584a2f3c2237d45c2b549dfd38d1e2bc172a66
ishika__ds3-000338,validation,479,ds3,9adec63f8daa0b2fd1f71dc46e37cce86773db25126c5e71c5094715da38e337,69bbd6d4c31cf01760365540ad59480146e10b004e9372d0a02e5849a2a1e7d8
ishika__ds3-000340,train,480,ds3,c41b6191b139fa957adb7d0a5f29fbd17ff55347c03a52f22ecf1f498798431b,9fdf012c4f594916f22c8d2a904d1d2170ebd73ee0a13a59fb7ad988e8b8d724
ishika__ds3-000341,train,480,ds3,c41b6191b139fa957adb7d0a5f29fbd17ff55347c03a52f22ecf1f498798431b,6fd64facb7c7d9eaa9527cbf41c64c19009ff3dce2a3ac8ab5543dc814113317
ishika__ds3-000343,train,481,ds3,2c9cdee111096493972c0ad030b58c1f484791d8fbf7a2ad4bc94d4710007a75,609b3e65c88a9a9b2551c915324aaf7ecd44e2a68e77bb404fabc83cfba93771
ishika__ds3-000345,train,481,ds3,2c9cdee111096493972c0ad030b58c1f484791d8fbf7a2ad4bc94d4710007a75,e86917a59fed357a25d303c68c68d27a037f22cfdf90c3ac3bcaf1195942d33c
ishika__ds3-000347,validation,482,ds3,f8c75b5ec50a573b61eb326314e25cc3b67eb65c4ac00cec416d0a170b1078ed,16782b03604fb5d4bb5b854371011604316ddf0200e2184523dfe73b5cb2a9d2
ishika__ds3-000348,validation,482,ds3,f8c75b5ec50a573b61eb326314e25cc3b67eb65c4ac00cec416d0a170b1078ed,97e4b654423e73d546d4fd22aef6c2d60f7ba6c3d1b9f5e7ebda793a067d1924
ishika__ds3-000349,validation,482,ds3,f8c75b5ec50a573b61eb326314e25cc3b67eb65c4ac00cec416d0a170b1078ed,35f7ebb192fa640134d3c7d3e04ff42476f9f22373931de33a99ee391863272c
ishika__ds3-000352,validation,483,ds3,a409d504759543c143df2ebe43792f5f7adfa9fa75bc37c03d6c7e7312925ba6,f49e7d8e8d28da1dcd20003c07de2d8cc130ec214c7033f2d5598ebf8778c8be
ishika__ds3-000353,train,484,ds3,d894a9c1ea3fefbb49fe29ae2e9e567ba6c0492181059e21e5837a0d40c5f7af,bf9db83dcf44045c82c0d75ca60a2a80aeb10dc404b41bcf285037406e586e15
ishika__ds3-000354,train,484,ds3,d894a9c1ea3fefbb49fe29ae2e9e567ba6c0492181059e21e5837a0d40c5f7af,80b8d977f485619728acb15266bc4e7d5ca2018d631a0729cd11a7a7f78dbe15
ishika__ds3-000356,train,484,ds3,d894a9c1ea3fefbb49fe29ae2e9e567ba6c0492181059e21e5837a0d40c5f7af,51bd873fd93a4f046c1826ed4b1d023300d7e7cfab8717cd440b04ddc654915a
ishika__ds3-000357,validation,485,ds3,12ebe5303290ec6792f338957d58e86153a30b277fcea5490148fe12fde7043c,485fbbf9d62bbd8103d2a3b8bd8b56f2a969fbaab186cb8ff297832af10b7e39
ishika__ds3-000358,validation,485,ds3,12ebe5303290ec6792f338957d58e86153a30b277fcea5490148fe12fde7043c,41772acd078baa3c5a96705710f7b3cbe853ed17ecf2805d79654dcdac3ca059
ishika__ds3-000359,validation,485,ds3,12ebe5303290ec6792f338957d58e86153a30b277fcea5490148fe12fde7043c,1458a8fa30e92690b494fa27f15ed82199d947c098d8ba7dbbae2aa6d3b0012c
ishika__ds3-000360,validation,485,ds3,12ebe5303290ec6792f338957d58e86153a30b277fcea5490148fe12fde7043c,1360a7a28a405cce0c3f3ebea5166613272c5bfefcbaa227e3ea6a60a0e2f4be
ishika__ds3-000361,train,486,ds3,ec5635cf95013d0059bfcd86a386b012c76b5f14e784423c8ea7154b3fe83acc,499de691edbeba56f521073190790deca34b2d5dd5ec2e9a863fedf109fc1a7a
ishika__ds3-000363,train,486,ds3,ec5635cf95013d0059bfcd86a386b012c76b5f14e784423c8ea7154b3fe83acc,6701ddd8f704dcd1017e3817291a523d146d47501cf5e70e8740267954a2dd53
ishika__ds3-000364,train,486,ds3,ec5635cf95013d0059bfcd86a386b012c76b5f14e784423c8ea7154b3fe83acc,2025191288334167eed8c76897904aac1719edcb767558f59eb14afff169b5ee
ishika__ds3-000366,test,487,ds3,f67e344f32f9390443ff8a68fd4e05e5a956571644819731845cb4aeb85ebee0,d301f224ad4064873915a7aebb0d09421a8a5883a481bfb87f00f4ce8fca4645
ishika__ds3-000368,test,487,ds3,f67e344f32f9390443ff8a68fd4e05e5a956571644819731845cb4aeb85ebee0,42068dad4b9581f4cea082182a4eb528262219e5ccad039a9d6294346f853f41
ishika__ds3-000369,test,487,ds3,f67e344f32f9390443ff8a68fd4e05e5a956571644819731845cb4aeb85ebee0,655a6d965b574c27486abcdab76c8f6a59bb98b3149b906ffeee899be4c8b165
ishika__ds3-000372,validation,488,ds3,0c106903e64e0cf21349ed5c710664bffbd9d1fb12c8985c7fdf1e5a48a9e33c,88ecfe59d5fbc70b09186c3e16c471a44348364b79de294a50ac0ef5aa4600b5
ishika__ds3-000373,validation,488,ds3,0c106903e64e0cf21349ed5c710664bffbd9d1fb12c8985c7fdf1e5a48a9e33c,41f0f1e530d0db8d50777fd2f3cdc9d6e6c7daec9ce116b8b9af327602d3a2e9
ishika__ds3-000374,validation,488,ds3,0c106903e64e0cf21349ed5c710664bffbd9d1fb12c8985c7fdf1e5a48a9e33c,840381c54b9087fd96ac4b9061d5728799c5695f5cf3ff28cce0e57081a34bdc
ishika__ds3-000375,validation,488,ds3,0c106903e64e0cf21349ed5c710664bffbd9d1fb12c8985c7fdf1e5a48a9e33c,e4e52a1a143d4c2252aaa6364977ede8c02aae4fd15e02ace6cf6475e6c3a0a5
ishika__ds3-000376,test,489,ds3,9950c26e799940ffa8293c12168b36c9a0a069b8b50ce6f476e6787669a3db94,2d5010bf7808113809a43fc00c4ba159f103a0d379ff014272d73c5e6d3ceb76
ishika__ds3-000378,test,489,ds3,9950c26e799940ffa8293c12168b36c9a0a069b8b50ce6f476e6787669a3db94,d150e42aef2b3847c297a1de145f0c670e8d73de1c47f6d13cfb5d2f7e926dea
ishika__ds3-000379,test,489,ds3,9950c26e799940ffa8293c12168b36c9a0a069b8b50ce6f476e6787669a3db94,9384dae5bbcf17fa92941ce1de29cf93a8ba654cc64b077e8ac9311d0ff0bf5e
ishika__ds3-000381,validation,490,ds3,f096ff0a105db1250ed5b46e9ef04aca488c8bdd995a1e7a4aeaa8a53541aa10,d67fc013b3ead30819334db11194f7d567affd7df881cfd5da71e7986fe75c22
ishika__ds3-000383,validation,490,ds3,f096ff0a105db1250ed5b46e9ef04aca488c8bdd995a1e7a4aeaa8a53541aa10,0d60ee831616c1a054356830425a20743503b9baf85557ce72a55913e212f05f
ishika__ds3-000384,validation,491,ds3,d12afefadfd1129fa03e4ccdc5b95a01c45cc43b07409fa5be259fa9e25c7a0e,70f6857b5e89011bfd7d83b2347e17e895637f77c42822724d94fbdfc61aa0b6
ishika__ds3-000385,validation,491,ds3,d12afefadfd1129fa03e4ccdc5b95a01c45cc43b07409fa5be259fa9e25c7a0e,4972fa0f969a460bf98b5431ecc62fb21893e9ceb3c237b9ecfa8a1960a91a1a
ishika__ds3-000386,validation,491,ds3,d12afefadfd1129fa03e4ccdc5b95a01c45cc43b07409fa5be259fa9e25c7a0e,353891e6fc591d3af52b1a0135b7f00d0bd6ecc8f25ce2b3f10931611d0557a0
ishika__ds3-000389,train,492,ds3,cddefef6e11fff4d37a80c0b63f0b4be0088cafc80d337eefcf5cc57c0b33ff6,fd22d9b632b13f2f9fa58e2dc20bf24bf4097a5b01220b98585c3238b95e5a10
ishika__ds3-000391,train,492,ds3,cddefef6e11fff4d37a80c0b63f0b4be0088cafc80d337eefcf5cc57c0b33ff6,3122c6f4ec2b417e022bcf45c32b9856aee9038f0c0c0834437e0cda632a987f
ishika__ds3-000393,train,493,ds3,b73f7b56b161cea98bc3804022bad2a15fd3a1bd7b3535dad63cf60a6285a9a5,e56fa0565717178aa6270ef078c114fe50d9844cc73f659671223ac065ed2c16
ishika__ds3-000395,train,493,ds3,b73f7b56b161cea98bc3804022bad2a15fd3a1bd7b3535dad63cf60a6285a9a5,065c358ee6da3271072189f11ef8cff5096a389b6f4abfd507e8dd37ba0c252f
ishika__ds3-000396,train,493,ds3,b73f7b56b161cea98bc3804022bad2a15fd3a1bd7b3535dad63cf60a6285a9a5,56aa13bbef53dc7a36e2acf87518bae3e3e3c9939d80caa4858721b7c4cd2450
ishika__ds3-000397,train,494,ds3,053d05ff4cf6443e3764bea383b7a600633aed7c33e249eb43fd7266c8d13a06,e9a595994dabadefbf455c9794eaf245717a4295e8b1448bfb40943f50429fb7
ishika__ds3-000399,train,494,ds3,053d05ff4cf6443e3764bea383b7a600633aed7c33e249eb43fd7266c8d13a06,ed4698967f2857f92c83ec3f4a20076625dbe91ece73aee896029fa7c3f2a58a
ishika__ds3-000400,train,494,ds3,053d05ff4cf6443e3764bea383b7a600633aed7c33e249eb43fd7266c8d13a06,f444675289e3dba768afa541ec068b638a1a2d1906b2f91d223cc970a4967924
ishika__ds3-000406,test,495,ds3,e7b974c59136b6da1f22230971cec003979427c182de715d8b10ccf0a4d24071,ba2e8f95c3be65b4fdb6f793c96ce110d1861706ba714ad492ca963c59998e7c
ishika__ds3-000408,test,495,ds3,e7b974c59136b6da1f22230971cec003979427c182de715d8b10ccf0a4d24071,29b810e52c6d97407c42b64409bb9206ec0fb435de8ca8fd1f6298c19c0cb6c6
ishika__ds3-000410,train,496,ds3,c25ddc11527219b9a2ae9db3dd76d42f0a99fd7ca7f0d755bc8164995edfb49f,b559c27b2e17ac43aa5527b35324ba644319c36e6f09b3630ec600988e418ed0
ishika__ds3-000412,train,496,ds3,c25ddc11527219b9a2ae9db3dd76d42f0a99fd7ca7f0d755bc8164995edfb49f,71b6bb65d58d0ad17424fd5ef347bd4e3b841f5c902f51f8dc9499e40f0e023a
ishika__ds3-000419,train,497,ds3,9c4f4dd98d7ed93d0ca4d0e9374dbf004768785a9714b525ee30e8c71d0846ef,4050ac8c6c135d79b33661876b4669197878eddda04efb15fab14d8d9ecd3ad1
ishika__ds3-000426,test,498,ds3,d9225e7f73c1f25c3a2faee58a1de06d092ccf0966741241d6f5a784115d0225,68d0d9be2394b95838bc4d42cfff8d43fb0ebfaea57c666b7c1bf248bebec0d0
ishika__ds3-000427,test,498,ds3,d9225e7f73c1f25c3a2faee58a1de06d092ccf0966741241d6f5a784115d0225,0eee0cf0a5ce6855042d7ce0cf0cd0c082ce2baf0b74090e584cf2ebab89e794
ishika__ds3-000432,validation,499,ds3,b9a3219b859a4be8667c3f15411741d52a32ec1d74924f5bf5630144510e7749,eba9a3475ffa469ffb9cca0a7fc6271a59bcd78724c43c014084d7c56ffb7c35
ishika__ds3-000435,validation,500,ds3,17b20b2ef4f0de453f888d698bb14863a4a8b9b049463ac9b935782554da385b,834fd3c2642596e8174a04ff6cb4f43ad3296077282a6274a2e8950cf02af7c1
ishika__ds3-000437,validation,500,ds3,17b20b2ef4f0de453f888d698bb14863a4a8b9b049463ac9b935782554da385b,8f1a0ecb271616941900a7f98b0a03541ff03fef13c60d024815a33fe63e872e
ishika__ds3-000442,test,501,ds3,18a0de0446e9cc4016037424dc3b9a9eb310f3c1073b2b8589d40bbc83b06e6d,f0457265f9193f0b0bcbc179e7c85b48bc5b0875000eddc8b69f1795661f6a7f
ishika__ds3-000443,test,501,ds3,18a0de0446e9cc4016037424dc3b9a9eb310f3c1073b2b8589d40bbc83b06e6d,657abbda5871effdfbaeba14205cdfb91c3f608f681bbd31ed669d3b7d61921f
ishika__ds3-000445,validation,502,ds3,3853e2afa70fbb8997355a4e7fa1271caa93cd28c31efa163cc3e0e654e3ea1b,712af6306489bb9f8a25f4344a68c3bd623068b9c6794b292202b9c8a7a9cf6a
ishika__ds3-000451,train,410,ds3,115049a298532be2f181edb03f766770c0db84c22aff39003fec340deaec7545,c1525edd29688b64d91618a0db3e051268060a23dd159b37788dbe45a7c3c33c
ishika__ds3-000452,validation,503,ds3,7413ff28d4f0abedec27e4c629a6201fab40478c2aa2e446487174505e1d933b,f002d45040f8b9f8a2e66f5a85c4b71eceda0f13f83de221d5f83904d0fc9072
ishika__ds3-000455,validation,413,ds3,ef51404791af487636f8a71bee6329015cebb37bc72fe553a93e4e4a3ffe1d0e,4e91333ccc894b185ea5a8c70388b402904fe07e490ce42ce0bd97999485faf7
ishika__ds3-000458,validation,417,ds3,ab0bf5a79d0bdaa0b0810ba1eb99c5c61dad252a12e743d1d0635cbfa90cf1ad,b748b036e5651c4c2439d8bc03eec52acffabc4fde158562bb0e8f3c502caaf9
ishika__ds3-000460,validation,419,ds3,f5ef4d2821cb51792e23c0b4f71ca76f5256225f83468eefc1a1f9becd33572b,011659e9b8dc615e20a5e706d0d8cda706a93157cbdf2d04de38727a3b0cc046
ishika__ds3-000462,train,421,ds3,c652d192563cac387c25f8ed638646342aaed610d1d18ec6f9c2f7b10d7fe6ee,6a09c62a8ed987e2acba129da14f81859472b391cf0ecf99145ab9ba3a2e0e2c
ishika__ds3-000465,validation,430,ds3,110ab13fa7c531558de6dc05b790ee6db26aa0a41517513e3d0509f6f7227dce,a00c6236991ffd538995e800c4753b487dbb94152e85d72f41128aabacb73ede
ishika__ds3-000475,train,447,ds3,700e1c5d2c105693ad207cf95e2079810478cc6ee8931e6df764fb68c42ba42a,a9bbb41ff8ab4075aef9f2ace657240fd22e0f23be4e4627246fd7e079d2e4df
ishika__ds3-000479,validation,453,ds3,c7a1ad411186ce281bd382b02ead00a25a34450358b9a9962db1aff200b9b1be,818695d9c5e81fa527abd9229184ad00b06eba738160f1690a1c5eaf84339de6
ishika__ds3-000482,test,457,ds3,e4fda80a1ce287c8fda43c92ac46880ea746a837aa4b7a70b9d7debedc64dd13,f47d841fa4ecb87e4101bf9f8eb533b87e8fee24c6dd9618f88981402d6262f4
ishika__ds3-000483,test,460,ds3,d71807808a30295b2143f4c0e0f2bc31d34aafa927d4d80540ddd387c83b6161,cac6baf1fd857355db07192c282f88b48a818d278f47965aa4d0c1a513f9b112
ishika__ds3-000484,validation,461,ds3,2c58babc327786382a6df969d949f38ca51bc396499ce8f27b67e79f5e140aa1,516921328d1f0407a93473f217c2194abd8b2cc9dd5774239530104306785665
ishika__ds3-000487,validation,464,ds3,8eb3f1143ecbd3357e87e171ba9676f017737595506917ed63b65209cdd672f3,d6dbbf29e3048322d427b6c684e1a8d9d230223d81f1ac174d6ebefac575bda7
ishika__ds3-000488,train,466,ds3,634d51be1da3f8a63618158488ec860d9540e4559fc6d8c02055478a642e2d26,ed41665283136dd93e3c50a8912b056f8315098df7e334f29f4135d42b779d3d
ishika__ds3-000490,test,470,ds3,6fbd0338914a18e14b7b73128cdbcff715f2813b68cde2512e9b4401cf6ac866,810bd4fee2ce7fa6d1dcf64da42f52098de9dad1c39a3803d27fb7bddf0aa408
ishika__ds3-000492,train,472,ds3,4d53a0373666e4d42874ea0993c3fa38fbe80b94ccfb494f7c12244c4182d1cd,95b729617dc1a679f56c52c491e1f7d54b1cc29f0001657058c5e27ae912f38d
ishika__ds3-000494,train,476,ds3,a1b4e84195069adc8780cfe26cdf522326cc9080325b885666ed2a3db3cc7d6f,2384bbc9185c77b0256cff1053ca760af74538b54ff5529a02d071219526dab1
ishika__ds3-000495,train,477,ds3,219ca8cbfb43356bbfcf0e2be6fcffc120aafd165c6d30217b70ad72a5c60920,f101e653eba5a69a3e46a6b298f15de0c3002dafed2b6acb7a4c2a3091a58645
ishika__ds3-000496,validation,478,ds3,74a8db48e63cf991788e7f7c9a4312497ebf1193314eaa07c7d225e717d1c597,d136e231fbcbdcbc5a440e2bcce2ad025dffcea156f199068fb1dbf53c7f4d56
ishika__ds3-000497,validation,479,ds3,9adec63f8daa0b2fd1f71dc46e37cce86773db25126c5e71c5094715da38e337,5c5dfdff31b201b8325408acf991c5f23770a6ee9af4d89578de356138b98911
ishika__ds3-000498,train,480,ds3,c41b6191b139fa957adb7d0a5f29fbd17ff55347c03a52f22ecf1f498798431b,f86e6f62d49e64cf1375b1bd6da07cd9cf5ad79c787f2c8dacefb42343506ede
ishika__ds3-000499,train,481,ds3,2c9cdee111096493972c0ad030b58c1f484791d8fbf7a2ad4bc94d4710007a75,f0536a6af1925f396c9e4292e6354a16faa369dd83c75cba7f93cd298ae6cf12
ishika__ds3-000500,validation,482,ds3,f8c75b5ec50a573b61eb326314e25cc3b67eb65c4ac00cec416d0a170b1078ed,7220ce53d1b7dc83d265f0e01197b69c606ab741452b93abb51a7f40e07bc26a
ishika__ds3-000501,validation,483,ds3,a409d504759543c143df2ebe43792f5f7adfa9fa75bc37c03d6c7e7312925ba6,d5c87b5aa69163cb61f43ca64fcee8800f15ebbf3317d3cf53822ab6ae1e0a10
ishika__ds3-000503,test,487,ds3,f67e344f32f9390443ff8a68fd4e05e5a956571644819731845cb4aeb85ebee0,df98af12478bc8ca414506ef5b6d7c9f92f8b8e7a5cc88d87fd518c5efa2f932
ishika__ds3-000504,validation,488,ds3,0c106903e64e0cf21349ed5c710664bffbd9d1fb12c8985c7fdf1e5a48a9e33c,7f7760f9ca878421cadc5555de6ca6b3f534b7dfe1b85b8bc1505d13e65f4e56
ishika__ds3-000505,test,489,ds3,9950c26e799940ffa8293c12168b36c9a0a069b8b50ce6f476e6787669a3db94,347b2bd546707a48431db8e59a30d9cb78833618f242d656bc82f017e9e1657d
ishika__ds3-000506,validation,490,ds3,f096ff0a105db1250ed5b46e9ef04aca488c8bdd995a1e7a4aeaa8a53541aa10,ce6d038e6ad15c48b5928972445244f123fc7511a911f10e36589c82ddc47261
ishika__ds3-000508,train,494,ds3,053d05ff4cf6443e3764bea383b7a600633aed7c33e249eb43fd7266c8d13a06,523acaa1450af8757889dd93099aea3e0e4937e6bd3d479609918d3dfed17948
ishika__ds3-000512,train,497,ds3,9c4f4dd98d7ed93d0ca4d0e9374dbf004768785a9714b525ee30e8c71d0846ef,555eaeddc762087f3fd0fb490bcbaf0d2b8333452b91d99136aa8e8fd02dd436
ishika__ds3-000514,validation,499,ds3,b9a3219b859a4be8667c3f15411741d52a32ec1d74924f5bf5630144510e7749,1c05679ae94f3e0378f2c92a7c47daf55b3b61ac0aae8f990b37f16ad335382b
ishika__ds3-000517,validation,407,ds3,b9ec9733bf186f3864fc441c9da33ab6330d9de281fd6d405a7aeef5c145dd1f,e5a7a60d30b4bd48b3d4c0ceb4d3848749a34ee6ff41fd424f247ec01dd8aea6
ishika__ds3-000519,train,410,ds3,115049a298532be2f181edb03f766770c0db84c22aff39003fec340deaec7545,86b8901e982a8f6f40f134e7f0c0ae0f2c646ab602b00839cf8d0ada6450d70d
ishika__ds3-000520,validation,503,ds3,7413ff28d4f0abedec27e4c629a6201fab40478c2aa2e446487174505e1d933b,d18e238fab362e0912789cb32942f008c47290ff8f607f1eba6fa4644dca80da
ishika__ds3-000525,validation,413,ds3,ef51404791af487636f8a71bee6329015cebb37bc72fe553a93e4e4a3ffe1d0e,9c9b6ae10b5f826d9d1bc9a111e9c394e04c3a451a3615872b00787f5d1c8a15
ishika__ds3-000526,validation,414,ds3,fb07103d96308e28241933185349428e6e91156c96d7de332a1fea0533cb6257,091ffdf546e514ad51298c36c453689a79f645e0eae67e5e4f64a350adcf984d
ishika__ds3-000530,validation,417,ds3,ab0bf5a79d0bdaa0b0810ba1eb99c5c61dad252a12e743d1d0635cbfa90cf1ad,94c8ca66250495d247c5f54722fb2ae89e08125eac02ca517ee6f46827bb300d
ishika__ds3-000536,test,420,ds3,d4ee3bcacb685e644ec6346c045b23ba3fa7cbc14ab67b2911800d2856506897,6a9c0045c1fa9c7359f9e98ff4e20ff419791fd0a8300cfe205092351bdd5856
ishika__ds3-000547,validation,429,ds3,718909aa773588497846d3fefc766b75060f3c676df76064280b48fdf34f8a43,600eddefa873bb55a08560fe912f1da961eb2c0815a513a5d0768b59a0d090a4
ishika__ds3-000553,train,433,ds3,182b2b1963c8203aeaeb5de6a87c3b1e568f04439caf606a0362771235a9cae3,c66e0e5e1de61fde33697f2ffb5e273f0d916cc759612038ecc8d88fb4553d05
ishika__ds3-000557,validation,436,ds3,5e292117d1d15f34113dd668a53fe9f7694af1335351eb4fe4051a54a384adce,804967738758ad11d28cb3d861b29184f30a15abb9735c6ba2fca588d01de162
ishika__ds3-000558,train,437,ds3,4da9daafc72bdc3025d0cdeb386b7b48ecf1ae1f657e56e44824e30f64841425,ba09eb7ba253534061c3cd01c9fe6519aaeed7b92df5344b244674c7d2daefc9
ishika__ds3-000561,train,438,ds3,02fe517bb7321d30dd2d6435bdf168fe200a3c1fe8b215965e0bab60096ac482,11c368d925324a4b179898bc2e8cbb6053f93f61ca5b8ab285c7e28105ccc523
ishika__ds3-000562,train,439,ds3,bebde45d6881beb83b5bfb58bee79307ed5c814f0c9feba1f5d74bd7ec93603c,7902cbb8f5655d349f66d2a2819d4375fd11c82bb78efa009b9c864bf9cb1608
ishika__ds3-000570,train,446,ds3,6d066ecf136a78a4ef0d9c5d0e607948a3cdc9ba99cf50b936ea683f05798f33,ed18334e7b1f25b24768a99ff033d921014905d269574564d260ce99aaeca519
ishika__ds3-000574,test,449,ds3,639e943350bf385d34060feac7622038eadbbcd03173ec2614b2d6afae9fbdb0,f360c8babc8bf25a7f177b1508f9e58da334cb81cb6236ba4d5686169c960316
ishika__ds3-000576,validation,453,ds3,c7a1ad411186ce281bd382b02ead00a25a34450358b9a9962db1aff200b9b1be,fa08f04c4af2fefd8f96e665e050c0ca6be36a5591b5b5ce8864369550b1b79a
ishika__ds3-000579,test,457,ds3,e4fda80a1ce287c8fda43c92ac46880ea746a837aa4b7a70b9d7debedc64dd13,1ee4ffb35de9fbe6168b51efdab52b3a4eda37cd57be6b6c171046cef92d876b
ishika__ds3-000581,test,458,ds3,9592851202b52a0d9bced0ee95445bf97d45b97fd11824baa9bbab9ec36bede1,58ee0355f6564e662394d8d19f3b4c9109ceb1dbba6cb610fab65d63f3f867e3
ishika__ds3-000582,test,458,ds3,9592851202b52a0d9bced0ee95445bf97d45b97fd11824baa9bbab9ec36bede1,92913a25a8efd634ce3fef8b37697803d598ea558c2dfa38b01742250c543dba
ishika__ds3-000583,test,459,ds3,61ebccf65364caed65f2e8a7a926dec3cee5232f73ed6ec05ee3bfefddcde367,be00dfd7791cab86ec84e14095f2a8d6d639e7a691f490700d7b7754c865b6f3
ishika__ds3-000587,validation,464,ds3,8eb3f1143ecbd3357e87e171ba9676f017737595506917ed63b65209cdd672f3,b498107283a955a07148e61a2f27a4a11c6fb79d80cecb1b72ba8d0d60a3bc2b
ishika__ds3-000593,validation,469,ds3,07ad41cf1d9cea0246bc8822a50e69cab9939a5874574ea9f5b3d915961ab846,86111a2f2554cbc1fb249e5d075a91729353b7f3fbfd2458aee101ac3fe79eda
ishika__ds3-000596,validation,473,ds3,8b9257799015e8fc1b3ac2d6cacf9916e54b4ce8366c7a09a5918fc596795089,3abcdcc06765678f123af4118b7ab98f51af9b64cffc2fe8e642d6449f980ec4
ishika__ds3-000598,validation,474,ds3,b69b529e59a66b1e7bc3441005ac696c789d916028ab3e890173424add638ec8,20e0c625d4ae8f55cdc9b86f12ec5f07229d27eba3c70fbd5e9eaa4cbb3dc38b
ishika__ds3-000601,train,477,ds3,219ca8cbfb43356bbfcf0e2be6fcffc120aafd165c6d30217b70ad72a5c60920,c7595baba73a03e5c2152244e094c050c2355655bc8bb58f0cc8a42370ab76ed
ishika__ds3-000605,validation,482,ds3,f8c75b5ec50a573b61eb326314e25cc3b67eb65c4ac00cec416d0a170b1078ed,430c7c18249adf5221a3e0a564705646e16cb4cb3f81954e8386837d77f5bffe
ishika__ds3-000609,train,484,ds3,d894a9c1ea3fefbb49fe29ae2e9e567ba6c0492181059e21e5837a0d40c5f7af,94b6f4515632c877a25e6dac6101160326c7237ebd49c473343504d0f9a09391
ishika__ds3-000610,train,486,ds3,ec5635cf95013d0059bfcd86a386b012c76b5f14e784423c8ea7154b3fe83acc,7cf530e9774a22c25c70cc8cf2c397fd761ad8dbe401a04948c48b5bcf991cb6
ishika__ds3-000613,validation,491,ds3,d12afefadfd1129fa03e4ccdc5b95a01c45cc43b07409fa5be259fa9e25c7a0e,11eec27715261c22bac13632e6e3a9f5b340519c00a8b6eecc07f014dfe21c1c
ishika__ds3-000620,validation,504,ds3,9de30a215c13db1ebdb26789cfcda25501c900c87b86235aa1bb29a8ead2d473,439e834fbd4bb4ce1454469f9a024505eb122c10da42309cb50757f0af17a822
ishika__ds3-000623,train,505,ds3,c2df7972c4cfcebeee33d07cca6ae793a7466ceb5a4fa306ac32ce6a876b0195,63353e3545497ef5a4297d78425467a0dd763674f908e740a4e922df5c7464b7
ishika__ds3-000625,train,506,ds3,c027565faaf7f06582a19675d37fdc3f58fb4f4639fc10daa145007868fe0dcc,52738f0eef3a49bc73c8635e8785f85246880e356c56d4863e882e1c92d8ec06
ishika__ds3-000626,validation,507,ds3,84cf80c286ff3817a505b970552102430f4262f163ed1081d84ccf78f71227a3,040ec70dfaa07c4bc95b9d27d9deb357c8bb58702aa5ad9608c8b9761f62f39b
ishika__ds3-000628,test,508,ds3,259c161f5b42cb369bd61a0b5ff59a82603a347c06c03c7210cda4ffa3ceaaa6,9281b549fafa69096ca9daa966f1c0f6a39749d757a087d4084273340fcfc5ba
ishika__ds3-000629,test,509,ds3,f4b28740b25211316592fd3b50fc26ca3e225988f5b95efc894fea05adc2f8a4,a0e6b24702e59e92f7f199755a6a5bd9186e6ba30ff57c9054285d577bb87ca7
ishika__ds3-000631,test,510,ds3,c08fe73004bac489c0f5baf665ca2d79dd2a6d611015a15ef4161947c6ce4439,cb8429f450ee9e5169ce19b7f34210b3bdfe9f67fe1e84e6c4bbb82da6ef3adb
ishika__ds3-000632,test,511,ds3,195ddad4fc130f73582ba989aa25de78f609bae43bd967f094ab0fd1b9349568,7183674837ba3d8bd933c7871cdd669ee12e53089b2b4e3a81ccd16c179b99fa
ishika__ds3-000635,validation,512,ds3,c24e8ca054f35f979fd4ae674adcf883d618ecbf1c80f09e67f2555b9020078b,9cf8089b71f1a2a2d549a3c5708b43623ab8254974de166e7b073b07d9eb3580
ishika__ds3-000636,test,513,ds3,f204e2d1e741c77e469e7c2c567e0a167cbbfbdd4b8d389bc35f18501f20dd8b,242e51be0c39a84960462bf2875f080761f60fbdb3aab5758038707fae1e619d
ishika__ds3-000642,train,514,ds3,9deb95f095da786a18fd65e2e004e2b1ca6d96969c52e7938192f4dfb241711d,f40c5e483ac8f6d5a469743858a69283adbec03cebbe6037bec7d8d3afcb6387
ishika__ds3-000647,train,515,ds3,788c63094296d717739b64b258c176e115a97338c9f58c0b1e4484d2a83efe06,8e8f92ba038b1684675dc1625aa0d71ac81f2db5c3aa7d588b5650c0e62c6523
ishika__ds3-000648,train,516,ds3,73e14d2bb097022b596e024f97dd849c8ce844059086fcd3c3c7bcb6d97e893c,a007c953885d4c59fff386f7a3f1ec44a525bf21473341f58308128ae4c5ab31
ishika__ds3-000649,validation,517,ds3,aa65fad5f4aecd13479757b7841ce3185af178771189ca9cdea0bd749bbdde51,e5935e756a0bebef1fa5830aa123b72f3c7974af0a6a2f6a4057832bdf0255d8
ishika__ds3-000650,train,400,ds3,dad0241babb8deddf6b7df78c7b08e14ad70487d9f8439d7fa434f264b3d40c8,3086fba9ce307f577594a4c2e20b07076ad5dee2fe74251c4f69000690d0d680
ishika__ds3-000654,test,518,ds3,1663bb130f3535f3c07771888f30bf1e51fba244f7d8ff04968330ced04875bb,010ae28f6376fc2583456c33a64f7a85e0403bbd6e520972f116b0c860ca424e
ishika__ds3-000659,test,519,ds3,dfb28129a9b0e43c70d3930d0f283dbed2bf92b9a2e42a16b342eaaf459e018c,1f90f8a5b898422aeb3606fc384e54a4b4f591193573a75fb1140c0e35abbd88
ishika__ds3-000660,test,520,ds3,a460f257c66a6f186552709cf531a7d61945e124e5bc4d334df7ba5d1a87e692,f58c65b39693cc750025495bbccec14c8f8c6e0d982cbea2d3617f7b85435897
ishika__ds3-000662,train,521,ds3,58d02dfde40e101c63876b02be0ab786597da6acc62a3b32e099fcf2b1755f49,60009b35a425b615dd2f30da5c7b6c56a7b977dc8bf9ae8db7aedb118e5895f2
ishika__ds3-000664,test,513,ds3,f204e2d1e741c77e469e7c2c567e0a167cbbfbdd4b8d389bc35f18501f20dd8b,ae40e1b574da5bfcaa03f5c0ee2bb62ecbeadf6228ba68fbb547b72a649bc897
ishika__ds3-000665,validation,522,ds3,f92997434c7923ac350a19ae4259b0b59022533370ca422ebb88dc14c76e3593,acc1449a583c01ab936a718d0fa21556e49cd807889c1d51d3380b5557562ba9
ishika__ds3-000666,validation,507,ds3,84cf80c286ff3817a505b970552102430f4262f163ed1081d84ccf78f71227a3,f99ad63a90f6e65299d97e9f491fc5609fdde62fb26e9ae0c1bd416ad16c2f8e
ishika__ds3-000667,validation,523,ds3,f4e582cc116ca46c02936ab1af84f00fa759e0229bc8e949d5c5c09c174a536c,d95a0e862e2b3672feac74fb8d1e9dbc0e7a902c01dbb46d118377803e88179d
ishika__ds3-000668,validation,524,ds3,f07f26cdc6b5c9019c59a3017198639510e467ba0005d140d028d006f1a6c9a3,0b40ae7f10824a653e782cc4dbbea15ecd5d5b3ea1bb5c6db09cfa7d0b13fe17
ishika__ds3-000669,validation,525,ds3,f988c888e42985697a94e71ed26bbef8392031b930eebb0b007b29d900a25cf4,3766282d6c15047b15b5fa6fb1955f0fd551b9a51fad7efbeb9049d44aea0548
ishika__ds3-000670,validation,525,ds3,f988c888e42985697a94e71ed26bbef8392031b930eebb0b007b29d900a25cf4,e47fc1f7d9ea5f3ea135ff76814f21a0ac1c3f3b1262ac074d5e8b8bdaf5a3ac
ishika__ds3-000672,test,526,ds3,ee50aaa0468934b9ed97886727bf7c35d54aebfa99a675c3adddab6f3c4bb23b,ca73c250809d1d56794212d973a3bad306afde3ae9bff4123e19557ecc3dd278
ishika__ds3-000673,validation,527,ds3,eb69ef4cf2960e5d89aade4d283057814a7e21819b504526daf3f6054958bad3,04e99f90f4e19ad6f203541d631691bd20993ade9298f3dce9b9e1647e0acd8c
ishika__ds3-000674,train,528,ds3,896ae4d8ff83f2c8a44b07f356a16eb6868314588f42e1b270ab33bb9466cb1b,2a22b2d5523555edc3b46d08a3e202df08baf312b56ffaeb9b75a0233d5de1f4
ishika__ds3-000675,validation,529,ds3,b71d51aeea5f9cf3605b2082a806ac0faf320d244fab230aafba2d23a047b17e,2d477c58b9057665f8e25bbe0921da212b2ccba770373616a00ac632e0383109
ishika__ds3-000677,validation,530,ds3,788c9d534f68b9a494cf72c01cff91efd3237352c49ca831237c358bef6b48ea,0fb520bf860624f46c4c061a496656a2074aa059742672c2feddf6ee9e23685d
ishika__ds3-000678,train,514,ds3,9deb95f095da786a18fd65e2e004e2b1ca6d96969c52e7938192f4dfb241711d,a9e2f660c7fa69ef77ccc719bc6dacf8edf68a48e96f28770ba65a528c804481
ishika__ds3-000679,train,531,ds3,09f2c6415816da71c935635a0a011c1b1978ec2f083f2e244dd41aedb2490b9f,0728ebff5dc9c6fa770c40f13869a8ab6fd640737591cd5a7f717cacac9d879d
ishika__ds3-000681,train,532,ds3,ebabb33a3386ce6e67a02d3778020e50b8ca06582f606c60618cdb02de4f57c5,57f56dd2db50e8267ada1df01c292f35e16686f492b4cc38cf0551fdddfbf73f
ishika__ds3-000682,train,533,ds3,f471a5f969fde2cea93afba8fe239677a18bf0e6430e2c69f112891aeeb33294,76d6f8386c8bc90e50a151d3c15eecbdc7e0d1f43aa2d85bd49abdd364094ca6
ishika__ds3-000683,train,516,ds3,73e14d2bb097022b596e024f97dd849c8ce844059086fcd3c3c7bcb6d97e893c,749ef58126c3cea77fd0a47251259b6dd382bf56603b17e55311721f25421bda
ishika__ds3-000685,validation,517,ds3,aa65fad5f4aecd13479757b7841ce3185af178771189ca9cdea0bd749bbdde51,465dfd7b8f9fe6a1634b6616d77a45c39489cd446c1ed80e12968d19df168b84
ishika__ds3-000686,validation,534,ds3,e01a3fda0d5581939629d06ad9bf818ed304f993e484110516161f95305ebd8d,24272e03b5ac1b16ebcdb7b3ab03e2cb3422e2cbe373f71ea33d78643bf9aadc
ishika__ds3-000687,train,535,ds3,164a132476bd844bc155118d77c62ed201ff02840f040a838ca377306770f0b7,e6cb39998a9bf5aa2943fdafd223c4e94511b67a369f56d84295f53cb8b111ea
ishika__ds3-000688,test,536,ds3,a49c56effb5f0692318f4f9b23621da58e2627c7829a3c003696ab6b5c7c73ec,8e0aa15cf9255966a85296b1820f74c71ab5035656fa123f7ab8ce5db667c91e
ishika__ds3-000689,test,537,ds3,c47f261273ce0cf645c0a4bc68382dec667c54e4ed2a793eca81814bea42d317,015d6dd9cfa357e639fd15fefa06e232ca5d8c0c6afb7b719b3e3627ade451f5
ishika__ds3-000690,test,538,ds3,8d3ba5022f9b7a65d7115ed7aad4cd69c9025516558608ac7a69fa7b5cab1f37,7ac537bcbdd5cd7ed8c9d2423670b258ac5ed899cd3a775108c25fc9e18e3108
ishika__ds3-000691,train,539,ds3,2089b380b716700e1c616827d05fef2c8db5e927e9f39ee747d06b81d1d87865,c8367a784381fbcf27240a53d3198c1d2c5e56f5eeef1d74daa2df2ed1c6a12a
ishika__ds3-000692,train,540,ds3,06b69981dbe9cb8df7e02e9c800499073280cf4a2cffc13230d2db08693cf43a,81b31bfc9d8cac44904205bbe8dad3b59c463bc13c19a9f428e7e5e6388a48f4
ishika__ds3-000693,test,518,ds3,1663bb130f3535f3c07771888f30bf1e51fba244f7d8ff04968330ced04875bb,61d31c4da240c3cc48652f5681cf1c0bde16af407f1b3271b8a5fe18126e5b74
ishika__ds3-000694,train,541,ds3,3280562fb0b0880ae79e336a73cde171bc644df0871d93e5465312d9a6c57ef3,31794e5802ba82dc63b79021c9a5dce0c9cbbbfc3919cac75ebf544278899489
ishika__ds3-000695,train,542,ds3,a9551c0e5c715eacc487c7f9a1607845d4b147efed00154b583e32ab1eeb0446,d4fdc6a319bb6fec0550ef7a4877cf7ccae9648adcc604c33f37335a3a996a87
ishika__ds3-000697,validation,543,ds3,4fd98972fa2dcc06ba6bf3570c2fe6a1bdb51fefc2e085c9ab43a4e7db879d96,0ca6e570970cd4b15ccf3dd273160477d55dd8fba37aa45cfa661f5a73dcabc5
ishika__ds3-000698,test,544,ds3,aa9684c9437dd09dcf3e5438aa7f7d83fa938c42a2bb3cd4ed9fb033f94c4c96,09040924e8d780171f996208fb1db1699e080a5a2ebfd3eb68743e91b77a9ad6
ishika__ds3-000699,test,544,ds3,aa9684c9437dd09dcf3e5438aa7f7d83fa938c42a2bb3cd4ed9fb033f94c4c96,71733dd73b0f78499efd807c95a4756229cfd97f2efee57c19c23a534f2a50c4
sycaudit__camilablank_000f8d8582de7d,validation,545,camilablank,8b23ce65a0bfee20a114322e6e95ccef0f2264dab6f6855f0c22f9ebf023e2e2,343ad029358c0e41be45d0743fb6a9a4729e3cc8b595d2c484d738083486e6c5
sycaudit__camilablank_00236fbd59cccb,train,546,camilablank,0877820675164d73b40e2f3a0d83989d8132df917c544c9969a2a3ac59b98427,9390298f3fb0c5b160498935d79cb139aef28e1c47358b4bbba61862b9c26e59
sycaudit__camilablank_00dc3c5abbc27d,train,547,camilablank,b4c82ce5cd8886e32685514862a443f8d5a155a04685805fc0033fed11e136cb,df7e70e5021544f4834bbee64a9e3789febc4be81470df629cad6ddb03320a5c
sycaudit__camilablank_00f1a3e886cb27,train,548,camilablank,e77764ef32a0c5997664426704c531a8816f53149898dc276d2ce14e8ba23b0a,3e1a30af69566bf24bef03a93d18e7fe7fd51d6932a52c82fbf534f2bad2ce15
sycaudit__camilablank_01f49ba2b1a43d,validation,549,camilablank,6f930e890bb0146e65f3346f2705edea3b47ccb0abd80d9a1f3af686853209f2,f6ca72ee05a3a3d33f2445b055f938c5d5504baa8fa9adab7e21e87d28017ccd
sycaudit__camilablank_0277c170353bb9,validation,550,camilablank,23c3f376d43093bd068c252538e7b027b46c5a40aaf98e30c4eab2466648e8c4,dac8c9d18abed2f59164cbc69e96f9850ce30faa61b7ec95efeb6b4bcc12aa04
sycaudit__camilablank_027c10a798348d,train,551,camilablank,8efcda9b4222e95c482bb0af9b5820df7183181a146b08009914f243a579eb85,965610e853bf2f1fe7ad40481b4558dd7bc73d28e8615f05611734ac3f9e9053
sycaudit__camilablank_029649fe6b43bd,train,546,camilablank,d6334c86444300418cf72821e7f0eb53c661298b44684474fd005205bac9c257,9390298f3fb0c5b160498935d79cb139aef28e1c47358b4bbba61862b9c26e59
sycaudit__camilablank_029da7ba6e0b4f,train,552,camilablank,804490a30cd00c01b0bd7252f40a45b79b6e3e2ea43ee86faee10ab2e38bb4ee,3f39d5c348e5b79d06e842c114e6cc571583bbf44e4b0ebfda1a01ec05745d43
sycaudit__camilablank_032e542becab10,train,553,camilablank,c76c6fd5846dbe8db405e7b7a161a452c6d872476919d4376279c43894be2b27,c86d2551e096561c8e14c196b07f1e295f21143289f8455e9f8225e43114b455
sycaudit__camilablank_03363b6b9b688c,validation,554,camilablank,f1a971d97eff24dc764348195671bf0f7e4cdb4f4e9f3d0ef9da57ecdd53389a,40dc6b1cbd2530d0fbc59299ea3cbfcb719bde6fb079eec17394ce694c218d23
sycaudit__camilablank_03a1380c255b05,train,555,camilablank,fefda279aa68001df72515b9868a2f308eff864ed26af0f688b9cf3bc216a3b5,6b23c0d5f35d1b11f9b683f0b0a617355deb11277d91ae091d399c655b87940d
sycaudit__camilablank_04139cb386267b,validation,556,camilablank,209febce920719e0cba79375690a358ee1c4cdd08a2862897fa5beb9ed36daf5,da85b3490d4d6d3bbf6994de7cdf2dff8b310a79fb9f98b538f5dfede48b69ed
sycaudit__camilablank_0424c2e0a3852e,validation,557,camilablank,4a87867a7e1e7e018ed8bd67b79b765800c1edad35758dc187076e91d73b2d9c,13302ccb018754bde4fc80dcd4faa57d85b726e847f83e37f843a0ada29597fb
sycaudit__camilablank_04570d76908c00,train,558,camilablank,054d65f06a67421dfa1049366e11f99fcd6cc712d433b67f6f22930b4d85fbc1,ddd3367c14574218a095b6ccea3f1237c2adc9e475d1ec8f876b4441a9a5ad5a
sycaudit__camilablank_0523b07b11944a,train,546,camilablank,6b61ef220371d6d1fa91babc5b64d4562584463f76099f20aa543cd43ee2bde6,9390298f3fb0c5b160498935d79cb139aef28e1c47358b4bbba61862b9c26e59
sycaudit__camilablank_0529c375c855cb,train,559,camilablank,04d816d7f692f4d195fd83029a7e1b3246a80dbc9d956f4a4f379f747235012c,8a798890fe93817163b10b5f7bd2ca4d25d84c52739a645a889c173eee7d9d3d
sycaudit__camilablank_056b76cfb8f931,validation,560,camilablank,0c3934936ee14a08e34538784e70ad31634fadf549d9faa43f7c9602e3d6f798,1bce37ec061fe8c4dc7e75f5e41c5784a362509b5fa5fd80dd3e4ba708863b87
sycaudit__camilablank_05a7eb6a451337,train,559,camilablank,1577bccfe07c49885380c11ed1d3209a642c79fe750d121e9b1dd2bab66970ac,8a798890fe93817163b10b5f7bd2ca4d25d84c52739a645a889c173eee7d9d3d
sycaudit__camilablank_05b39c4085c3a0,train,559,camilablank,767f699fafbed9b10ba72f5d2ce3b19d58d71872d3781fe365f3d53809499e56,8a798890fe93817163b10b5f7bd2ca4d25d84c52739a645a889c173eee7d9d3d
sycaudit__camilablank_0604e1a140ef9c,validation,561,camilablank,20abb5c2aeb29020b423685d815cdc55caeb96f05b32294b62b2df1227dda351,b9d2bbd2d98f3d38d6ae8cb58a71128aa3124f4d8ca8d2d57fee8a2915114902
sycaudit__camilablank_06f418385574d1,train,552,camilablank,3dc0712b6f84f627b5ec5e8f0f815ea4d2584a36256943e2cb5aa0857d8f5f77,3f39d5c348e5b79d06e842c114e6cc571583bbf44e4b0ebfda1a01ec05745d43
sycaudit__camilablank_0761190deb38e2,train,559,camilablank,740482b7a5583917adb3211e78c17eaa4c57c99bc36401fea76adccd3ff418e8,8a798890fe93817163b10b5f7bd2ca4d25d84c52739a645a889c173eee7d9d3d
sycaudit__camilablank_078e9e5ebf09dd,validation,562,camilablank,b0f011443b3484ef8f89b157bdb8bcccaab9a7c95df8e13d9ab8e920cacf731c,5aeb8d1e8ef04b89aabc7f2ee37b7ac5833ddc79b24910c543bd56c1f8e8dc1c
sycaudit__camilablank_07aa396b6a8921,train,547,camilablank,9d08e4a13be33c515b3fa3d1f3b1d4cbb74cf296ffadcb716f830905c6c09c53,df7e70e5021544f4834bbee64a9e3789febc4be81470df629cad6ddb03320a5c
sycaudit__camilablank_08af31ee72878c,validation,563,camilablank,ffd525a71f2e568736701c4933d91b583165fb7711bce20d8a631c1d58535723,b09dee967b225ba461a226f45c41d18a4e3d5a6ef9f8186ae430d4aac29ddd68
sycaudit__camilablank_0980c927e8af1e,validation,564,camilablank,87ac4cae6483a54305e858cc03bc7e02e1c17731c0e9a4a3286d5f98f00a8a7c,df406324961beb0dd617b2d971eb05d37bb175e1cf77f00ad150376e12cf832c
sycaudit__camilablank_09eedcff5a66e9,validation,565,camilablank,972c4742790614c05f4de9eef575f81203e9ad9d4fa06b53b8cc0dc8e5dd969b,bae09650e41fc27a5f6163bedde63a69698c85f3738eb3742333d3a2bb6b3178
sycaudit__camilablank_0a125cdb6def6f,validation,566,camilablank,88f9266327fb3d5e3f4a7b281bdedea2d27e83699920a83c4a0190bb1d7258f6,0a2e095b1fcd77b6cfa81bb0b8542086544ad8d82347c1a64cbe89deb5f6120c
sycaudit__camilablank_0a4a59494076bc,test,567,camilablank,2906d60af8502a27b74a6450a4a461174d67273fc34244f1e126817568261546,e0b82559e6b17d7440c4102761e429aa1b1082cd61d96b4063c3635508443723
sycaudit__camilablank_0ac6dbd67cc11a,test,568,camilablank,6cfddf2e808e5bf2e70c9b6dccb8ab1d40ac554b614a698dd3a1685f366953aa,52e2eadf7da251f667f2895f90a34c9c0c278e47cc18954ecd9146ee44501f96
sycaudit__camilablank_0b430aa9cc2e96,validation,569,camilablank,c60b6b6efb51463e37bb70523ab84b731a6be0688f262d043667b94232ab4271,c2db82c450b39035db30d138674216a6df6fc321752cc82a3d3e0436349c2b09
sycaudit__camilablank_0b91deb9b3c677,train,570,camilablank,1c02ee8150ef36d9d86589a714a9bf936556fb13441e25ee0b53f67cb978e910,5c5d1249890936fb85a74e07a46d5676ff4d1d19a2d19c241fd8c494cff5035d
sycaudit__camilablank_0ccc89d6f53a16,test,571,camilablank,cf67e3f862ee6178af33da51ac7b3756db615a5c39a8bc01dc85bcbac7707c8f,559aead08264d5795d3909718cdd05abd49572e84fe55590eef31a88a08fdffd
sycaudit__camilablank_0cccace9768153,train,547,camilablank,9a45c07757eaaaf446b7b98a55af69be5ae244deee3f32c35f65a8df2deed0d1,df7e70e5021544f4834bbee64a9e3789febc4be81470df629cad6ddb03320a5c
sycaudit__camilablank_0d27739fcaf7bc,train,548,camilablank,e9541b6762afc267b1de9da646ede85b25344043af04b8fea516b1aeb2ffb8d7,3e1a30af69566bf24bef03a93d18e7fe7fd51d6932a52c82fbf534f2bad2ce15
sycaudit__camilablank_0d5479b5ca000e,train,559,camilablank,fe28965e32dbbbdc7ab713f670726c6cc2ff6e5a58c206b9695855ca22dc4567,8a798890fe93817163b10b5f7bd2ca4d25d84c52739a645a889c173eee7d9d3d
sycaudit__camilablank_0d75f1cfcec73d,train,572,camilablank,74c890d9989ff69223cab3799ba81bd2bfa8d95b76245afed3c8057a719ca1df,be651d5a8e97690fbb1fafd9b89ea7bb5458b27b1d24a449c67ca762317ac1df
sycaudit__camilablank_0d7d4446a5f2ab,train,573,camilablank,78607f71ee093bfb1cddd6dc7ad621dd71a66e97dd82108ea224df664da240db,dfceeb6b380613eb064e52cf6ead4e180e0a137ab4d3b520c457b706daa03105
sycaudit__camilablank_0de28447543de2,test,574,camilablank,ca5ad4c9d286ec521f8831d1543576fb087e95ffbb3d9a0dc735214d4fdb317d,88d9aeb25c87c1c56c2d3b31c9877c1d6d9f07201ad1221cb1e9c422d9619d6f
sycaudit__camilablank_0e07461fe0abb2,test,575,camilablank,6f8fb50ab8e51fe8e53e8b2354ca49646ef10cd10e1eefaf9cc2460378f2e89e,2aa58040d7da5c021b120e6b57e2255aa933d8d215f1e507a36effeb2b06c7bd
sycaudit__camilablank_0e6d6e80b97615,test,576,camilablank,897d956aaa52a344700f84b60f05ba83cc2f3145f2470b23b9c08b196a32f985,dcaab0b22bd81233c929ca754c90bb61b57f3955e1b2c7ab45a2915578faed37
sycaudit__camilablank_0f5add8754246c,train,546,camilablank,77aba930e432292b61970c82ddcd60ddbc5a91ce4be71217625a30bf3335d8ff,9390298f3fb0c5b160498935d79cb139aef28e1c47358b4bbba61862b9c26e59
sycaudit__camilablank_104d38bd73a410,validation,577,camilablank,003ce17848ff3a8314bda9d287eb0ae0bb788f1e9634826214551d0ceda9866a,efb45b604df3b95a86c45d0bd0ba3f0d2b532b8dc42119bb14b382b1971166a4
sycaudit__camilablank_1084b7a788735c,train,555,camilablank,b4c6b933ce6f4da3a7d221886f326d8f3fb20555a4c6d1db476daa4efc5fa093,6b23c0d5f35d1b11f9b683f0b0a617355deb11277d91ae091d399c655b87940d
sycaudit__camilablank_10d1302208cc12,train,546,camilablank,e23f2b51fb6e683ff9dfdcf41e4e79f1bc33ebb3df9ea1cde3ec2063999c6f87,9390298f3fb0c5b160498935d79cb139aef28e1c47358b4bbba61862b9c26e59
sycaudit__camilablank_116c1278143cf1,validation,578,camilablank,810e6075d6a3d69ad533a2bae460d5ae853b74250bd5c8fe9fe39d52a0f3fc11,97cbd4bd0a5c9967ef01a68316ce7d99175cc48bd3e63cb31261d74fc03f7f4c
sycaudit__camilablank_11f68846783b88,train,552,camilablank,0772f3d0accd1b5a95ec8988c50d20e27eb02e9e6100de0ac90b732ba7d2deda,3f39d5c348e5b79d06e842c114e6cc571583bbf44e4b0ebfda1a01ec05745d43
sycaudit__camilablank_12a01e79dafc1a,validation,579,camilablank,87ab16ec15403712e6a4303ec8ec40efdca1e6a208705b75d275bb4427088924,0733e75a913122a893a298f4f9d1f28247388a84ad0058d17feb6b3d56817112
sycaudit__camilablank_133b31de0b6d15,train,546,camilablank,a4fb38b85d002e63eefa3fdec0bfc39927efe77e230898186b701aee19f584dc,9390298f3fb0c5b160498935d79cb139aef28e1c47358b4bbba61862b9c26e59
sycaudit__camilablank_13914ba3c154bd,test,580,camilablank,cc7ddc7447de6a375a8302d489e7ffe539f01c44896350bca9434f47476d64bc,b8e1c93f0e6c89fd6f58e6f96dbac1949ee4ce44e5bc90fe04ab4dc442f11c2e
sycaudit__camilablank_1394b00c582e1f,test,581,camilablank,2841c2865a95c41336d7affe8f72120281adcb00172e11566366e707f3893e69,92b5e5a6e3321b225d6e6b80987f082df89bc9bbc173f8cd356699ea9d5183a5
sycaudit__camilablank_13ceae42deff8a,validation,582,camilablank,27e298ba01413b1b01d5c7a9f61d2421d88f5cff9a97ccf49569aab4e90714d7,ab9965b199fce1efeb40c337b90858956973feb89b04381591b6b5ce96222db2
sycaudit__camilablank_140540d9c02b1a,validation,583,camilablank,06e1bde01473e95e40ff20642f96a1f4a2fc843d2b0975cdf3d6557b3c2f28c2,3f8ce5485869452d9c684996245824121c1d7e4f28c078aa2282dfc8b5c44fd6
sycaudit__camilablank_152a4f099ce0b1,train,559,camilablank,475f77a7424468eff56ed0dff77dcd894328b9d3b317b000045aad079b5a3200,8a798890fe93817163b10b5f7bd2ca4d25d84c52739a645a889c173eee7d9d3d
sycaudit__camilablank_1567af0542f093,train,584,camilablank,968a1c879bbd76e702a01914b989c90e0c76182ef598d7a5a40d967e78c34663,086979cd6e7e05009ac3f55993c4212df560bb986b08fecc0554bcf1fd54247d
sycaudit__camilablank_158a359af10b2f,train,585,camilablank,22f3f7be7017dec248a2bdfd8e695129ca7aa2f5906073d4f484e3f83f67a54d,d881cfe4a8c357fa2c42b91289b3fb3826859bcfeff7b6c4d65bc7a675105e89
sycaudit__camilablank_15b4cabf4f283f,train,546,camilablank,52c3430174181de4ec4bb9be9b4507dd4c9764aa23cc32aa081b7f6bbd9e8415,9390298f3fb0c5b160498935d79cb139aef28e1c47358b4bbba61862b9c26e59
sycaudit__camilablank_16f1b54fbfc99e,validation,586,camilablank,33f059b74e1ca3d7079b24ae3ac821d211dd6818e9ea93903f419bf9ed164073,20a84aaad825976588bfbfed6a11196319e6788689131d173fa63b4f5005d0aa
sycaudit__camilablank_16f803f19e408b,train,552,camilablank,975b06e70a7185feb113cd2d4af5a9f28c41a6991b58e3cc45ca24a8dd13b8cf,3f39d5c348e5b79d06e842c114e6cc571583bbf44e4b0ebfda1a01ec05745d43
sycaudit__camilablank_1716ea1fc07262,validation,587,camilablank,10b7daf5cb648d5dae1c90bc40c6f61f9630ecd4abaa8f42a10edf7b92456097,ea9d40348bc86484bb4c05cd9c60406a868ca5d91f67c4f87f49ffa08a8ec5b6
sycaudit__camilablank_17c09a32b2fcbd,validation,588,camilablank,2672254b6307b0132ab8ae4dd7c193cb4bc6024e852a8da2276a4f3d597a085c,b2697983eaaec09f3d6c021731a00682c7f65901e6e517f8392a84db2bd465f6
sycaudit__camilablank_17c75b39415f4d,test,589,camilablank,6b60f7f74234af1964af8960f2c700f54617d3b5103168b29534ba26d1ee5b24,67b6d51b0123591f9bd387d65bbec403e3f8301f920bc8f6d958cf32fa9170dc
sycaudit__camilablank_17c7abe8523221,validation,590,camilablank,c51f8dc284b8582dbb57c5f2b22eda236c938c545d78e140a0e181751bf2b7e2,43a7a1d498ebd315188020f148d97c6b3036c4b3ffae4c213c72523c4dccfa22
sycaudit__camilablank_17f39c1d2f25f6,train,552,camilablank,caab381356b28afe0d083d76d09f053daad2f2f56dc20f1f429c65fab6fe9ec4,3f39d5c348e5b79d06e842c114e6cc571583bbf44e4b0ebfda1a01ec05745d43
sycaudit__camilablank_1811c517af561f,train,547,camilablank,0b95157c4db2925d9157c208287e508852acbbd03f0e275554ac887cdf0657d4,df7e70e5021544f4834bbee64a9e3789febc4be81470df629cad6ddb03320a5c
sycaudit__camilablank_184f97c5ae6667,test,591,camilablank,cbcd80fd06fe603d95d930ad1fd0fb003069508b41933c25625cc446ece66531,c58206aa5a2c98dccde4c98080036d384665a9181cfc834957b88925932fd4ae
sycaudit__camilablank_184fe02b4f54c6,validation,592,camilablank,e8d65a658da6c7cea97c668e1c9252e3b30ef1f8b68d4b834bf068fc284f6dfb,545fbb6fa2ff0c1482551b6460d4df75d5e1176423628bcd5c77ea5ccf7eff09
sycaudit__camilablank_199f664cfa2fd0,train,546,camilablank,76c27c4b348a85704e0005954d0b5e462219a9e4710201d47003954c68837621,9390298f3fb0c5b160498935d79cb139aef28e1c47358b4bbba61862b9c26e59
sycaudit__camilablank_1ad9e57d34c329,train,593,camilablank,c35eeae35cc23763264d76198fb4ad6efe7d5d261ab11fe58a61d6f244587132,d5fad9d92d8d33b8509400598b7af824be860b3bfeb241e3f7c49b6aa651a8f6
sycaudit__camilablank_1b1d7c30e432e8,train,546,camilablank,d804b67ba263fb91a099fe5341588338e150a0e02801fb958dc59853efd2077e,9390298f3fb0c5b160498935d79cb139aef28e1c47358b4bbba61862b9c26e59
sycaudit__camilablank_1c96a11d1527ed,validation,594,camilablank,a862b59a8a4cfb3c5874a0edcd9af92a7b6aadca01e32c710ab6cf8aef5c2adf,b50d32499d8b75ab4fe96b0d7520a41f3977babd9dc3a9fe3c3fef65541abff5
sycaudit__camilablank_1d482086b9a55d,test,595,camilablank,d2bb5f3f550e004742c3a0b2593a6f7e576c61b827817060f1720a0147884d15,71a8b5d353d8392a003d5172676a479f3fd5b92b50646e594f5be545e4b444a8
sycaudit__camilablank_1d5c46f7b5e8dc,validation,596,camilablank,85201ec9b5dc4985cfac1465635b1992f612aab2e55263426b792955347db126,ad5e493cb07a677b52c166506271a9876b4b0b8b6a4258fbbf23a05d6f30083f
sycaudit__camilablank_1d9742ee8afe31,train,597,camilablank,0739ee71dd605a56100e34888e5fa2d160e7e670c9d50d4e109d3ffbafc01ac0,7655344f2d1ab24ff660eb32c6104d0b84f6dcd7d2384737ed4c609b84a83f94
sycaudit__camilablank_1defb64e4fe96a,test,598,camilablank,e4144251c8f11d45193f0f9543eeb18e18543c0fa5561a9bdf4760944e3ecbea,b270ca9f5909082865e695e582bc9489bc4295f1d50fef9f536e4162a6775c90
sycaudit__camilablank_1e4e3fe30c0520,validation,599,camilablank,02ba06e109ce61bfa1a17297fe65543c5c98609ab3f795a16bcc5af40d2f407f,9c8581763783bd6de9ef9f01a2e9fb5669f0ae6f261d99e12404b490540726f3
sycaudit__camilablank_1e5cee5d109fbb,train,546,camilablank,459f06f18458052332821f7327e47f47c23e98f5b04cbe8ca207e61531f8d95b,9390298f3fb0c5b160498935d79cb139aef28e1c47358b4bbba61862b9c26e59
sycaudit__camilablank_1eb4b347191d7e,validation,600,camilablank,57eb8f62db2c44fa44c2f74608b951c56efa499e84cb4876ec76dca68da0ae3b,c7712310b6c92018d31cec73e9c134063cdf36298faa9a35fbcb722c44587507
sycaudit__camilablank_1f275c470ef27b,train,552,camilablank,e0ea46556256b9bf89dd394d41a5ae2b6b5f6b2a75948cf04ab49cbdfeefac5f,3f39d5c348e5b79d06e842c114e6cc571583bbf44e4b0ebfda1a01ec05745d43
sycaudit__camilablank_1fd1b707bdcef2,test,601,camilablank,9aa28653e683de1beaa987a92ba948a31b02b3d749e7f0af695f1b912187de96,98cfca65253ded077c575e77083b717c96940ccfdb76a7b61474e2783b513ae4
sycaudit__camilablank_205802e7cd452f,test,602,camilablank,ce1577cba7fc73d5d1ac51040b010be6a23ec6c364d4d1d8a711b4ae492f0e48,7321d52e1f197957879593def9a01a124e442c05d47cd3aa84a84b7e1b3e8ea2
sycaudit__camilablank_211aba06bc005a,train,546,camilablank,cd69b093744e7238fe0807d2a792e6f7abd41020c949f76da6c92be32325acbe,9390298f3fb0c5b160498935d79cb139aef28e1c47358b4bbba61862b9c26e59
sycaudit__camilablank_2174e2000d2506,test,603,camilablank,761d2e30b8494dbe84e6a2d14fd13448778cd6ef39ef6c35e6714cce8f69d183,79d96d98f00053813a8be617a57806ae2653482052a91f6864c0a607a3de62d9
sycaudit__camilablank_21aabc6d8613d2,train,555,camilablank,edc9ff0e9789fac395f16a392b4fe69b90bb5e3f7835dd721305503d1c1bbc77,6b23c0d5f35d1b11f9b683f0b0a617355deb11277d91ae091d399c655b87940d
sycaudit__camilablank_21af3ed64c5bc9,validation,604,camilablank,b08c8af333bf0447651915f6ee9fd5799d14f33a3c346180cd99c553a2a09fa1,98fb67e86c54de2d74f26843073b4e3aa4dec92ceb67f473f98b5d8a663bb0cb
sycaudit__camilablank_21ea6b7870aabe,test,605,camilablank,b19230c5d7d31357035d69bcea7e57f50bcc0bc0eb967428301aed5f7f5f5f5c,c284de4b4cefa18006d313049df8c039b4ee4deb834bce10844df79d0089c7a1
sycaudit__camilablank_2245a658d9ef6e,test,606,camilablank,1b28e3b3caff40b2e2b5c802c172a828e6adc84b88688da02ae67a8cdd449136,edd04b0e5e29a9243a4be42d4ae830257b002570ff5daf8f775f839c2d8a5235
sycaudit__camilablank_226e46068a05d8,test,607,camilablank,946f9ba5ef37ec024c1a17be7e39871a798451e6581f0cfa4946ea6ee0da8280,33c9cd4efaad88bacd6284a7602367362473d73dce72a0e6a5069d4c5092f149
sycaudit__camilablank_22e8d182a776cd,train,548,camilablank,ce5302ef0af185f69e00af2697f5051d648a03035635f30d0f0a1c4a3b4f8077,3e1a30af69566bf24bef03a93d18e7fe7fd51d6932a52c82fbf534f2bad2ce15
sycaudit__camilablank_2335fde8865842,train,555,camilablank,aafad482c9a063d98e3e7b53bd895dc7950affd43e441152b767abed83206460,6b23c0d5f35d1b11f9b683f0b0a617355deb11277d91ae091d399c655b87940d
sycaudit__camilablank_23d913b3b0f16d,test,608,camilablank,f2d1e06b81346bbf555646ad60a5da5c3e05068a83279b4066caadbd7460faf1,716aefd3fb1364ba86a67331ecddd0b921f8f63919b1557b4ca09092ce074f1e
sycaudit__camilablank_23ea5aae22a655,validation,609,camilablank,b3595e6f1a34a54d7881d03228ce595b1f4e63dee485b0b6358db81da578d8e5,9ec24a10abf480c3731360365b540a2e8b9363103a261394fc3d604e8dc0b468
sycaudit__camilablank_24d49cc58c3b5d,train,546,camilablank,762ec0f5525c1c5ecb62ff93d6920aecedc38d2093d5bf29a319eb6c60538002,9390298f3fb0c5b160498935d79cb139aef28e1c47358b4bbba61862b9c26e59
sycaudit__camilablank_24f11d476c143f,train,547,camilablank,997ac6fd1a28a913be87067020c585f25f7e04592626d6b0c7317d3b4ea6a84c,df7e70e5021544f4834bbee64a9e3789febc4be81470df629cad6ddb03320a5c
sycaudit__camilablank_250c546f2e53d7,train,610,camilablank,52138bb4fe0e18032ecd9d18310370c62548de58a6bf78ebd236c1f62a1eccac,ed826a6918c932e8f89d796d03955e649c935707975feac4a3e7e800a90fef6a
sycaudit__camilablank_252f773453fc67,validation,611,camilablank,c3f44af014963f3df080dfc5dc9ed83791246b02018bbf8e0e7e07e9b05bc8d8,bfb48d6b69cce5b1d39068135ff46fcb0e1318f2b14e2c74e48c89921e6194a6
sycaudit__camilablank_2542b353cd9d2a,test,612,camilablank,927ba4080b917bb71f79c67e91fd7cd5d46a2ee7993dcd7f1463f47b173d22e8,f9595cc4d4cd85556d21eec51947cb176d73d37fa09df9a8514d0ddc1ec440af
sycaudit__camilablank_26e987ddec1919,train,546,camilablank,d5edbdb257cf4a32657e4cf908ff3c3990b35bb72fcd1f7386bfd7fb613d1aaf,9390298f3fb0c5b160498935d79cb139aef28e1c47358b4bbba61862b9c26e59
sycaudit__camilablank_26f956195e1cba,validation,613,camilablank,7b2d461ec0c1a0db0ad36430abf1efe7d7002c7cd88ccca82eeacfc339063f9f,268dabbad4dee12ce0b6a045fe6c090e4d607a8f35e8ac84eef9313accb9d01a
sycaudit__camilablank_27245d5c734580,validation,569,camilablank,821f575fa6136c4b01990d7b6188aa54f4e2ae3615cf1c33bc5671f77908fc70,c2db82c450b39035db30d138674216a6df6fc321752cc82a3d3e0436349c2b09
sycaudit__camilablank_275977dc39cc38,train,555,camilablank,359bf415d2cae0666cec0f605065f67d7437ed306350de56730e6bc659be43cb,6b23c0d5f35d1b11f9b683f0b0a617355deb11277d91ae091d399c655b87940d
sycaudit__camilablank_277a14759e69bc,test,614,camilablank,e9ba04f8918e34d1e5b6041c7844297384a7a2543a6d529b6539322142f44db9,3c2c0b5cfd655899f3d561add860918b8d88314fe6beef3399fb100a23f91aff
sycaudit__camilablank_27f8736a692126,validation,615,camilablank,b4baaf91d6ef71108f71eee40714fb5db831c6fc78a4f20f1354825640b1baa5,2d37a042e9835be541dcb0af5b76a847dd7f09c3e0e4e1b568e7d863e3a7bba2
sycaudit__camilablank_28554200272e0f,validation,616,camilablank,1ad807b157e269b24d2cf1c86641ca8460ed4e8fac83645f1982e5bb839ce663,d6e25fedc1066cc302b6e05f86b19a2523f7b94c1c7a8bf436da6151481b70f4
sycaudit__camilablank_288f30067c6020,train,555,camilablank,b5489413b93d5b6902f6bfb18596431b10a376fdce5f9c55449a1db57d7ae748,6b23c0d5f35d1b11f9b683f0b0a617355deb11277d91ae091d399c655b87940d
sycaudit__camilablank_28aef1b32480ba,validation,617,camilablank,a3463b9cb0d6d8a1ec44bc27599730a68a692b0f74c82af3339bccb1c9f41def,c5d0a22693d7fd261e8ee5a97a412d17621b241aa8d8a12c73b955ef8e050e57
sycaudit__camilablank_28b3dfa0f35667,train,552,camilablank,12fc151fda5f347cf722baae85c1b1af3a00eb10a11904877daa576fe5df73f3,3f39d5c348e5b79d06e842c114e6cc571583bbf44e4b0ebfda1a01ec05745d43
sycaudit__camilablank_28b79437a01498,test,618,camilablank,44b05ae4be117b645195106ec3248c4ddcb121790325200b8fe792abdcf5b90f,ba55372ac62f800890fd83c00911c21c6a8d71bd4849e4994829599c72f1213c
sycaudit__camilablank_29b3d10abf5679,train,559,camilablank,648b3fd6a034d94f502cd93afd778dd434bb8d73a81aeb15c4dc7abc78c41ae3,8a798890fe93817163b10b5f7bd2ca4d25d84c52739a645a889c173eee7d9d3d
sycaudit__camilablank_2a82c26e1cc50e,validation,619,camilablank,b7809184b53d8161617ea6e142a822ce094836ef07d08287577a6fb7751060c3,36882fd82a1c68082aa7157e9596106e534039ae46554ef05f88e77e55e13c2c
sycaudit__camilablank_2b0ac6043686fb,validation,620,camilablank,6eeb329ca9df116f11a011bb08adbbb82219acc6a1b20cce59492103d6d453bb,6fc0c774fd1091035d882426210fe8629d213c3189a336493eca8abd7253ed83
sycaudit__camilablank_2b57d018af5d55,test,571,camilablank,22e90b5a02dd77d52e6f1ca30bc548edcca183a8cdc79cf31ee25c4b4d16f6c0,559aead08264d5795d3909718cdd05abd49572e84fe55590eef31a88a08fdffd
sycaudit__camilablank_2b8855f9948f6f,train,555,camilablank,56e3d7bb2b0f35091ec6294323968a285ff5f5b14ea97506e6ed201955d3527b,6b23c0d5f35d1b11f9b683f0b0a617355deb11277d91ae091d399c655b87940d
sycaudit__camilablank_2bd8ef8c49a105,validation,621,camilablank,1b01f806d68244a136a083a10e6e3db05e596452c6e7f577b648cc1e24687d13,98f4e7527114a4ad036df83ef5f6ba04a96116415061634a9c5b8ebf08e2e914
sycaudit__camilablank_2c010681cb6f68,validation,622,camilablank,81a22aa5e577114958b85212c1367e1d8adcdfe48f17a76d43451e7f4820fc37,747fdf1139f3fdd2b76ffc5d1d6775c80559181d38a2d0ef624ec386dbc3044d
sycaudit__camilablank_2cbc79b845e1b1,train,623,camilablank,20c1c70e543716db18926f763dce778254f60a47e22ab704ed5770c627f60d8c,060bb05123950a1750691ab71566ec8fb6116e7204b94577045a1f8a65bb0ffc
sycaudit__camilablank_2d49e7332a9c5a,validation,624,camilablank,d19338d702e4d3da2422eb3c651fa3143e1dc089b4de5376e58528f55f48a33b,ca056699e6a9b97443a3ed328b6a4e1dda96d50dbc59ea1c5e8eea0e13e9e1e2
sycaudit__camilablank_2d4f5f04970687,train,625,camilablank,7120fd2862a3f01b69ffeb591a6416c26377d18fed69bfc93f963a28a1de5ba8,07d8deccd078d0598912122c4307b7ca98bb6d56c0b7b1d89822e1555db51d70
sycaudit__camilablank_2e4a4d13e7d8cc,train,552,camilablank,2d326f19257bf1d51f598dd14b81a422e66191c292d48da5231f417699fb4236,3f39d5c348e5b79d06e842c114e6cc571583bbf44e4b0ebfda1a01ec05745d43
sycaudit__camilablank_2eb87274bf4f7f,train,547,camilablank,6638b51706f05a24f5644f228dd679313ba90081e97c9047a33ba63f6e1f9867,df7e70e5021544f4834bbee64a9e3789febc4be81470df629cad6ddb03320a5c
sycaudit__camilablank_2ecb2493d83b60,test,626,camilablank,929e780d3ff24e856eadfde08b68aee4a1a4e11e9849a82a71b49bae653c955a,f9e1f628bb1e67dab4820b6b2ffc85763101f9f1797c0f07d2ac022b640dca2f
sycaudit__camilablank_2ede651e088859,test,571,camilablank,7bbe7e50e0aadfc079c751948f34dfe42d8c2f39d14bf38d3a6f357a53b1d88d,559aead08264d5795d3909718cdd05abd49572e84fe55590eef31a88a08fdffd
sycaudit__camilablank_2ee139751e1332,train,627,camilablank,b5ea29ad71396f55dd95bb1eb5c39847799d9c283c16089a031d992782eae3a4,61a53696da1911677179b9da1fcba264107653adeb159206720327503564af9e
sycaudit__camilablank_2f20d8ffae3ee1,train,628,camilablank,1be450bbcf5451d91388c3ed096d037f90392c4a3957191ee9635483159a1902,371c7f0da51672fb62ced7aa498cc7110c302929124b5b6c2e2157e41edc1f3c
sycaudit__camilablank_2f4434a71f186d,train,559,camilablank,921caf025120245cd6b7f1fd803c468659c93513086d539697cb4580d14c6d6b,8a798890fe93817163b10b5f7bd2ca4d25d84c52739a645a889c173eee7d9d3d
sycaudit__camilablank_2f5114578bc471,train,559,camilablank,6da74a66bd64e1064c5fe654cea5d790eaeb02e9a2b93a0e9d6d8a8b95e7c89a,8a798890fe93817163b10b5f7bd2ca4d25d84c52739a645a889c173eee7d9d3d
sycaudit__camilablank_30448555b483a6,validation,629,camilablank,aa335a4e86bb0a0b02956034b845c11ba1747839b879bfd705f0347f59dfb6f6,e8daf0b3f17d5631c21e30612d61ecf19ef8aa02e81ae5bca1a91106afa2fdd8
sycaudit__camilablank_306f319d060b81,train,552,camilablank,4298663ded0846ce148fff69dd4aaae4b775d7440d28a21c5c07fda6af045a29,3f39d5c348e5b79d06e842c114e6cc571583bbf44e4b0ebfda1a01ec05745d43
sycaudit__camilablank_30f3b15234ddde,validation,630,camilablank,80778b953deb775c727364e7a812f20afb8feb46b7d5025e6d3dd4a33d8a0be7,02584e0e933ad112ce7ce747bf4ebd9c252d2013ab6795d95281ed395dbf91c8
sycaudit__camilablank_328e87838a1db3,validation,631,camilablank,32917e2824b169117327921112198dcb9b9fe7d109d873d2e190acc9d462c927,c2454cafd6b2881b063cebe7f9bc001e8935863c480d3fe03c688900fa0615c5
sycaudit__camilablank_32ca31bbed76d6,train,585,camilablank,0d6edd830ce1bce43a0959ee36ce4b6563494de836d3e13086a64bd116095789,d881cfe4a8c357fa2c42b91289b3fb3826859bcfeff7b6c4d65bc7a675105e89
sycaudit__camilablank_337ad011988ba8,train,559,camilablank,fc7631848b7545e7effea350aa95b0890605d9bc9953319a9d1bb739e289e0c0,8a798890fe93817163b10b5f7bd2ca4d25d84c52739a645a889c173eee7d9d3d
sycaudit__camilablank_33b141114498e6,train,570,camilablank,0de2699617f5ae94d02b37068bb55b01efbd8b7b66b6775510caffed4fbc32a6,5c5d1249890936fb85a74e07a46d5676ff4d1d19a2d19c241fd8c494cff5035d
sycaudit__camilablank_33bfcf277b61e3,train,546,camilablank,bf06ffe2bfe69c1f62f204a0c83ff9813e164bd4923b2d0a7cfb6b9933d8bd36,9390298f3fb0c5b160498935d79cb139aef28e1c47358b4bbba61862b9c26e59
sycaudit__camilablank_3403431a70dddd,test,632,camilablank,61ec41dd478082d66a011707529634e86f5f8bf40c4f8ca53f9c37ad2778db68,a9742ed628df4d8f72a00e839c33326398cc32675efd61a8ea7182040f5d3d63
sycaudit__camilablank_341cf125b09b25,train,546,camilablank,6fd0321dc9d1585e1455d62ee43931db87673420b774acecf5d25a6f0c4435b2,9390298f3fb0c5b160498935d79cb139aef28e1c47358b4bbba61862b9c26e59
sycaudit__camilablank_34b267e660f2f1,train,593,camilablank,71d63720dcbbcfe435c7f666d56aa9429b0e71cb049f2c9065f54abefa809559,d5fad9d92d8d33b8509400598b7af824be860b3bfeb241e3f7c49b6aa651a8f6
sycaudit__camilablank_34fd78820e9750,validation,622,camilablank,2600d4d38a06af66d2ccd36e1c6f3fd2f6bff73e026358727a15fff7eb53440d,747fdf1139f3fdd2b76ffc5d1d6775c80559181d38a2d0ef624ec386dbc3044d
sycaudit__camilablank_352ec486454cdd,train,559,camilablank,c86d4c091c1eda394df29075e3833aa3261dbbcf333bf2cbbaa96193bb7d223a,8a798890fe93817163b10b5f7bd2ca4d25d84c52739a645a889c173eee7d9d3d
sycaudit__camilablank_353f7263fd6ea3,train,633,camilablank,7a0b20b175113fddff441f1efa3f7a1e495e92f2011da705fd0acb15eabb239f,3046a72c3f7d90ebe481f473bb56f1f73f622c29dcb172d82df39f24e58ef162
sycaudit__camilablank_363297669edbb5,test,634,camilablank,3978027f87459ec1c3ea1e6e83d891239541b388009b289883c8cde3a2e89730,f068d6d143b8a093bdfb586500db5ce809171b91996781d1404fefef78ad93dd
sycaudit__camilablank_367e9888766003,train,552,camilablank,9cbfa7525b522d28d33d4f1476417d349a3f20eec1bd2b9706a2dfaf51d7eb49,3f39d5c348e5b79d06e842c114e6cc571583bbf44e4b0ebfda1a01ec05745d43
sycaudit__camilablank_36aef12c7f5111,train,559,camilablank,878404642f8bfaf77655a49a0514235446d10a6f7ce37addf6e60cd0e4a7b602,8a798890fe93817163b10b5f7bd2ca4d25d84c52739a645a889c173eee7d9d3d
sycaudit__camilablank_36e25b1d86a18c,train,546,camilablank,eb0c0ebda836218fd0fb5d584d228014a39996af66718b6ae414c6234c6b90ec,9390298f3fb0c5b160498935d79cb139aef28e1c47358b4bbba61862b9c26e59
sycaudit__camilablank_384a6a4e93d74e,train,635,camilablank,0d6c5d27a04968d2d07bf7fc2c62ed1279899dfeb4aed4fe781396fe5ae37bec,c2c2a92b6147fbbb958b86fcf4b80d7878635ddc932728c3db08b751c4a6478f
sycaudit__camilablank_3852b7c96389fa,train,636,camilablank,8dd2c918a439dc24f326760f7119e349d6336eee5e01c69aabdbf193f15efb51,1f4a780b0f45f31f4511437dc8413a9a9a11dc82650216bd84dac987922dc33a
sycaudit__camilablank_38fdeebeac78f4,validation,637,camilablank,dc2efc5788b7a94bda0b1ac111327b31ae819cabef87c09b7670f4d834c0e686,3d3a40c3f1e2a0cfe78b376ef585ce3c1391f6d5ada68518ee8de87d3740b501
sycaudit__camilablank_390154f4bb1981,test,571,camilablank,918c99cc84bdd83a77eecbce995b7d11f10647d3d225a88b64bfa3cc0a016cdc,559aead08264d5795d3909718cdd05abd49572e84fe55590eef31a88a08fdffd
sycaudit__camilablank_3938e346ba0fc3,train,638,camilablank,b3dd4082fe07c92adca6f861086749a22a0baaaac612cbc0e60078c1eb131223,1e520308156dc8e7f16d5562f1b6a97b66d15b2bcb29c2b02ccf750edcae8370
sycaudit__camilablank_398d81c87cc1af,train,559,camilablank,092c143a42a3efbc22ce54b62f50282264dbc82b6190351557300003d21fcf7f,8a798890fe93817163b10b5f7bd2ca4d25d84c52739a645a889c173eee7d9d3d
sycaudit__camilablank_3a9d2fe91487e5,train,559,camilablank,b1eec665fb7e4c1ff2aed26340c021d4fe55222d1c95fd1119963a89950c5bca,8a798890fe93817163b10b5f7bd2ca4d25d84c52739a645a889c173eee7d9d3d
sycaudit__camilablank_3aa0270449c977,test,639,camilablank,a848f8039ee6a314fd6e1b943ecbac1bbbfcbabc48fb9a5f9d72c3863d123868,3a8a40dfea9a442bc52e5167799cb81a82a0192d956e80708a8346a3a327363f
sycaudit__camilablank_3adfba594e2c26,train,593,camilablank,ed1c4d4aa59f3070ccf58893af911fd732292b3df7f45799e9b1957d4d2ffd7c,d5fad9d92d8d33b8509400598b7af824be860b3bfeb241e3f7c49b6aa651a8f6
sycaudit__camilablank_3b3b1946fa5d82,train,546,camilablank,cb9aacb87d77e2df375ba0a7b48da33d0bcfd7f2f8c70e7dfad292f495e807da,9390298f3fb0c5b160498935d79cb139aef28e1c47358b4bbba61862b9c26e59
sycaudit__camilablank_3b609586cf7b61,test,640,camilablank,9d335ee743da2a4ebfd60c86568f92cc98491261b8521d2bd9260a6adb3e43ed,7d2e698717c0cee4b161a92204faa7c26569439a2a8a8603ce5c2258967a0326
sycaudit__camilablank_3b67a0aad34d5e,train,546,camilablank,cfb0e6208f2dae0e2532bd38f0e3935a369172003dafeee40471432a72c8123b,9390298f3fb0c5b160498935d79cb139aef28e1c47358b4bbba61862b9c26e59
sycaudit__camilablank_3c63453a850ae8,train,559,camilablank,f8070a8f02be637b35eac05f09c7b8859f88d93eabbad859375b259c62434924,8a798890fe93817163b10b5f7bd2ca4d25d84c52739a645a889c173eee7d9d3d
sycaudit__camilablank_3ca8f8253bf1ab,validation,641,camilablank,2d8d55534e69366eebe8d4225222cc7fe7861db3a61c420396b75efbbdd910f1,4b978d1ba836276dda2b03e50129c1372f50328cb165ffeb287c1138a0a6cf61
sycaudit__camilablank_3d2eea6398c526,train,546,camilablank,d476a373c6619fe2ea36795f0f328d36fb198cc90933682f0195b5fa45fb3f10,9390298f3fb0c5b160498935d79cb139aef28e1c47358b4bbba61862b9c26e59
sycaudit__camilablank_3d395d10faa9c1,train,547,camilablank,df4174ec9626af8176022e9075803747388bc226ce4795707a9e64445120535b,df7e70e5021544f4834bbee64a9e3789febc4be81470df629cad6ddb03320a5c
sycaudit__camilablank_3da09840cd9ecf,validation,642,camilablank,5be3fce8e98f2bc746a9c6dfe97943a9da8bdea4ea4f5346a0f80dbf7aadeffd,c9172ec425284dfab7d7f2e3e5108140f1326e0d362c9c2f6d0371f2eae220de
sycaudit__camilablank_3e73bf401a4622,train,547,camilablank,66142d65172af145cb5c60f246e8545e052b3c19ed4d7fef5257449a67502912,df7e70e5021544f4834bbee64a9e3789febc4be81470df629cad6ddb03320a5c
sycaudit__camilablank_3f4f9b6a6a06c0,test,643,camilablank,9d8b708e85dabdb349650b72601378d98d90df7108ac41d0f66eda1bd2d0fee1,2814350ba450372d97c7a43df8d4b8d063013b75c5fcd0aafa8e816ab022244a
sycaudit__camilablank_3f86414d04b97a,test,644,camilablank,71b73d0a98dba94edf8214de593254c52ec4a799e8b87392b38fea8c4a1887b0,e9581ac6f5669d1fc532309463ae98734d80f69e1720d9a17b3d0a52c80b23a8
sycaudit__camilablank_3feeee3dfa21ac,train,628,camilablank,05dd779a15b05f1cc0663e350f9047193dd8b669dc91b4116e50de8032a2e1a3,371c7f0da51672fb62ced7aa498cc7110c302929124b5b6c2e2157e41edc1f3c
sycaudit__camilablank_4015d4baf1a01e,validation,645,camilablank,80047baf6045f6ebdb1513f77f1d6748d1077da02dc65b617d9b6348cd981616,389588c0315c7220de22ac8e25e797bb33f468984c2679c74ea4cce10cd13582
sycaudit__camilablank_40176ad594e285,train,559,camilablank,ab129056490811568fc18151f670073d3ef434ae32dd9c919d0905f96ad3c23f,8a798890fe93817163b10b5f7bd2ca4d25d84c52739a645a889c173eee7d9d3d
sycaudit__camilablank_403849418a0311,test,571,camilablank,a19a8804f3929d276449a77d68d93e901f78aef4b255ff7f391e4e99021a3067,559aead08264d5795d3909718cdd05abd49572e84fe55590eef31a88a08fdffd
sycaudit__camilablank_40a9bbdac5852d,validation,645,camilablank,fa9858b5c90f04415b5c24e53818cedd59da53677c387750e909879172958f25,389588c0315c7220de22ac8e25e797bb33f468984c2679c74ea4cce10cd13582
sycaudit__camilablank_40cc5e96502a17,train,546,camilablank,8f5da21d73d64bef0bf3c4ee327a5cb78a146d812b1cb8e72cfb5a0b5cfd61a4,9390298f3fb0c5b160498935d79cb139aef28e1c47358b4bbba61862b9c26e59
sycaudit__camilablank_41f8f7abc67f51,test,646,camilablank,fbd817d6732edcc0124beb8ce9ce834371ec71134a31bcc5cbb0e51653058132,a081eedaf34b9b595697e52191ad0f2f8aadc99b3d3e39c06ff1dfb916f23d06
sycaudit__camilablank_42111f97a4e4ef,test,647,camilablank,01c63de1f1cc1d5df79b0f67484e8d15f5d14bf5b9946b5f714196e048b044a3,26d1a7703e5d571dd699bb2ef2c5714522ce510efa8478cf02f44a8cfa136a77
sycaudit__camilablank_4252acea74c4d0,test,648,camilablank,63ab5580d496beaad696a8080913b21117a5c7efeacb8a8b52ba950b2945feb8,d2efb49027810559980900bf61932c112316605d921f8059443d7eaef016abeb
sycaudit__camilablank_42573d321832a1,validation,649,camilablank,f9082c965a8467f74f8ccc3c261334b0ca09bbd812a417df9ee6c20dd74d8c9b,b1e7fb8ddc1b870fd5f6bc58531dc060902d722d3040a57102f787701d32c741
sycaudit__camilablank_428e7e5010216a,test,650,camilablank,33747774423d9a12b09e5633b0bf4e5bd6c0d436eccf9f3bb758b1b04714e4e8,77a63abe9a7b3f8ef275c9212d27fffca4823dd31541eca735e7b68ed95304a5
sycaudit__camilablank_42ad5bd14fd10e,validation,651,camilablank,ccbfd495e5d9b246e2bf42a5513b94c115b6cdbabc77a786d68ec5fec3fc1a0d,99ba96e967ecd30ec6963c29bb1bdb3ef2abd20201207aa08f688b30e207e1d3
sycaudit__camilablank_4379d8f4e7739d,train,547,camilablank,9589fbfeb96ecd5eaf9ab392415452fb245e2618c7e750bc341db4129dd374ba,df7e70e5021544f4834bbee64a9e3789febc4be81470df629cad6ddb03320a5c
sycaudit__camilablank_43d6e41f559c4d,train,546,camilablank,a0716903afd2c492288a335c0ca80058165c9159e72e10bad896de1fdfd96dd2,9390298f3fb0c5b160498935d79cb139aef28e1c47358b4bbba61862b9c26e59
sycaudit__camilablank_441b553f0be8f0,test,567,camilablank,dc6ec46acf096aa75bf56b23b2acdcddd167ba750f8c6bcfc94c85d1c866559e,e0b82559e6b17d7440c4102761e429aa1b1082cd61d96b4063c3635508443723
sycaudit__camilablank_44f2d3c5af07c8,validation,652,camilablank,fa5c4d21f474aae939fdb6916220622d7ede5565a0569d4453a9516c6aa3283d,4433d1f97ffbb9c9a9b02c7175d0a9882614887396b0c901d3b6fb02d4023d4e
sycaudit__camilablank_4550d8b6aedcd5,validation,653,camilablank,93d1d1db8ca449c5a38853ffa13c36e02476e687457c4e0fb74759b3fa732b31,25fc600c63a3c4d5820ad4039d44888d66520cd8e13cd822c156f8607d9e65e6
sycaudit__camilablank_458f50dd4216cb,test,654,camilablank,d0b4787910f895ec5f164ac4a9d6b67022a2943e9048bfa94ec2a8ae8f3ceafe,5da3ecdb809d311015c6a4aba7e32daa0ea6031ad65e1aed06fc540fa33fd254
sycaudit__camilablank_46718cc20ae228,test,655,camilablank,cabf01bee9c80f7874bd6a2c6ee0083513b4abba932f48d4f9ade687ed5d704d,f0d32030643f6e888c2c64ae0c41e8983ab54479e6bdc2c718285fca9aa34361
sycaudit__camilablank_46c15f327b949d,validation,656,camilablank,70da41408d6fb58f481730a8b3a0c7783478c135f449638f0d3a3a28bd9998b4,b23bdb8624a11578ed550ab0ea097dcbce35cf5a10de0b714c76017a77219a66
sycaudit__camilablank_472251f8290394,validation,657,camilablank,536d0d9e98ebee464287139d5502487af9907dfd6f26db751402bce40d105b70,5bda9fa576960f4d5072bb5977e3f3c3da7279a7969b58ae763dc1b259823d2e
sycaudit__camilablank_473f4bac85a5c4,test,658,camilablank,b94befb4c2643f6b4ba3d549609840d0ca6925261689319d48ef6b7c61e2324b,dacd20ca029bb528d459dd9395b38185cd1ac3ccce43c10fdc9a72a1f93e34b7
sycaudit__camilablank_47cdfdb74649b2,test,659,camilablank,f580de41e00b8b1adc729d4d249bdb9b359cbd01e2e50d6b4ca3abada097a279,1f589f4210532df768c4a3ab01f8f56805adbe67e96e6120833dd8e21ece8528
sycaudit__camilablank_47f05b9f3a02d5,train,546,camilablank,38f042acef4c7ecc2cc94579462826197afdad95fbcc35ca6ce394ab0fd54641,9390298f3fb0c5b160498935d79cb139aef28e1c47358b4bbba61862b9c26e59
sycaudit__camilablank_49c187dc56d46c,train,555,camilablank,2681c7a8805a4ccaa2988ea4123fc44459814da9aea07e130aa6ce02f7ab2e32,6b23c0d5f35d1b11f9b683f0b0a617355deb11277d91ae091d399c655b87940d
sycaudit__camilablank_49f13b46bc7dc1,test,660,camilablank,92e4934f34ad00d564b87b598fdfaa21e58ae59ef70c5da28b2e676f7e1d3eda,f69d0a8cdcb9661d39d4c5d26bf27612644a811f70c76078a4bde00c96b2ec53
sycaudit__camilablank_4a925510289d44,train,559,camilablank,2ad2fe9e7c12b8e01e2b9abf09fddcf45b1274851968606419fe50713a7ff944,8a798890fe93817163b10b5f7bd2ca4d25d84c52739a645a889c173eee7d9d3d
sycaudit__camilablank_4ab8dd1b30c89d,train,661,camilablank,5e0c61be8c033dcd65fd0b82d7b1325255cbf86b1044b66592a85d58e4c34c5a,54232353100764f1c15b4a3c0be7507aef45da7d06d16f8ae4542e3012b44070
sycaudit__camilablank_4bd2fb6bd7c68d,train,662,camilablank,886c1cbab94e543a710648e65021061a5bf8376a3718a42e8fb356e54ee9d2b4,69abee059d2081d45bd12314fe7c20099fe255411107c9d2fc86b7013985e179
sycaudit__camilablank_4bfa5159e9252a,train,547,camilablank,7f7e1a8402ce5848a3f4bc8976712a28be57752d392aa138ffbce6005ea1f39c,df7e70e5021544f4834bbee64a9e3789febc4be81470df629cad6ddb03320a5c
sycaudit__camilablank_4c5c5155c31ad5,train,555,camilablank,38207e52bf79851fdb23df6a316aaed766643996db95d3489d69d51930ba5ddf,6b23c0d5f35d1b11f9b683f0b0a617355deb11277d91ae091d399c655b87940d
sycaudit__camilablank_4c697475723d6d,train,546,camilablank,6e693a4b91facc7bd81dcce0b8737f5afda581d5071c8711e57cafa450afd22f,9390298f3fb0c5b160498935d79cb139aef28e1c47358b4bbba61862b9c26e59
sycaudit__camilablank_4c89e5090521a4,train,663,camilablank,81359f61ff092a784c8d65e7535cd36f3a10f4d2ef6f315305aa446b7afec50b,caaf133eafdd9647160aed1d3fd206b4910bd00ecfd28069ec08aacf350a2350
sycaudit__camilablank_4d385dd9817c22,test,664,camilablank,0c48ae18c5cce7baf99efd35ac171c10c6cdecf4db85b0034b066939485a3ab8,5f7e69ef0ef49fedf5b6ee026ea6e31f47a3d266d155a20b4bdd56522ced1758
sycaudit__camilablank_4d9ff57f197701,train,552,camilablank,03eb6ca9b0736a7ba62ff75d807cc264ab58227528e2ab2e00cc285a07870d4a,3f39d5c348e5b79d06e842c114e6cc571583bbf44e4b0ebfda1a01ec05745d43
sycaudit__camilablank_4dd74aa2218305,validation,665,camilablank,28127ada8eca17da199622c70ff63c0bb3ca0fee23ac67f7bf8572a490c47dc3,43c1ddde9e76994a69d695798fdacbf8c120952f1810a91ef09c6e9e3159723b
sycaudit__camilablank_4dddc121622a2d,validation,666,camilablank,300567d3e86c04ffcbf6ddc861d9ffb472aeddc0b328b545229a147cb061d90a,2d371cf46dd8dc5b902f0adf84581ec097d845f2d4d8ce5a7717fde02de08233
sycaudit__camilablank_4f6da061212aaa,train,552,camilablank,05809186ae47cd4efada0b297c694fc02ba23eb5ff39ed7497072dfda7186cca,3f39d5c348e5b79d06e842c114e6cc571583bbf44e4b0ebfda1a01ec05745d43
sycaudit__camilablank_4fa7d6ec3656ed,train,555,camilablank,4bb4da2259c54bfd68030b7c09657995f5cab2080fb8911dc1c92aa7b0c9ef39,6b23c0d5f35d1b11f9b683f0b0a617355deb11277d91ae091d399c655b87940d
sycaudit__camilablank_4febc70b5707e4,train,559,camilablank,0103f32115aef1158e7550b85dd097241c26eeebb823454d3b9be1780df03a2c,8a798890fe93817163b10b5f7bd2ca4d25d84c52739a645a889c173eee7d9d3d
sycaudit__camilablank_50264872ac241e,train,547,camilablank,2074e2e129d05018fc4d6a28fe3f395ac6ac7648b995e5b9d0777a6a5dd4769e,df7e70e5021544f4834bbee64a9e3789febc4be81470df629cad6ddb03320a5c
sycaudit__camilablank_5027f5395e670a,validation,667,camilablank,6e8859e5ec34261c46e9d2f1630e10f5bccc62607fedaefb61722484795ef186,89e06f8204a9b213143f44e533b28c985059ac16e81111aae7f11e2995cc6a14
sycaudit__camilablank_502fa334b0c8d0,validation,569,camilablank,4e2da5150080e0ad03e9674e246d47a49fb1a2aecd7b27a2fbaaa0faff5ac2db,c2db82c450b39035db30d138674216a6df6fc321752cc82a3d3e0436349c2b09
sycaudit__camilablank_50ab7fcade5daa,train,546,camilablank,14315e823b7f031801161fa907cad0a9cc5447b7cb5bac30998f05db8718cdaa,9390298f3fb0c5b160498935d79cb139aef28e1c47358b4bbba61862b9c26e59
sycaudit__camilablank_5129c1c8bd68b5,test,668,camilablank,979de7aae7c93f574d5071cfd8f0fe4f67ea623001ed7bd472eebd75e997ff1c,3851d97af2674277f79c10a208a7557f96e5e3a1244603033903997af3f9bc72
sycaudit__camilablank_51415ed15e740d,test,669,camilablank,c4990280d0ce3aac43c48c1318877b8e05584b46e80ea6418beb6c0f02859397,257b7a9619016e86067e4042f19d15fcc8537a82aeb6d0c5b9b01e39be02d69d
sycaudit__camilablank_5147a778b9abed,train,546,camilablank,03e51394f53f96f6979a5e2c4dd93b839872eb7aef940ab55a19fd8b68d55d1c,9390298f3fb0c5b160498935d79cb139aef28e1c47358b4bbba61862b9c26e59
sycaudit__camilablank_51568ca61d6087,test,571,camilablank,8d0d20e15377a839c0d93b0115b0ad3d595afe81bad6afa073ab384f727fbf7b,559aead08264d5795d3909718cdd05abd49572e84fe55590eef31a88a08fdffd
sycaudit__camilablank_5190ef5ff990eb,validation,670,camilablank,0a732f4b5c8156a1b438c9203ce13593eb01e27e6458f4a4640cfb01d392d17d,ab902f9bcdb377b10da4192d2c8746d165b514e8e6708b6a80c68b5e000edbcf
sycaudit__camilablank_5201ff613bb2e3,train,546,camilablank,8b5a8c6212d8f9a394c72530c31511c621a5af4fffcf84cd1c9222f91bfc6035,9390298f3fb0c5b160498935d79cb139aef28e1c47358b4bbba61862b9c26e59
sycaudit__camilablank_52f9dddb44bd32,validation,671,camilablank,5926e474779695b520e5307f55821b1b00cf9fa28d8440ef5b3e04c369ccf0ac,b25f7217d151aa4bd208193e7d6f123015b6919c895faac43b8596e95f8d69b8
sycaudit__camilablank_538f8e669b5846,validation,672,camilablank,7026142b8845572acea4d91851b3fc5a0780d4c3f9e22f035b67e7445e65b23d,8f90f32a8329be6bf288981bef8a22259a009f9145b789cdbb016a92cd5b9c79
sycaudit__camilablank_53bd534d4b7560,validation,673,camilablank,7451c8dc6eb7cb618cfb364862f5a5be0cc8f3f0305075d94f707bf530e55396,e23fe6ffc12e125a6e077584ae0c4fa9a9c3f0acd635d55fd7f558a049e2d5ec
sycaudit__camilablank_54b2b8af686aa3,train,552,camilablank,9d38846f3eb99efb3404d29212bde53d97a83fbcebd66bf5d585a629d7c4e817,3f39d5c348e5b79d06e842c114e6cc571583bbf44e4b0ebfda1a01ec05745d43
sycaudit__camilablank_54de6960ef4913,test,674,camilablank,3743ce202b9403e406b2d909c54edd708b67239084ce04e5d8cf181fb1ec321c,95578698ff308d28f9876aacd5c990ef1571724d0dac8e1e5c14e2a49c9638e4
sycaudit__camilablank_54f8adc7d53599,test,675,camilablank,2cb52bde76601c24ca2a0ce4717edc09f8bbd0ec49d489be8c0bcb332354c7b9,d50d7329e9ff151eee6a1d217f858a01a4404b7696d649ba1c76a00684700469
sycaudit__camilablank_5680aea1bf91e3,validation,676,camilablank,349196ed5d4de65619723a2af72b5ca0a234b99d7b65147ed0d0695438ab26ab,9cf9a5cca00ace2898ad8d75b7dde1a8d0390b8b614e1f71f50a93ba09ab9098
sycaudit__camilablank_56d524a821c3cf,test,677,camilablank,69db18bd74cd5daae6d44fefa2e36b24c6853f5edf1b29286b41964bf8ad9baf,bcdd2984975d3cc364dfec6eb39cc76aa9a705f4e6aba2c793407c3056c5bd66
sycaudit__camilablank_56fb8c12db077f,test,678,camilablank,9416482dd53e99f8d3f568c0257fd91903bbb29fcab00bb88353566a6f95dd58,30dcb5b67aaecc0664329851818b25a564a167e9a33ed5ed87ac904f8a155748
sycaudit__camilablank_58c01f1d0aa067,test,679,camilablank,53ab683c28fd9b1604ebd6710671065e14a8d3c5f8cd55b7688b743c6819cf17,77e2a04257ecd8c94e181ed5d64f7604d6971102f499daa98cc387a65edab825
sycaudit__camilablank_58edc132f74ad4,train,559,camilablank,de7b739fa23e00837fefc4f719ffdd59a7ccfca7597107c8fad44bdfb362888b,8a798890fe93817163b10b5f7bd2ca4d25d84c52739a645a889c173eee7d9d3d
sycaudit__camilablank_595392a4046a8a,test,680,camilablank,67ac2fa7adac9690689c465f01665292e6712e25577c5046016b232a1efdec79,6c628af1f3bedfed7c93043932a1378d93379a8cd7519b6e7ca7e7def3cea413
sycaudit__camilablank_59a93340653d47,train,546,camilablank,723b2873c077f0ca22590a0c3550bbac3bae200092b828dec7582e0a68a96e55,9390298f3fb0c5b160498935d79cb139aef28e1c47358b4bbba61862b9c26e59
sycaudit__camilablank_59acc97e70c731,validation,681,camilablank,a59a3e791a132b486683b87f43bbac31847453956f28b4ee39ddc72e3fce345f,57b4614f48ca9f2c652ccf1feb4dcaa0f26e6ce5e08133e2baaaf4e0be0655ff
sycaudit__camilablank_59e841d2df6a48,train,552,camilablank,aa3583b6befa55a2bc11407bb0b768cdaba06a21ec342fe188c1d3747cc02df8,3f39d5c348e5b79d06e842c114e6cc571583bbf44e4b0ebfda1a01ec05745d43
sycaudit__camilablank_5a39572429146b,test,682,camilablank,1a325e3647675e6d89328d338c1e3938654506d862fc89c3973ab038f307faa5,3696b0c66da48be02f907f50f5ff56916444b8a13f8c3ab2d00a3f35669cf028
sycaudit__camilablank_5ac444d09b374e,train,546,camilablank,e3f9280d032300543079776a1a0f66cddac43b6e0f21c63d08514e82ad24ff7a,9390298f3fb0c5b160498935d79cb139aef28e1c47358b4bbba61862b9c26e59
sycaudit__camilablank_5ac89ad7205b17,train,683,camilablank,37f17b92b5bc5e6fc51bc687dfc804e6f0f890370667af3f9c337e27ebf7c975,932bd896c23bcd5804b48cb734893d4fab4d551d8b7e629fa16473d05f128353
sycaudit__camilablank_5bfb50831ac722,validation,684,camilablank,da4b1a4c748b17c94829d705b8d42f10f8ff40fe3328eca50a91f1be739c2bce,03cc13d9d7b1dc800022811ac4e4ba3b3d76999da0f4e6483c24e0454efdde48
sycaudit__camilablank_5c221a3fc4925a,test,685,camilablank,c4c689c7bccd663ffb3bea2b23d52219e22ba83f50214d4b98114ec44bfb413e,7d8e5da2ba5f65353ffc5dc88e3dbdf43f9863a5c7dd4c45bc1d269b0bda9e67
sycaudit__camilablank_5c5c3b977bf454,train,555,camilablank,6fceda9d553aec6ca01e1c2b22b348d5d9ceb4cc8799b02d374f73b996bddf87,6b23c0d5f35d1b11f9b683f0b0a617355deb11277d91ae091d399c655b87940d
sycaudit__camilablank_5d6ad108c5de02,validation,686,camilablank,0f07b97efa28cbff811c0623e204087dad7f989b058e62e71173b65576fd0aae,7f12e3a8faae761cdb852abe3308fd083f22a47edc09d7cae7c6c26e91ad8da1
sycaudit__camilablank_5dd0e453f7f546,train,687,camilablank,995806b28e00696927c5addd89956bf2ebc7be3d4caa3ecd1407cfffe5e220d6,48536e84cc48db9ffed8a8fae3051e12a089276ce0369be2930fbb30456449ad
sycaudit__camilablank_5e114e8b42aea0,train,559,camilablank,67e748355c1610fe5ff0f87ad0c7c8559c06e37296569533886470839c24ed0c,8a798890fe93817163b10b5f7bd2ca4d25d84c52739a645a889c173eee7d9d3d
sycaudit__camilablank_5e671aa8925f0e,train,593,camilablank,56dc675a6e54479b506eb4151654e6f1273ceddea210e111d4d11c71584ca753,d5fad9d92d8d33b8509400598b7af824be860b3bfeb241e3f7c49b6aa651a8f6
sycaudit__camilablank_5e778568f552ec,test,688,camilablank,2d6e22fb0cdfd04812b98157d0715dcfeac2f418236ab2c6ebdf398966c8f007,38c7c398bf62baab7a45f31febb6d393dc2c7b08c6fc1e771fa71ad45676c4c4
sycaudit__camilablank_5f29ff7fbd0aa0,train,572,camilablank,3688830a9aafd0d046683c10578197dcc6a94b0d16395970a016c2f917cad403,be651d5a8e97690fbb1fafd9b89ea7bb5458b27b1d24a449c67ca762317ac1df
sycaudit__camilablank_5f7bd2a7b68238,train,689,camilablank,3b741e176269dcae56d49771bd436955d0f38ae6add9b2c26c3b5a2fed763eeb,27aaa4aea8b5e7bf93513cab7878585e047d87f921d8946269529dec9abb034f
sycaudit__camilablank_6015cf607561cf,test,571,camilablank,426fe35eed8bf85f59b2f0550c5641b487e02020c6a324a9cd55f05daeb15241,559aead08264d5795d3909718cdd05abd49572e84fe55590eef31a88a08fdffd
sycaudit__camilablank_602952e9809f34,test,690,camilablank,37a1543672f4a84335aa3ce500d9071c3cbeed43c0b95ff18ced2e81dc0762b6,c50e33e3398e0c459580665306c98de6b07c12250fee15f6283e4a6075b9ee11
sycaudit__camilablank_608dcc642eca38,test,571,camilablank,5605f80379bf6a316f26d01de33d2fd1577c0094d5a0317bbb08fb3587f1ccc9,559aead08264d5795d3909718cdd05abd49572e84fe55590eef31a88a08fdffd
sycaudit__camilablank_60989f91df0957,test,691,camilablank,0544e2828700dae4c7c6d9cc4e043c974989e955fa13af78d37bc3e3e9b8e5c1,5f5e24c9cf689c4daeea35c41668aa981b16456cdca699abc0d496a5f633a13e
sycaudit__camilablank_6148fab2853941,test,692,camilablank,9ace610fa9481b83b76edf335e1907305aa799bca118b0f278e3c1eed1b37399,654e9589468ef4f8b05b52e1fded2fe38ec1f7e7685c8bd9a57d846532b37b0f
sycaudit__camilablank_614f915fce2db5,train,559,camilablank,4833a72c42d0a766efc38b5caf7f32aa1b5e54b388b64106c20c5b68dada9fc6,8a798890fe93817163b10b5f7bd2ca4d25d84c52739a645a889c173eee7d9d3d
sycaudit__camilablank_623514d6e07ac2,train,552,camilablank,1f7c6ee2faecbb672985c37acdb6307e6b56e90d07dd00bc40617c210693450d,3f39d5c348e5b79d06e842c114e6cc571583bbf44e4b0ebfda1a01ec05745d43
sycaudit__camilablank_62d48bda155e2a,test,693,camilablank,2964880e9d1676db813daa42ff802991ca18bd37d471a7922707b4d4ae7ee13e,6399a3f31aa419e84b9ebc7716d1b2834cca742ebb321d64ab6a3ba7912c555e
sycaudit__camilablank_6348c0390d68f3,validation,694,camilablank,c401134c42aef9f951195a35a762ba3dfb0b47143f2cac586fb2dc8e4656b411,7431496368a0548d734241deb981b822eb63182ab8bc6e2d68271e7e05e84ab2
sycaudit__camilablank_63580bbcc3e422,train,695,camilablank,9a1463c73c817e08ae7d5c21fff4108eb20c603909e7b3e0bfda65bc71e49397,1c1a5288eb65a23cd07931595374822d4847ed18fd9f35d7dcb6dd3813e5288d
sycaudit__camilablank_642161cd89532d,train,555,camilablank,5df09c7e3ad6c5f660e6c9af65f0ec4d090e3aa576b2a86065982194d3c4eadc,6b23c0d5f35d1b11f9b683f0b0a617355deb11277d91ae091d399c655b87940d
sycaudit__camilablank_645e875e8a80ea,test,696,camilablank,9e30225c8702e357d0ed4388ec40b0f062dcd05ef249119649b0b5618f452c5b,32b2a68ed695aeb0da24008c4562f598b1b28012d6bbb541f862ed17a708e295
sycaudit__camilablank_6495c55f144728,validation,697,camilablank,d391d10b749d39309f67e793ed8860a47ff88c8d1f7b5e4e2750d93132d1f7b3,74f45ba4b8b0d4965ae8fd940db45258f41e6b832c50a4da47569ec40f01517e
sycaudit__camilablank_64b42ce245a02a,train,547,camilablank,371d553f1341450673695f79185f2b73ad148886e910ed8e1f4c8c4ac40aca7a,df7e70e5021544f4834bbee64a9e3789febc4be81470df629cad6ddb03320a5c
sycaudit__camilablank_64b600fdacf2b6,validation,698,camilablank,14ca0caaac221cbca93fece6c4b2ed5575a12474159afb3da1733ed4b6cea8a1,f8a512539b819a26b4cdfb7f8d3fcdfa5916c73a61787b8bb47c60a0a6493f33
sycaudit__camilablank_64c6e93b66ac8e,train,558,camilablank,4ed8adb2b84ea4b82808866641016851925ab475285d1dad7816aca3327820f1,ddd3367c14574218a095b6ccea3f1237c2adc9e475d1ec8f876b4441a9a5ad5a
sycaudit__camilablank_65b0a7a93b7ba1,validation,699,camilablank,ad83e215b5060639727f21990d2e884dad1d8f7845ba18136eb917fb60cce0ee,d4c771053d0281ab3a02343e9a13f251256e75f4092f56eeec9359364950c201
sycaudit__camilablank_65b4eee448318d,validation,700,camilablank,3f810e13faf1c587ce54210334c5c420a7cacfc1cf14b3399e1edfdafed6e0cc,ba21231f80de8c4dbbc6a2c8de46ea3b0973cccbe3a3bbe4a07ec615dea82e8b
sycaudit__camilablank_65c41a66b99f07,test,701,camilablank,b11af5b85108cc87f24be2bdf8202a289c94df2866e756e057b79b41411a7a5f,6fa498eee83b07195bdcf48039f27aa916bf24c64700844b5a90b2c084639203
sycaudit__camilablank_65f21dfa799b92,train,546,camilablank,7451612d5220791136479b7282b494e555314766d8d7eec1caa6e150f6d848d8,9390298f3fb0c5b160498935d79cb139aef28e1c47358b4bbba61862b9c26e59
sycaudit__camilablank_660eb5f683e307,test,702,camilablank,799515915b36cfd1824a40dcf6e0ea7da15f5c06c2c418f747366e246fbfcafd,0fb85716acd16bbbdfdc570a4fa5b209303f17b03c419342c0a1f38867fa3528
sycaudit__camilablank_662425d8eae5e8,train,703,camilablank,6a62464a4381b2f6c58307a51b13156e5b11f96fc964183a6d597bc46875e8e2,34dfb060e84bfaed2c94fee679b560de6fecf0d4484b5756b959c4d1a355f9b9
sycaudit__camilablank_669f6a787383bf,train,704,camilablank,5dcc7b257435671f9b5d623cd09687e340584419765a04eb2b8c9f2f37aa3c07,9a04f9d1ae878ff99453419fda8f51276515b38af57046bb83fc89e3500570fa
sycaudit__camilablank_674a2c7a6382b2,train,552,camilablank,62b48c477cae4beeb53507401bd87a09640b217fca31f81d73b18b4e820d621d,3f39d5c348e5b79d06e842c114e6cc571583bbf44e4b0ebfda1a01ec05745d43
sycaudit__camilablank_674ef84455ee05,validation,705,camilablank,6393d7395600dfd956d26e5af509001ac3ce8102deb5bd1dc97af1f7d165bec4,0959e10f42343b17851ce1921e377a0643af109a7edf9fb4506888ea2aaafa90
sycaudit__camilablank_6752cad4bae23f,train,559,camilablank,d4a1a1df30506ed5517478337bb387355a1f677e6aed2659d58352c317806d8b,8a798890fe93817163b10b5f7bd2ca4d25d84c52739a645a889c173eee7d9d3d
sycaudit__camilablank_67b2ae1909d048,train,555,camilablank,f2e82ff791641777ed8fb85ff33f5ccf158537bc70375de72c3b90c74a5ba5f5,6b23c0d5f35d1b11f9b683f0b0a617355deb11277d91ae091d399c655b87940d
sycaudit__camilablank_67c1c52aa51f21,test,706,camilablank,431ca8417e6c3e0d5b67fdb82e448658333057bec5a19dba6527f9b1a3599f8d,dd1eaaa5916f50138d56c75201a7eadf3def76386cc548f65de66c89a88c006d
sycaudit__camilablank_6854f90d5b10ee,train,559,camilablank,5e5b451c12063a46cd15e5f45c7f5368869807aceb2615a05668f69ce1b06409,8a798890fe93817163b10b5f7bd2ca4d25d84c52739a645a889c173eee7d9d3d
sycaudit__camilablank_687ba269cbbcbf,train,572,camilablank,dfb91b145baf6ee7f29d7072e27064bda92177c4d434cbf7172aab8307102fc1,be651d5a8e97690fbb1fafd9b89ea7bb5458b27b1d24a449c67ca762317ac1df
sycaudit__camilablank_689b92fee8592f,test,707,camilablank,6fbccc7a67bfcce27ce89b40895c8dfd3ba8e91e9563d8500fcf3eb38cf21660,a0fd6d71cbc06ffa8ba5c12d6d4d77ab776cbb78e22d17ad634b50948892035d
sycaudit__camilablank_68c06a4dfba807,test,708,camilablank,065b37000757d0f767a191f414b358b2ffaaa92e32d4db6a727f1ea8ab5b3d89,0786168da927679e70406f4600b56838f0595cd9bb981e6d79f4b28d4ecd8eea
sycaudit__camilablank_68f16cbf1ef3be,test,709,camilablank,4101d7e00a43cb4539f1a7c3eef94c8ac03b5e8ad1dd2ca68885c6aea3aa8eeb,f5b293de2b1d57d6f98d0a6af4d65fa076b0f7945de5b1213403c4bde3443250
sycaudit__camilablank_699548aec21983,train,546,camilablank,95ea8b43948a37ca6b066c0748dd7d10bf97d7219ecc85bce7dec0889765cdf9,9390298f3fb0c5b160498935d79cb139aef28e1c47358b4bbba61862b9c26e59
sycaudit__camilablank_69d80a29b77089,train,546,camilablank,e50a42f991de678966490faa8dc68e632e5648a09a7797905a59322359f352da,9390298f3fb0c5b160498935d79cb139aef28e1c47358b4bbba61862b9c26e59
sycaudit__camilablank_6a0600200e5dc6,train,710,camilablank,d930c8859c196b95363cf20438e34215bb5237d73f231d0c1a03204a2ca3acf7,7f061e039c44d6a50e645fb93780e2b867c4395541b8539fc988c07824641fbc
sycaudit__camilablank_6a15b5152aee48,test,571,camilablank,d114d43f473b4f76426b90e5da901eeb4b49a1a9fe48bc8e13f0775b95be9884,559aead08264d5795d3909718cdd05abd49572e84fe55590eef31a88a08fdffd
sycaudit__camilablank_6a72d80de4e2f0,train,547,camilablank,e9c7d4a9f73e5ad0ba5d86496f87ebc8cccf5bf65dc0780427fb60f69f7b2797,df7e70e5021544f4834bbee64a9e3789febc4be81470df629cad6ddb03320a5c
sycaudit__camilablank_6a901c4644d397,train,546,camilablank,08a9f2bc7b96e138e9480554279c1d5b2cf77123584e8191bde77ecb002bfe80,9390298f3fb0c5b160498935d79cb139aef28e1c47358b4bbba61862b9c26e59
sycaudit__camilablank_6aa68ad87910eb,test,711,camilablank,01106b06abe9a8fa885bda5d0f62126af09e956bd21261789e1f06def33a4df4,68282e746f3e76ee3c23799f5ab6c7a458cefdf91393b31c9f74cfbc92ed5a89
sycaudit__camilablank_6ad02a7c009c1e,train,555,camilablank,b943e5b3c29b70c5fb72953ab71c6836db4d9293bc5fdbfa5a81c618ae71ba04,6b23c0d5f35d1b11f9b683f0b0a617355deb11277d91ae091d399c655b87940d
sycaudit__camilablank_6ae249b0eb7746,train,559,camilablank,5d5585e37e95b0ee7354ea41caf9ed5e03eae94de175041b0e998e0dd10df2d5,8a798890fe93817163b10b5f7bd2ca4d25d84c52739a645a889c173eee7d9d3d
sycaudit__camilablank_6bf2ce592810b7,train,712,camilablank,dfde000dec9c0d1050b75cea8b9dadfc73acd6e46b9838e015ed159810ed85d9,84e7c90141bcb207fc08003c9f3978bbe59c86bf43c8a1da94f4b4c5a1404052
sycaudit__camilablank_6c034db86a8051,validation,713,camilablank,96dbf809c476c83dbc62b2df7d183fc5fd7fba8d4daee5ad7970eff684b81fc9,09caec7772729aedce6ea918b2c6fa29908612b9f0416685bd177fdbe4627332
sycaudit__camilablank_6c175e35f51107,train,548,camilablank,61c60e448e516a010b5a88e804dd801519d437a90b1cb3ded6b0164326872419,3e1a30af69566bf24bef03a93d18e7fe7fd51d6932a52c82fbf534f2bad2ce15
sycaudit__camilablank_6d4d7c0c63640e,test,714,camilablank,987332654cdc10d5ccaa57fe9383582dedb2fc271c278620d0f3cd2fba57c1aa,5b83e51ec261a61cfc0572f6dbe81df32c32bad432aff7f4651b01a5bcb2fad5
sycaudit__camilablank_6e854cec29c64e,train,555,camilablank,faf0c17acef1a7db948de2501a52e8ce10c048d04a7d4f04caee045defc47904,6b23c0d5f35d1b11f9b683f0b0a617355deb11277d91ae091d399c655b87940d
sycaudit__camilablank_6eed764c932b1f,train,546,camilablank,76ef192133550dcec0de4c1087fbdeee4e782cf6548e849abe46e79481bbe093,9390298f3fb0c5b160498935d79cb139aef28e1c47358b4bbba61862b9c26e59
sycaudit__camilablank_6f04f60f24d620,train,546,camilablank,4a792138682a30466c2c39d125b67ebfea6366679974ee881a2c4ae4060ad969,9390298f3fb0c5b160498935d79cb139aef28e1c47358b4bbba61862b9c26e59
sycaudit__camilablank_6f38735ad3d596,train,715,camilablank,e23c0499536583bcbb4095bc582ca8938eae43a9f51ecbc3c5013472cfbffaf0,5c57e1330d2a0f73825ca91dd291234f907b7068a1d8f0dddbcfc0fd37cf7605
sycaudit__camilablank_6fd823dfac274a,train,552,camilablank,d6a9d5ee1c870060b0a4c232fd20f5bb2632bb976d841a0feed3c09320e3f2fc,3f39d5c348e5b79d06e842c114e6cc571583bbf44e4b0ebfda1a01ec05745d43
sycaudit__camilablank_70539ef7a743f6,train,716,camilablank,0fffe9ff88c8222d657df5dec18da1ec3f3399395d6eb7b36129daffa4149153,f19bb30c5820acf0b5087ac8013060b39280c4cec26152e9bc4a1737bb33a512
sycaudit__camilablank_70a63dd963e321,test,717,camilablank,544fd34c37661d8098e61ea60bcb63b1e5538d4a19158a48c4406789c0bfc5fa,b2e373070f0e341a69aa1169f354130f53eb31e66d9b21c89c6b938c6a94000e
sycaudit__camilablank_71611db47cc411,validation,718,camilablank,2e242cb42840d85a4bc2176c7225d4e805e364727ccec884883e3e18476c1c36,73178922c8f45e400ce5a0782233e69a3a76f092da525338c645a6314e515b84
sycaudit__camilablank_71dffac452b5c7,train,547,camilablank,81ca470b994cbba82f07408a239b73792d8f0b40108ed342fe261d55e0447d02,df7e70e5021544f4834bbee64a9e3789febc4be81470df629cad6ddb03320a5c
sycaudit__camilablank_71e8408cce42c5,test,719,camilablank,400784d9664783c3aa970fa6e09bd2c3948c4b96fd8d4991c6510e3a5f446074,7dbd439a82897793f72c94206e4c2397503db61f683b991346e3c507b2ab5661
sycaudit__camilablank_72eaf0e7e115ae,train,546,camilablank,8678e071f597e9a754ab1462b52752480cad7dbc7ea18ad2bd0857eb0c47b50b,9390298f3fb0c5b160498935d79cb139aef28e1c47358b4bbba61862b9c26e59
sycaudit__camilablank_74914275d4310f,test,571,camilablank,285d543b69b4709bb5b03f604e1b781ee020a0ae53d529bb15caaedec09dabe3,559aead08264d5795d3909718cdd05abd49572e84fe55590eef31a88a08fdffd
sycaudit__camilablank_75c40afb018de2,train,720,camilablank,7c5aa46e0ce8e01608f90f742f50f5388fe59862c3fc32bc3d175b6fbd0dc017,35a7c9e7d7137a32d2c8303e2bcd5f84647251aae30c66c8d2800717915bc4d1
sycaudit__camilablank_75e573144edf85,test,721,camilablank,2f9696bcfbb46f1a5154049ed65df30a0dd525a743761bc884aa4c5f0f29c9f6,a4ec26cca894824df45320ef25492b12f4039e7e650a4d995cc80e0aedb3284b
sycaudit__camilablank_7624cec2ffff2f,test,722,camilablank,9f5f3e0ebd287d30a3cc14cdc2c92cb85d46dd52f1168823cb885a2d7c0dc127,06c93e47d4e48af135d496cfc81cbff8602e251981a5565fd441457b90aed7af
sycaudit__camilablank_76277d4026d1f4,test,723,camilablank,4865bf6b046b782bec4c3788d59bc32b4bd3760e73bf8337d71a3273158d9dd8,814f4b35fad1c391f8bda7f622dd870e74c6cfd7a555a7f847c7e9a411f2c618
sycaudit__camilablank_76fb6abb39db06,test,571,camilablank,822187788b30cd0a7557f368ddc4998663a34f0099a40e4ac9df6ec68046cd87,559aead08264d5795d3909718cdd05abd49572e84fe55590eef31a88a08fdffd
sycaudit__camilablank_773a7c3dadafb2,test,571,camilablank,fed6df61a538286e7875f6a31e2dda7806c693a53b5de8479755ea6ef76e3e3b,559aead08264d5795d3909718cdd05abd49572e84fe55590eef31a88a08fdffd
sycaudit__camilablank_773e4332a825f8,train,559,camilablank,9145266f722400c80d0f68f60df1f04dacac1c73d1c8b61059585b90bc8fd1e0,8a798890fe93817163b10b5f7bd2ca4d25d84c52739a645a889c173eee7d9d3d
sycaudit__camilablank_7784ac0df0e356,train,724,camilablank,63a84a8d9f8a9692c0fe78874a11648484cdfdd1f4ce7b064cad80eb3950da54,7e6d03a91764f0636fcb75f8485964937fd156dfa2b5ff438408fc52a5492c3b
sycaudit__camilablank_7877bc8710f190,validation,725,camilablank,821930971f060405afe0f544738e08484ef35d1a03f2057261b80376be42b668,251e90d6ecb16ccf691cbe7278679f33cea9f87fae66893de7ff719359f6f738
sycaudit__camilablank_78a8dc8f0196f2,validation,726,camilablank,4994eac86ddac6ef8a3cb8aa9e14c98dd56a525fc22b9195085f7c7a471250ab,92f0f95388a19d9b75bd7a287b362a04810f1c109eb1cbb403a7e5451508fb62
sycaudit__camilablank_78d3b4385439c3,validation,645,camilablank,c045d635c14ccfbfca14a9a5af0c9d8d109d413240957ee3e2e32654850d7be3,389588c0315c7220de22ac8e25e797bb33f468984c2679c74ea4cce10cd13582
sycaudit__camilablank_78ff9b3152696d,train,546,camilablank,06906db8e0aeec61dfaa3b386e7e19d686fa6ef1acac756a306e267d693815cf,9390298f3fb0c5b160498935d79cb139aef28e1c47358b4bbba61862b9c26e59
sycaudit__camilablank_796b2b05df4fe3,train,546,camilablank,e405e3243c2e078592b07ea70fd8b3836ceed38b267f7e3c1b4ce5e7e5f435b2,9390298f3fb0c5b160498935d79cb139aef28e1c47358b4bbba61862b9c26e59
sycaudit__camilablank_79870c01ae54a4,test,571,camilablank,73dd09f86b20b9dc9b02b06c1adec2e696afdb654899e65736a5a84f5db33c2f,559aead08264d5795d3909718cdd05abd49572e84fe55590eef31a88a08fdffd
sycaudit__camilablank_7a9ebb72376060,test,727,camilablank,6036d42aa3a296572400b7768e5daaee65b4ec1077396a15d12d92b98e68289a,f3e5b2b2447e4d095385236fd39ea9f903d63289e266af9c22e222455d0430c4
sycaudit__camilablank_7ac00592cdf01a,test,728,camilablank,8f6114e90a1debe462495e9a0566558570d010d5fb9a574a575e877a82ae5e91,21d50c1c00136fb066ac5250e244862f87386ce929f8aa8a0c3133e82a0e73dc
sycaudit__camilablank_7b762c100c2951,train,546,camilablank,63f020581a56419e3f7886191e9b8b8b75f35df846309b707219d5d2259db10d,9390298f3fb0c5b160498935d79cb139aef28e1c47358b4bbba61862b9c26e59
sycaudit__camilablank_7bc88490b2d2c8,train,729,camilablank,c7f5239c20ecdecc4153291cd76c01590576cdbaeea4ef40a2f3533dd1f0e339,a116cb5c13ca6b69d35b422c97e66338ca5d27adef275d3dd8ec83daa8d84e43
sycaudit__camilablank_7bccd6ec922bf1,validation,730,camilablank,44561598dac3a1c718535e9d5e3ef8c4b2e2b97d12dffb7bfd257ba6d6d5671c,6e05c9cddfb45712b08c1dc82a1f4f2cb25917c3cd6d5d0ad79c00f682f52b2c
sycaudit__camilablank_7bd2a9918ea080,train,547,camilablank,0e310995595dff21500e4d1c6f8d783ad7a759e36120e329dc3f9313bac16314,df7e70e5021544f4834bbee64a9e3789febc4be81470df629cad6ddb03320a5c
sycaudit__camilablank_7c32623627829e,test,731,camilablank,6605bc53fe152096c9da671a4aa7c9b119d2125fafacb487c0a0cbd52fe5515a,f2066f50787839a571b648914eb0106dab381896355c05554b5621ab58d4716f
sycaudit__camilablank_7d9e2ce46ccbb5,train,546,camilablank,e390bc153e8e7d9d077c4bd3a29f6abc6f0bd2f40b9ace26ac2151223d180db1,9390298f3fb0c5b160498935d79cb139aef28e1c47358b4bbba61862b9c26e59
sycaudit__camilablank_7e043b327dc686,test,732,camilablank,8cb36627a13e03a81b619bc9691af7c80c66f7b0b9d2737364121e147af53987,37f41d2331aaedb4500059b8d1c94fd5b63ab2b382f81713958e64676f259798
sycaudit__camilablank_7edf1bdaef922b,train,593,camilablank,918b17ac22a66527f3e9d169b294ad2f27e451b8b67261a41d4547b8fcb03a52,d5fad9d92d8d33b8509400598b7af824be860b3bfeb241e3f7c49b6aa651a8f6
sycaudit__camilablank_7f27bb5d7d2a7c,train,733,camilablank,30095b9a335e8ad41dc869eb444cd41187176f7a097c1ee5b3e80f17538e8f02,255850dc0ec2d24d5ca74475220fe52372ec00c66869a0bcd906c68e4780bcab
sycaudit__camilablank_7f373f03559316,test,734,camilablank,dff60524116e81561dec9b35b81fa9d645deb3107eaf8ce6399d73ab969cff1f,8b1ce94a61dcc2bb149caa2744cfec1ce1d9b4c25c579858029e35bac86f3cdc
sycaudit__camilablank_7fdb6623fc50d8,train,735,camilablank,07e798110a0a40a6440e337d45d1ac64e4f3507824acde972e002d6aee435cc4,d2f2272419a2bf456050b059a3ec872079e125d3262dc4a596e3ddcd1781a875
sycaudit__camilablank_80426a37435997,validation,736,camilablank,127f98972ee7631e6e2c8e67818e712a49c6d15d40d22acba083d3264e1dee5a,ecae2640a48ca055cd7016d289231fb35900910466d3dfe4bfe23e7f8fe2ffce
sycaudit__camilablank_8095a1e848e89d,train,546,camilablank,e9eaa4bde7e7289deeca0e2751562d7f7d00d35946998a82ea3c9d67b5797233,9390298f3fb0c5b160498935d79cb139aef28e1c47358b4bbba61862b9c26e59
sycaudit__camilablank_80cf04d86aa1a1,train,547,camilablank,62e8b355ffeaf3ca3b5560ba5999e3af363aea19de90ec3942b8bbf79ce05ade,df7e70e5021544f4834bbee64a9e3789febc4be81470df629cad6ddb03320a5c
sycaudit__camilablank_80f593ddb94b0a,train,552,camilablank,5a26b353f788faad281b570a883b2451f1e8c0197b166e13d14ee89f02651f77,3f39d5c348e5b79d06e842c114e6cc571583bbf44e4b0ebfda1a01ec05745d43
sycaudit__camilablank_81882228cb3785,train,593,camilablank,62b9ea184af6838c4421b216d87964666a253f640c51249d116e84bd5344c786,d5fad9d92d8d33b8509400598b7af824be860b3bfeb241e3f7c49b6aa651a8f6
sycaudit__camilablank_81b39f66edc5b6,train,552,camilablank,54c561b5adbd9538051b46ecf3dad820a01ce635ac25336328eac365604c2f5d,3f39d5c348e5b79d06e842c114e6cc571583bbf44e4b0ebfda1a01ec05745d43
sycaudit__camilablank_81ca44f9a981b7,train,547,camilablank,529ef5ce10473bc29ad25475057d0057c40f17153747a4140598fa409a4a3a84,df7e70e5021544f4834bbee64a9e3789febc4be81470df629cad6ddb03320a5c
sycaudit__camilablank_81d476ae8fa959,train,546,camilablank,296538124ecf28a8d40fa70d1f007a2c4f3beaece86500bf59fbe327a3a54157,9390298f3fb0c5b160498935d79cb139aef28e1c47358b4bbba61862b9c26e59
sycaudit__camilablank_82057ac91c2fe2,train,555,camilablank,e35cbea0eed841e5b27e8c7a191f0d42a470b5b3e88b95ecb063de37667f9628,6b23c0d5f35d1b11f9b683f0b0a617355deb11277d91ae091d399c655b87940d
sycaudit__camilablank_832d42cd5a3eb1,train,737,camilablank,c79093698313cd04412bc581d0ad2a1e19482563c102e6d98604d11f3bbb723d,49f0fab96cb92cfd9c33bad1d68baaaed69f2d7742aa0c9b95616259381a616e
sycaudit__camilablank_83525436d605b1,train,738,camilablank,63dd4673b88a606db1d162672a725ec168f73d90943367a14ab67ad4b0a642fe,fe0b9bf7bf86acf42f0e0bd410a574aaaf9bf9fbe9bd0d80380e4e388e18eaf3
sycaudit__camilablank_839b8fc7f76895,test,739,camilablank,5aa03be40a66bd438e2e3c103f1e1f4afc06f59f33e1df1fc26b8885e8512592,f0542841adcea843bd943469b66b13f8ba8c77f5a7febdfc2902cb3df81d3013
sycaudit__camilablank_83bfd161e044ea,train,552,camilablank,af5b2f1278640b1919f07d27b932518952614f3b6bf9deddf019635dbd8eae26,3f39d5c348e5b79d06e842c114e6cc571583bbf44e4b0ebfda1a01ec05745d43
sycaudit__camilablank_841136ae315ab6,train,552,camilablank,110dfc9c3a62338dbe6802f9101ec5c8fc9d730d2cf4bec98f328114b3ec6745,3f39d5c348e5b79d06e842c114e6cc571583bbf44e4b0ebfda1a01ec05745d43
sycaudit__camilablank_8455d9d552598b,validation,740,camilablank,c79e022d5c69b126995e3d41c73f1ad60c84bd090d48ed8354b3e5ce4f0473d6,27cdb939745454435624f3eae4bf1a74ab15896ea90acbd227a0992536a3e441
sycaudit__camilablank_8460cc24538333,validation,741,camilablank,0994186a6840be4471e264c57c0aa4e7521426e2117cf611b9242f3d933c6162,26adaae1a87fdfcf8f078f7213d708056928de0956a6c1775750b97231b8ce65
sycaudit__camilablank_84e03e70702182,train,547,camilablank,0f531e72c4a841ad8fbee38b851c8f5bc7747ec03591e0d71f0ab9b50f9d797e,df7e70e5021544f4834bbee64a9e3789febc4be81470df629cad6ddb03320a5c
sycaudit__camilablank_85c83c860accbe,train,661,camilablank,a4af4c7ad33bf729700a73838936876c4e9689ca3eb8f7dfa77a7c34afa01389,54232353100764f1c15b4a3c0be7507aef45da7d06d16f8ae4542e3012b44070
sycaudit__camilablank_8608295445173e,validation,742,camilablank,56b5115f1e8eaefce939411f654a13f227ca657f268c07fea0e85c0d547d001a,7b12c2bc00930f2cafa71260463a2291d2fbe152b2c7728c6cf26e1e26d25799
sycaudit__camilablank_8611d2fe0ee1f2,train,555,camilablank,f4a2ea928a1577f1b2c9756a09439379974a556e555d453c5bc7f6f8882b72a6,6b23c0d5f35d1b11f9b683f0b0a617355deb11277d91ae091d399c655b87940d
sycaudit__camilablank_8615693aa0f0d1,train,546,camilablank,22ef51fc323a317e735da94399f467e9c317c563dab304e4ad543985dfe3206a,9390298f3fb0c5b160498935d79cb139aef28e1c47358b4bbba61862b9c26e59
sycaudit__camilablank_864b41d8d3f09a,train,547,camilablank,7a0a9a582cc97cc18fd635c625826f31b4aef8270d2486a2c7b7c83b673cea58,df7e70e5021544f4834bbee64a9e3789febc4be81470df629cad6ddb03320a5c
sycaudit__camilablank_869b25e4fa7f67,test,743,camilablank,7a89f7313d6c3c2956289f9000e737fc558b70ca962f8bb1d7e0c859d131f977,cd8867478f5c627b98b3f71c924708faa336f72bbfb4be60aa967c54e5ce6eba
sycaudit__camilablank_875cd3b959ef5a,validation,744,camilablank,581a638bf77c6bc07542ff24f0c0f36a81a2fb63efa1e61fe4740f437a277a96,74cc4705d2c1e5224b305d905ce361c554f47f0595c9d2ca47c9f4e90d09e42d
sycaudit__camilablank_88cb9f8a0d81c4,train,745,camilablank,b58f4060bc4d178a028165c7c04d4636023f4d235b14ee4f0a1f8795c6a4cbf1,47cc6faba35848c7ba9b2f1451be82b6d2d990ddf25a08d4fbcb59a6d8aa9520
sycaudit__camilablank_88cc908f8c2947,validation,746,camilablank,871503f87121cb22360126a374970155de0e320ebe75244f43da13539cadca89,dff1fd36d2dde070c2a2d738207db938e018d27ea044733fb058eb91a5be2ee4
sycaudit__camilablank_88e738075f2d86,train,559,camilablank,89d9a5985206a63ca6572239aaae3d46a633be38b09e68dd5c139726fdb56187,8a798890fe93817163b10b5f7bd2ca4d25d84c52739a645a889c173eee7d9d3d
sycaudit__camilablank_8934cd7523e1e3,validation,747,camilablank,74388ed562d3fd545101a37ec6c427a24b1160aa7539d93c60edc81ce25e2f00,dc8c4c9fd0b3dd1b5dd21dc459f80d433ea2b1172861eae33ee89fb99571c8a1
sycaudit__camilablank_89d08a15a76e3e,train,546,camilablank,7ca4f387a9b384f72214384ba237a4c7f840ce3621b9cfdbbd53dfc1a80763c2,9390298f3fb0c5b160498935d79cb139aef28e1c47358b4bbba61862b9c26e59
sycaudit__camilablank_8a352871e70f4f,train,559,camilablank,a44efbc4d6ed77ab6d96c36be5e325024d25b55b50eddbeaf062240c5bfb3ae8,8a798890fe93817163b10b5f7bd2ca4d25d84c52739a645a889c173eee7d9d3d
sycaudit__camilablank_8a86116aa1aff8,train,555,camilablank,f5a0c1442f620c7ecf35759f61329ff0e56183b5a3b66eeb559332e2e98c25b4,6b23c0d5f35d1b11f9b683f0b0a617355deb11277d91ae091d399c655b87940d
sycaudit__camilablank_8b69a890160f33,train,748,camilablank,7728cef80b85776d65b5255b9409b3214871426a9f4fecb0da665dcfa393b3ec,3e946ab8d3d15a0b76fa085eb724a163375af2bf0e936cd677512784ee5a16ae
sycaudit__camilablank_8c1cb3e910bdfe,train,546,camilablank,626b3de777ddd47724ffc78fc5320bb7177dfb0bfa79982f0c1202bf0bb8310c,9390298f3fb0c5b160498935d79cb139aef28e1c47358b4bbba61862b9c26e59
sycaudit__camilablank_8c9d5729631e35,train,559,camilablank,21ccb5857aceb3787e160b10043ad39524e54839272c9c3213aa7e2b979c9cea,8a798890fe93817163b10b5f7bd2ca4d25d84c52739a645a889c173eee7d9d3d
sycaudit__camilablank_8cc8f772d893b8,test,749,camilablank,45f128a8d521df7e8e2f4a7fc3dc2cb2328aeb8da0cff7572cf3255a4ff46e69,f7e4a674ab8aeaaa229cc7530046c8c2d4f5f32637199871881ec0fd2de1ad58
sycaudit__camilablank_8cde35b04d8a34,train,546,camilablank,947cbffb780af69be5e7d44695b0e35ac963d2fb4332b5f143315b2403fad2ab,9390298f3fb0c5b160498935d79cb139aef28e1c47358b4bbba61862b9c26e59
sycaudit__camilablank_8d8d41d5f8da79,train,546,camilablank,02cb2d150a6bbaf57f78de8bb7a7a9fa61adc2a37504f141a10e60d7564d7acd,9390298f3fb0c5b160498935d79cb139aef28e1c47358b4bbba61862b9c26e59
sycaudit__camilablank_8dca90590d8658,train,750,camilablank,a620dcfa34cf3d32113901ea83f2aff39829ca74b5b48ae1c73c0077816b7282,1e52b25abbea7b625081d5d2c18c4a5699a36d27e4868b11816ff25ff7028c75
sycaudit__camilablank_8e5f87ada05cdd,test,751,camilablank,ea3b0a3962e11992a4124e9eeaef8f49b3c96fdb808e79ad8b625ca7845867b2,b40b80c44777d922eb7abc547b8ce9163587d1fc6ff93a79fbb6657df4025b6e
sycaudit__camilablank_8e8606efecaaa5,test,752,camilablank,f46a70f8159a460d1cb996ad3bd7966838ea29bcd2fb92999d4568925a2dfe64,97fa9ad7957d924a121bd2a372cb79a6656c0233fa49b0b17764d761684fe5bb
sycaudit__camilablank_8ef3b8f550903b,train,555,camilablank,c79216f96cdda3f288dc7acdffa08ffa48bbb17d93def18b1992099a6d1a07ea,6b23c0d5f35d1b11f9b683f0b0a617355deb11277d91ae091d399c655b87940d
sycaudit__camilablank_8f80d291947672,test,753,camilablank,1f03d716d08cb7b25c1be8e495ea5158c7646ff621aaccf0efe91e525621b450,231c4d7dd085d322e42aa5b0a4448dee5013fc19f15070cd97e560230ddf9188
sycaudit__camilablank_8feecd26588130,validation,754,camilablank,8b0c864fb86b4d48a6a1bc8d75edb3b7b733c82387b566ec7077f35c4ca8d086,9ef8f52ff882cbee0f66c52b1715593a0a53c453231aaa30e98e10e6ee25301a
sycaudit__camilablank_903b491b945b72,train,552,camilablank,4a5eb40dd5fdd818c920d09713c31f8f8b9b81f63c7e4c6a97c40aa4d7efad2f,3f39d5c348e5b79d06e842c114e6cc571583bbf44e4b0ebfda1a01ec05745d43
sycaudit__camilablank_90b5f1c88ab1cb,validation,755,camilablank,2cb50072e49a76f435ac9e17626db4c9475aa6d1714b6f110d42b2dfbb25a32e,7b3ed9dee2701f12841dd0c93b9bd1b394d7d0a5620db2d77e35c6d823e94518
sycaudit__camilablank_9128c22b9d7d32,train,756,camilablank,9aa16eaa2c7e334c8ae22bb2e2a8aa08d139865e179310f4d01de5a1b38e5a62,b2d14ca8cca7dc7970ae6e36c4073efe49a7bdc83c29d50991ae2ebdb7e29c37
sycaudit__camilablank_9204219aa2d5cb,test,571,camilablank,a421071f6ccc669a0f9c2cfdbf156fc1775405c4c72bb8110b63717532849656,559aead08264d5795d3909718cdd05abd49572e84fe55590eef31a88a08fdffd
sycaudit__camilablank_938f3173d70b9b,train,546,camilablank,a8b835aa5d40b5cb40c3395a9821a25adf65c603e0a9c578c6b718a885b60c6e,9390298f3fb0c5b160498935d79cb139aef28e1c47358b4bbba61862b9c26e59
sycaudit__camilablank_943be4a5b6cd26,train,661,camilablank,e47db973ea73dd9451b1edbf4ed834e47172fe4c2fd65896f83a388164efbaf4,54232353100764f1c15b4a3c0be7507aef45da7d06d16f8ae4542e3012b44070
sycaudit__camilablank_943c8726efc826,test,571,camilablank,7d4f279fb04d658efe0b9a57a801b9bbe2e7771897ff0f6700fe6a4df19e89e0,559aead08264d5795d3909718cdd05abd49572e84fe55590eef31a88a08fdffd
sycaudit__camilablank_94ea090d769e5a,test,757,camilablank,9529351bbffc69f2f8e25d1a0d6443cd09bb64cce2eccfe3ad976aea838ed26b,aefd4e432f734ec7e9f93150ddd34967c6d77346750bbd136baf15e232284571
sycaudit__camilablank_95f5fd2aedebbf,validation,758,camilablank,d5cdf4d3a97478d021d8b4fe04540bd97d2d5da6b3f73515d9c9e05048300442,7defb697b3a68bedf45ae615fc77a6cdbef5617460a8764b7e386b0481707dce
sycaudit__camilablank_96ccd822c905c5,validation,759,camilablank,e1663060038bb75c8533bf91af498773a78e24f34cd454bfbdec097f528f278f,5ac7575431a7d3f918fa04468ffd8deb54fc712f0e21e9eebbce8d27572cf887
sycaudit__camilablank_96ded6c72efa84,train,760,camilablank,836a9a2d405d4184222c107016063b7af221398a831c5a922376270ab9f14c50,f08b80aea7e8aa6c397282a74dbcc2d7f9ca586abc8545f8d04cf70cd59f9f3a
sycaudit__camilablank_96e0f6bf957039,train,547,camilablank,1ec0f80c48be3ad850ef151959b99715717bd5bb93da850089c42d44f1b5ffae,df7e70e5021544f4834bbee64a9e3789febc4be81470df629cad6ddb03320a5c
sycaudit__camilablank_96ea12bf9b29c0,validation,761,camilablank,e3a5e6b765f12bb167f8e4ef6b1b32d8e557124b70c994c871c1589fbde48ae1,f1a3f7e882af03e2d919922c16afce919fa889ae5ff69e275edc4d64a4e98b81
sycaudit__camilablank_98189424f2b760,test,762,camilablank,14d254b2c0093118b70449e1319c2c4046415be9461796cc4570136258f57f1e,482665f7a6fca4879179ce47083c907029356597afea660ff5c27be2caa41ea2
sycaudit__camilablank_98325cf7a4f101,train,763,camilablank,b01cd32eb73dbf68543453abf01ea7267095a1e4eda818553a923bb760d54331,bbf27ef1593bc969b1bac62e43bad4e8baabd96d0a9766b763679fc4795b5441
sycaudit__camilablank_9848583978ca57,validation,764,camilablank,98a283aebcf77903076c96371ac3eef564a73020cb11292076b522c549dedf35,2c6a36246cd0efbc1408a1a9c4fd29859d7a30e6ca184faad789604df1a9a4fd
sycaudit__camilablank_988840ce90913f,validation,765,camilablank,02a6af02e391c0dd6e89a750e6009101e444d0c7a61f377598013c8a49f93f3d,37fdbc2238cbdfc61896814b65b86ca6ddf7bd5119e754861e2c0cec7c601e8d
sycaudit__camilablank_994ffebc3f0c14,validation,766,camilablank,789ae1776cc9a26fba29132f099d447499c3831b5c2580af8620be3d37767653,67fa70635fddc0dfd070f96e37045e384609ceb58c9681cf825d5238f18f57b6
sycaudit__camilablank_99836a81b99cc8,test,767,camilablank,557978e8b65d30bac43c0123b233c91870838b979acedd18fc0760a17fb10056,b916a646e0d68e7a927cbb16cab1f9cfeb8464259813b817288207fc3489c6bc
sycaudit__camilablank_99d98550f49078,train,546,camilablank,b66e65d8020b6c909d1e07f56014c58bfb9837faa85ea054d3bafb44abe59206,9390298f3fb0c5b160498935d79cb139aef28e1c47358b4bbba61862b9c26e59
sycaudit__camilablank_9b4bd5c6f8442b,test,571,camilablank,dda096f88b3d10e18142e72568a182d1efa7fd446a8d0ea1e414245d2f002885,559aead08264d5795d3909718cdd05abd49572e84fe55590eef31a88a08fdffd
sycaudit__camilablank_9b4efae34974f1,train,552,camilablank,891973cae01d308d889f2076761c28ad8b78ee6edba5afde72d857639b18f13e,3f39d5c348e5b79d06e842c114e6cc571583bbf44e4b0ebfda1a01ec05745d43
sycaudit__camilablank_9b66833085bbdb,train,768,camilablank,c0a19c7b48dddae18f48ffdb33bc25bcfb6d460fc0dbb595ac63fc5e15815f00,532ff2a24b23f819f949f8b588b598d1e1f3f6f191b919bda90ba13ab2443d8b
sycaudit__camilablank_9bd47b4dfd3540,test,769,camilablank,731ce1eadf3ef2dc50f08b92512f841799d042e919ab5b0c1ea0db866321bc24,f1501bfb0587cfb161598d395e4721b4a057bc35d63b9ff2500e5a9e780bbe94
sycaudit__camilablank_9c08de297fbdbb,train,546,camilablank,4f1afd5553213505b718a92cf4b2000592a4a16414c7f2123b112cf8b2233d35,9390298f3fb0c5b160498935d79cb139aef28e1c47358b4bbba61862b9c26e59
sycaudit__camilablank_9c43c804361123,train,585,camilablank,b53af9f25b33fcc763b63aae4a919c2d053b7876e539f6737153cc2fdcd42799,d881cfe4a8c357fa2c42b91289b3fb3826859bcfeff7b6c4d65bc7a675105e89
sycaudit__camilablank_9c6b10b5c15c44,test,770,camilablank,0c785bbc8e577f65a9371968d24cf8b520ae21caf1ce5b5c95f274b18828cb0a,7652d97b5e10b62d4849c0d2a09de3e3bb158e0de1944804ced746ca8d93a85e
sycaudit__camilablank_9c6d072db2eca3,train,555,camilablank,74aae242219d6b22c0ebeb760aaf25d6c047182d7113a9bdf689e83d686d0a3d,6b23c0d5f35d1b11f9b683f0b0a617355deb11277d91ae091d399c655b87940d
sycaudit__camilablank_9cc7c0b1e49738,test,771,camilablank,f10d92c8a429c536e15d0f0e585468a0f2a55827d971cca8404a2cf783bee7ef,d700e688c021a4239865f5a7b27e502be155adccf3d9b14408a3a88b03abdb13
sycaudit__camilablank_9d241c2ce3e904,train,547,camilablank,8f9813d39ce47fe105313ed3f0d148e3a4998fff8b13482042b147ff553c9f25,df7e70e5021544f4834bbee64a9e3789febc4be81470df629cad6ddb03320a5c
sycaudit__camilablank_9d502d79eba53e,test,772,camilablank,7fa9254900011b99508dca1fcaeb16fb4034f5bc4eff0c6a4bdc8aed5421341a,0d109bce754b2dd254e7b11185b7a22f0e45dd4906d52ca4f07b9bf17c5eeef2
sycaudit__camilablank_9d98658f6b8d16,validation,773,camilablank,2faca3f1abd809ea5f32b1b2f148c95f031a3dcb572c1d83c7593693f8be8eee,96c839d8fb9066cc0af221584fd8091b06081615d1f8754a6498a0ad6b9d62cf
sycaudit__camilablank_9db0fa169f0b25,train,774,camilablank,f5f7809093e46cd395d0e2b71681018272148f64c33d22619c6743fe1835c5ed,46d007ebcbef7441760ed6b3ff19f6a39eb8f34b8da936013554a37d8c211eb0
sycaudit__camilablank_9e4affa1d39aa1,train,735,camilablank,7fc8c578ac9eb906fb7015349c9eab2ca2c2a016820b91ce58c7376186c5de4a,d2f2272419a2bf456050b059a3ec872079e125d3262dc4a596e3ddcd1781a875
sycaudit__camilablank_9efdfe64b8c2d2,train,546,camilablank,7c47f54dfc43632b5a4779630f9f21808c9c95a365a8baf56a8cb3bd20e51524,9390298f3fb0c5b160498935d79cb139aef28e1c47358b4bbba61862b9c26e59
sycaudit__camilablank_9f3c6f437d7a23,test,571,camilablank,157b5d9529d56ce8471502b7e3af867f77c204cac00f124c3e58740c560de3e1,559aead08264d5795d3909718cdd05abd49572e84fe55590eef31a88a08fdffd
sycaudit__camilablank_9f7649f84a321c,train,775,camilablank,17dc51f4c1f6bf123a34df4677a720e2e57bab4fe5e65dc4b63fe815c4a818a7,6675a4e67c65313cf2614af8a2cb1bdb3f8048247afc95099a767d9c2d844ecd
sycaudit__camilablank_9f821188889a42,train,627,camilablank,71092b6cc7adc92542c62304a5a00fae52dcc94ea06f6d6f2138eb08abd60094,61a53696da1911677179b9da1fcba264107653adeb159206720327503564af9e
sycaudit__camilablank_9fa660761eeed4,test,776,camilablank,23184fe326df9615602a01dbdc71b145acae77575222bfb0abc3ffff866f8c1c,65dcb396af1e7291488f7839b4f5a2290870e12437700077c17a9626a785d8d0
sycaudit__camilablank_a02d2be1ec2075,test,777,camilablank,6ee1553cef11e0038589c0e2d89da8020c54a00ecbac90e23d29ce0e62d658f5,53f5745841a6778d57c4e2c826c3a7dd52054a1b621d82c2c2ce6aa29a49381c
sycaudit__camilablank_a0a885cb91d211,train,593,camilablank,95408fcefc6c0e33421c723a874386ab178f9eb39d81d1628620988751466140,d5fad9d92d8d33b8509400598b7af824be860b3bfeb241e3f7c49b6aa651a8f6
sycaudit__camilablank_a0d471e3348e2a,test,778,camilablank,bbff988dfb72a7b1414f31945d533fe70b386f6ee88feb28ac3afdb9cddb5f85,de33ae935c3f17a5a1c76201bd81a3e321ec2e4f54c50f6125e4079de6c26c8a
sycaudit__camilablank_a13ec37ef66ffe,train,750,camilablank,f8a4a6efc95c511049bf816d8dc444bc524e0c0f528f928783d4a8068b26a2d8,1e52b25abbea7b625081d5d2c18c4a5699a36d27e4868b11816ff25ff7028c75
sycaudit__camilablank_a178d2778f386e,train,546,camilablank,d472b38ee1909ecd22f43e2dd6c394ee9a2f8dc931a7a299888bd6d290853f1d,9390298f3fb0c5b160498935d79cb139aef28e1c47358b4bbba61862b9c26e59
sycaudit__camilablank_a19d9f307e6d90,train,559,camilablank,3939d8230dceb1e5d9813c8927738df2d5b0f60dd9fefcfcc1a72c45c73753e2,8a798890fe93817163b10b5f7bd2ca4d25d84c52739a645a889c173eee7d9d3d
sycaudit__camilablank_a1d5b860a1633f,train,779,camilablank,e4abacc3d87393c62571fe7ca5b8381b08f6f3446e0a23ea51d13de92c583356,d6430e160a66199930f534a0434856b2f8718d7789ce800064b04b846ab8bcc8
sycaudit__camilablank_a24dc3d240f0da,train,780,camilablank,169347829430c12feadfd920d9eddb9a3259bcd85d3470f864ac3dde1409e796,db92bdf03d4487244d134d5938e54664c55d222ded7660b08a24730be733cf28
sycaudit__camilablank_a2a6c7217da693,test,781,camilablank,74f4544d9121394b91ee4d80a663675e6d8b2b98e75ac5289490292ad4edab38,849844e6eaee93e0131d696af3d43266a36e52729d936fd2943518af07fa126b
sycaudit__camilablank_a2b2ef6fe9d51a,train,546,camilablank,8288d4a3e65c9bd1f3af2a7774117807921de0ebb006654f8e52d00b61125b03,9390298f3fb0c5b160498935d79cb139aef28e1c47358b4bbba61862b9c26e59
sycaudit__camilablank_a2f3a36ff2e102,train,570,camilablank,b2db91205a399756d8bf78e3e613ddd2a9bb3e516c834824627a7d1aa2c38c2f,5c5d1249890936fb85a74e07a46d5676ff4d1d19a2d19c241fd8c494cff5035d
sycaudit__camilablank_a34393b3dcb659,train,555,camilablank,8e03eb6ea899c037e89ad3a5b265fe908d33512b5bc5d2e7355b976e949424cc,6b23c0d5f35d1b11f9b683f0b0a617355deb11277d91ae091d399c655b87940d
sycaudit__camilablank_a3a733f23631f9,train,555,camilablank,6f189508d48135b135a3c548f36ad76e02bb2559407782ab43b57231c08cfa1a,6b23c0d5f35d1b11f9b683f0b0a617355deb11277d91ae091d399c655b87940d
sycaudit__camilablank_a40a824871c87c,train,559,camilablank,c8bd3134b6051877d07666f0a2062acc66abd8484ef7f1563f375b6099ab08c3,8a798890fe93817163b10b5f7bd2ca4d25d84c52739a645a889c173eee7d9d3d
sycaudit__camilablank_a47f292d21e926,train,782,camilablank,ed2acdae43dbd5b146b063ea7dc35b3690182faa4859673c1acd000965544f43,94d3e7a4af5f99c7bb398305b856b64b74f88699c29122f710b3d01f635c38aa
sycaudit__camilablank_a4f2227d64b96d,validation,783,camilablank,4086bac68340be1e5e3a3c01ae030900b7d9047cf273adca67c38a99dac18a3b,55ff969ee04f0e92af754f944ba357642aa0b8de85cf3c17673f847dccf07e27
sycaudit__camilablank_a4f48eeeabff30,train,546,camilablank,7e604e408d8c41c6879981df543d982ae2c5b9b8d3d77887f15a899c80488fc6,9390298f3fb0c5b160498935d79cb139aef28e1c47358b4bbba61862b9c26e59
sycaudit__camilablank_a54984f0ec12b7,train,546,camilablank,e3c1459a31f96924bd7d9ad1f55ade240666094b3d99b638a20c3dbc3aa3247b,9390298f3fb0c5b160498935d79cb139aef28e1c47358b4bbba61862b9c26e59
sycaudit__camilablank_a5ba2c24beef43,train,555,camilablank,ad1a186d899a3b2334fd991eca26e40bc639b1608a31b20e83daacd15d7f20b9,6b23c0d5f35d1b11f9b683f0b0a617355deb11277d91ae091d399c655b87940d
sycaudit__camilablank_a62b973c5a0691,train,559,camilablank,530c1d09360b3ab23cd6700136ef4eadffa589af553361906066e5bca692e0ff,8a798890fe93817163b10b5f7bd2ca4d25d84c52739a645a889c173eee7d9d3d
sycaudit__camilablank_a6906b7eaba7cd,train,547,camilablank,c3114468e35131712217f490a0f9906d6b1ca6ee4995035bf2494340dd1d754a,df7e70e5021544f4834bbee64a9e3789febc4be81470df629cad6ddb03320a5c
sycaudit__camilablank_a6e88b0ab97361,validation,569,camilablank,49fab79898d7ae40dbdb69efd8ff093e93df8f6718b63c03f39328a9cc93883a,c2db82c450b39035db30d138674216a6df6fc321752cc82a3d3e0436349c2b09
sycaudit__camilablank_a760e3bb48f6a8,train,555,camilablank,61bf63e719da4101d8d16535f17400efe2782ee40ad50f4fb08fcae1885b6e09,6b23c0d5f35d1b11f9b683f0b0a617355deb11277d91ae091d399c655b87940d
sycaudit__camilablank_a76868a9ef0eb2,validation,784,camilablank,0b3b4044d0c6ba33107440c26be5b2adc7c4cae85ef7f74aa89faa20a53661aa,cbedd0ab46005479deaa9ab3ca60e36df5dd00f8958c8884f07e09b9c8b632f1
sycaudit__camilablank_a78ccff824428e,train,785,camilablank,b3ec44851e2b215278b8d4d4eaf0759f7f420a80ff9da5008570d9c0fd406e34,04b0e96b817dbbdb0a2632334ef5c10f6aac2e8b9643519e4ed1e42edc42e5ef
sycaudit__camilablank_a7ea22af1ab06a,validation,786,camilablank,06133bd756709ea3348a74739c3648262a24e4d5343de114e30b53953dd3c738,cfd2bf09364d79b06e4032cabdba22fa4d28d539ece29c2b90cf5973c29234fc
sycaudit__camilablank_a841e8b3417306,test,701,camilablank,253c54b8a9be25b722e8eaf6d4f8bda6ad2deceeb327f6c8f838f136e34a6a6d,6fa498eee83b07195bdcf48039f27aa916bf24c64700844b5a90b2c084639203
sycaudit__camilablank_a87fa64525a42a,validation,787,camilablank,d98b83d775bc02de854c1e924a801b126811c668b9577280fe7001ce94bcaba3,611917ee807e280d4073f84ba0c20330edc68d45cabf9514f5f42e5a08e8abda
sycaudit__camilablank_a8b175652ff489,validation,788,camilablank,52fc942d1a8e541095d042d6c7aa31c1585de6d6fe026b32354f3f1ad9e2d922,f3d91cf2bf54bdbb83f37ae2e55094587e9672174438ca06c40656b7f9b8de01
sycaudit__camilablank_a919c581f40f0d,test,571,camilablank,0a9751824f21eb8a0cb1520ae2a037c19b8b5d3f37359da8cdb3a2cb6f944419,559aead08264d5795d3909718cdd05abd49572e84fe55590eef31a88a08fdffd
sycaudit__camilablank_a99bf1b71abfad,test,789,camilablank,6274f3a6b99ca098f6af9dcfd476411a8a139e67313cf4a9fd7f1d28900d7dd9,1591aca68f9f9f8f364e859f54d6d2fd5e1424cf65e01a11cbbc5e04f0a50244
sycaudit__camilablank_aa9968805685ef,test,790,camilablank,c0f8615872f923343158955866660f5e9e59383304df548004a6f2e5176f3500,a53a6b28c6ca75ce167a845312879954b948543823bb6f6f1240af29ba36e9c7
sycaudit__camilablank_ab1885192969d0,train,547,camilablank,cf4c1b32d41b0acbb20ac85db7a1ccfde23e85266b907e55cd80bb995730bb1c,df7e70e5021544f4834bbee64a9e3789febc4be81470df629cad6ddb03320a5c
sycaudit__camilablank_abcb60395f428c,train,546,camilablank,77eb86e74c5d245e709123fd73e8899719f008da04be84a995b1fd4213cb3c05,9390298f3fb0c5b160498935d79cb139aef28e1c47358b4bbba61862b9c26e59
sycaudit__camilablank_abd846721209dd,validation,791,camilablank,b6e780f0cb8a2a3a32f28bd862dc91e41d3175276b0c7c233260556f5ebe84b2,7fd529d2dbfa6246550303abdba3d60dc000db92f81f60f4bce8fc8ab9670c58
sycaudit__camilablank_abf00c08c44062,test,792,camilablank,cc6ff283fb80895b4fd8be8c117940cb1950d0050e8979c1d67e62fdc924e523,438220155e16f6d82ec55cdbe343061e3d9d7e98efebe32ed6e629577528b9a1
sycaudit__camilablank_ac7f2356d7915b,validation,793,camilablank,cb5beac3a68871022d8cb2fdda563694c4225e9d093de4ecd8faf1bb05d63d10,f7e1fe2ed33137756dc95770f80520fa09f40a5eeca566363e71ac88f03e9a89
sycaudit__camilablank_ad5f666a693acf,test,794,camilablank,e7793662ca995ea5ff613aafb97178084fe44fb9be0604696c1abff7d62787de,26d09271a335133888d3b25e51ed7be99eec69f53eb1b1db7aba0bd49f16e776
sycaudit__camilablank_ae573bdffb801d,validation,795,camilablank,c205291d53adbc98a183f1eba311b9ccd123b7264a36cd3fa029a0cf2f7de50a,7c53fc8383aae2128c1fdde100b81a2ab3144c9acf0bd9932ad90506285cd7dd
sycaudit__camilablank_aeccee86fe4ea1,train,546,camilablank,930b5c4cc4b3c2b2f634973eb3cbee285d93f86f7d02f60fecf9f9926e77d97e,9390298f3fb0c5b160498935d79cb139aef28e1c47358b4bbba61862b9c26e59
sycaudit__camilablank_af045d91e4b1dd,train,552,camilablank,06c5dd438ea2b7af05f8642a29781f45b397cdd5d07b19fa187ab30ad7c03b8b,3f39d5c348e5b79d06e842c114e6cc571583bbf44e4b0ebfda1a01ec05745d43
sycaudit__camilablank_af089208d774e5,validation,796,camilablank,b09bb5fc9106b86e746d5d897d9c6e7edd5551b99a5b30bfd075b4e996de69e2,1eff856c78369c5ad8bf9eb26285c3e6875d0425f73c2bd9dd1b939d3b508aab
sycaudit__camilablank_afc74a8e3cc1c8,train,555,camilablank,e3827ad1dfe41100f6b4bd140fb0d79f6d119143c1fbd4b356623e21d9fa867f,6b23c0d5f35d1b11f9b683f0b0a617355deb11277d91ae091d399c655b87940d
sycaudit__camilablank_afec8afe3c5aa7,validation,797,camilablank,b9ca75e47ada71ba32f58306e0b8d428d53636c24a798394ffdc5fa7e5d2df8a,ff791a847a6cebe67381b8ecefa2908efe5cf319eed27e07bfc98aab225f7e43
sycaudit__camilablank_b1b3a419820450,train,552,camilablank,608643dcf07c5598f2a3aef3a1c80aa4388fc87b3477136fa4b380d19d42638d,3f39d5c348e5b79d06e842c114e6cc571583bbf44e4b0ebfda1a01ec05745d43
sycaudit__camilablank_b2109a7d640dd9,train,546,camilablank,9f7434a1d9891b70596278926cb998fe975364303ad70471c255e8d66303383b,9390298f3fb0c5b160498935d79cb139aef28e1c47358b4bbba61862b9c26e59
sycaudit__camilablank_b219a05175b6b7,validation,798,camilablank,a8e3bc16f04be338b02d7998720badcf8229fb90d449e8f15d26cc52af1a668b,3852f969dee88cfa0a66a057c6b08dc05dac6b0413299a0d901ce9fc7b75c65c
sycaudit__camilablank_b22db49b735395,test,799,camilablank,aaf88f7642c24bcea73c798de4a7039bc5be55d62d66686eaf7f839c4ca6fe54,97945ea3b871000016a2eb77c08dbc3df984a93f3b6bb0e2ff4f13286d360aab
sycaudit__camilablank_b2945055a624c9,train,559,camilablank,05488fc2a3e284b7f47ee01b179415dc071ccba6637ddbaa30069c3ffc975952,8a798890fe93817163b10b5f7bd2ca4d25d84c52739a645a889c173eee7d9d3d
sycaudit__camilablank_b2f0c1b09f9d76,train,559,camilablank,11daee03c9db02de2621497efb7328e5beec0e55c8a45c02c43177f16c5081e0,8a798890fe93817163b10b5f7bd2ca4d25d84c52739a645a889c173eee7d9d3d
sycaudit__camilablank_b358277ce2dd29,test,800,camilablank,a50116cf008ade57009eefd5698d2e47c28178895651900d10b3077b6c0cb0bb,39f4054efcfb8c61c1639877ade871ddd5b9eeaa34b9bf0cfd7487cc12e1e272
sycaudit__camilablank_b3755195907fb9,train,551,camilablank,be35f1bd8418fcd08b6fd944dfc8523e7777dd67b5930a3ccfaee8746d0936dd,965610e853bf2f1fe7ad40481b4558dd7bc73d28e8615f05611734ac3f9e9053
sycaudit__camilablank_b39d085fb11005,test,801,camilablank,9f079ce0060ea166b7480620b78deb2b3a5571db11a3ac5f38490412d5b1e266,0d1d2ca4462d66298ba16e933ffec051b6606ea3fffbe8a25c1b9dd27180aa27
sycaudit__camilablank_b3ad42c132e57c,train,546,camilablank,71c995f6ba47d8e38b5550b1af139afc8d85132e89d808d3683a131aea9bdb2f,9390298f3fb0c5b160498935d79cb139aef28e1c47358b4bbba61862b9c26e59
sycaudit__camilablank_b3e49ba91d2dd9,test,802,camilablank,e486e8844dd9f5da7f3c3ff3c2465ef44c5e880529a176c0dc1f25b1dab9213e,d4ec0e7bd20d6ac3cd05d41f6d0385dfdfabac3b04cd6144b284d9c02293e234
sycaudit__camilablank_b3fffee588c97b,test,803,camilablank,d6dde52cf5a9da216327b05739b9aef3bad2e389a079692cd9f915a57b2968e3,c02bcd514f90b4a5ed4b70bdd5a7818392121e4fc1205d1f8bfe7d268de62c58
sycaudit__camilablank_b4097e26048c27,train,804,camilablank,48557ec72ef9c505e424e62d95afdc5b38b4a331a9566aa835920d5db56343e5,f3bc629c295a2b2f526a1bdeedc5d1b1572bb71202007b0143d17cd116477885
sycaudit__camilablank_b57bb1c875333f,test,805,camilablank,57ecb18514b55d4fd29f62b993f858e71ed2eb64ec89a518019335fea40da94d,896b45b205b5e2f1ab5bc19199675c912ce66795cf89e3337e04502ac2f41312
sycaudit__camilablank_b69c891f4e2afd,train,552,camilablank,e49412648ba8f43b90ee3f1bac47ac020f66ac45b831008b3533661714d589a6,3f39d5c348e5b79d06e842c114e6cc571583bbf44e4b0ebfda1a01ec05745d43
sycaudit__camilablank_b88208d20ed221,train,547,camilablank,5dd1e204fba033a85222cb969e976464ba9a75681fc87999eecae401adec3c6e,df7e70e5021544f4834bbee64a9e3789febc4be81470df629cad6ddb03320a5c
sycaudit__camilablank_b8c99d3bd8baf3,validation,806,camilablank,f1472ef8a9113f32a8d3b18521a6e917c98b7110f753e4216daad99f3e39e124,4b9b716ed62244c84f3628b693e31f43d71a54ef027772167e0aef60f56a6716
sycaudit__camilablank_b90878c490fce4,train,552,camilablank,f1abd642817cf3ac971b3901e040bb94ba23e01508bfc90ae3da4708f35aa7be,3f39d5c348e5b79d06e842c114e6cc571583bbf44e4b0ebfda1a01ec05745d43
sycaudit__camilablank_b922025da7b14c,train,546,camilablank,ee028f0ba9de81b4af623be280b9e94125deebb51cdf860cf2515ed4454aca47,9390298f3fb0c5b160498935d79cb139aef28e1c47358b4bbba61862b9c26e59
sycaudit__camilablank_b9231a71ba1d80,train,546,camilablank,61bf933a69088d54e80f88c3acd77d8c13532e0818a51bb8e94e17b68c0744d4,9390298f3fb0c5b160498935d79cb139aef28e1c47358b4bbba61862b9c26e59
sycaudit__camilablank_b9ae51c9835ed9,test,807,camilablank,7051b5c731bd6418b2b7fbcc8d53cddd6ccb9940127bfd4363223afaeeff2ea6,11322c83f3eedd052f559ac9668fb16fbac6099bb9f11ff35da5c163c64e452d
sycaudit__camilablank_b9b83dd13dd5da,train,808,camilablank,b2af58388dcd8d79ba2b1a99f5e1ae30a8b095a1d899a6f57a529d963ba4ad6b,d1032903cff8328415e4166b88db48cddd2f07f73b354d77a2078ecde7467087
sycaudit__camilablank_b9dd719eecc3b9,train,661,camilablank,66a56acbc7f808b659fe0d9541db10a8291a08708e0c9302dc7f515c60d1b585,54232353100764f1c15b4a3c0be7507aef45da7d06d16f8ae4542e3012b44070
sycaudit__camilablank_bbe3989954bba0,train,555,camilablank,44954870e86db79c0533b23926ac0095deca2131b5c36f388e603f5c4019e2b2,6b23c0d5f35d1b11f9b683f0b0a617355deb11277d91ae091d399c655b87940d
sycaudit__camilablank_bc5413eafae2c1,train,585,camilablank,56a6df22b6c5ba24aa57c11b04165ec852aab7c43bc9d180546ef2179802b6ef,d881cfe4a8c357fa2c42b91289b3fb3826859bcfeff7b6c4d65bc7a675105e89
sycaudit__camilablank_bcd044f9c0d66d,train,809,camilablank,294e39830d4f105fc126b6850b4ca3519b3a479c82dbed0ff17b9866d09f3ec8,95aa5e94b339bff7b3884c8b0f46aea76df99c6445424ac55509afd6e42dc0a6
sycaudit__camilablank_bd17a84a48d94c,train,546,camilablank,e781f495376ad31d6d617041d910df3e690b88efcd2efe74d65d2806dbf5d103,9390298f3fb0c5b160498935d79cb139aef28e1c47358b4bbba61862b9c26e59
sycaudit__camilablank_bd33bcb6aab39c,test,810,camilablank,c6d586d297214960bc13b08e5e40304e3abb1b3c678eb8c9925d2250cd02b93a,fab2707c2afc92e17e86533190ef232de13f3c19dc98d575976f1170d3a50f75
sycaudit__camilablank_bd614e44af0410,test,811,camilablank,9cf233f78f2dd18010493b5b2651e8a1c83eade6e995274b7279a495037f6c4e,b1be12f555c816078ceb359b39408d2aa4338a8424e19415f371b52346e69892
sycaudit__camilablank_be35e7856f1d64,validation,812,camilablank,47821b9d1a79ac0c252dcabedf04ed80a73234004352d2edae798be2ed1795ef,5a4bfa02f463d4e7ad07a72e96f9687ec9c99f01d4883d0d47b56b093c9eb0fa
sycaudit__camilablank_bebb02bf3e010e,train,555,camilablank,9538fdc5e954293a37e539e86df81fdf4eaf06d031d9d4fa2e7fc90a80e28ba8,6b23c0d5f35d1b11f9b683f0b0a617355deb11277d91ae091d399c655b87940d
sycaudit__camilablank_beee3bf3af79e3,validation,813,camilablank,f5261acdeab3478db46d80aa27111c673027badd20f177d260784443fce5dff9,429c67a0d3d3463b6a9521191d724371d358b8488328d3d0e0aaf0d9da418ede
sycaudit__camilablank_bf4c32db625ebe,test,814,camilablank,d9bf2a58ca89e3d78efdc62f242d98f2eaed4d9a66b8a9670021ea79c6df5c73,35c695ac397b1b8cff0e5f4bf2753a9131011a23562b32e3df31118a09cd8071
sycaudit__camilablank_bf7cdda670ef23,test,815,camilablank,0464a158e2475a8075d89c30d0f733ac1f5de09459c0aef0dfc5e6a43fae60bf,900b166865c9b65cbe1d61390fff783b918002ee3667b7c3b9f8dbf84a72d325
sycaudit__camilablank_c0588c89541f5a,train,547,camilablank,b9af19d0709197431b38d8e303616262b09e797fe8e6a46e860d852f6dc287c8,df7e70e5021544f4834bbee64a9e3789febc4be81470df629cad6ddb03320a5c
sycaudit__camilablank_c149f8b8d30f3a,test,816,camilablank,4126693f749813dfe6e1e8869272c574494fb261c8f452019531f9b4b2f7f1fd,b934209f0ed0f6937ab73e8ea8866c2873e6892f076647231f55d498336a1ecc
sycaudit__camilablank_c19aca2e9356ec,test,571,camilablank,3d3dba7c641a3624ba63a3a4ebe3d283e78ea6d458fd518bc6d3e36db5fd4fd8,559aead08264d5795d3909718cdd05abd49572e84fe55590eef31a88a08fdffd
sycaudit__camilablank_c24ba138f3003b,train,585,camilablank,4b5411eaf429e42e006f14f64e15e2d880c83f99d187b48a002395066442c43c,d881cfe4a8c357fa2c42b91289b3fb3826859bcfeff7b6c4d65bc7a675105e89
sycaudit__camilablank_c278cc75daa364,train,817,camilablank,979994d7ae749e3f3e415d34171a235f11b3f5ac2374b0c125157cfef00a3c62,c658c98432d5e4c6be5b320103f1e73b6eb781071175384f3f3039e15b5a1343
sycaudit__camilablank_c28a12f1f1d4e0,test,818,camilablank,4ffaad621f2bb5151cab76daa9843d65de8545b84b606497edbe368bd8ceaaf9,aff11a20daefb21efcc4dac1a1d2ce53288d7cd91a98e68e892b05d68326d46b
sycaudit__camilablank_c2a9bf5d92ea65,train,547,camilablank,8f4c4db50079fc6ec4853a4bd91a1e7574c9f30e5841a840b72328c93a07c2c2,df7e70e5021544f4834bbee64a9e3789febc4be81470df629cad6ddb03320a5c
sycaudit__camilablank_c33493ab427b74,train,547,camilablank,ac1fbb23793f87fe092548ffd48c65e60ad7fd1aefba8694f9496b14f8c03163,df7e70e5021544f4834bbee64a9e3789febc4be81470df629cad6ddb03320a5c
sycaudit__camilablank_c37c4e05811650,train,559,camilablank,5894625c2be847e3dc801a9775a91fc7dfc7534874338b35eb5afb5e7dff3f87,8a798890fe93817163b10b5f7bd2ca4d25d84c52739a645a889c173eee7d9d3d
sycaudit__camilablank_c4b9b4953e6702,validation,819,camilablank,90e1fd81555dc28ec8914a795598a82766e89e9e45938224e20e184a5f7ff7f5,9bb519e74d48ae63dce4bc02c7e8659fdd95e7133c3e4c0e508cfe7a62a0e149
sycaudit__camilablank_c4bd11a96f0055,train,547,camilablank,2e7d954fd2673c3478f191a491b18e585eb82af73a2ead76387f5cc0c704fed9,df7e70e5021544f4834bbee64a9e3789febc4be81470df629cad6ddb03320a5c
sycaudit__camilablank_c4ca86221fa2bb,validation,820,camilablank,5487a7d7c5da4816035511c88ccbfa2568f0f833b1770d3df653a1a457a830d5,c8843ebec98d17839876cdbb79ac2ce56447ef5d43d7510dcd860a2199dc1391
sycaudit__camilablank_c5c2587e33f838,validation,821,camilablank,72012198409e93a62d36e1f8e1606f2f7a8412f1ab47314755ce4c91e2445176,bcf9e19226906ce352168d09994cdfbe42e9d42bd34b2e301877872f94554e7e
sycaudit__camilablank_c5e77d0af7b470,train,546,camilablank,b5638638fa2e07e060f99836e0f86a4f06cd3f12de0fc41b53a645a7d7a5a5d1,9390298f3fb0c5b160498935d79cb139aef28e1c47358b4bbba61862b9c26e59
sycaudit__camilablank_c633b1803d2f3f,validation,822,camilablank,287d54c83fd2a4381f8ffdeac0582eba24dfb0406f10986114eab2b9ad64ec46,8793a1b0638f619ff4d294df68167464ce28aecd3b7d446b4d1068b33376e142
sycaudit__camilablank_c6cccd732fda1c,test,823,camilablank,fab1bd4a6ff177458f62b34fd822059328020c43bb10ff4ad051481049245e39,501d526d63bb5348a07086f05ff70811af2481463a60019d17de9940ca87b835
sycaudit__camilablank_c71b2a85d7f2ed,test,824,camilablank,ead273970a2963ab04400d4012d8cf8a08c7e847b6ba4beb9ae3d1d15d6a017d,19115be718198e7fdeae17f9c328cf2f827956a2bbe4fb34bf13fa28602c8429
sycaudit__camilablank_c83c51e1d4533a,train,559,camilablank,229e60480580d4c2d9f90f8acbefdfe689d46cafbe6f3aecfb07d52e0b91e0a0,8a798890fe93817163b10b5f7bd2ca4d25d84c52739a645a889c173eee7d9d3d
sycaudit__camilablank_c88f53227532d8,test,701,camilablank,517db3e5b2d6c50e5497333c06366215121eb6532819dc52d64843af262c32f3,6fa498eee83b07195bdcf48039f27aa916bf24c64700844b5a90b2c084639203
sycaudit__camilablank_c921bad19a51a8,train,548,camilablank,5a2b6a8216e828cb2f140ad1d037ca832dc7a9bfa8907b663c8989ee4585b619,3e1a30af69566bf24bef03a93d18e7fe7fd51d6932a52c82fbf534f2bad2ce15
sycaudit__camilablank_c9433815844b7d,validation,569,camilablank,2642c64431bded1b179f2aeafbe659b6fa4dcb0a312871799e2fcddc57ba818f,c2db82c450b39035db30d138674216a6df6fc321752cc82a3d3e0436349c2b09
sycaudit__camilablank_c99043f31bcaf3,test,825,camilablank,3fcccbbd8ebb0b4fd1e214ff95cd2b9b9f12777101a1f5a87c0404ab16f9511a,9fcc2bf89a917cce7624b77e795f941d8bcc19329521ab39b853562d7e4b159d
sycaudit__camilablank_c9eeb75f359f3a,validation,826,camilablank,930f1ce656888393fe8df42d5610c9df6451827b51613b741ef811612334702a,dedf3f363c8b71dd611844b88818a7a06463a3cae70a4e5e2519a3ddc0bcae7a
sycaudit__camilablank_cad3b44ad6053b,validation,827,camilablank,b645fec8aa1c5cea557df5207d547c5ea3edccfb557c8cdca0e3e8361c8e2780,fe9b1be6531f5a07825cc8fc4e0454a4717f7b8866b7de3cf9e52c53b1e24b71
sycaudit__camilablank_cadfb2d8633671,train,828,camilablank,d927c0509ddf2d6343aa6e19091cd4f654d7286d511f12e64898e00fe1e3f607,cc392d6f01db5635e7a2632702bb424fabe52635072b93a26da85247de224022
sycaudit__camilablank_caf350e0b68b9f,train,546,camilablank,b618bd3f4b4bb10557803befcc03a4c78a908c7ce174fb66a7bfd8c6fc5916d7,9390298f3fb0c5b160498935d79cb139aef28e1c47358b4bbba61862b9c26e59
sycaudit__camilablank_cbd82ecfba9417,train,555,camilablank,716e5ea5f8a2df7fce030cdcf5bc9bbb83dcfd9ed5908689bafeeff4bdad7152,6b23c0d5f35d1b11f9b683f0b0a617355deb11277d91ae091d399c655b87940d
sycaudit__camilablank_cbe88df120fa40,train,552,camilablank,553930c39d2787764ea63ad1c2be5d1dffe69865622e97702e8e13c0895b3b21,3f39d5c348e5b79d06e842c114e6cc571583bbf44e4b0ebfda1a01ec05745d43
sycaudit__camilablank_cc03fd300aa7c9,test,829,camilablank,b894ef776c18abcb9637cb1f52eea503c3418a8cb6e72f4c9f27d2125a43cb07,cf81c8d34990042eb3606799f85c51933ffe76ad8968bda3dab7b2d19c94863c
sycaudit__camilablank_cc38f701307dbd,train,555,camilablank,030d8491e98b839d3186d823d32a8e382442f5b015fc0df0038eeb99d04dd5a4,6b23c0d5f35d1b11f9b683f0b0a617355deb11277d91ae091d399c655b87940d
sycaudit__camilablank_ce51423ab9ef7d,validation,830,camilablank,b43a040400bd69f6f1ae00b7448eefe3e6ac8128379e2953e064a691353067c6,46ed65adf87ddb8a9b022a18d5da3ac7c0a69d47c897a6a98824ccd26dc4e9e0
sycaudit__camilablank_cf3115a7365227,test,831,camilablank,3deb683ef62b4ca97f916d87a76fa0f488d8fa4eea8ab7af0b4efa6a3eda7c46,8e919764cbe2c05c96c19738ba4a64a754c1b5052232b3dc9fb919a8cfecbbff
sycaudit__camilablank_cf6e03335782c0,validation,832,camilablank,0a792d07ab13a0652be41ead13d15e7e24a240989634da9fa89d7f2048fbdd1e,1c5e44578a5d9ebe730ebd6bf35a6895cee18feff8f565362f3b8b5f116bcbd0
sycaudit__camilablank_cf807f4c0b8067,train,833,camilablank,ab8a4fea69f38a21404bb13f625178c20676602734f8202d6a43f23efae9faef,a23a4809f55404a4f731f4d7328fd781ef59a2f133404f057643cf4299f5f385
sycaudit__camilablank_cfea23fa55d847,validation,834,camilablank,43f3287c40052fc9c558744604c960e30c2df546b8bffd19ee49035c3271683a,36a440ee623c1cc77e01948df04346470eb7b52ec62d69fb7a17f571d2b4a2e0
sycaudit__camilablank_cff2de252147f6,validation,835,camilablank,10d6f8c25ae27cf181efed2973f75ea4db86083e25cc03783520cd3abfbc1640,f02d57dbb398abec070a628c236c42be3dcd29b7948217dba40dd0df87c09264
sycaudit__camilablank_cfff28e5e8b647,train,836,camilablank,33bfe874b774de974720fc7945beb5806f7e8d9d92f027c2ee53f83b01bb62d2,1bce3c14549d54ac7ce6ae74300d4b24c19aa15470246a06c204e6c00242a546
sycaudit__camilablank_d03f2fb1ba425c,validation,837,camilablank,0307fe88b092b0aa6108ecec7d63aa6264c0b0ab6bbecc7a2362fafbe518e153,3168e46e6697c26f17c3ebc13d5058537cefac9991df8f2a62d8d63a12d519fa
sycaudit__camilablank_d0c1080faabb9b,test,838,camilablank,1168d64a2b772f9231302c41e79f38ae5d0755b529271083ab57b253f9ca721e,5f1bba43642dd7b32f3c556f8e867ebb1ae3f161c960e94485c623176752e58e
sycaudit__camilablank_d0f7c5dea10791,test,839,camilablank,dd3a341bc7ede802a9227e8131ac08f1187339be6d00ca60dce1250788120f0f,2bdae398174421f43019f310f4c8e9c1bfcd631bdf4b0a6237aef1d5ea0e6749
sycaudit__camilablank_d1098ba844222d,validation,840,camilablank,cba9840f56d3a7b3414abb550964a3d1bcbb2c1e5a8e0b58e6c4a2fd5dec1b23,2eeaadf53f94648848a98d57aba77b7e33e35b84798d6325c5b71addcb1e1c0a
sycaudit__camilablank_d1e20becc8dd7f,validation,841,camilablank,428f11026ff9a20d04a53714995abb41cea5dd5fed6b74d7f210b7bdef794eff,ee848bbfd510bef6c723772e7216ec79b2919e102d9d27988c4e1eedc117bb1e
sycaudit__camilablank_d2424e05ff5211,train,842,camilablank,95431fda4c41c7e2061135760e401d520977b0320f63248dd33e4b6d88d2a085,1e0b811f15abcd0cfe05b41017ecebd3323ecd8cdd6f41fcd460c16d5d69ca23
sycaudit__camilablank_d251eb11d1f021,validation,843,camilablank,362ec067f5125d430f68ab41551158e2bfe8c1cbb252476aef5a82253b108b45,0e2a0d5779a2cca9286cab8ca08c4f654820b73a43221623eca6a7d433de5ee9
sycaudit__camilablank_d2b8739c5f3d78,train,552,camilablank,f601cd43ecd4cdc1a5f469ae3c696c1f645e4d18ff5325e9af52ebf45bd104e6,3f39d5c348e5b79d06e842c114e6cc571583bbf44e4b0ebfda1a01ec05745d43
sycaudit__camilablank_d4345515c8f49a,test,701,camilablank,9fd9a88327f83d86ed08ab6f63b9ff80a0c2adbe5d04c2f0f870dc54fd84e2c8,6fa498eee83b07195bdcf48039f27aa916bf24c64700844b5a90b2c084639203
sycaudit__camilablank_d44a8979c809e0,train,559,camilablank,be5712d3be70cd878fb5784ab5081d04c37abba9c469573705b39ddb89bc1e79,8a798890fe93817163b10b5f7bd2ca4d25d84c52739a645a889c173eee7d9d3d
sycaudit__camilablank_d4540f0f453ea6,test,844,camilablank,a590b3f911ffdead93d16409d35e8b0e5519a304183a08353c158b1ac02c6fe5,332cb7734a0ed6bf78c68b2a2cada183dd6a305631bbb047e43c6dfc95b52b74
sycaudit__camilablank_d4acf22225133a,validation,845,camilablank,1b904ed19b4139e4205354851d281822301f1c412c071f8c9c4bf3235625f52d,a5dd8e3403a50b4e8948563adfc881c5da8aaf366d3ec0589507efc993d4023b
sycaudit__camilablank_d4ba425469aad7,validation,846,camilablank,3289a9c3524eaad84d73597703a1e87a78e4235e1d4cf508d973d7b7c0cb30db,eef8addf3b5532908545cbf8efa626d18f5f787d03c73073547f0cbd9b208439
sycaudit__camilablank_d5000f68511291,test,847,camilablank,8bfbbc9438bd9903c23b2c8be157a81416ce299dd27211e8fcc82cde5586609a,5d5ba9d7dd41b745344a104095af1e5350a31de89042e25f2a815b348b7f4e52
sycaudit__camilablank_d5d02262876349,train,848,camilablank,663007a548ddaeffc3c44e43a25b1f910ba214bb09aec76df8dc68469d5ef258,23930b9b84cccf60ee4eed2142a42ecaea2b5a4e2fc54bd3b560da03a9b25b4e
sycaudit__camilablank_d6756af9d0b839,validation,849,camilablank,8a16031f7ead3ac5f8683c2c133d276ca2bca503c7c55488c91fc78000527bbe,496437c7c8778befd560c0fe76dc3dfa6cefb35d858d0e6f5ed481c4809dd392
sycaudit__camilablank_d6a847c3111356,train,555,camilablank,d1bf1534666905200844676d9fe5f2408a61b1311ef7e632563f4217f6298706,6b23c0d5f35d1b11f9b683f0b0a617355deb11277d91ae091d399c655b87940d
sycaudit__camilablank_d717e801228b2f,validation,850,camilablank,b9c40451458d6d67f2105904c2651cd89929ea846a3034f877e1a1f1e100060a,dc2df93735942e8746974d89ed316ceae3001ef4868f3b9201b70fd7e6cacc26
sycaudit__camilablank_d78b6a7413f057,validation,851,camilablank,cc52d36ad6c1fd2d2af01e38b2947978814439ebe85f91505b3b1172fa21bfc5,30f1b24e6fc07886265b4d7addeb1e532abb3da7df5ff79cbe11247632c1af1e
sycaudit__camilablank_d81f34f4d5a4bb,validation,852,camilablank,92b525351776f5adb551d4f03c88d2735aac3ccedc8c5f0f642f439548e92615,c29ca09675be8aa803ef5ff8ad0da59f9fa19de9d9300a232d842dce0c6d8e7a
sycaudit__camilablank_d84e233421b64d,test,853,camilablank,ba94b49d08defc3733e1edd8c7013387bfc56acc61e188c86fe4611a7bc44428,2bbcdb9539aeda4df0e70485034edf8c163967ac5d0e867df1fb57b321c529ee
sycaudit__camilablank_d89b3938d0710d,train,854,camilablank,392f4ea2fcd7b9f4d6f795327f331f490d6634dee00ef7f2cdd4a9d8136f6dab,5216404264363589fbc1cc7d14f74f0bb943c399963988125342e3666d358afb
sycaudit__camilablank_d9161309380677,validation,855,camilablank,0f51564663311983cc7304c0aad7a3d77bd1dbf66648b1b66b01328e342e9886,965e1b5793429a8a20b87bb2a74ea9432cf644199529f1d3019d04d7d9e5dc58
sycaudit__camilablank_d935ee33c77fe1,test,856,camilablank,e8b2329e084fe2b581c217c95a8d2e6ab83b0f0b07763ede6ad2c8e50e73f5d1,51cb840f58e46cca5ff737a8a9f8c8958b27eec9da741bca5c440e5cfe7a5768
sycaudit__camilablank_d9905a5ee8318c,train,857,camilablank,03e61c85a3a4e8c10b13edf469d5b69a65b26fb86de2206ce53005b1d313e3bd,fdde5ee3205a42b4dee5545061bcfc92706f67256a3cadadeef16f576a6a3fe5
sycaudit__camilablank_d990829f836d63,validation,858,camilablank,894d937d9d53d14c5fdc1045b053139ebaf844defec7d5cc21a6fdef4836a31f,18b6a648c8b90ebfebb0b8631f434c1bb6a057fc63c5dac0f2125ead07fc0b8e
sycaudit__camilablank_d9924833cf3b2e,validation,859,camilablank,55e71efe54edc7d77da58b1c54569df2bc7bb3882612974351c4561b30ed0984,609d2d2e0b4143f1c6bbeec896ab8a866ef7c10f000712d8ea35022c52a09268
sycaudit__camilablank_d9c6d30c087850,train,860,camilablank,01978f0458065b3c9cefecff98a44b4d3bb068606f134d02b4a9dfb12cc61b52,2a1ee6bdf1e4c8be8038e6b51a15e4a8864b001290c0d5e633e6bf8bbc07e041
sycaudit__camilablank_d9d5c0541fee9d,test,861,camilablank,35e7301dd42cb3dbd8e3271cc5119882009c71fbc969d21ddbb1538a1c0561e9,e4f5ca38e7deac9c8f6ca152a816f0669fd85dddaf9c182c27ee75fa802dc7c2
sycaudit__camilablank_daa98280fd9e3a,test,571,camilablank,10bf6e5fcde94d53077aa8d22085cc40699a99112050ee6fb6fa3ba24855fb62,559aead08264d5795d3909718cdd05abd49572e84fe55590eef31a88a08fdffd
sycaudit__camilablank_daad41d787652a,validation,862,camilablank,99110d60981b2110b24ea8e96b6d98faf4f76f757e59b1accbebfa78703f9312,0a486b35b6d5685d4dab67ad3350c3708e5494297b300592f78982e6f6105804
sycaudit__camilablank_dafa40f072468d,validation,863,camilablank,718aa4ab7079eab1c3bab970dc371896c3714340050dbeb3a6233debb4ba86fe,1edaf5121ebebceaa87a96c24e4c9bd410802629ea8e21fc20f86eda86430a93
sycaudit__camilablank_db1e24897cad58,test,864,camilablank,7efbad19406db23f65e9fc6a74d543680b80f7e79794f9e73400999aff121feb,ee580b8feaba86e8d590956c8a40e274db2ecd7eab3157e66b59a47e7637b733
sycaudit__camilablank_db45bba865f282,train,555,camilablank,4d185a28a8fa3ca61860acc6827d76a2a53ba4ad5dc9db8b3a869a8a27eea047,6b23c0d5f35d1b11f9b683f0b0a617355deb11277d91ae091d399c655b87940d
sycaudit__camilablank_dc26a7b4e83eb8,test,865,camilablank,c760ffff4b62e822e629ed748375cc7b9b4c583717d8e3cb20e365fb68a7204b,a53b62cf4dd0dd642762e12b2952a5d4a1d8eb8a9182489ba52a43b7fbf4a155
sycaudit__camilablank_dc8f3c710c1e53,validation,866,camilablank,800dabf1a15a69baf71862f12a2fb5b8184149ee97445f9bf99e30ba219166a3,b0645c6b5f018aa1078b2785f11dc28f3dde0fcf835b1889487996819cfb7767
sycaudit__camilablank_dd132a77c31389,train,546,camilablank,cecacc525bb5d782a68f2929fed703cc107b54ed0603a93e28e6cc83bbde022e,9390298f3fb0c5b160498935d79cb139aef28e1c47358b4bbba61862b9c26e59
sycaudit__camilablank_dd148d3e35c3ba,test,867,camilablank,96dd3ca66f6c2054e965d66b5f18f1f0e38798098377e131965d3df4b34d483f,1d53c70c249c29e877527b62149d2c1197f10363c16dc01e5e2115328b222640
sycaudit__camilablank_dde39f559cf224,train,547,camilablank,8b9d1dce4ded0bbba2ca04b4823841a68c36d32f986829baa51527fe874df48e,df7e70e5021544f4834bbee64a9e3789febc4be81470df629cad6ddb03320a5c
sycaudit__camilablank_decc122eeda663,validation,868,camilablank,8cbe7710b469c5f13ca39ce7ccfe2b566e3dce38772d342519be2d0645786198,8000debbdec8d90dcdb10027eba902d28b6466c738b47acdf1a24de1124e2722
sycaudit__camilablank_ded2cb402480ab,validation,622,camilablank,7f6fa707faef490d7f65b709d42ccab9e0ebe17a6dc6674e6385f5f201a5d0ef,747fdf1139f3fdd2b76ffc5d1d6775c80559181d38a2d0ef624ec386dbc3044d
sycaudit__camilablank_dfdcd95cd679fb,test,869,camilablank,b61186bc1756be7469af3999509769b113143b6312ad71a10b30c446ff1d9a1c,c5e853d8c48c66eb03bf041374c09541b23953cac52eca1ddc88ece66d35b9d4
sycaudit__camilablank_e0493107ae857a,train,546,camilablank,0cf393e4eaa6f6be182952dc70f9314b13d32e6fa941fa5c02e51b3934d91200,9390298f3fb0c5b160498935d79cb139aef28e1c47358b4bbba61862b9c26e59
sycaudit__camilablank_e092f22e10f867,train,870,camilablank,87a0d3f259bb78b27626f3e54fb25ee2da4c5d3a85ae2f05b7fca1033339252b,d211840c774390442e98e596ac0a48a48668c580757c147b9f7df824e50c6e41
sycaudit__camilablank_e0b8022551e564,test,871,camilablank,114e224927a2d74eb7a5a265c7cc21b971dc2db88503a8c1ff5d68b865cb5e42,9ea65e378f9fefd2b5e9455e0dbfc02fbf488bed9a95d66c8df5514511416202
sycaudit__camilablank_e0c181b034773e,train,546,camilablank,9db91587c19aefba4667b50c9d3e3a60803675448ce6fb41aeee98335e8d6f4f,9390298f3fb0c5b160498935d79cb139aef28e1c47358b4bbba61862b9c26e59
sycaudit__camilablank_e150f1e5a11793,train,546,camilablank,0d4b0f0f7b1ca0f1d87f3ccfaa6bdbcf935fc1a3f4785c5c29459353ae9be205,9390298f3fb0c5b160498935d79cb139aef28e1c47358b4bbba61862b9c26e59
sycaudit__camilablank_e21458b2138de8,test,872,camilablank,99dde6be50b3c5c3ba6066ff2ff5187b862087db43da4fe26cb61c3bc44e393c,65aab4febc51c8377c7927a3a78d7a5c4f5ec6c97a6ae32c950ccc1def7e0c84
sycaudit__camilablank_e2428806c29bfb,train,559,camilablank,f3cb78cf948d6913c16e9c4f22a5d9aac5f0922f2e74dde54642fba878c0740c,8a798890fe93817163b10b5f7bd2ca4d25d84c52739a645a889c173eee7d9d3d
sycaudit__camilablank_e2519730f3ff54,test,873,camilablank,17f4f21a1f7ca053402916410dcffcf80df9579e25ec7be2532921d140f272c4,dacd40c0b2af0dd64e76d58734b7bc6a640ba861ff47dd5dcff61d8ac8c84227
sycaudit__camilablank_e25f2ea7eaff2d,train,546,camilablank,9f002b8f7d1ba8d2ac6e5308e54b02dd781ab8f88d69efa9b8b64da93e5a8384,9390298f3fb0c5b160498935d79cb139aef28e1c47358b4bbba61862b9c26e59
sycaudit__camilablank_e31d6b96982a1c,train,546,camilablank,9c78b3c1949215b52027c94421503791e635ddf106b74f1da87739d0f040ecdd,9390298f3fb0c5b160498935d79cb139aef28e1c47358b4bbba61862b9c26e59
sycaudit__camilablank_e35ac68404e7f5,train,760,camilablank,303e72b7814b897f079c118f73a40b47cb2bea77285d18996ba95c5630168325,f08b80aea7e8aa6c397282a74dbcc2d7f9ca586abc8545f8d04cf70cd59f9f3a
sycaudit__camilablank_e3c4c8b095712d,validation,874,camilablank,fabf6ea7706aa91db5fe7316d34ce83a328fff9c98337925324202a21a192c51,74caafb0139d8b91b55baeaa9900d362d6998985076eb305fd5e7fd49d948715
sycaudit__camilablank_e426e330865d0c,train,875,camilablank,00b0a31c6f4271bdc118bf9fb16aa09a81621ec9fbad5a844056824af07485ac,eab01a29c453064b32ec666b7048f80ea7ab708d3d69703e6d6058433c8daa47
sycaudit__camilablank_e4629f55568ac0,train,559,camilablank,c84eff700251a55b0888958304bee863c8c8f3af617154a624a57a719de9e784,8a798890fe93817163b10b5f7bd2ca4d25d84c52739a645a889c173eee7d9d3d
sycaudit__camilablank_e4b6df15d67fc4,validation,876,camilablank,6e8921d4e70bf7da17ce7d7f1fcb7d3a1519a328218a80ff9e7e9d02ac6a69dc,ee1985ed3a5a51b65b2f69b9c325ba77a2a891847811ed53cd694b67425be2b8
sycaudit__camilablank_e4d5b65cdc9492,validation,645,camilablank,23c14261ded1f91489c50f8cdc3991a5ef181911bae331efe39c6e7b0ca76758,389588c0315c7220de22ac8e25e797bb33f468984c2679c74ea4cce10cd13582
sycaudit__camilablank_e52a0d0e159dda,train,555,camilablank,e0b263b7597773b08671cceebb33bee9d33084f03b663905b0f1a8ca3b1904f7,6b23c0d5f35d1b11f9b683f0b0a617355deb11277d91ae091d399c655b87940d
sycaudit__camilablank_e59a2b3d95313b,train,559,camilablank,892f7cff2012d842ab9721fc078ea9bb094861e98aa81bf44b1bdb11a2e41710,8a798890fe93817163b10b5f7bd2ca4d25d84c52739a645a889c173eee7d9d3d
sycaudit__camilablank_e6cc856f9ac3e3,validation,877,camilablank,7a1e2812fcdffd4f88a0c633ed99378f2bc16054b2854a21895985e4e0ffb26f,4caf9e8594e1832b6bf9c6428248f937e5f066da201984539a92fb511352a617
sycaudit__camilablank_e757cb5f443faf,test,878,camilablank,9aae12158694bb893d8fb6208452ebe4f4d15ff429a2231c0d1ddae0eae277f9,88d87554aa1257cea26830957c8798d47443bc84af4c66e130b149daaa37d5dd
sycaudit__camilablank_e81a003dca5638,train,559,camilablank,c64f930d26773f6f7b8702f798c32a7063a4fa875e5622f5cdeebc5085f0c0ae,8a798890fe93817163b10b5f7bd2ca4d25d84c52739a645a889c173eee7d9d3d
sycaudit__camilablank_e87e596aad2b69,test,879,camilablank,c64c11f4711d5af9e1193fd209c501a9bcb54c08c22f49b8125d0165ea01ed37,50451e32cb4784da3749a9e3187a7c6f3083dfc50c2a360ac29be21c53332d2c
sycaudit__camilablank_e89fa04e9e200c,test,880,camilablank,d12cdd3cf42d9d216af92ef1d76176804eae2f3e34785c98eeb739f36f1fe5d1,5606799027934d3e0bc68dd5069960e4b537ff119fe489cee47a82b6f5a4d409
sycaudit__camilablank_e8c774e9ea04d6,train,559,camilablank,4c6624a56f3e688b3dc2b4bc111a29b57e9e3d80dd81b56f30f004d4297559d1,8a798890fe93817163b10b5f7bd2ca4d25d84c52739a645a889c173eee7d9d3d
sycaudit__camilablank_ea782b3ee06377,test,626,camilablank,e058704432beb1b6279acfd97b43cde8c277a31de586ec6de7a43234e90497fe,f9e1f628bb1e67dab4820b6b2ffc85763101f9f1797c0f07d2ac022b640dca2f
sycaudit__camilablank_ea7e69fbba74c5,test,881,camilablank,29a883d96eafcae9fde7d5768c07a75ebaaf545edb0bb7532232b49d56965585,ea6ce826ccdea6027d2b886973d3c6541bbac16c43b24ffdbd25f9e75964f54e
sycaudit__camilablank_eaa3c160ddb2f5,test,882,camilablank,7d9e745e066cbf9ca9e1fadfe1a52254582af69e3a9a8988caa018e9f0b135fc,fefef98f99d459648aa2463608a64f40d9d4b66d5f1c39f7358cc5b8b6870153
sycaudit__camilablank_ec1c30a7b2879d,validation,883,camilablank,49995715bffbbedc5a17c6d12873c1730d4ea04aaae20e35430cfa13aa05b190,13548476c8d87f787b16a06c29f6b542e3ee4e8928fd26a07aa09ae75b8ca63b
sycaudit__camilablank_ec471c2b636ac3,test,884,camilablank,1cbc993ea02a0eb3f8b23c4b8571cca8ab62e9dc631ae25ec6d4b6f12b41a8c4,87e4de8e838a0fb504988dcd77641a518fa77c93620daa9cec17a7401514386b
sycaudit__camilablank_ec7efc3d73952b,train,546,camilablank,2650cdfe53a2a0812c21d8fed621ef5bdcf9b3a752d928567c0ee4d28b10ad2e,9390298f3fb0c5b160498935d79cb139aef28e1c47358b4bbba61862b9c26e59
sycaudit__camilablank_ec81e181734f66,train,555,camilablank,b71172d4701d404858a2cd53a356459247fe9934c463a5b79e23c03d9fe2c537,6b23c0d5f35d1b11f9b683f0b0a617355deb11277d91ae091d399c655b87940d
sycaudit__camilablank_ecb49e4a800c3e,train,555,camilablank,31a6b3a63cd944089269a4727b2f9f399d839b7a8b044b8293751a07a9d5c00d,6b23c0d5f35d1b11f9b683f0b0a617355deb11277d91ae091d399c655b87940d
sycaudit__camilablank_ed3d37d84b432b,train,552,camilablank,004cea69993c813816134b7e3ff110e4b2accb75bdebb20772bdddf062a35035,3f39d5c348e5b79d06e842c114e6cc571583bbf44e4b0ebfda1a01ec05745d43
sycaudit__camilablank_ee3713c5a00d50,test,885,camilablank,cfe5b40cbe1e9e43ffcd6fc65f62df2f91079fc13dd44e0f46d1c6b25a466cbb,da1bc28b1d29bdb65ee250f9223d26ee58d01eb20cd9b62ea4f8a6934aead245
sycaudit__camilablank_ee3764b712bfd2,validation,886,camilablank,63139ecb849f286aceaa918c15dee8f1ac7218cf1cce269745ae47c40ea1e27a,618f90a4674c8f155b7fe6aefd6dc06a58184687b34d1a987d4dd1e039d7d926
sycaudit__camilablank_eefb522b8dba81,test,887,camilablank,dc405d532f983c1436eacec70e34e7468ac551a6df58ebf19a83c713488c9807,46dae3d2aa520176b4c4bdbbc6a62c0b37b717e4f43e770280d192cb5b1e1e13
sycaudit__camilablank_ef28c57874e42f,train,559,camilablank,ef215896db565049efad888f37166441232b16cc5e49b9e3dc0bb59b22818b2f,8a798890fe93817163b10b5f7bd2ca4d25d84c52739a645a889c173eee7d9d3d
sycaudit__camilablank_efb180637a78a9,train,546,camilablank,c4028513d9d89caaa419cdff545f215b6128df27a3b02dc0053e4da1ccf5f009,9390298f3fb0c5b160498935d79cb139aef28e1c47358b4bbba61862b9c26e59
sycaudit__camilablank_f08d2476bf1470,train,888,camilablank,b2476d6ba73df305be05c375782c1d1586946f371c5f4caca9036ed7b31af28a,292aa6fd702bada25c9e822bbe09b299318ba3cea348532f0173d0cc4ceb9888
sycaudit__camilablank_f0a20cbc96381b,train,760,camilablank,0296055e16fa609e4712cd999e7c785035b62aa6b3c567ea338a7a7971300e23,f08b80aea7e8aa6c397282a74dbcc2d7f9ca586abc8545f8d04cf70cd59f9f3a
sycaudit__camilablank_f0b5f3e7b017d2,test,889,camilablank,a2d5c40dcb771e0466080eb730752fd84be50a0c8acd84743e36c1b6b6fac5bc,ad676a1f323c71134995de562cd54d944a25b5a9b2f2482c938f8ce774f11ab5
sycaudit__camilablank_f19f2f57289325,train,890,camilablank,fd82c8ad95be030dbcbf285f4873731f24b8a66145b21ef356e530922afc106e,97a0106f7b71e7253647b3395f6acd7009cb187ee7338374d00049ae9a4d0579
sycaudit__camilablank_f1a093909ce768,train,891,camilablank,6b593f534caa622b029fcfd24edd0a55cb89ebc3013513c0198c8b38c38a859f,0441130749510c5353601c7e78f7ce15f1f3d6a2cec861e3de05989c80c95529
sycaudit__camilablank_f27489f3f4ba88,test,892,camilablank,877a0c34976be962c95516fc894887cc4c56fb2529f0f5bbbf46f85cc4789105,92172a0f7136ba3066d191e8839d276fd9e6e40a0e0a68192077515bea8d5ffc
sycaudit__camilablank_f2af9764229c79,train,552,camilablank,32564adb306d009130dfd84f1e37bea6dfa4aa3d294307f2e4bfa46003e9fbe0,3f39d5c348e5b79d06e842c114e6cc571583bbf44e4b0ebfda1a01ec05745d43
sycaudit__camilablank_f2f0bf6f277036,train,893,camilablank,e4878170aab8563a93e9412ed310acced6714dec9241e508375fa8c682a1e3ef,9a052ca44e659f97b838cca2c49d85f2bec8521a534b1793c653c4e2ea5f91f0
sycaudit__camilablank_f3926eb33f323d,train,559,camilablank,923babc1446cfd806922e0545dea077771889f8e0fb57cbcfb266d937a0f14d5,8a798890fe93817163b10b5f7bd2ca4d25d84c52739a645a889c173eee7d9d3d
sycaudit__camilablank_f396b5c30efe51,train,894,camilablank,2a1b50cbbcfc67f3b1ac34fce45dccad635da8d721783c037bd7d6a261c21f8a,3b25eec8f33123f788df6eaa4a19cf97cac31c658cb426ca91f00679bf22c1b6
sycaudit__camilablank_f3c4da3e267dc2,train,547,camilablank,481a2ce13c14026fb283d59afece0ca07e0b231c57e56f3db58b3ba4074d8ec3,df7e70e5021544f4834bbee64a9e3789febc4be81470df629cad6ddb03320a5c
sycaudit__camilablank_f3fe7550d28084,train,546,camilablank,b17a7b671ce128a11be5b0d7bda7e3cdc5464745f54c99d674ff2b821b6ca892,9390298f3fb0c5b160498935d79cb139aef28e1c47358b4bbba61862b9c26e59
sycaudit__camilablank_f48b1c4961fc42,test,895,camilablank,da92a3c955961631aea846a3a9d8158f0cfd26335acbda6db88e0e9f9ac6689e,5c6597e3708908fc5c3ecbe70cc875718326da2083286d842dc5576eed65fff8
sycaudit__camilablank_f4c1db370261cb,validation,645,camilablank,c11cc0a9f4957413826289327a65ee816781ebdd6db6d767c77c9e92c6fd1e8a,389588c0315c7220de22ac8e25e797bb33f468984c2679c74ea4cce10cd13582
sycaudit__camilablank_f4e2736324b826,validation,896,camilablank,bbe999639f6dc04e8a0891babf04524e2441f310a4f9adf3f09152630476e71a,4d45ac931fb727959368e0ff2995d92cd2890bee9cc538530a07ff974392e49e
sycaudit__camilablank_f5fad57fb5e7a5,train,546,camilablank,9e79829c6525d5aa8e965c7abdee5dfb58f73e51f23925353404f96f47d2acbd,9390298f3fb0c5b160498935d79cb139aef28e1c47358b4bbba61862b9c26e59
sycaudit__camilablank_f63596cb75f596,test,571,camilablank,91be9becc3e848421624ba8a12a5517f8f9efb88ff177a7020ccc9f0c9f24b73,559aead08264d5795d3909718cdd05abd49572e84fe55590eef31a88a08fdffd
sycaudit__camilablank_f7004d834d831c,train,570,camilablank,3bebbb49706e7da8f4f7391dccc13c1692b7ed4dea922fd0842119a452b2a806,5c5d1249890936fb85a74e07a46d5676ff4d1d19a2d19c241fd8c494cff5035d
sycaudit__camilablank_f70fe9fc4dfd69,train,555,camilablank,ad8068c2e0d5e99131d5f5df4fecaa14eac3eb3c5d6c51c931ac0335afc3284c,6b23c0d5f35d1b11f9b683f0b0a617355deb11277d91ae091d399c655b87940d
sycaudit__camilablank_f73300fb124cda,train,559,camilablank,5ea5c68c4e1dd28571ca90dd659824b540f7156b4085e44758c7c686cb8e732d,8a798890fe93817163b10b5f7bd2ca4d25d84c52739a645a889c173eee7d9d3d
sycaudit__camilablank_f7f32a7c3f561d,train,897,camilablank,51bd7a5338c51a562be5a83c62f8f752b51ddec5f97d7e48b6142848a195bf95,508f653196845692d9e051683077f2929db6c04d9c00be783dea34ec1b844a2f
sycaudit__camilablank_f830cf98c8eb88,validation,898,camilablank,62ff30e3b260777e6035d66f64b5887d4c51191ec9cf873b9ec1bb47ac313f41,badf669416d77cba78dbd971be68073d4ab65628a5a892b32f9177f11056597a
sycaudit__camilablank_f8b9caa4e2e67d,train,546,camilablank,5bfd2f9bc5988c6c35372ab26a79ecf3b09f087d89b7415817e80f8202876519,9390298f3fb0c5b160498935d79cb139aef28e1c47358b4bbba61862b9c26e59
sycaudit__camilablank_f8e382e3e772c6,validation,899,camilablank,bf3b5836df705f21a93ae0b28550533eb0ec7d05ef3248c347a1f3cef35ba872,fc196d6e6af80c5884baa8197882da93039eb12b4e876b1ece503af1a1a05244
sycaudit__camilablank_f9154f825dffab,validation,900,camilablank,28600e3e7f54e73233429484807d165b8081c18ed1ce913f8bc5850b6e884fe8,ed44bb7f2a75b1486942cf990b4e9616e87e8800e237c2ec02a2610a1edcafbd
sycaudit__camilablank_f9527a38602efa,validation,681,camilablank,652c271c13344e1bef30a56c70e3be068916d45bf2e40a0e089817c9879fb08b,57b4614f48ca9f2c652ccf1feb4dcaa0f26e6ce5e08133e2baaaf4e0be0655ff
sycaudit__camilablank_fb4fc25b3a99a3,train,546,camilablank,9a1464855323d70bcb12518775b0a1e8bc9e59ac611098e2a63977d12428fc99,9390298f3fb0c5b160498935d79cb139aef28e1c47358b4bbba61862b9c26e59
sycaudit__camilablank_fc95376024c85e,train,555,camilablank,074bb3eace55a302f07c01a344e6d1234025118c79894b772a402cc0818dd5e0,6b23c0d5f35d1b11f9b683f0b0a617355deb11277d91ae091d399c655b87940d
sycaudit__camilablank_fcb020e1d04bd2,train,901,camilablank,06a4c6bdf437bfac7a2ce7a3ea389e4d8552e333fda9c74e658d403771597ea9,61131ba881b0398d98a7d2694934df6b05923b1e4fceb08d1bcdf0a167d9eb80
sycaudit__camilablank_fd897ff6077233,train,546,camilablank,4e45a9bff4dd0a8b4a5699ff84bd96ad944d21e642b3ab6a8b271af5be730fd9,9390298f3fb0c5b160498935d79cb139aef28e1c47358b4bbba61862b9c26e59
sycaudit__camilablank_fd9ad15a1f60e2,train,902,camilablank,73982b561398c9a821402f2b9dff5343091ec3ceaf3699e85046cea8444bfbf7,bfbaf170c7d987f68970730c15a7eaada452a99bf2b7d9e266364ed0201039ab
sycaudit__camilablank_fec63c9729790f,test,903,camilablank,743d5e41c0f63f74a00c4d26289612c79aacae07919d34a02495ac37e8e6d584,392033a8b4245467d1206910c133d3ee5e1537d671d78ca6984382f142bae5e4
sycaudit__camilablank_ffa047c1baf36d,train,546,camilablank,a5a6b3f71bef5bd6699310d5d23f52f646a5d65ccc985e398c40b96480ad5713,9390298f3fb0c5b160498935d79cb139aef28e1c47358b4bbba61862b9c26e59
sycaudit__schis02_005a8f94f0bbea,train,39,schis02,79b044274cdbef8ec12c09fbe17bff71306a3db672a39bd0920809089fa95b04,d08d92247ccd044b3e3dfaf4e8d2b77c0ab4145288ec5faeec3d67aaaa14b6d2
sycaudit__schis02_0062099cd88be8,train,7,schis02,cea9eccce160c78f41eec627b4da20d1101db4bfe044768e350d99d792061ac7,1e9b566559f491552bff661c846f42bf03ba2c37447c9a8ff4346e721f541ebe
sycaudit__schis02_00673b2be3ea15,train,94,schis02,87270def14f2d52a2708c2989ae8953633e26092b7bba15f2a1ec81891b0b363,5bf4d8a5ca1c85a9a4e4117002076d48e5b64893f59e0870d7877c83c3060886
sycaudit__schis02_0071353ffaad4e,train,85,schis02,4352774b694b0e4705c7b9dd7e546a554f2366d8221ba77e5055a7b411897acb,34f172269b1e1dffbbc4d04d1d106baf47b8c1407fe6e205276b8bebc86ad4d2
sycaudit__schis02_00ac6744ba3c97,train,72,schis02,cfee6bf1cebc5a52d677d324954b05e6b419d096d95696b9f81ca9bd88e6e5d1,6af1253f9a5882a4090500c33eef792979f348c9c1fa04a1889e70471a644419
sycaudit__schis02_00f8e515f7e8cd,train,72,schis02,e5e514102c8466883d79fbaff41140e98b0389579b12c125c944f00039119416,9ac64939a49376a154747ad20d78385f55fd420509363b4be6d54c2b23c0cd83
sycaudit__schis02_0153dbb1e43111,train,13,schis02,3f92eac01d45d0cabfa35616e0e46f413d2e01696f2efe947dd794e4709335c6,8ecf391cea8c55fec8b570bec6603ba7dfc14940f272e6df1e2990bd8f378ce7
sycaudit__schis02_01c5dad6e47ea1,train,16,schis02,3f2375a7b42e42b743d07cde24868b97a98a0ffc8bbb67dc3e492748b4008a8c,0b429ed710a5c07fb6f62d37fbf59cd996e96736d1fabd29e257ebf9b0e742c3
sycaudit__schis02_02010142803036,train,93,schis02,e0e07b0d3bc6a50f18b0fec2333c3b7b5ef871d8975ebb10065ef8a3d0906fdd,10d2c696fbfecbb3ae2165ba426d8943e538b2a9dd57f407f7afce57244e87bb
sycaudit__schis02_0268f712ff89d0,train,3,schis02,ddad7d6e0ed1c02d29d687b52322e38d5eed67cb68bd602249502a42c3310f9c,5d9e0f730ce88c4256f37356f996a716041ef3836e96c4035bde34a48ff23d74
sycaudit__schis02_02a4652ca3796c,train,5,schis02,584f02b23fa5f5a742f3a19c247d58681362068ebcfcdc50a8d57b974cfeaa92,5960cc7f9083b21a74b1fa5bad80c75424e364c639e28700d1562ed7a978e9b9
sycaudit__schis02_02aac3877e93bb,train,15,schis02,27b139618a828e080c1580ee10dc9503f4cc8ead742cca294c8318bc5f7f7aa5,9a185fe6fae91b49f43e2a0bbb56e79720bf1ac0443c3011116651e655ebbded
sycaudit__schis02_03284166aeadc6,train,0,schis02,a90ae15019dcd2ce951af128198c7e900b15de04c9ca5df42427317b5f219864,291b6c60d0565e8171e9e616629d08b35978ec45b4ed802398f8678d191b2866
sycaudit__schis02_03543747e09b47,train,1,schis02,008caa307bf7bc3fb96f9cedb3c4e6b0b66000c7ead30868f502c27b868009fa,33f2179e9e10cb44a1f86abe714cb7cd5293c0690ae6c1490bfa406ec32c2993
sycaudit__schis02_03d25dc696ea4a,train,93,schis02,3d5823785aac918e766520f069d07532a059de730318807eb77f62c1e5e81a21,92930c8d77a8f79a96e38f9ee092c3048d53d34f4ac715293c5ef23257d34fdf
sycaudit__schis02_03d7d6705b898f,train,14,schis02,69bcc942c542c081ef8fa9565761f69d1aa521d0ae45b1de94f5478348fc61be,001768a629941ef8be7aed11a7277bc6667e33304d6f15918597b8dd9fc3b201
sycaudit__schis02_03e1117accb3ca,train,5,schis02,794b7f505926c309219abfcab396ccb5206b6ea18435289169fd3e43c29212fa,0c59f3f1679530beae816f7f1f5e9d625901d82cd7d85b7db54cf3dbd19e3540
sycaudit__schis02_0403af5cb480a5,train,90,schis02,4bf990a11cd24556adf4535d597f0ba9b898507fd250177d4d978d55e3658617,f656ebf6ee883822893290c05811f2e838809868da2f9f1c22c97f59937f8075
sycaudit__schis02_04518bae637eef,train,10,schis02,b547684c552c3d21a0edf3d8c6db1a86896184c31386876168317a629a92ea04,783f559765b153d540b238a5062053738108381615726fa4e2b4a09d146f7451
sycaudit__schis02_0468996ba77fbb,train,84,schis02,0ba5e27a32fbeddad56fc54d7370444bf1bb0b32de90f13f7c7b4f74c0dee661,808ae3cd3f3cd18b9cd789304b70e330dbb8c881dd351a6f57a90a1f93f1a870
sycaudit__schis02_04923e4fdf8418,train,92,schis02,14c349cf13eeb5a220e77c260d1f8f99953c465d0ccad77f980c02da3c98e33f,4ceea0dac5d2e5d08841e3e0626b6b7d34420e1ddf860331e9ec9f25078a4228
sycaudit__schis02_04abdb7bb41d47,train,80,schis02,0f258ceb1c7f952a3dd6985ba866efc8d281a3e7cd7775a4502ca74bd2ebc117,3d33e1b65d98d11bb7aec20d39288a63da1a41d4db6100bda260a22dbe80e2f0
sycaudit__schis02_04d926d8c28ad7,train,91,schis02,54ffaca510aae7317e920b686850606f5bfd6b552f817c5dc132c31ff125687b,49b300c2fe17b6f961ff595dfa9adb3e46c4729722784a4fc61ed9c8f4bae380
sycaudit__schis02_04ea04b73bb67b,train,94,schis02,6836893714e5acbc4508acdc2ebcda00f32fd076bf74dd1e494ae38a4c64a705,4a9c0be51a77ac876ec39f12a63c70d1dfa4079ff3381d2635aaae3353223301
sycaudit__schis02_05057d14e3aa7f,train,95,schis02,9103854cae6c241224e591e6aa5ce8d35ff4773617a3f120b4a951dcbc05cbd0,350e1d042c23f5ef259c0f4d99a1aac2250f984e8f71ab26a1ce7f5f0204a5fd
sycaudit__schis02_05077e4a201cb3,train,91,schis02,54ffaca510aae7317e920b686850606f5bfd6b552f817c5dc132c31ff125687b,f457bd5eeaeebc94d78b04e10d9d9da9fb089420c8a287351d8748a72ca42ba8
sycaudit__schis02_055c81caf7d96c,train,0,schis02,f45f48544a7c4c388247950d54e7a801cbf2fc88d399520b553d52a8e53c024a,5d0816fc3e15e719cbba5b85e8f04ff450f5bf978186e41712c1d5b04eacb2d7
sycaudit__schis02_0573efc1812768,train,10,schis02,b547684c552c3d21a0edf3d8c6db1a86896184c31386876168317a629a92ea04,10859dbdf0c2abf02f1e35f596ada34c7dce319789ee708c35230ea694e2f48e
sycaudit__schis02_05926314b0a1bc,train,79,schis02,927f128686ca0c96a5e4d0c5678dc9167f8be8660f6e2b6916e6f1cce15c3273,6edd3bfd8c9eb08f72364bf4996a40e777813afbb6e802dbbd56e2e12e6e4c84
sycaudit__schis02_05a82765f627ae,train,8,schis02,ecbb5e67233e05ae809e5670b2ba505cf284ad6e7b6e81639ea43d3aee4637ba,50b9eb87d055b61305001cd78d7cb4d8c489588235f4d5fd858ea47820a5a4fa
sycaudit__schis02_061caf6df1b66c,train,72,schis02,e5e514102c8466883d79fbaff41140e98b0389579b12c125c944f00039119416,f40778da7b221291fa1802e6cbf88b4c11af2aaebf6da3ea39016e8b3c25b346
sycaudit__schis02_064e52da7a47e3,train,86,schis02,390109be818b323aa8d666b3d03d11181055574dfaec588a563991ca98dedb6f,f0d84fa86de4932c2746277d3f170e2489c609689754a6b12f8bac76540e2235
sycaudit__schis02_06562ad6b9fece,train,17,schis02,613eb13dfdceecdb4d856a3516dccffb52cc509a7bafaba9eaf98d14f24e04a5,3897d6fc866f93975c711215e408663592f4f44a9692ca864a276b183f34af3f
sycaudit__schis02_067edb9a24bb72,train,18,schis02,b2451075588864ef2caef4b1b5e3611faf0dceef4521a500fe231bcda5fb1d63,79cb3b67c808a9c2ba6ed56d25744f6f54eb024bac9bbb39257717a9cb4e50f6
sycaudit__schis02_06a5c19248884b,train,76,schis02,dd9be73f1559c64585300da5b75d3452925cc0a0cb206c7deebde6f629e938a1,e3e088c85b0353433aabb7e0396b0938a96a2a9e72f3ea80b0edee8ceb1d2b4f
sycaudit__schis02_06ad34065bf4ba,train,19,schis02,42b8a0faf81313e2c13b4a0ed5dffb5063eb2566fa3070a04cae729a48873671,1b829f9ea61d522a764763b44faf36531573a3688d21dbd587f93d7fff31f260
sycaudit__schis02_06b839f4dbe0a1,train,0,schis02,cec138a177b12701d6c1f0585fc7482c544fa8ac98c58265e51642b156819322,f4bbdfee2ded7127ea23f5c769ac6389253a1e5942567646c717bd57ed10c16b
sycaudit__schis02_07053c87ccc771,train,9,schis02,65f941631695b37455ca90a2624b924b97f0c39933873d7fd2b8c3965d09b383,9a087cb74b93ccfe56cba57d119d70faed1882be92799f02a3d9da065619b78c
sycaudit__schis02_07699084e98427,train,39,schis02,4c1c151a47d6bb6db818bba8da727269f2eb6002c859d553baadbfb2040c25b4,e0f910e2f2de19fd12980c2fb4d6ee428b7c365b34123ba70da9bafed71f230a
sycaudit__schis02_078735805750f5,train,19,schis02,42b8a0faf81313e2c13b4a0ed5dffb5063eb2566fa3070a04cae729a48873671,059d1265c74eee7e73e637320637fbbe07e5f23d5004b08a3d6e4ccfea5498c3
sycaudit__schis02_07be15526e0575,train,39,schis02,79b044274cdbef8ec12c09fbe17bff71306a3db672a39bd0920809089fa95b04,5643f6674f3aea3ac467f44f819d4f0447f81b1da5f517ed170449bae2dd9d66
sycaudit__schis02_07cffff53244f9,train,12,schis02,d8c6c7b6da5bc4755f457ed0dd32867795f5928babb4a12caa74704aed9b2289,2e4b2ffef871a8464479eb6725e5306b9dfc0f0ec5bdbbcc7ee553f543046b25
sycaudit__schis02_07d8b61ce94108,train,84,schis02,e0ab559b4ec07f89e763932a99eb62220e9e597d79da854837cf4d73a57808cd,8711bf3017daac67eea9e446c1ee49520e835c7506487e7bcbb209bdc999a012
sycaudit__schis02_082254b2748545,test,2,schis02,111f0e445860cd9861cdfa5ea48f606b3e85576c344227943f10bd4f351fc908,e4b85bca43ef66cc5c014b5f301e0c4e6d5dcfbd8bc86e1be0390069d316af99
sycaudit__schis02_084179c93841d2,train,88,schis02,0dd6557a07f192a9deb376e9270ca5a3a0f9b6d9250845b8c65fa1fd91d59e69,bfdfe8a00691424a6e23d1d77b770dc0131c47533f705706c6933ebfbf9b73ce
sycaudit__schis02_08d22daca1b3e6,train,78,schis02,82b3b08a012b7003f331ebe70da42008f51637e17435ca17c5893d2a67c69f6a,c982b87b175e1cbe633bd66800ebe828e9eca93dc8f69a2ebe11f893ad77ae12
sycaudit__schis02_08ddbb750916c3,train,6,schis02,8845496467b09e4cc928582b30099979bbbd8e08d2c2778a018051a945e390c1,67a8e608bcc686b8b21fe785f1bd6b6f72b8445e41ffffa7c584d7f46b87f2dc
sycaudit__schis02_08ef591e080739,test,35,schis02,113eaa3e886b2e361edab9e9442769361083fe43f6eb983894798c1e1b49a0c1,ff00f85d1be0ef78fe475f7d88b28b2d773c02531707b2e2ed8b539ca97fcec8
sycaudit__schis02_08feb6744bb722,train,87,schis02,029c4a5e1e6be74b2603cd25804253f5c30b9196fb166359235b9d345f4391a6,5762d28572b29fdf2bfd8b74ecb016a1d2c4ef8b59d68118e33eb4e67b1b26da
sycaudit__schis02_0948b9ecc607bf,train,9,schis02,850f7244ff4332a70d406c0f3699469ed580b3737cc26e2b02a8ef2f341414e8,2a5850dc2451d92992c72db567ec9a13354ac4718c11006447dae6f5cd98beec
sycaudit__schis02_099d25eb2efacc,validation,4,schis02,0aca12218c7e9eb799d59e72b45653cd4947172c8b13e21e4697516248ffcef0,b69a176b2fb7008cee59dcc5a14188b8acd4faac6496b7cebd74920d4b085b26
sycaudit__schis02_09bf501265ee97,train,75,schis02,e636737b5c6b2022bf4ce21b56267a7d6ee08246bd4cae1ab1d1e93327b99a12,2e98ff5e3f728cdae60c8e07ff546050636932335d37bc54872334d22e25aa9c
sycaudit__schis02_09fe1e6de66960,train,91,schis02,5057bf11032df6d3c2698475a2dd6f12846e0ed01804868360c8e623f0493d24,828ec3305dc0891ed0fe37e7c179e3f452f8945745b872ecc9b227c546a979fe
sycaudit__schis02_0a0803bb899b64,validation,4,schis02,0aca12218c7e9eb799d59e72b45653cd4947172c8b13e21e4697516248ffcef0,c57fa167f4068bf2df242addab9c56ed63bcf842bf415f17c6a5c20902898c24
sycaudit__schis02_0a1630d1fa3fab,train,19,schis02,7e81adf573be452f8ce6047547cb9b99dc3d8a0e02b7ba6f312df384e75deb9f,b468cfa9529d55f976a3304bcfba68e945d52fac10b6cce1bac92bf78fbe31d4
sycaudit__schis02_0a2f846490b076,train,88,schis02,a88dde6796cfa9dad5ff111a7bdaaaee049d4ad85ec3815b210d5aef28f14a6c,727c1616e1c47c7994c29c4be2c224547255245e6479403b3214c157aaaa2c54
sycaudit__schis02_0a8a4977f9ff0a,train,92,schis02,e03af9dee3a06e469ae5439c13fa5b8fa805068abe3a5e32277271025e390af8,3e033a44876be609f24159354f2ff6529c4fbd0edc4a9b4f57554ec897d6cd51
sycaudit__schis02_0af66e0e42b733,train,8,schis02,35c680f1adc51b7609d01f1db0d5b6fbd04465635b13b20fee369c78928ff518,26932a112016165859c4da048ce6f96ee38a111d77b8d5b4e3aba5a8af33adf6
sycaudit__schis02_0b365b68a071e4,train,12,schis02,fbff058fb9f5618b30ec4a768c2328f959b2f97d5065635d0e5b0a386f484e26,e41cea6930f181afe10b476c238103682b0c3c5a21482958a77fb3298588b83b
sycaudit__schis02_0b7832f7f682fe,train,15,schis02,4d5e6fb8be8f40629ad913a07d71ade20c02ee68bba8e879cf22b7d8c6b263eb,1a68dd1c144a1e9450b6d4a1431465faa0577f824eac310f77275999ad84c4d0
sycaudit__schis02_0bae3cf2f24e17,train,39,schis02,97725aa291d6b532253f1dda15ef01eeaaa80ee5fc536d4a03f06eade8afd663,0046033368a40b423aac22c1b1b36dbb1f20662ad8da244489b040b289938d57
sycaudit__schis02_0bbea95b43c2ef,train,92,schis02,371a8a03382db2f20638d3996996058bcab04e2093684e32fd2030fcc95b1aad,52b06d9defce8714c3c12c34affdaec6d259a3ee532fbdf5e7f5b35f7962d293
sycaudit__schis02_0bca39b63d03a8,train,39,schis02,e05d32944b75c5f9c07d3db7e433759212d963af8bfb332aba5078e8da7dbc9d,71c27f750262b6390b8b296e61c25cd2bfc2333198faaf8c88edf0625b0135ce
sycaudit__schis02_0c379c6b4c3310,train,73,schis02,ac93b650221e435576c8e953bfa7c8f3a967ef55aa23d4d8b2de4449fbc57d07,8c62d310ba0ad78b058a8f7d8510c2553376cf75c00945c78560a6222ae6efab
sycaudit__schis02_0c5824fac77994,train,86,schis02,7b248165008955d6f6baee8f239f4beeafbd53c677111597146262e027c5d83b,aec81746648504c4940efc31110a4657a23201de3eb2316f904a99c7deff0a35
sycaudit__schis02_0c8ce98041f732,train,95,schis02,9103854cae6c241224e591e6aa5ce8d35ff4773617a3f120b4a951dcbc05cbd0,147c62159724a963f436c242839c439e54f76bdb27a9b3c30bf88606dfe979d1
sycaudit__schis02_0ca982471f826f,train,6,schis02,8845496467b09e4cc928582b30099979bbbd8e08d2c2778a018051a945e390c1,607ad260e0ecf16024d5d647192d6f877d2ab8818b7c5fddac2eee14bc207bd1
sycaudit__schis02_0cafc92fbfa913,train,88,schis02,80f60656fc1f7fc21bd7bd25386978f624a66de795c89778a7d076549847fd8f,ff67a512d303b414a15b4338cac52144e7dbcf377e80355ee4d77208c6eb37f2
sycaudit__schis02_0cd4bba7a885c3,train,78,schis02,2a0efb01a1fc14cbf6608deb72ec5e53fd33611688cb0a1dde24d906763a5faa,42997b1ef9055f3f94d359ea39b0fa3fc36ce61b7f12fe0e7815d80ba138bd75
sycaudit__schis02_0cedf094fffe21,train,79,schis02,6c65f98c4cd561fc6ac86db3ce96b7c1efa4d2a5f2cfa2f13ab0d57f050e4581,adb51a00cb3880a07e68ccd181a89972dcee45ecb1fb82dc9ed4e42c77835cb8
sycaudit__schis02_0d59b1842d35e5,train,91,schis02,5057bf11032df6d3c2698475a2dd6f12846e0ed01804868360c8e623f0493d24,fbb0e03dc904109a204d9d1a0a51b0171c4cb05cfa41a95de3f54cb365f7fef2
sycaudit__schis02_0dc394679a371c,train,94,schis02,233e3c2c6b778a4db4e6369209bbcdbc09c1af2114b852708badcabfe3c49aa3,187a0f0245988d3623970530e372aaa5197ab7cae5fe6ab823bd0f968b25e9a4
sycaudit__schis02_0dd23abd05dc0b,train,8,schis02,4357666a140551b09583e54b13b78e44bfe43d51c01cabbb4d023e826a4c3c45,b2405b7c29e2666dac6a588a6c12d774d7a585ba09cb684cfe737c4d92e18b43
sycaudit__schis02_0dff09fddd1559,train,92,schis02,371a8a03382db2f20638d3996996058bcab04e2093684e32fd2030fcc95b1aad,0a68c421ff39c5a7f2439c16a1512e7eb40c1939dd4688c86dbed01407577d8d
sycaudit__schis02_0e0159ed6cc169,train,93,schis02,bd44230c23e685d9827f183cbefa8aa4aa6ff75f68bf7480187977df957f89cb,6344b20f9a3a86416cb0daa8ec52800c2944a41b8a2059059690465f37111cee
sycaudit__schis02_0ea20a07068a13,test,2,schis02,8e4a9180a4f81edac9fbf8aeae76675b53464e220c497a8bb16cacd0cb3694aa,9ae383af414c49c6bf4eb961fadae983bb3d555f40cd8bd5e69b226eee9d8715
sycaudit__schis02_0eaadc061b8c7e,train,39,schis02,55db156153ef610e8a1ce4be8d401c0e926d376836fc82fd6917faa316341d34,9c1ccd75822af54833ca9114ce853891a3c08db4c0a8d4fe6a62c2bf7254ddb9
sycaudit__schis02_0eaed3edce215a,train,7,schis02,320c14ec9058d790f390be5bab94774c4d59e3e82cb69ab42a2c912c3813a4ee,83442d0a1263bbd5fdfd40814df121ca15c8c6eb47090be6c63467c3847e3b44
sycaudit__schis02_0ec9f4741a5514,train,7,schis02,320c14ec9058d790f390be5bab94774c4d59e3e82cb69ab42a2c912c3813a4ee,af3cd407b561f8f37a101735ccd2e78f8005e1c79259c9d67955a243f95fd823
sycaudit__schis02_0eee0aacd47549,train,91,schis02,b361d529ab2cb6fd1f2c40e19eebf949a73d43f4e1b8ae9be630b0220ce779a8,a4bb4e8e76f1e5946518a15e75078affc77fcdc32990aebe55add03e6a5b6b8a
sycaudit__schis02_0eff5d123b10ae,train,84,schis02,0ba5e27a32fbeddad56fc54d7370444bf1bb0b32de90f13f7c7b4f74c0dee661,ce2fe6c4c8230584da1b47fc53078ea2f2ce4e6a9ba7f48a851f1ffe661a08d4
sycaudit__schis02_0f58ae9013bf08,train,20,schis02,6e4bb6deda3185ef3b4ca6716c38b90e73b375273424ba19c242f5b2e18c4e54,a411ca8eae2919c6d1156ed73d1175de0308d051acc546ee0bf6a7cd0043f813
sycaudit__schis02_0fce2d4c944bef,train,77,schis02,dfcd70fe73dfff77f28c8ae016b227d7eb5fb1d2d7e96ec826230c8093bc2e3d,e808b86825134b73caf9ff6bff9bff5923418a2a4632e2ee57f884d62fd6ba96
sycaudit__schis02_0fee2429b77907,train,19,schis02,7e81adf573be452f8ce6047547cb9b99dc3d8a0e02b7ba6f312df384e75deb9f,179c22b2585dae8948daf3467a00bfa3cb07bbd204b4a4b06855d0d76ed38d3d
sycaudit__schis02_1069c96904180d,train,88,schis02,3afb641033366dafaf82b8544d9e51ce4498404fc47c460741afa2b4a94ddbdf,d9223d8392aa055aa3d8286dedddc89a733dec488b4ba617b77b7997aaf21619
sycaudit__schis02_107590c35bc426,train,80,schis02,0f258ceb1c7f952a3dd6985ba866efc8d281a3e7cd7775a4502ca74bd2ebc117,870c2c5e6134ed414729f76f001b6c98890d216ce8309ecbf4702494f6615f45
sycaudit__schis02_10810bf2571a8a,train,93,schis02,56b36a8dc31a482b3f26ba752e899495129d774ecc642d9508f59532de940869,9b95217b5576c9edde0b2ec61bba5f9867386eede06df30eca220bb529c3ecb8
sycaudit__schis02_10b1424fbfe2b0,train,14,schis02,6002e876861808af608c2d7255312f5d63960326a41851ddf9f850bea248e040,47f034374b6c99b5bb0b631f40f2e51a53d1f89a72b6ba29d450cd2a45f79088
sycaudit__schis02_11158d82a695e7,train,80,schis02,35726f0ff5143d78153c1ace9da9b949d1e5b2db49247a865a3179a4ad01897f,eee2b107244e6ec4b586d2af0b3e45ce119ca200af641bc16b909de596fae863
sycaudit__schis02_11588b12ed52d0,train,81,schis02,8b20da92c623b141f678ec4bcb6783859798ffc92542a85836144ceb17c62d00,cd33fdcb32e870295a014c779e68055c560ff6dda80b719b09dca57e9b285a17
sycaudit__schis02_116340155060ea,train,79,schis02,6c65f98c4cd561fc6ac86db3ce96b7c1efa4d2a5f2cfa2f13ab0d57f050e4581,036b5a1e5e53afd09bbd1248e5cd2f02b40cba42b478a90ffb188be51f09987a
sycaudit__schis02_1183b929614d7b,train,81,schis02,39c9e848ae6d341e62625bc06d1eb470c061621c9a96b5ff5335292735f1e3c3,c2255f9f38eff5d80f446b18f79be023c07578edae51a0238935b0878c44431e
sycaudit__schis02_119335d2b9bcbd,train,75,schis02,46bb80d54c7287958abac34c47cc9b397032f1c9412725f41443ccfcc8dca15e,2a10233b8290366f5fe2e6cebc57f76ee351cf5a8faf073fbd2500404acf1835
sycaudit__schis02_1195c55f93778c,train,8,schis02,20385fd9ae2fe8e7ecf766fb17ba13d1a11ae7553dfbb432ab1b6bb6623b4ac8,69e01dcd423895c0e1fa985c6bc8aba208380e7085a5d8d52ba2c6731f6d67e7
sycaudit__schis02_11d1ccf41abe18,train,7,schis02,7a2b6950de686eae79572a1fbba1e8c000008f575a85a1a59758788f91b5e195,9e13532878f3ab338c59e8f308c1578d7c8291dfe131137e115a80322eb97f30
sycaudit__schis02_11e0f41e7c3bbd,train,15,schis02,ea05f926740cdc4d34831285044b86d0baf957c97d64d64a30c7182222c86656,055f6f148daa96ca382054ba12525ae009ed51c1ecd0d8a6840c6d3877ae3474
sycaudit__schis02_11e4256b4440e0,train,95,schis02,8ac60c62c743e6e7d0b1962dde42cd691f9ef98189e9f5820eb28798ee41620e,863ed70284c8efc0fd99a322351fe5c1a44ff9090f236af4c3c36badae641dc3
sycaudit__schis02_11f9ac79ce1166,train,19,schis02,e3939d4ce33b64d19ab63eebc585030b0359617b7edb5891ed42657ba815d7f7,939b68330cb2f3e56633e029dc6e73bbd5e68a59173e3f0bc514c836bf4c77df
sycaudit__schis02_1277608d9ec4a5,train,12,schis02,e6134a187de7c4e0c191cd95003082dd6eec059f761aced2358501736fe35ecf,87a85283122d05d0249c7c955e30b6b3ea0b41122bf5b3fc41d76bc83b4410be
sycaudit__schis02_129d0c85e02c39,train,94,schis02,41db10f8404b207148af1beb3f144862371e063e10daaa357bd529bc2d5a6996,4423d41c12df793e14fa5581ed4e79928c703bc8add403d6ad80ed4476438a61
sycaudit__schis02_12d844b4f05133,train,86,schis02,390109be818b323aa8d666b3d03d11181055574dfaec588a563991ca98dedb6f,97f4ed269e98ffb36a89d5c152395454279ca81aea7b96ddc52f5a9077bd2ad7
sycaudit__schis02_13703350f10eda,train,87,schis02,64c68c62398738d9c6933fd442a6541bb2ad19dbf6001c27e979e382fdf6ecde,e002768978a1f37074441e5012f5c0268a25acd5aee4778816b1842c869f270b
sycaudit__schis02_13aac37a1bdd11,train,73,schis02,9015f3b63e41faecf983926504a937f56b4303dd9a895ff49c4d999f2ed09511,67d131da5d09dd66c95c3e63715f4e7d35226a5dd2f85a9d0f34d2f509258b39
sycaudit__schis02_13afc21b646628,train,15,schis02,a540e70abe5ffb3c24525dd535dd8d8858404585e8ac9c4e8e0fc4c5344f746f,10271a2073a1d840bc51b71f2f15af35e06dc87caa6dded298d48f604d678462
sycaudit__schis02_149d945a88c282,train,3,schis02,03a1ec5d6583c5c0286038ed8ec3e45de19a065b717b5b916cfa398d0cda6c64,c394357e3ce4a29bc7263905b99e750b25f93afb0c8c5d4aced355c6bbb47b4c
sycaudit__schis02_14cf2ea0647306,train,73,schis02,ca82474fc66d6a706fcbc977197b5f2061b4f42640ae657b36ab5c3b4c6a0ce0,0d4e60151b1ddfdac349045d66780980a3f0a5cb1e9a38671aa450c50d64d9d9
sycaudit__schis02_14ebeddbe70dc4,train,82,schis02,72120cce2d6c6868cf30e0d9d55ada4a9037a62dde041958719c424c9be6126f,2663d17fcc88cf0131d31e2f867b904fc012f7d25d037825e78015a5d5897641
sycaudit__schis02_1505947b560843,train,82,schis02,deb5a33b5309bea5f32b441ff17d63e0fb5e926c2cbb8c281e84fe8a343e7b6f,0ca8ca5bf3b5c716bc83ffb4ce53afe0bc3e0adf2b170dee2d0c7ab2f32b90d4
sycaudit__schis02_1526faa276bbcc,train,76,schis02,7ba835213d9fcecc4e46d838f30378426e831bc48d02d202bf9e02ea3f1f0568,ac06df36cf4f4611f47b22df0d4d4047539dba42a0e2de5d7655ad26d3f8a13f
sycaudit__schis02_1556b011f68aa6,test,2,schis02,8e4a9180a4f81edac9fbf8aeae76675b53464e220c497a8bb16cacd0cb3694aa,c364aad9c4d5d3359ee05ca5a7606b88f53b69508767ef3e2119cd14345ff2f1
sycaudit__schis02_16407e8a438aac,train,12,schis02,c505da3e2deceae01fcd903893a40f43c910cb07bc16bc27eb52f22bb9353198,19a8d3e840933bbb264c1f2431e713a0f4031cabfbc4192dbe9308bfa621f3b9
sycaudit__schis02_16844193df42b0,train,80,schis02,3f84b32108ddf00e750472e81e60543665d228e2310ce847ed15d1bbda4cba05,48b3cef455d52e458c5575ed74fb714bb265feb5fce5eb64a76b17814fed17b3
sycaudit__schis02_16940bab5d73e7,train,19,schis02,42b8a0faf81313e2c13b4a0ed5dffb5063eb2566fa3070a04cae729a48873671,91f3309d87cc6317b695ca224a70de8ba7b5447f1c4514f37e7e76cd3c487acd
sycaudit__schis02_16ce6e8f3568cc,test,35,schis02,113eaa3e886b2e361edab9e9442769361083fe43f6eb983894798c1e1b49a0c1,61b6347e83e613aeaab9064926fe095a00203756a551726b334a5bb52f50d773
sycaudit__schis02_16de9dbb68f812,train,1,schis02,30df56d9f256e691021b87dc7e30b1cfdda39217f7cdefdb049fc0d01c052b54,c686424db085ff1cb4c82257232dec02fcebe61683d6d442c0a6ba249b771c71
sycaudit__schis02_1718be5613fb97,train,39,schis02,4c1c151a47d6bb6db818bba8da727269f2eb6002c859d553baadbfb2040c25b4,f8c02e2daf0dbfa07040d385ca380b20b59f3f0eda380d25f5fd00bbc960de08
sycaudit__schis02_174fbd1cb1152d,train,86,schis02,630a2437e4ddee835c6f75d0be4b0c52f82025f3f36a438f75e9b2a0c9db0102,a69fed130f57dd1603b00880adb148e04103c646e21a1ada80d60cb6d35652ee
sycaudit__schis02_17b3bace8804fe,train,8,schis02,35c680f1adc51b7609d01f1db0d5b6fbd04465635b13b20fee369c78928ff518,61192f57097bb60bf4c8f2d9e54e0db80a7fbd72503d6350ac45a911270f69b0
sycaudit__schis02_17beff58ade946,train,16,schis02,3f2375a7b42e42b743d07cde24868b97a98a0ffc8bbb67dc3e492748b4008a8c,672a5797c4f732b8f61bfec42fc7d15b5f8b00b6a98c00f26481c95e2aab015a
sycaudit__schis02_17cc224172174c,train,11,schis02,abb7ad2812e9bff6d3a6540fd1c6476301cfcdc14c4b338f859bdd1fd9de9edf,e018e947484ad025f540d66a7993b63ae9ad18e0078aeae600fe0f82b8bfc31b
sycaudit__schis02_18125438a9567c,train,72,schis02,c04e02470c1a5ebaaaa09cae11a1c48dfeb66effcafa3ab879a074b110fe34d8,8c7b640c8d148527b072659018c9f3727a2e56bfc46e69ac348839afdd733e53
sycaudit__schis02_1816bf541f05ff,train,81,schis02,f66bddab9b339601dfb073b940f661f11e9b37e8a7b68b4af638f58527460dcb,4d4cf44e618f69233739bf87c2f7e303ee75f5bdb1474552205b6d5b59fece1c
sycaudit__schis02_1828a8ac031241,train,78,schis02,2a0efb01a1fc14cbf6608deb72ec5e53fd33611688cb0a1dde24d906763a5faa,776ff5cae54ccd68f2e8ddfe99816b0e25940b0e0979f583b6b5f85fec2a8981
sycaudit__schis02_1831a3fc357d98,train,3,schis02,ddad7d6e0ed1c02d29d687b52322e38d5eed67cb68bd602249502a42c3310f9c,f45c2a8f2f7ce7949e444125da98a61875f7813da9a6913d21cd6dd99b2e61dc
sycaudit__schis02_185747ed58f066,train,72,schis02,d1891781bd7b951a40a7e972e6d88a7c8d602944e9d35846b5b4d0239f4e2e69,6d6a6cf16207700f831c6a44a7f723b9f7eb6eeedabc5f76e8cbb1ac74a9e881
sycaudit__schis02_188d3061628def,train,17,schis02,22de86fb20130ec4149d2d953662e964c2da36f0f458ed79a56ba3309ea38309,23e4d1ada5855189017c07851bdaf38cf5ed44f9b57294fceec70167615b751b
sycaudit__schis02_188d970e542463,train,76,schis02,83a45591113f42b33d23810406c1ea32fcdc39140d578405bbca5e50c377eaaa,77b75064e84a35c2cfd07a8c14dc22cca2cbbb10d588aca6b24cf60c6a7fd23d
sycaudit__schis02_18e2daaf4eb4ea,train,78,schis02,6888c070dbbb4cd5581c281c3e1ad73739011b889fbc2061ac6b446233bb53ee,09734b9fd3934f9c3a91822d856f0dda4537998867126a05be2799feed807f09
sycaudit__schis02_19928da2356b8c,validation,4,schis02,632203e22ac0c9bb63d95369ac89dadb608095cbed9803cb52051da78b29ebe1,22fba7da327976f01f4298e15e9ba97dd91028ff2bb408021ce881f00697ad30
sycaudit__schis02_19a8f0a63f92af,train,76,schis02,83a45591113f42b33d23810406c1ea32fcdc39140d578405bbca5e50c377eaaa,db212f2d39aed9d2e3ac81cdd612eaa44281ea775f19ade8f7ccc7a22808224a
sycaudit__schis02_19afb85279863c,train,39,schis02,79b044274cdbef8ec12c09fbe17bff71306a3db672a39bd0920809089fa95b04,1980304dde41478c9291a96d498e72aa866e5f682fa5d1ab00489aa25586c975
sycaudit__schis02_19c2982df00b3f,train,74,schis02,4de54f0bd1ebcb2b7a95571dd22b5379779bf745898862c6a980f9345adeded5,f36cdf4df9eb100fd7b4d88066316cf3eb69db1db22644ab642ac877913ad260
sycaudit__schis02_19cb244d3d2d0c,train,80,schis02,e1bf3d528313a2c609629f6885c82931eb278afdb1ea9d0a36804bf54e7cf618,cc75090f7d484054bf78d17460af5a08aadfda0be4041251a3c390b5e9939dc8
sycaudit__schis02_1a0e8bfbbd4858,train,90,schis02,18a0384ec40b579a3831c11069e821b83bdda638e4197df39d38637462cee308,edd621fc61f5966744280d8a1080521cc65afea6dd697b12ce9632c360900cc3
sycaudit__schis02_1a2d5afa67c2bc,train,12,schis02,b88ee199619e87acc7b338f011a784cd37f5d019b186cae9807ac9373dd7e71f,0e1c87442382618859c0b5db844b55b7230d7b777a18025ed4ab49d30f9fc11f
sycaudit__schis02_1a4ee1c5b1afd0,train,12,schis02,1ee216826bfe29eb37b43c874d5ab690988cd6b77e35d33f9c9390aeb0bbe033,eb25becd54ea6c12f0f8a3850346c89d923cd52b19ca3160b8c9179770977463
sycaudit__schis02_1a68ea1d664a0c,train,11,schis02,0884e39636adafe8a2c9426bd518cddfef8ade4ebdc46b472fe22df3e3299dd2,243f3ae8f668a6ed2d012562110884200b97c11eff33b36d8d4561ed549d40dc
sycaudit__schis02_1a914d50962baf,train,39,schis02,97725aa291d6b532253f1dda15ef01eeaaa80ee5fc536d4a03f06eade8afd663,a8cfa306bc6794bf92ffb250ab0c68e53a2c62696767f40510eeb9ecee0dffdb
sycaudit__schis02_1ab63c50297b0c,train,72,schis02,a09e37ffbdd60b1eb32232d62c5635b3c8fe90144950b4efbb24700ea772e0e5,1bccd5a416e9104f30db2600fc6b137c61f20977505ef472035437234344d2b9
sycaudit__schis02_1b45ce64a8bba9,train,85,schis02,62fe97c5a6d0db6c5ac5f1fc063f45d22b2b6221ee5a1149e6e8e99881f6c653,faddf1ba1c900f64c1ac02b882682f3705c36bd7f068762afc6b22e00edd2452
sycaudit__schis02_1bb9967a08441b,train,77,schis02,0396d20c654ccf5638a52918a2a697199bb6555ec06c08ca0175dabc7fcd2143,b31ebf72f499864e15373028dca01c6df58d0b9b19184d86fb81183443a50198
sycaudit__schis02_1bc7ec4f75d5ec,train,6,schis02,d614222d15cac8f9c556692c7dd626e45848f57674361a69a5e475c248f2d236,5ada92c3bc775be1b7b49f17e2efb046dd2dee58c2d62189d9615674a3a4809a
sycaudit__schis02_1bfa540a82e960,train,12,schis02,e6134a187de7c4e0c191cd95003082dd6eec059f761aced2358501736fe35ecf,f271c7086bf326b94d522915ba74ff36e53e08d3c6939c31db9af80e6707fc0f
sycaudit__schis02_1c1588c8eda7d5,train,1,schis02,30df56d9f256e691021b87dc7e30b1cfdda39217f7cdefdb049fc0d01c052b54,b19f14f6ab08922c7bb1323659004142801656b8f03407f0ea53ca40c060e0d8
sycaudit__schis02_1c425c31edf80a,test,2,schis02,111f0e445860cd9861cdfa5ea48f606b3e85576c344227943f10bd4f351fc908,014e662636d53460e810589d7a2017016bbbe2ed23e5d16868dfe43ffa3b6b2f
sycaudit__schis02_1c815008dad3fd,train,83,schis02,cd0012cccd1c435dbf8658a578ec8e4b5615d075e70bd563a50b1b14a8aacb7c,c4bc604dcacf7a92474342a8f8f9c65c5c1a9c11b31e46f947847ef096fda9bc
sycaudit__schis02_1c874e75a3a283,train,76,schis02,597dd7d2c947ceca8b9fabfb64e1e8f850cc9db7824f7de0d4d7283f1e1e1737,ffd977e46adb6cb7f29ca3f92678d90e3287183c3f7066e6dbf6eb01cca021d6
sycaudit__schis02_1ca528b98e64eb,train,7,schis02,7a2b6950de686eae79572a1fbba1e8c000008f575a85a1a59758788f91b5e195,32b2b9acf2f0b8cdac6dd271b49e32dca2ddad5fd73cd834efcfb97cc9d82373
sycaudit__schis02_1d1e2730189393,train,73,schis02,ca82474fc66d6a706fcbc977197b5f2061b4f42640ae657b36ab5c3b4c6a0ce0,7246de8d32515339d13a25dfdaf5595e7804342ef1c1f68a5bb1ba6332459a5f
sycaudit__schis02_1d4420797fe429,train,19,schis02,e3939d4ce33b64d19ab63eebc585030b0359617b7edb5891ed42657ba815d7f7,119b95b533fea1d0bf2e7dd7330be3073340ecb332e7d9dc8c8262472b4e66d9
sycaudit__schis02_1d60dbadfa961f,train,78,schis02,2b0e0eefbd426268e140e2853eaa7ccaf5adaaf80f026cc5f280d2ac527cbc83,9d702207c90ab6d87b0570ad6dc9446496cf537347bf29d7a9f05a8edbbd8000
sycaudit__schis02_1d77d077161531,train,8,schis02,e6e6f8240f502ec292179af4bad752e04cd0bd001fb2c78f46ff4291d5a70fed,3fab7c9b05fe5a56fc69453ecc6c7b4266b06f6faac6ebd650137bdfed1c78f3
sycaudit__schis02_1dbb50c91359bd,train,7,schis02,cea9eccce160c78f41eec627b4da20d1101db4bfe044768e350d99d792061ac7,d5270c3588a5bdae1ca0cd9cbe1e0d91d33cd14dac7a2e86978abdeea9d414b6
sycaudit__schis02_1ddb6b7ad339c8,train,76,schis02,6be5e193b9071899c2df3f75fad71088341fc3fe3cebf93b6c871c41bee0f9f9,f9680add401ef9560849313515261e824127bf60d45876431517c1b3ec80f515
sycaudit__schis02_1df59c78764b59,train,76,schis02,6be5e193b9071899c2df3f75fad71088341fc3fe3cebf93b6c871c41bee0f9f9,f92d2ef2926cb68bb70f3852d0e2820240a7ac7acc85efcef8593640d0d35a2c
sycaudit__schis02_1e069dd8048d92,train,94,schis02,d4e823080f1c929e264b7e44bb4709249c76bafa200ac70023d5de1f75985a9e,af374bc151468b282d2647926b797a6d141833c15ecbde59dc95d0c5e8beddcf
sycaudit__schis02_1e30ed0a12c7c9,train,18,schis02,4d5a21bee635d478d92982e42b51729fcbd08ad31c1a2485349245eb1014d00e,e3b0cda34a7cd08667c45d58d8501e9f5e59262aca6521119a2da2a40229d55c
sycaudit__schis02_1e319840530714,train,15,schis02,fe7bb3762d7fdcc356153e094c33bd85af0f9583b30409fc2c175d7ac5357114,67e6ee5d1d5986b211c366b3047dd1d46e59ff8b2309f30ae3b0e0bb51ffc823
sycaudit__schis02_1e544f328cde25,train,5,schis02,794b7f505926c309219abfcab396ccb5206b6ea18435289169fd3e43c29212fa,7b2cf185f0cfb40524012717b5d6988a7cd84b7f39eaab2c9d5a88ceac072e94
sycaudit__schis02_1e605da980a53f,train,5,schis02,d2795d6215298b8fecb77d0cdcaab8df2a3664c35718de21e0f9bcdfec4f6db3,e844d30ed1096f7956e40be373218fd75cfe5f10bee7f3c26ad3b8a3c1c06fc1
sycaudit__schis02_1e8b0d6fc943b8,train,15,schis02,fe7bb3762d7fdcc356153e094c33bd85af0f9583b30409fc2c175d7ac5357114,2eedb349bd3c9df43fe67c609211eace9bf4e7a1e8a9e958d5cd6b51c721bbf5
sycaudit__schis02_1e8f95a249bc00,train,81,schis02,5effd19cdf9cf41152696b46cb2a9afafbd43b46c0f28788979063989a3b0955,ca37a857b76bbc94921056f7ebe7d47295ee579e3282e31425988c1c804d8715
sycaudit__schis02_1ea6e6bc193fcb,train,73,schis02,ac93b650221e435576c8e953bfa7c8f3a967ef55aa23d4d8b2de4449fbc57d07,7403031941c0302c432e1058d43ab284aca7f926685893e53847a3858b64a176
sycaudit__schis02_1eb84aafe6cd69,train,7,schis02,320c14ec9058d790f390be5bab94774c4d59e3e82cb69ab42a2c912c3813a4ee,e22ff10d9ccf42de31528369be762776ff54ce6d60143a1b40d5ef71a62c3cc5
sycaudit__schis02_1ebb6812144fd5,train,12,schis02,b88ee199619e87acc7b338f011a784cd37f5d019b186cae9807ac9373dd7e71f,b7d0075a45eb814237bbb4831bbbbe629ce84b0b8fac541f633bb301214930dc
sycaudit__schis02_1ed718b7a4695e,train,20,schis02,6e4bb6deda3185ef3b4ca6716c38b90e73b375273424ba19c242f5b2e18c4e54,9fef506cae2815743f0ff9d4d5715138e5261b7a753ec37207f7a76c3ad42434
sycaudit__schis02_1ee7f3aa4126af,train,75,schis02,51c563611e6a92d37bc6285ca145e962863bebdb8584a82ff1b1b146b51f013d,423c6caa3609f62521282ba3479e18eeeb0ecab3da62c6b765388a69e88a065a
sycaudit__schis02_1ef60c414c0df3,train,76,schis02,83a45591113f42b33d23810406c1ea32fcdc39140d578405bbca5e50c377eaaa,eb03d339024eab8777499ba58c311c3bc793152d274e8c1f709e2387a553b5c8
sycaudit__schis02_1f253056c985c8,train,83,schis02,2ee80b9b84b03f002cb08c2fddc46407fd01f27f8de3f0bd0653724fe3326a15,98c3d1d212cb49150648f48d6d0a4cabe032c8810b48905f8f51aafa868c2393
sycaudit__schis02_1f2e2da6e63a34,train,90,schis02,9f428852d24466aeea4132283b3b6831dd8045a23a71fa8e298b5becfc23c205,f910b3c9dd9423d81094247d9566480b6169f04ab8a04b1c650819c153f61eb1
sycaudit__schis02_1f4f3133c31eb2,train,73,schis02,aec395adc38500341a2224d2373a61b998f3f7e1d59a3981af210e9213d1b12e,520e5510abd89a06b5ba75126dffba792c059618a0889ae19d3d6767543265c6
sycaudit__schis02_1f70c428a4af84,train,95,schis02,472837c7cb181cce50bb725cfaaba7285ec1674b1a085aa0ffd014a298484f68,c3d421a2bc60d9aa83892ce180ba538d5c85bacc302cedbe14d8c2e216f77b44
sycaudit__schis02_1f7fbbebef3465,test,35,schis02,ca944022fc78a76e69a83ef96dace67ae141d7641f4f922d6e2311f5c5a0b242,ce6426ffdcc5a1ce0d656507aef701b5d42bed5914a96393dfa83537fae16459
sycaudit__schis02_1f946a57569464,train,18,schis02,4d5a21bee635d478d92982e42b51729fcbd08ad31c1a2485349245eb1014d00e,744884de9483dffbd79a76177efce86724c1af03942e7651eb5bc018d2218020
sycaudit__schis02_1fb5814b085162,train,5,schis02,d2795d6215298b8fecb77d0cdcaab8df2a3664c35718de21e0f9bcdfec4f6db3,fbea9e04421253d9e9277f0f99846df32221cc1930263cfe8decd78ff2a5ab6b
sycaudit__schis02_1fbe30a6fdf310,train,9,schis02,850f7244ff4332a70d406c0f3699469ed580b3737cc26e2b02a8ef2f341414e8,f7d4004f3057c9455b4e2661db6a753b253eb1562a133f1cd74b152501b91b7b
sycaudit__schis02_20a4e4384af733,train,0,schis02,a90ae15019dcd2ce951af128198c7e900b15de04c9ca5df42427317b5f219864,4e0e5cb8aa845b8159e0fe6fb2a3bb955565ebf6213eb6237e4effb7b908c253
sycaudit__schis02_21415be0b40225,train,12,schis02,c505da3e2deceae01fcd903893a40f43c910cb07bc16bc27eb52f22bb9353198,9a708795f5fca1c6ff1ce599b49e6d7df6c13de815e831aa337abbfb805c26a9
sycaudit__schis02_214cad302cf844,train,15,schis02,4d5e6fb8be8f40629ad913a07d71ade20c02ee68bba8e879cf22b7d8c6b263eb,dd6d0fc7748cfa2e6c02525b08f6a23e608a773127f74096d094dbc255dcff94
sycaudit__schis02_2173a9e4026940,train,81,schis02,3feb4081e64cc2ce4fe41e798e5157a907379e14d731c5852360d971943541f1,430b1da355b782f3e48cbf108066e6e2a26d125eb5d9c059ade99645273a8748
sycaudit__schis02_21a7cb41883e34,train,6,schis02,fa937722b59c19c3e6fe96e109764bb070540589b1fdbe76cba79c418f8736e6,83302590ab45662868bec04eb362680c0fd0051e60f9128234de6d3ea0039fe8
sycaudit__schis02_21d96ad355a6e1,train,82,schis02,72120cce2d6c6868cf30e0d9d55ada4a9037a62dde041958719c424c9be6126f,71638ec12d370248c283ad16d2003cafd1e4ada1e41a7f363e2ee4a2402785a4
sycaudit__schis02_21dc0a5384efc7,train,85,schis02,4d3858389f8fdb638f1c0e54fd6372bfa1698e313b007b43ca0d166680bcca48,5268ac3e72ac330ba28cb8046283f82eb7003587799731efc3b5069cd948951a
sycaudit__schis02_220f5bc4131bf0,train,12,schis02,4f6808bf9375946e4d6654b7d08d350c6babdfd05190f2d8a50c70617082b205,d77bfa1713ea46e8612ba03e9e21feb047a2d3b5b7b60a2a150580283f5d714e
sycaudit__schis02_22238136ab1916,train,12,schis02,251dfa7a5cc7a309c858aab9f1e23bf47f10d141100b5cd1d01fc628de004856,3f4147a10d679923168658b245f5372d6207a73668d484076d4884e4355760a0
sycaudit__schis02_22624a2ed22c7f,train,84,schis02,6bc5cda8fea386d38db689ba3a813590bc5575c6667c4a920b4095a0ff195233,32f2a4247ba27f9bd32dd292b3773b9c97cb1485689b90485d9bd9a95c52e26f
sycaudit__schis02_22628ceaf9bf22,train,7,schis02,af1ea38c89bd4735493aa799a84adf9975a6a6b1690834e8c1262f0f8000650c,c2ab308cf7125bda9c48fc325c6d104a980e24125d23a8c7654a2426ada62dd1
sycaudit__schis02_226e590b9568b1,train,13,schis02,525cd3550528b7e6a0efd7aa74f8e4f2d702370d9f26f38325ab77903f3262c0,12e0deb69d8a2a3adecbda136caa9f6a07bae16ce7865b5736b05bb3ec0d5fb4
sycaudit__schis02_228af8f03fa19b,train,14,schis02,69bcc942c542c081ef8fa9565761f69d1aa521d0ae45b1de94f5478348fc61be,302037a75b122f9a2c9d042eff0d14e17482fbc0489611aa0572ee5256c4ac38
sycaudit__schis02_22d0b94ea39d6c,train,94,schis02,6836893714e5acbc4508acdc2ebcda00f32fd076bf74dd1e494ae38a4c64a705,fe05e42bfa32eaf4f8b2f040a0383390ac1034a2f598850a141909484b8ecf73
sycaudit__schis02_23173bbfd56a66,train,72,schis02,e5e514102c8466883d79fbaff41140e98b0389579b12c125c944f00039119416,f585850b1310408564b9552b43a0a89cc8651e4309ec5d4a7960327cecb6accd
sycaudit__schis02_2359f9a50aa249,train,19,schis02,255ddca7b904e31ca334f67fb428d17c5f3db801f347c65cc489d138df826f30,48f33ac64aa81efd44f85e41818efc83e07b5d7088d7175f181323884004aa83
sycaudit__schis02_2370d91a41e483,train,6,schis02,d614222d15cac8f9c556692c7dd626e45848f57674361a69a5e475c248f2d236,02e6aea82caf9bc831dce5ac077832ea4420521321b856f3defe956601a79259
sycaudit__schis02_23ac7bbf99c4f3,train,72,schis02,a09e37ffbdd60b1eb32232d62c5635b3c8fe90144950b4efbb24700ea772e0e5,dd58da58cc2972684e14811c851b8ea30ae0bfb6e8bc6729f08cb40e25a51525
sycaudit__schis02_23d2e066dcac8f,train,92,schis02,e03af9dee3a06e469ae5439c13fa5b8fa805068abe3a5e32277271025e390af8,5408b91ca4086ca0c71efe17aa3f1b7ebb431435a8bfde571b691aa7387d11e3
sycaudit__schis02_23d828b2c77646,train,5,schis02,584f02b23fa5f5a742f3a19c247d58681362068ebcfcdc50a8d57b974cfeaa92,ee214f4c520d0042d5e12d40f4520d16e27a7d1a845441929d35b7468c77fefa
sycaudit__schis02_240317aeb6b4d9,train,0,schis02,a1082d315424fb2d854231eacb3dfde789ea99fd747c82a9647bbea9c326249a,07812609144ab848eca54625247550e4aa552ced5c4d4e862b273ce63af32823
sycaudit__schis02_24073e3e0c4e75,train,72,schis02,c04e02470c1a5ebaaaa09cae11a1c48dfeb66effcafa3ab879a074b110fe34d8,5e9609bec1729716aba6951546bbecbaf6720c8b8372d491d9660903ea444a20
sycaudit__schis02_243626842dd8bc,train,12,schis02,cc6b35411bb42c4097c79c40f9d8baf7d2bdccc5ccfe0ea4b82b626dff2ba10c,5269fbbb3e4b719ee17fa535ff86c5f6168234e94b1763b20d616718986ce384
sycaudit__schis02_244abfb101c8a8,train,86,schis02,ad0f978acaa300adfec7f4a49ce80f72d6f11cd49ca73106af6662e1bec3a4bb,4c5c356a1bddc7e7bc161bb913229b134bf5b5f38bd051a6733d397e5e4b0f20
sycaudit__schis02_24526bb2f72175,train,72,schis02,d1891781bd7b951a40a7e972e6d88a7c8d602944e9d35846b5b4d0239f4e2e69,0faaae4e7204b3b0833dcf6530c9b01d8f972a45079758ecc1c7287f20954acf
sycaudit__schis02_248227a0697f62,train,16,schis02,3f2375a7b42e42b743d07cde24868b97a98a0ffc8bbb67dc3e492748b4008a8c,04a490570b2567a81e1a9c5950f2086b67718574a1cd69d99dbff3feadc98e5d
sycaudit__schis02_24c1abaf127409,train,93,schis02,e0e07b0d3bc6a50f18b0fec2333c3b7b5ef871d8975ebb10065ef8a3d0906fdd,f3a85cf77462eeb1471a01a84dfc381dfe0c525f511cfd843b468dc99e97ed8d
sycaudit__schis02_24dc26e370f152,train,18,schis02,b2451075588864ef2caef4b1b5e3611faf0dceef4521a500fe231bcda5fb1d63,6290cab1a074f102342134fef0aebf77b08762bc3bf4bc9cba04360032e07b31
sycaudit__schis02_24f04a67cc2d47,train,76,schis02,83a45591113f42b33d23810406c1ea32fcdc39140d578405bbca5e50c377eaaa,3cdfafdd9a5c21d39a81a55c744c066567bbb2a71ab1baf797833f7b6db985ec
sycaudit__schis02_24fe597d7db082,train,88,schis02,3afb641033366dafaf82b8544d9e51ce4498404fc47c460741afa2b4a94ddbdf,b87bd2e621914106bb42b21239093299c369b0e6dc65e5d7f09ef334441817db
sycaudit__schis02_254a8a429e4243,train,80,schis02,3f84b32108ddf00e750472e81e60543665d228e2310ce847ed15d1bbda4cba05,fb1f02cba41c376b2fde2ca466170b2c2822773bb7114d475014635f40e1e500
sycaudit__schis02_25c9ce5fa0986c,train,15,schis02,fe7bb3762d7fdcc356153e094c33bd85af0f9583b30409fc2c175d7ac5357114,fd4a9428648ba4db5b4f90aa1d4b1aaa53ae35cb0ca3391de48c1df5617fc1f2
sycaudit__schis02_25f3bd5338750f,train,12,schis02,6d73b7e92c45ae90c0e28a0b8d169eaa316e96a10db65cd0c902394ea0f0b34f,88f654d5a6117418f0503fe5fc99a5c185a7d611803f0693fde13e6ce1e8f81d
sycaudit__schis02_25f3e105e77f89,train,73,schis02,9015f3b63e41faecf983926504a937f56b4303dd9a895ff49c4d999f2ed09511,3a579ecb7c2a671bcd076effa8088219e8a7dec497a3777d027552f76779a56a
sycaudit__schis02_26056855ed8e49,train,9,schis02,9a298dc7950086d585a7c63a30d59d3f7adf657f6d5e149a5ef618c2128f6313,7a36a2a34d22245765e21b9e311e028d634a6f2cc72e421757b4cc911f6d9dd7
sycaudit__schis02_267e84ec9352ba,train,12,schis02,e6134a187de7c4e0c191cd95003082dd6eec059f761aced2358501736fe35ecf,5269fbbb3e4b719ee17fa535ff86c5f6168234e94b1763b20d616718986ce384
sycaudit__schis02_26a78c9dc7d18b,train,19,schis02,931e3d966d7e9a884a58cf2f429e8008bb5ecd825b3ac95e424ec78a908de269,175609de87065655b6876aae5839924b1ed6cb6f096ae4f2bf01a686faac9f6c
sycaudit__schis02_26b21b9452ce73,train,16,schis02,6164f1d78613c0fcf8a5824da5d955acc832b3a694da0a0a5b6eb87ad76448fe,459345aa56b0d7186d39d9b8315eab3beb5459ba832d214e77f58d40ff593bcd
sycaudit__schis02_27041266439160,train,93,schis02,da239b6345776e18f7190f65fa0faec06448743a37513157b48e3d4e8878f699,ea532050f326c6213b065b5b5243d8ea81519ef7bf59d735ea4c8715ba4c21c1
sycaudit__schis02_272bc0a452c5e6,validation,4,schis02,5ba6a5628ece3d25212b8addedb619d5c8adb3b293f0c0f394196e3c82d743d3,bd41a1f05c37bedbd9a23022f1a166d8fb58e01f751e6a1f19af159a8cc78db2
sycaudit__schis02_2783134b832953,train,85,schis02,62fe97c5a6d0db6c5ac5f1fc063f45d22b2b6221ee5a1149e6e8e99881f6c653,cab3e54fb6633508acf8cdce7148eb4831a9436c65577938eaa986f876b72e1f
sycaudit__schis02_27a2191b606459,train,8,schis02,35c680f1adc51b7609d01f1db0d5b6fbd04465635b13b20fee369c78928ff518,149a10b8fa00524c3455ea2c9285042da389b91b3c18b53717b25c20d6e9618f
sycaudit__schis02_2837890b07e924,train,87,schis02,b3a12a8dd90625bf6dd923980efb197d0509c1f56e5570352d827a5eb1061296,a71da6c433d99828cf197e4ddbb47a0fef6b28bfccb9ebf963cbdc286337d870
sycaudit__schis02_288339a0e5a6cb,train,12,schis02,b88ee199619e87acc7b338f011a784cd37f5d019b186cae9807ac9373dd7e71f,b91e57d3081b6a7dc1d8500e02a1219c67f3017a9a0a7f9211066a5d34ce02d9
sycaudit__schis02_28b55e34d664af,train,92,schis02,a136bd9d1561df7d9f2111a4fd4bbeba678022dd9b13a0c709c044b9a6f1f23c,cb2182625813a9a0a2d9f7375f83c5cf2044b008eb6b7ca99d8258446e8edbc4
sycaudit__schis02_28b78b6bee0ffe,train,14,schis02,69bcc942c542c081ef8fa9565761f69d1aa521d0ae45b1de94f5478348fc61be,f9e598dc936fca3eeecc88730ce4bd0db1ca3b92556b6ab1600570904d4c187d
sycaudit__schis02_28c7e1b5c738cf,train,83,schis02,2ee80b9b84b03f002cb08c2fddc46407fd01f27f8de3f0bd0653724fe3326a15,6399281398aedf72f377e1629659fe65652b80a03720215941c1824669f3bf74
sycaudit__schis02_28eeb19f4cca1f,train,20,schis02,1398cbba4b73c2c030427c1cd7dbd8620c78d9472f6caf8d5c5eae25a0f9f251,63bce80e52d19adf2261cce7b148eb6e6e4f5c2e5a099f5476a7427e20331073
sycaudit__schis02_2906f1d8045060,train,86,schis02,630a2437e4ddee835c6f75d0be4b0c52f82025f3f36a438f75e9b2a0c9db0102,b49a4ff63ab3c264d07dcee25f4ea62480fc7bc64f1d2062631c69ac74c37aa1
sycaudit__schis02_293b820bc287a7,train,75,schis02,51c563611e6a92d37bc6285ca145e962863bebdb8584a82ff1b1b146b51f013d,3a12930fe6f62fdc874397e71495112545a1c1fd63d875ef79af45b332b71231
sycaudit__schis02_2987d9d6edfd93,train,5,schis02,584f02b23fa5f5a742f3a19c247d58681362068ebcfcdc50a8d57b974cfeaa92,63cfbc573d5b6191bb5d07a16e2faf82529ad2666e930552cd26728402932966
sycaudit__schis02_298dcac2f99ee5,train,73,schis02,16582a1b7d9f5554bdcbbf488a1d8f93c50d7f576dc1e9d6490b44f3fc637044,5c4c6d81a624b394cfe5930e5e3d5f7cd37aef220631549525073838731dc8a5
sycaudit__schis02_29b161a6aec5e2,train,91,schis02,b361d529ab2cb6fd1f2c40e19eebf949a73d43f4e1b8ae9be630b0220ce779a8,05d1ab1535c63d3fd05aafff59e3f38fa3343f6bc7810c2bbb42a8d74f6d014d
sycaudit__schis02_29b195c455f23d,train,80,schis02,134e28718db031ac8d9a5fd010f402fcab1301d3aa6d86c1ee3731c366e2ae8f,c23b74efa6d18aec1722eea9850f8d4238e6439f852d76168dd06c51cd249c94
sycaudit__schis02_29db9dd94f6515,train,95,schis02,9103854cae6c241224e591e6aa5ce8d35ff4773617a3f120b4a951dcbc05cbd0,38373ce5277aba5d724cb1689accbdb37c582c9e8c736b8c0314e687f6a1bb49
sycaudit__schis02_29fa51a833d510,train,80,schis02,3f84b32108ddf00e750472e81e60543665d228e2310ce847ed15d1bbda4cba05,ae396ce0e3ffcbc112ce3d43c87bd30e7a00a053a2b237ab62d78e82e13940a4
sycaudit__schis02_2a98332e30d59b,train,10,schis02,c3b3a18b6bd2d5e5bf7d544f3394c9f06186c67c2354109a3460731ed7072e4c,1f040edff0816c73f46057c495ac23399724d824478a5d4e2da003959e2334f7
sycaudit__schis02_2ad68b4f757976,train,19,schis02,931e3d966d7e9a884a58cf2f429e8008bb5ecd825b3ac95e424ec78a908de269,ed4717d49eb26efd8b5e3b4979bc9dfb04b63131e4d85f410d27917d8ac40add
sycaudit__schis02_2ae9cfc65e26d7,train,77,schis02,dfcd70fe73dfff77f28c8ae016b227d7eb5fb1d2d7e96ec826230c8093bc2e3d,6d65719c33c1daa0ae472b298fc244c42bda59538001aba84d9742f9dc7653c3
sycaudit__schis02_2affefa3d2a7c1,train,94,schis02,41db10f8404b207148af1beb3f144862371e063e10daaa357bd529bc2d5a6996,da00fdb6a269f4ec7805a0564ab2021417fb8760c9793752bb464e4cc34d8b18
sycaudit__schis02_2ba77284e855a2,train,76,schis02,118ed8baaf40d38e6823bff407857f29311ce23ffd7f2a4e7d6927405bde8be8,e8334c9f2620f4caa0c590de7222249503e74b5287420a99ae7153d17e6bf7b9
sycaudit__schis02_2bfd1f837aeb6a,train,8,schis02,4357666a140551b09583e54b13b78e44bfe43d51c01cabbb4d023e826a4c3c45,5a31b18e5f6a8543c737c9d01ae02a5968dc201854a38147402251ac7ba03f39
sycaudit__schis02_2c5a595f162b0c,test,35,schis02,9ca6e9c6ac15834692f7f546c106e4d9a0d0a8aaa07fb56ff330921f185f1215,ae2f569862f7e25794b7ecafd9edef29749bef6d7103785b3358794d1b15be3f
sycaudit__schis02_2c81cc0d90fec7,train,83,schis02,2ee80b9b84b03f002cb08c2fddc46407fd01f27f8de3f0bd0653724fe3326a15,20006dea8e0e7305b764afb152587e8f44a77465b5640a0cdc487ab59f226cfe
sycaudit__schis02_2ca7359693a566,train,88,schis02,3afb641033366dafaf82b8544d9e51ce4498404fc47c460741afa2b4a94ddbdf,505c3cf2d41775e5074c6e5476d70496c9c588fa60b8cb92c50a33bb06a0fe5a
sycaudit__schis02_2cb778e6e66a57,train,90,schis02,9f428852d24466aeea4132283b3b6831dd8045a23a71fa8e298b5becfc23c205,c2df7bc5e208e296dc2f525aa0f332c7a0bf2926fd9ee69ad393476dea371f11
sycaudit__schis02_2cd5b37d4ae0ff,train,78,schis02,6888c070dbbb4cd5581c281c3e1ad73739011b889fbc2061ac6b446233bb53ee,0e077a830b2d05d5530f7b52ea184bfde6c283a9355988b6a36b901c351aef2e
sycaudit__schis02_2d2a6ab1342aab,train,10,schis02,b547684c552c3d21a0edf3d8c6db1a86896184c31386876168317a629a92ea04,a5661daeadbf48df1a242a8167a3928712d2a0aec0489f658a854800def632bf
sycaudit__schis02_2d871082847c16,train,92,schis02,e03af9dee3a06e469ae5439c13fa5b8fa805068abe3a5e32277271025e390af8,e923d4166d96ff55ecad12e9394ff4bf3d5be52dc2c56e1f86b8bc6bf334b506
sycaudit__schis02_2dcb2cc1b31b68,train,79,schis02,dc196ceac1c018eb2efc52b78a708517b75d329ea2415bd2a51936c10fbf3b6e,cd98cc94e33789a7729dfc8000e53a21cc9785a51ea96ca1bea966db633ca033
sycaudit__schis02_2dee3ad730f0e3,train,93,schis02,da239b6345776e18f7190f65fa0faec06448743a37513157b48e3d4e8878f699,5f6bca9565a4093119ff39ff5fdcc1cae67959fc54c4d431681333bf885a0d4a
sycaudit__schis02_2e0fc3156cd3c9,train,85,schis02,4352774b694b0e4705c7b9dd7e546a554f2366d8221ba77e5055a7b411897acb,4e2cffa644d306601cde33ea328ad5f93466fe6b0d5f80bf636ce24f642fcd88
sycaudit__schis02_2e1234ab244dbc,train,39,schis02,55db156153ef610e8a1ce4be8d401c0e926d376836fc82fd6917faa316341d34,1468ffb23f8895ed0036798032dc08b51d6a7d12952b7036176c6899caba6fe7
sycaudit__schis02_2e1798577879fd,train,89,schis02,75ac3a28ce02d8e4110fa3e55f137a146fcbec337e40784502ad3aad8a27cdb7,2027d542d0cd50c624fedd84961f63ce42683e2542ae91b7e66b0d48553e080f
sycaudit__schis02_2e2437f57fdb3c,train,74,schis02,2dc608258d5963e356ecfc61157831ba46f457d9022eb3f1b78fae9e05c1e709,c0d329b7c57dd4617a1b8e5ced2c6f5e2faa428d16cf87e22905fe5fbee069ab
sycaudit__schis02_2e386ee6322eab,train,13,schis02,525cd3550528b7e6a0efd7aa74f8e4f2d702370d9f26f38325ab77903f3262c0,69e3288bda221cad9ec72c60d203a082d30f95da27ae080bd3f873a69218fe60
sycaudit__schis02_2ef6f57dbffbca,train,78,schis02,edaecf58d5b866d3ec9d0e40f11c1f19b6303ce24282ae150600892295ba7c6b,0d9927723acdb29ef86e43ec14b191e9666606bfcf3c451c876ddf9df332b8ed
sycaudit__schis02_2f3b075c672009,train,88,schis02,a88dde6796cfa9dad5ff111a7bdaaaee049d4ad85ec3815b210d5aef28f14a6c,1e0f5080c82075d66101c7129dc9533f98f7d58e0d92553fc5abc04ffccd3f44
sycaudit__schis02_2f934c1193f6de,train,19,schis02,7e81adf573be452f8ce6047547cb9b99dc3d8a0e02b7ba6f312df384e75deb9f,fbaed5bc9ba4ece48a4c51facf1a7862761a1c60d593b71bf16f2d9c93967119
sycaudit__schis02_2f95ed68403985,test,35,schis02,caa2a77bfb1879ce581cec90b2fcd4c700c06a04391ec8d5d6961133b48e7515,ff4b257107cc17176ccfd22190867b1c5e0cc8113b9500f41688ad0e7a36eb1b
sycaudit__schis02_2fa3c6abb630dd,train,6,schis02,d656af39e3d99bf745c79af6d4c7ce1540c8e3ce12643c7668239ab028ecb3db,81bb1bc5bede13ddf042f857c2e5d1bf8448820e43cf82959bb8ac30543e1f2d
sycaudit__schis02_2fbf059b50a66e,test,2,schis02,bfc557c36cbdefe93e3f603477c1ff6c87348144a3103b1dfdecc2afdb261431,bbc57424166c616f8929adf5df73dec8ca4629da76083f6973f61e40114de12a
sycaudit__schis02_3004a843b7b4f7,train,76,schis02,597dd7d2c947ceca8b9fabfb64e1e8f850cc9db7824f7de0d4d7283f1e1e1737,553928ccbd25c1c66cd550edde8ca8a33f192010511e99c2116de527ae48d6e9
sycaudit__schis02_3067aa2f2023bc,train,88,schis02,0dd6557a07f192a9deb376e9270ca5a3a0f9b6d9250845b8c65fa1fd91d59e69,92772a96af70770402898d448e78e2aaea5c6d39db94c77ff35285cfaf377560
sycaudit__schis02_307cefc465070a,train,94,schis02,233e3c2c6b778a4db4e6369209bbcdbc09c1af2114b852708badcabfe3c49aa3,dcce52e72658881cd9e13d7754d871d179939cdc9bffcf2e5cee7138206f753c
sycaudit__schis02_30c063809f43b7,train,9,schis02,9a298dc7950086d585a7c63a30d59d3f7adf657f6d5e149a5ef618c2128f6313,e40c13bc54b06b71c1883002123d18aa9b236963b80c978812b6b4d86041e254
sycaudit__schis02_30e9aec3a4cade,train,9,schis02,65f941631695b37455ca90a2624b924b97f0c39933873d7fd2b8c3965d09b383,e58de22260f74f11eea3cd198bdce454ed3163b7353bed9406f15fca67e394d8
sycaudit__schis02_313f846dafdf9f,train,91,schis02,b361d529ab2cb6fd1f2c40e19eebf949a73d43f4e1b8ae9be630b0220ce779a8,b650a90f6adf430a1cf5900a73fa4373bf51d250a309ac344902d6396dee5dbf
sycaudit__schis02_316687ba7fd3b3,train,15,schis02,a540e70abe5ffb3c24525dd535dd8d8858404585e8ac9c4e8e0fc4c5344f746f,9864ff3e85716b1cb1ce71ae815b13dac42dbfaa4ee79b6c71cb97253167e96c
sycaudit__schis02_3176cb14fb75a6,train,0,schis02,a1082d315424fb2d854231eacb3dfde789ea99fd747c82a9647bbea9c326249a,1e8eab00507fdd014337bba5c8a18bd4148d7b9d2e9e6177dae46402ee76117e
sycaudit__schis02_318fb1c995c0d5,train,12,schis02,e6134a187de7c4e0c191cd95003082dd6eec059f761aced2358501736fe35ecf,bfce0cc9b8b3e8697994bfcf41a2f7a79d0c489f0d1470fe681a0ad5376c160b
sycaudit__schis02_31c0c472e72179,train,95,schis02,8ac60c62c743e6e7d0b1962dde42cd691f9ef98189e9f5820eb28798ee41620e,49025666a2b584cad4ff79daa11c3ad8f778bd2c59038044c9509ca117783bfa
sycaudit__schis02_323936d86ea3c8,train,10,schis02,b736a8aef363bec096955c33a5fd1d7f2b721b2b0b30ee4fb003eb955453526f,4030697b91da79b5bf95b0760580d4af46b79f687fa474b0c5e630c2268c51ab
sycaudit__schis02_3261bd5b35c8f2,train,17,schis02,613eb13dfdceecdb4d856a3516dccffb52cc509a7bafaba9eaf98d14f24e04a5,e71b5779c63c8906f9d72bc5906c6441fadb32de69d3b86878b503b5ec62ccf4
sycaudit__schis02_326a830fa7a0d9,train,90,schis02,18a0384ec40b579a3831c11069e821b83bdda638e4197df39d38637462cee308,fb9167d9a9cab26f788f2a92416cf87df6cd0592a1491f748a66a130b3b1520b
sycaudit__schis02_32f624a470e281,train,76,schis02,6be5e193b9071899c2df3f75fad71088341fc3fe3cebf93b6c871c41bee0f9f9,a2a7721476ad33aab0c4b136ea6eaa24a61de414160e7aa4d24b9f2d555aa35b
sycaudit__schis02_32fe8d3d11de25,train,16,schis02,b13c41481392ecdbf1450804c674b6e14d41726daf06b3ea56c38c65a4fa65b3,2dc6d7855c91c483f7b06a25dc167a98aa4095a5e8938510a31785472f3079f8
sycaudit__schis02_3360a9f748d4d6,train,73,schis02,9015f3b63e41faecf983926504a937f56b4303dd9a895ff49c4d999f2ed09511,268787fa3b6172350154a0d6705f031cfa569155e48d328c28115511fd0bc591
sycaudit__schis02_34042c3209fcfe,train,75,schis02,c76409d138bbd67ca80f5bf1c6373d8b24309cd8217d9b92b157c4fe23235f7c,dd43d6592092e19edaaceec4ce2e32d6faa3fe2c32bfe2f08a4c250b53dbc861
sycaudit__schis02_34230ce21a3454,train,76,schis02,d502c6b69bec3e153d59163478f95f3066c820224798a497ef23600b524da3aa,305a4f5702927aef7c6e0fe9b356396eaa4967b9dcc5f1cae42d35bb3b25a6e2
sycaudit__schis02_347c42973bbd0b,train,9,schis02,9a298dc7950086d585a7c63a30d59d3f7adf657f6d5e149a5ef618c2128f6313,ce104254c2ff349f64650c4a9f935202998e049cc0f321bb1834df0bd8d6462d
sycaudit__schis02_34c5c93c5deac9,train,3,schis02,03a1ec5d6583c5c0286038ed8ec3e45de19a065b717b5b916cfa398d0cda6c64,d934a17e74e1fe552d70b4ef1ce6572e142b99275a90aeb362292a3a3a9855bd
sycaudit__schis02_34ea8d2017ea55,train,10,schis02,747d2197fe84fa203d81729938922ca2fab8ebb1e19436cee371e6e684f6db38,12782d1922f5bdf8d884b45e7189908f305ab1eae7a61af57a09e979dca7ebc9
sycaudit__schis02_35720d0cd5c2ca,train,85,schis02,2489a9c16913f6d737092aaa988a38e9e5774c3d356db92afe80af4acb7b0197,77243f38bc46444f56c000294783eed7ccbd48d96269cf60dce4807bda895ddc
sycaudit__schis02_358344b862c393,train,1,schis02,30df56d9f256e691021b87dc7e30b1cfdda39217f7cdefdb049fc0d01c052b54,957af0c00db2645eadb278506160fb35cedb5adcc0a850910153bf354b1aa27f
sycaudit__schis02_35d0f2a28f3ecd,train,82,schis02,deb5a33b5309bea5f32b441ff17d63e0fb5e926c2cbb8c281e84fe8a343e7b6f,75c1ef6b1f3b90685abdf0f4fa529e4ec951843c602269e84cab9f7728b05b29
sycaudit__schis02_35d47d45ca42a5,train,90,schis02,ba640b7d55294fbf45b9f7374247728f482aaf9b4c0e24a09f85421842b1414e,546f344bba7dd9740ae589faaff8865d1a50765c80743dddcd16b76aded4ec17
sycaudit__schis02_3677a31ba78e0a,train,87,schis02,029c4a5e1e6be74b2603cd25804253f5c30b9196fb166359235b9d345f4391a6,7e830bebc15af53049636900a2da51d3aa79da0420e643f73bf6443fdefcb200
sycaudit__schis02_36c1210dadcb10,train,84,schis02,6bc5cda8fea386d38db689ba3a813590bc5575c6667c4a920b4095a0ff195233,25ef6202fc0691a5d0fa06e942638ce07dc1dc268ad374536fb0cb87a4b8d004
sycaudit__schis02_36da938af6885e,train,72,schis02,a09e37ffbdd60b1eb32232d62c5635b3c8fe90144950b4efbb24700ea772e0e5,bbe1924521f02973f053d2d9d5b35fec829379fdea97e9c536743ec3df9fd002
sycaudit__schis02_36e16259a2fe43,train,72,schis02,a09e37ffbdd60b1eb32232d62c5635b3c8fe90144950b4efbb24700ea772e0e5,7d79adbdd9fc9ab4c355bcd7afb88e99a5bcec92214f57f6f7de93e1fe94e1d6
sycaudit__schis02_36f76dbd289304,train,9,schis02,ab098e4a4278fc2e8f29d4597924b942052074f4d5a9a922e01931b72001309d,f3f088c54af57aa78e7429af136cf24075af0983b56756bf97a11658673f37ae
sycaudit__schis02_376170df0ff10e,train,91,schis02,54ffaca510aae7317e920b686850606f5bfd6b552f817c5dc132c31ff125687b,301e993fe3e3a48682eb244e74a41e107f093b6274ebe1e0cb527664f1b95b3e
sycaudit__schis02_37764a83894f83,train,76,schis02,6166ed55f15e59522f3f68c769b1f18b7cfdb554c39052de71a66ec047112a1d,ff686385e2c608b0b37386987cb90d27791a2d0c340258dc8a0285dd6493d23c
sycaudit__schis02_37a68c360010cb,train,92,schis02,e03af9dee3a06e469ae5439c13fa5b8fa805068abe3a5e32277271025e390af8,37ce6f77ba2ef6ce86fa3c0304c33771771bf39441c1ee9e3ec0e5bd2770c561
sycaudit__schis02_37c152b97e10c6,train,11,schis02,abb7ad2812e9bff6d3a6540fd1c6476301cfcdc14c4b338f859bdd1fd9de9edf,80815371185d75bbe5e1321849d470021ccb8eb6c16a0f5bcbfab04cd709a045
sycaudit__schis02_385ca65fb45f8c,train,93,schis02,da239b6345776e18f7190f65fa0faec06448743a37513157b48e3d4e8878f699,fde3028fa932cd6f1c0c9be52054ab63f838a6171b4c591d756e7b05707618ad
sycaudit__schis02_3872f290597b5c,train,82,schis02,a82c118a2ad474104e0430f9a3c0e73de144f49c01f04eed4d0716988876e794,5bca074faa15582a0d4d1e9f65a44f8b4f9414d029552bf5e54bd538aa4168ca
sycaudit__schis02_388fdfe04813f7,train,19,schis02,931e3d966d7e9a884a58cf2f429e8008bb5ecd825b3ac95e424ec78a908de269,86857ca851f180b88baa7c150193949b0bee817b90eeeadf5986e91c2113318d
sycaudit__schis02_38bc669f62e326,train,75,schis02,c76409d138bbd67ca80f5bf1c6373d8b24309cd8217d9b92b157c4fe23235f7c,9bac853afadf4dd4ae69eb31240b05f826e776cd953bcdd78365ae53f1670317
sycaudit__schis02_38f213c70bcf47,train,16,schis02,709e41fe15762dd6b72864c6e96785aa4e0840621677c77bcf04705f42a705cb,3986454efc7072d26f574161b1a0bf8c1ef50ecbfde1aeff34aa45098585f7fa
sycaudit__schis02_39374bdcc809c7,train,16,schis02,6164f1d78613c0fcf8a5824da5d955acc832b3a694da0a0a5b6eb87ad76448fe,57322f0dcfb54539e5db712533cb5bbfb74249ba809819192ec2e21f5a6ebf32
sycaudit__schis02_3941ee66dca382,train,90,schis02,6aa00bbb4e2e5873d394987f1c4f1ffb35ba4f75787221d54fc23910d2a69b42,d8bf5e5ddaeb387f448cf79d3a814a1356e76b836caf3b4c2fc52c666ec5bba0
sycaudit__schis02_395ad420632d61,train,20,schis02,6e4bb6deda3185ef3b4ca6716c38b90e73b375273424ba19c242f5b2e18c4e54,c45c811e281a1636a7f685bc7f7d33539dbc60632838f9ae2bdb9793b2c8b891
sycaudit__schis02_39bcda7becdc12,train,9,schis02,9a298dc7950086d585a7c63a30d59d3f7adf657f6d5e149a5ef618c2128f6313,0baea7f46c995ba42cb6a259d7a6e575350358fd77fa00a49e479f32aa4c6c8a
sycaudit__schis02_39d549b55b02a8,test,35,schis02,113eaa3e886b2e361edab9e9442769361083fe43f6eb983894798c1e1b49a0c1,938ef9e15e1d3354f8639d567152e1ab8f4064913592e906d7fb83cfb2beabeb
sycaudit__schis02_39dc77d98d6257,train,93,schis02,bd44230c23e685d9827f183cbefa8aa4aa6ff75f68bf7480187977df957f89cb,aadf5b697b809fc88ff7b18b339084f1dbfe32e1b3dbc8efe1ce405561730a5a
sycaudit__schis02_3a30087038b0ae,train,81,schis02,3feb4081e64cc2ce4fe41e798e5157a907379e14d731c5852360d971943541f1,31b76848d112395cc7fdb065ac5bb108109f8e20c15fc12f853e94d5e297bb8a
sycaudit__schis02_3a55880713baeb,train,79,schis02,dc196ceac1c018eb2efc52b78a708517b75d329ea2415bd2a51936c10fbf3b6e,26dc6f343491564873ef5eb24bf86e06ba07488f88c5fb4c3cba0a9b03e8020b
sycaudit__schis02_3a6259bf3fb7cf,train,7,schis02,cea9eccce160c78f41eec627b4da20d1101db4bfe044768e350d99d792061ac7,86d4dbdf0b11b74bf93220afead7e0ddba4864a576b286091d3b51115250f354
sycaudit__schis02_3a7771673af3dd,train,92,schis02,14c349cf13eeb5a220e77c260d1f8f99953c465d0ccad77f980c02da3c98e33f,db0b26ec3518982617d84cae3a1de9e7d8dc023a916661e74f0035bcedc248c0
sycaudit__schis02_3a9debe8ed2faf,train,93,schis02,e0e07b0d3bc6a50f18b0fec2333c3b7b5ef871d8975ebb10065ef8a3d0906fdd,d828341ac2bac6da21133b4ab558b6a476abcf79198c5e05a9124ba23647da00
sycaudit__schis02_3ac91d4ecf6622,train,8,schis02,e6e6f8240f502ec292179af4bad752e04cd0bd001fb2c78f46ff4291d5a70fed,6d069372fb31082db431e23beb81ed92d04662fe8610c9a940d5a3225808bace
sycaudit__schis02_3ae54cc7009ed1,train,76,schis02,7ba835213d9fcecc4e46d838f30378426e831bc48d02d202bf9e02ea3f1f0568,43979e037f5e04327fcbb23c44412ae5c4cc647b14fc2e70b3f345d49ac2d791
sycaudit__schis02_3afcdbd98bacbb,train,80,schis02,0f258ceb1c7f952a3dd6985ba866efc8d281a3e7cd7775a4502ca74bd2ebc117,55e24391966fc2752dba388dcf725a802db651869e9307b5974685c8b7bd80b3
sycaudit__schis02_3b3cc3c4850a44,train,74,schis02,2dc608258d5963e356ecfc61157831ba46f457d9022eb3f1b78fae9e05c1e709,eee6180f43efc2878911c5ccc8e2e60a31413a5e183465a5bd990864839ae424
sycaudit__schis02_3b7ee7180eb083,train,7,schis02,af1ea38c89bd4735493aa799a84adf9975a6a6b1690834e8c1262f0f8000650c,55a208f2ecaaaefbf1ab36c4edb05033b4a46a312c18f3aab560085ed7a6fe50
sycaudit__schis02_3c8d018842e119,train,3,schis02,c4ecf53d45a936376d77bedccb4709fcba5bd844b0b621773a73c0aca0bd00fb,c2fd5428f7bff603431189b096f38c4fe48b34e27629d41e5e542d7f258f8088
sycaudit__schis02_3cfbd47f79dfae,train,19,schis02,931e3d966d7e9a884a58cf2f429e8008bb5ecd825b3ac95e424ec78a908de269,f12a64b16c88f695ce1966aedd0073ead7856ac1c4d2ca2bf122cb2e1f59e48e
sycaudit__schis02_3d1798d49fc4d2,train,75,schis02,46bb80d54c7287958abac34c47cc9b397032f1c9412725f41443ccfcc8dca15e,a6a9dd06f9e072cb0fe6324697eef36673a789b347aa9f9df931ea019e70e624
sycaudit__schis02_3d5a2e0178c4e1,train,76,schis02,7ba835213d9fcecc4e46d838f30378426e831bc48d02d202bf9e02ea3f1f0568,c2d5a4f240aefd4ff9b3b43348104dd1fe0805e2cabbf09154d76dc1073a0ab8
sycaudit__schis02_3d7fe4ed36b5af,train,76,schis02,d502c6b69bec3e153d59163478f95f3066c820224798a497ef23600b524da3aa,ca7d6e285ef4018b4a7d4fb75fa9067f9a7460b922abfe633c0210d849015ad1
sycaudit__schis02_3d93a5aa173e35,train,81,schis02,8b20da92c623b141f678ec4bcb6783859798ffc92542a85836144ceb17c62d00,01298bdc0a7f1db0374a2d2014595367c474a9a2bc04541985a1d65c45c05a68
sycaudit__schis02_3e2d5b187f71f6,train,0,schis02,cec138a177b12701d6c1f0585fc7482c544fa8ac98c58265e51642b156819322,74cdac6f11d8b043ac0af4f3b42fb1e6755275822f159097f4d7729c78b4d9b9
sycaudit__schis02_3e7c2d6b8c6b58,train,20,schis02,c95afbf7a6a0a000b8de779a5b4ea3ccc429000b3129eaf76bc04dd584f7f9aa,87e6aaf4eefbd0a92fccb62c0f6d92244b16317e604d3b6497849f64537c5f97
sycaudit__schis02_3eac920f7afc35,train,77,schis02,b4c58834cf9fd6f685cb3c28af55409833ee242f3fdf4e70c91b7b962ad205a1,0be4ee9252c8b3a7264d56800054440018654030240425b982a5c27309525c9d
sycaudit__schis02_3ee9466c5061de,train,12,schis02,d8c6c7b6da5bc4755f457ed0dd32867795f5928babb4a12caa74704aed9b2289,667482fea9e6e8797a1de7c01437267676995100631f75869e6b0982b23fef1c
sycaudit__schis02_3f429cbacf4fb5,train,81,schis02,8b20da92c623b141f678ec4bcb6783859798ffc92542a85836144ceb17c62d00,6b881029e9ae050539f196c5f61236b29e3c35457365fe8e0f5ae2d726c77b36
sycaudit__schis02_3f72785239dba3,train,93,schis02,56b36a8dc31a482b3f26ba752e899495129d774ecc642d9508f59532de940869,8f4178236b96b1f0fff62f9492c8a208f7f6760a39ad02c6db7c4f12d0045d32
sycaudit__schis02_3fc210f2aa20d4,train,86,schis02,390109be818b323aa8d666b3d03d11181055574dfaec588a563991ca98dedb6f,4be893de342c60a187e3261ac57ab697ae6d80a22cb808a4fabf3206cc0aa942
sycaudit__schis02_3fc87198da14a5,train,75,schis02,24c4857c06f809b02a1bb9c8652f0b5629b7f999489b5c4d57ea06e00a2a1428,e22e5b35a6bedcd967f9016b02c534e04f4654b15db0670838f52a20c57e1e89
sycaudit__schis02_3feb94b87597ef,train,95,schis02,472837c7cb181cce50bb725cfaaba7285ec1674b1a085aa0ffd014a298484f68,bc9bd4f84ee2d4070f01679881e3cbf463064f737e4e566eaa57c43141456723
sycaudit__schis02_402dd1c27e5f79,train,13,schis02,30010687b831459107cbf029b6431ad6c3b9dd5da6da5d053f790eca6fc3cd1c,94ae49406c3a1ad1b6ec20116b0f72f78c3b3f108cb6f8574bc20a8a96545361
sycaudit__schis02_406b43bdc113b4,train,84,schis02,fd6a5dcd1a5cc4de8d87adaa08fccca113f21db20c40ee21f2933fef68a4379f,ba6e7836bc09c7b4ba77f07931a7e7a542785f5b8569e9cefebe7e9cd4fb3941
sycaudit__schis02_40b48502cd04a6,train,7,schis02,7a2b6950de686eae79572a1fbba1e8c000008f575a85a1a59758788f91b5e195,904f7999c5844fe7e744e9c7ef67fdbe689994a7fae7b24502df01c2a36b49b6
sycaudit__schis02_41907ea9a1fe82,train,82,schis02,deb5a33b5309bea5f32b441ff17d63e0fb5e926c2cbb8c281e84fe8a343e7b6f,d476c430bb497cdaf8cf87d3e3cc7ad6720ecb2e3efa95a294205e084aaaa0b1
sycaudit__schis02_41c4b04c360d9a,train,11,schis02,abb7ad2812e9bff6d3a6540fd1c6476301cfcdc14c4b338f859bdd1fd9de9edf,5e794df29a0c25ac6cce1a1af5759fe873362cc963ec8e03e264027fb2cf0cd2
sycaudit__schis02_420970cc4f47c6,train,88,schis02,3afb641033366dafaf82b8544d9e51ce4498404fc47c460741afa2b4a94ddbdf,9ee12ce783863fbe54e1243e2f556c4eec73c340fa50ee7fe722cf3c978bb3da
sycaudit__schis02_42589f2922e432,train,13,schis02,a1bc80584da57c6edea05bfdf0a785dac5c4c4ae9c0ab9aa6b5e0508ea7ff2f4,8c3168d38302a451ff65e71b6cf02f2f6eab52e92503b939a3ac1c25e21d62c8
sycaudit__schis02_4286a86033f68c,train,77,schis02,45c9f1812e0e4042d7775d0736dd13af029c8f1785b802bfa256295280828a3f,6bcfe475a3b762e24eab2224a9642702b4b16fa0a33ae5afb53cb9a07dfb53de
sycaudit__schis02_4291522e63b820,train,14,schis02,aa0dcffae47e0385e3e10ca1af07f7b4908db61409f4eabc3924442a509abd1c,86ebb60a3c7d95afac3d994e931c18b345e4927cda50f1240faac68c6d765c2c
sycaudit__schis02_4295e300a7922f,train,12,schis02,c33dd86d07985a300223f6cc5f15b076de9bb425522ce303dcc0e1b0d27163a2,c6eea9d0667d68837a362cd818c83e78eeede39ecd2bd1bc1ff7b1300994cdc8
sycaudit__schis02_42dde7a3b272ab,test,35,schis02,caa2a77bfb1879ce581cec90b2fcd4c700c06a04391ec8d5d6961133b48e7515,63f96fa72438264a7930efabbc38ff87369af340f835610af7af26aa06175e15
sycaudit__schis02_4349d7580e9587,train,10,schis02,747d2197fe84fa203d81729938922ca2fab8ebb1e19436cee371e6e684f6db38,cd216d72dc643cf8826ea5a7f482b48e0cdfbf606d8705b29d261a6c5831e510
sycaudit__schis02_43a5375e4adb87,train,14,schis02,69bcc942c542c081ef8fa9565761f69d1aa521d0ae45b1de94f5478348fc61be,ebb5fb26b0108604c540478c5a209956de6978e467ae3c13624c3a124c34a37c
sycaudit__schis02_44545d769ed3d0,train,74,schis02,4de54f0bd1ebcb2b7a95571dd22b5379779bf745898862c6a980f9345adeded5,f89770a7aeb4d282afe42432c87edeb2e43eb27974c0ed13e47e46387b7b2d6f
sycaudit__schis02_449f5bd2fa4bc8,train,85,schis02,4d3858389f8fdb638f1c0e54fd6372bfa1698e313b007b43ca0d166680bcca48,5c12e7d1b17bb27259e27c22d9dd9a90261d523982e3c3b30e1210c9fbe15d6c
sycaudit__schis02_44aa6aba0b2b60,train,13,schis02,30010687b831459107cbf029b6431ad6c3b9dd5da6da5d053f790eca6fc3cd1c,ef670f5ed991df33832af712c37ca6f02a2f6bf7da9660e13b48c4b56ed1c866
sycaudit__schis02_44d60106c03d37,train,39,schis02,4c1c151a47d6bb6db818bba8da727269f2eb6002c859d553baadbfb2040c25b4,6057af025a58e68271f44cded66e433901a16d0638194b955995f0128df6464d
sycaudit__schis02_44d828b86e4363,test,35,schis02,1889d15b81d5fcc2d189cd39e4c258f5218270db6897cb2e88ab3355d76f4f15,3af315fab6af84ea5fcf1408548d950e82bbed269c95f85b4a39f85d72e8d225
sycaudit__schis02_44deb00f450819,train,93,schis02,3d5823785aac918e766520f069d07532a059de730318807eb77f62c1e5e81a21,01038aa2ec6d933500f05e7b69f1be044d5ec7a4e026f1ae8316260e8c98698d
sycaudit__schis02_44f14e85dc0620,train,5,schis02,5468791d00c3e115273975209b283531308a32695f512e95b6d070bd7198e506,751cf754a25f11a374a7ab38c4c897d68cc5bebbff6142f02c5a1013a1782caf
sycaudit__schis02_44f77257dbc1fb,train,0,schis02,f45f48544a7c4c388247950d54e7a801cbf2fc88d399520b553d52a8e53c024a,4070895101dae8181522a3763a01c1aa28e0d8a4663fc62f7ed1ee052f86b384
sycaudit__schis02_450ff727a5325d,train,14,schis02,69bcc942c542c081ef8fa9565761f69d1aa521d0ae45b1de94f5478348fc61be,438f4bf91c1f310a49bdd6bf6dcb12407ad3703195d871dc6485d04e7f459201
sycaudit__schis02_454545ab6363d1,train,76,schis02,118ed8baaf40d38e6823bff407857f29311ce23ffd7f2a4e7d6927405bde8be8,5d3217c46b3fadbadf9923c426f7180a4f73a7dbec192c7d8c71e773d73897ba
sycaudit__schis02_45876dd0b203bb,train,3,schis02,c4ecf53d45a936376d77bedccb4709fcba5bd844b0b621773a73c0aca0bd00fb,6bb5b7f6aa1890e13eb035fd69e93a2bb223efa9ba7f8b826fbce748dafe99e9
sycaudit__schis02_459787cd32271b,train,92,schis02,1bf9b1c678748b618303196e6f4bc81dbecf6ad5e5558cabd4e4431f0707fa01,8b8d6a9107cc5d52f14802a4b46f0cda6731700e66ed6734306f1e05f093f6ae
sycaudit__schis02_45d80b98cbf148,test,35,schis02,113eaa3e886b2e361edab9e9442769361083fe43f6eb983894798c1e1b49a0c1,6a6d1ba4552669822f80f55707b9aaa4cfa1e84957d7014654ed249423f0a840
sycaudit__schis02_460dc86fd5033b,train,9,schis02,65f941631695b37455ca90a2624b924b97f0c39933873d7fd2b8c3965d09b383,7dd97dfb53c566f1e3ed3079a51b28156d139fe38f61b2064d728a82c8225c1a
sycaudit__schis02_4619dfef4cf127,train,76,schis02,d502c6b69bec3e153d59163478f95f3066c820224798a497ef23600b524da3aa,e78f0c5e054891d8595e04b2b3556c344933ee33a1f5826846122bedb9476669
sycaudit__schis02_4639856e416dd2,train,85,schis02,4d3858389f8fdb638f1c0e54fd6372bfa1698e313b007b43ca0d166680bcca48,7ef0d6e77b54afb1c2d5b0fb9afa6312df5d02ad65c1be8193ad60c52b4ae76b
sycaudit__schis02_470e8e3c49188c,train,1,schis02,30df56d9f256e691021b87dc7e30b1cfdda39217f7cdefdb049fc0d01c052b54,8add772c470e68b3672ae4f2a23789c7b50fa1ff10226cee6594dea3ff36dd55
sycaudit__schis02_474299125b91a7,train,72,schis02,c04e02470c1a5ebaaaa09cae11a1c48dfeb66effcafa3ab879a074b110fe34d8,9ef8e049124bcbca8be3c5a176b90580b47b20daea8cdcf6600198e155bf7f94
sycaudit__schis02_477b5d98baa931,train,87,schis02,029c4a5e1e6be74b2603cd25804253f5c30b9196fb166359235b9d345f4391a6,d7d5ead4beacfa82eeaac4d18db9b46088be08394077a388f93473c62cd90495
sycaudit__schis02_479aace6db4355,train,81,schis02,5effd19cdf9cf41152696b46cb2a9afafbd43b46c0f28788979063989a3b0955,4e1e2495f0df65e17fb7a01c44078de5c21321724720c59dfd4600979ed0c737
sycaudit__schis02_47e3520cfec9b5,train,9,schis02,850f7244ff4332a70d406c0f3699469ed580b3737cc26e2b02a8ef2f341414e8,76a2fcfd877d0555ddf19976e9fd43eb00be2301e9372817882255a6e069e516
sycaudit__schis02_47f4132c901ad9,train,73,schis02,9015f3b63e41faecf983926504a937f56b4303dd9a895ff49c4d999f2ed09511,5f3c8f4495028450292fb9d58fffa92b6625d53fcc1652557c828d6d254856e1
sycaudit__schis02_483a0a680b2c11,train,94,schis02,233e3c2c6b778a4db4e6369209bbcdbc09c1af2114b852708badcabfe3c49aa3,b1c46c24ab967b3afe6d592c735fd15a61f7fdd9031952f68a076769b1ded3df
sycaudit__schis02_4850a4783d1e8b,train,6,schis02,d614222d15cac8f9c556692c7dd626e45848f57674361a69a5e475c248f2d236,9b9e05a9c2b07cce42afaa8985a01426bcdafe0b8f83b475023a165b21d01e18
sycaudit__schis02_48821ed7975193,train,76,schis02,6166ed55f15e59522f3f68c769b1f18b7cfdb554c39052de71a66ec047112a1d,943efd4b2b0c08947f772377195b71251f2d1dd394f6d9c428775a4525fe8e6f
sycaudit__schis02_48ba1cb3410107,train,76,schis02,597dd7d2c947ceca8b9fabfb64e1e8f850cc9db7824f7de0d4d7283f1e1e1737,e3f9f357be5d2d68b93593c6a572a32860f74f78d61c99629f792fa4c40f68d8
sycaudit__schis02_48ec746334820f,train,12,schis02,2c3b43d73563de67da5952148d6f343bb07bf9d93766c8a554dc82e9dabd036f,f0c90a72cc888e535a16b6590df3055cce51fae1268299001ff35cde4ae94b60
sycaudit__schis02_493c666cb567f8,train,83,schis02,2ee80b9b84b03f002cb08c2fddc46407fd01f27f8de3f0bd0653724fe3326a15,4338bd507ea2f53aa85a9431e6960ca461c58f8d6d98383a185b48e4166eefae
sycaudit__schis02_49412aee3a1ec5,train,18,schis02,b2451075588864ef2caef4b1b5e3611faf0dceef4521a500fe231bcda5fb1d63,a3ca741d874d698c0542ec5e776c88ce02239e218d3ac701e42d3108ad5de672
sycaudit__schis02_49591ecf1dc2cd,train,14,schis02,f6b434788c3f8eca856085a8eec0cfab8e2472436ad656c3fde6d7847597e3ae,1e86dc85d93d965508d41b4e9b9f5596983fed73f8e17e76f57fe1ee51667705
sycaudit__schis02_49de6dc81e0d22,train,85,schis02,2489a9c16913f6d737092aaa988a38e9e5774c3d356db92afe80af4acb7b0197,b7cb2571a85a50863c5493b80a9627f6a94bafe7ea3042097980961695f4742c
sycaudit__schis02_49decbc1d2c5c9,train,11,schis02,0884e39636adafe8a2c9426bd518cddfef8ade4ebdc46b472fe22df3e3299dd2,74abb071ef6291e7fa841bd921a549092f48102c1f25d722e8b04da4c161dbea
sycaudit__schis02_4a27debd272ce4,train,75,schis02,e636737b5c6b2022bf4ce21b56267a7d6ee08246bd4cae1ab1d1e93327b99a12,e8631b60e5a31795bc2703b0b1d8583daffc8f4ce47b60ba728edd5f5d66f45f
sycaudit__schis02_4a3552c2a6df16,train,74,schis02,d4e3a81d6bd4927f3b115a5c0a58b106d224d89cba105b08da6fc17399a6e04d,3aeb5acaf7eae8e9246347157cbdd3d0a20c7e829eb20bc28e29264443e0eb2f
sycaudit__schis02_4a3af89dab4010,train,80,schis02,134e28718db031ac8d9a5fd010f402fcab1301d3aa6d86c1ee3731c366e2ae8f,9d90ea255866e42b11d150acc3faa64a6db6440579e44c7084f229e1afa00e38
sycaudit__schis02_4b84068e9c0b8c,train,16,schis02,b13c41481392ecdbf1450804c674b6e14d41726daf06b3ea56c38c65a4fa65b3,12387c5bfc7acf93a08167b4072d6cdaa68a260fcc6f6f85498b43105d209201
sycaudit__schis02_4b987a42fb6b7a,train,87,schis02,6434b59baae2215db4fb42fd9556fcc0bf69ea7135565038b7219da9c83e5648,f38caf1dc3131f0c9421dc4fb89a21c30ae8045e7704b35fb2c25c205f69fca9
sycaudit__schis02_4b99ea767ee6be,train,15,schis02,a540e70abe5ffb3c24525dd535dd8d8858404585e8ac9c4e8e0fc4c5344f746f,ab7d2424f49d2cf1741560a7ed98188abd941ac08357e44b958611ecdf07fe45
sycaudit__schis02_4bc901d2aed0bc,train,80,schis02,35726f0ff5143d78153c1ace9da9b949d1e5b2db49247a865a3179a4ad01897f,043d62147a981b41f6dab8d77ea0f664310c8a38b63207d0d5d31b2548f48146
sycaudit__schis02_4bd43f324fa5ac,train,17,schis02,27567f3739d8e37aaab90bd759332e7218b8bad0dccda6f147532522a7404c02,c59e43e6ccf50a5f47b25fae3632453a74ba6955499b1f9a491b6ea2f984f914
sycaudit__schis02_4beaeccb2456ca,validation,4,schis02,5ba6a5628ece3d25212b8addedb619d5c8adb3b293f0c0f394196e3c82d743d3,ddd9490c06d308cddac2e84a47c4be0f4ec83249331a458f3bad52b192946374
sycaudit__schis02_4bfad58ddf7002,train,0,schis02,a90ae15019dcd2ce951af128198c7e900b15de04c9ca5df42427317b5f219864,d746be41c64c8e47e77a1de1ae261815572707031141be83a11615981f401daa
sycaudit__schis02_4c03debfe4b19d,train,95,schis02,66431d79d321dce964dea3298da1af50005488ff72bc2f2c52c16c3f67c14b70,b03d598cc8926e7197b24d6f3a1856873f01f4ef97bf22006f41fa51ad5e9d79
sycaudit__schis02_4c55ba9bde6d32,train,76,schis02,6166ed55f15e59522f3f68c769b1f18b7cfdb554c39052de71a66ec047112a1d,e275fe96af3876ee671dda5718eb9b1102a60eebef2f16fdfb3595900e87c232
sycaudit__schis02_4ca3cd19a082c7,train,95,schis02,472837c7cb181cce50bb725cfaaba7285ec1674b1a085aa0ffd014a298484f68,978d4fc268aa5947bcecfa8d38d02b355a94582815e0f358380de6212c5590fd
sycaudit__schis02_4cae950725be2d,train,20,schis02,1398cbba4b73c2c030427c1cd7dbd8620c78d9472f6caf8d5c5eae25a0f9f251,77ff4ddfb9e717df61d23bcb2c1b6c48b6f6e4543375bcb28a808f8c183e8168
sycaudit__schis02_4d2090a3c692ef,train,75,schis02,e636737b5c6b2022bf4ce21b56267a7d6ee08246bd4cae1ab1d1e93327b99a12,880eab85460fa66c7726b69f94dbeb5a001e66ca689408eb1c7aea6080f4a098
sycaudit__schis02_4d2b3b899b3207,train,0,schis02,d3926a8563a630c5623479a596fea30cf7a671f0d67a1e0871c16dfa3addae56,b1374ebd56c26ba661bb2484084fe514b2fd4bd400f37b3f6d1b7e4c56f72c14
sycaudit__schis02_4d34e70b7bb5ba,train,73,schis02,aec395adc38500341a2224d2373a61b998f3f7e1d59a3981af210e9213d1b12e,c3a3af4fce66c15de73c69162cb92f3c5be806601ff2910530fbba1e0c6aa6dc
sycaudit__schis02_4d44771f7d4c0c,train,90,schis02,9f428852d24466aeea4132283b3b6831dd8045a23a71fa8e298b5becfc23c205,c409409598a25e503cb19e1c2d9cfdb1685c70aad55509cc3c031cb31fdb6376
sycaudit__schis02_4d82e57bbec445,train,12,schis02,cc6b35411bb42c4097c79c40f9d8baf7d2bdccc5ccfe0ea4b82b626dff2ba10c,27ca83c0f4cd20a1172017f400354475a7ec0f709e646e366a4d4de99043842e
sycaudit__schis02_4de91b6eede257,train,10,schis02,c3b3a18b6bd2d5e5bf7d544f3394c9f06186c67c2354109a3460731ed7072e4c,0f86c9e36562a7cd9e39b670838074976e85a45f64487c4c237ad008e8cd84cc
sycaudit__schis02_4de92b89714956,train,87,schis02,64c68c62398738d9c6933fd442a6541bb2ad19dbf6001c27e979e382fdf6ecde,544bc3bc602d7ab83a811bf03d7a6fd1185bf8d9860a4af8254d652282d446c1
sycaudit__schis02_4e3cdcf2b0af2e,train,20,schis02,c6a7bd2c659a9db03612eacb64dc81a0141874e9e75a6fa93f8454e849f356ab,e33d0cf9500e08281b93377b9ddf7618d5286a983038e60c791fed2c94174de7
sycaudit__schis02_4e56d4f8c4a295,train,14,schis02,aa0dcffae47e0385e3e10ca1af07f7b4908db61409f4eabc3924442a509abd1c,c46c5940a3409af802ef3d352c61cb63dfe19bbef4fa5816aecb9f90bfe6719d
sycaudit__schis02_4eafe83a4e40fb,train,13,schis02,525cd3550528b7e6a0efd7aa74f8e4f2d702370d9f26f38325ab77903f3262c0,9ef3c4fbca1f31a2f63f45e33b708051921c702f074198d68bff84313e153eae
sycaudit__schis02_4eb1ae146039cf,train,95,schis02,9103854cae6c241224e591e6aa5ce8d35ff4773617a3f120b4a951dcbc05cbd0,89a23a1c0ee29797eb3fc1014fa93529aba0493b1abbeb6c787981c0561b3f0e
sycaudit__schis02_4f6f3f29ba3d2b,train,74,schis02,61a8bcbeb7367d0547a3dce044c121c3b25d396b85823d57771f7d9567ca4f59,082e478a8acec6f69ab2f743d312f2c157fc0d0991381167b95f16600590826d
sycaudit__schis02_4f79acf9b9feec,train,19,schis02,e3939d4ce33b64d19ab63eebc585030b0359617b7edb5891ed42657ba815d7f7,1a217a69ed8e9a30206e6438d9109d2e40dab73d0777e1fd99c762d3213aaf10
sycaudit__schis02_501d175846b4ca,train,9,schis02,ab098e4a4278fc2e8f29d4597924b942052074f4d5a9a922e01931b72001309d,a10ee6be0ff37b9e9223d702a4f95a6a2bd1c27cf019819739fbfef7d63f1b46
sycaudit__schis02_503200b5b443ca,train,13,schis02,525cd3550528b7e6a0efd7aa74f8e4f2d702370d9f26f38325ab77903f3262c0,9bee75be1fee612546ec1b3c5c5e4b2d8828b3fe1da6819642e25d5ac70503d1
sycaudit__schis02_505606c075f5c2,train,74,schis02,61a8bcbeb7367d0547a3dce044c121c3b25d396b85823d57771f7d9567ca4f59,87907c2778b97fcaca47254a1d71accb8fb02ced13730f7f2806a49df36f50b6
sycaudit__schis02_50a47747a8cbd0,train,93,schis02,e0e07b0d3bc6a50f18b0fec2333c3b7b5ef871d8975ebb10065ef8a3d0906fdd,80901520cf425f3132328704c3838f8c9b2efbff9b5075f21037bd3793a932dc
sycaudit__schis02_50b7b133f1ee91,train,3,schis02,93a9ef18154c8fd6d4a5dffcfacaee621e1317969ab2a954eff2c0f8c720b342,bd57b2edcb352f7e728eed84426f54b6fa091458fc444739fc12b55e9a45739e
sycaudit__schis02_50d88f05afb07c,train,86,schis02,390109be818b323aa8d666b3d03d11181055574dfaec588a563991ca98dedb6f,8facdad5acdc00bdbbd195f71781bcf4d5c745638f231f0244c1a2fbc864f495
sycaudit__schis02_5123ab265c98ab,test,35,schis02,113eaa3e886b2e361edab9e9442769361083fe43f6eb983894798c1e1b49a0c1,78ff8804e4430a0806156b9f2a8e1ed69c77c7a5ce205c5933ec1827cd532a33
sycaudit__schis02_513b9fdd3bbeb3,train,8,schis02,ecbb5e67233e05ae809e5670b2ba505cf284ad6e7b6e81639ea43d3aee4637ba,5b869ec4483c7e01cc6e4c20151e3c4112d28989425e1fb2b9cd9acf2293a2a4
sycaudit__schis02_514ffa048fe820,train,18,schis02,b2451075588864ef2caef4b1b5e3611faf0dceef4521a500fe231bcda5fb1d63,02ab0cc58a050bf0cc4b3b2b4b550d5a34873271a3493db5b8847bc5a21d9fed
sycaudit__schis02_5168ebfbbbbdfb,train,12,schis02,fae7dae5ac61f4d12138c26ccbdc6be912b0a88452e6a1796b136ba3830c1335,840222f9e316c0bd8052cf895da804c3558f84f37a2f93d0bcfb501864e83aac
sycaudit__schis02_51a7b34b110dc7,train,15,schis02,ea05f926740cdc4d34831285044b86d0baf957c97d64d64a30c7182222c86656,b74ed36534e371c99e6b326bf97e57eb60b51522d4a003d9168d4030072c28bd
sycaudit__schis02_51ed95dd06ac27,train,16,schis02,52d8c1db44c46af01138446d9893e034e6e363e5e5a7713dd8f6965dc7b67c2d,b32e5dd5d6509aa3b74785682faafc9eb84a397739b4dc15ac81293195c022ba
sycaudit__schis02_5222073d11e195,train,10,schis02,b547684c552c3d21a0edf3d8c6db1a86896184c31386876168317a629a92ea04,886469a81a11df13a212ce13ea5d7700a12ef5dc4a27a9807a21bad047d85395
sycaudit__schis02_52299d0f163fe2,train,89,schis02,800ba6ce52705a69ec7e04d2dfc3736f3392389a4e4d496df8480fdae8fb86d9,1e5c452e9695058ae433f106a904bf022405184c02b57771fd74d39849214f2a
sycaudit__schis02_525e65f5a6ade4,train,39,schis02,79b044274cdbef8ec12c09fbe17bff71306a3db672a39bd0920809089fa95b04,0f0ee7a7d8f05cfafbdbf90075837ee146006a03c88c2f901569bb8adaae5c0b
sycaudit__schis02_528e0151ae379c,train,10,schis02,b547684c552c3d21a0edf3d8c6db1a86896184c31386876168317a629a92ea04,ee3d19be8c87f3694344ecc3be8c0ea8180a1214cbc2e7d711cd7693412c03d4
sycaudit__schis02_528f5b7223ed35,train,11,schis02,08ce0abcdfe06d71f5cbd622398112cd3fa8ac5c1a6b9361b478ddc756a7d5cf,036d7455f31f0aac4cc5c7de99748b3cc161b046cf28afda35e525b1471707f9
sycaudit__schis02_52b227722e4bb6,train,74,schis02,4de54f0bd1ebcb2b7a95571dd22b5379779bf745898862c6a980f9345adeded5,d4729828edf01f4c60bda9d97465cb1447771a1d0d3b7b0fbf7f29a13d811d71
sycaudit__schis02_52ca6c4aef7083,test,2,schis02,85abaef3d888015b411f1f317be5b7b43a97a09dca77e04e6fe7da0c22f5123a,5ba50c116410b3341aad54fa225114478565ff1629d94bab4694d37c48772318
sycaudit__schis02_52eb8ed5610d65,train,17,schis02,613eb13dfdceecdb4d856a3516dccffb52cc509a7bafaba9eaf98d14f24e04a5,1d04b66260482a5899a14a37b500bf5190a2e6b98a5191f595f9eedcedf23dc6
sycaudit__schis02_53018311104eb2,train,14,schis02,6002e876861808af608c2d7255312f5d63960326a41851ddf9f850bea248e040,e23476fe7b557ff023786e7748769611cbfe605675d2ff1484baceaef1dee6b1
sycaudit__schis02_536bf583e8dd05,train,90,schis02,ba640b7d55294fbf45b9f7374247728f482aaf9b4c0e24a09f85421842b1414e,92535c5b15de0908d746c71715d741f8b6f09f57e282bbc7fc546248c8203e2c
sycaudit__schis02_536c0de1699dc4,train,16,schis02,b13c41481392ecdbf1450804c674b6e14d41726daf06b3ea56c38c65a4fa65b3,ab73c169330b64629dbdbe8875594f7ef2eac6e25d5b2108bf73a0992f65cec1
sycaudit__schis02_536ca1750e75e4,train,78,schis02,2a0efb01a1fc14cbf6608deb72ec5e53fd33611688cb0a1dde24d906763a5faa,9a13eed382186f28a46125aeb9848d577504b85e45ad909e091d9672e7d0ca72
sycaudit__schis02_53eb4d87fa8e13,train,9,schis02,ab098e4a4278fc2e8f29d4597924b942052074f4d5a9a922e01931b72001309d,d185cc385addc8453b6f2dad69e1f15b3e34cb640b383e5d5bd43846464a2f48
sycaudit__schis02_542c9d6360b091,train,20,schis02,1398cbba4b73c2c030427c1cd7dbd8620c78d9472f6caf8d5c5eae25a0f9f251,fa0aa580b98ef4300789b813886dc3694b9382d74a7cba22c475579d5fe901ee
sycaudit__schis02_5462cd157a1303,train,92,schis02,371a8a03382db2f20638d3996996058bcab04e2093684e32fd2030fcc95b1aad,2d0df724a1072b62882ca239f3503854074e10146695fc99a1547d427df96628
sycaudit__schis02_5467221512cdc7,train,17,schis02,8865b92440be3c28b557279a9f4ed182479a6db17771607e193243bcdb1ecdd5,acf566b3aa11954ba043db4c83ceded5a8e5d6d99c33fb8e04698783d62e0e55
sycaudit__schis02_546d861e0801c9,train,1,schis02,30df56d9f256e691021b87dc7e30b1cfdda39217f7cdefdb049fc0d01c052b54,c6a7d6a1ddad68650c5fc520af8a3d8801619376f30462272c7aa195b8987805
sycaudit__schis02_54a1f6408a4e33,train,76,schis02,83a45591113f42b33d23810406c1ea32fcdc39140d578405bbca5e50c377eaaa,380534a29d3039ff6cc1342c5426d932a00ce2a6591ffd3e253687c8239c6561
sycaudit__schis02_54af43955a8320,train,83,schis02,88e5417abcd32182e9d377dacd2e03c624384a9234179847b9fd79f42b52d1af,a74bd03875db463ce8199bfbd2640dbb7ca6d42ba59b21f2d66077c417000675
sycaudit__schis02_54b14a78654427,train,93,schis02,da239b6345776e18f7190f65fa0faec06448743a37513157b48e3d4e8878f699,d9397668834373f8ee88d04574648e57ea9b2d30df64716b825b763f386ad2d8
sycaudit__schis02_54c04d025e3009,train,79,schis02,f49e86f7146ef17426f49ac46e5474008fca9c74b4acbae342a43752baa2ba9e,cc441a0ea892ee311a05968a8733e2c4006f5aeb407ad5f2eb30ada53db28369
sycaudit__schis02_54d09bc05c6f4d,test,35,schis02,1889d15b81d5fcc2d189cd39e4c258f5218270db6897cb2e88ab3355d76f4f15,baecbcebc17391b908682c0f9d81f8d2752aa3b7a0d65572e9b19565d8006ed2
sycaudit__schis02_54eb9100aaf1fe,train,72,schis02,cfee6bf1cebc5a52d677d324954b05e6b419d096d95696b9f81ca9bd88e6e5d1,08200f7a2965906b7e0bef3b4ba8be255f8fc25515dd9c8b6da471067e5ce290
sycaudit__schis02_54fecec4150bdc,train,11,schis02,0884e39636adafe8a2c9426bd518cddfef8ade4ebdc46b472fe22df3e3299dd2,de0f8eebf838a9ec21b8f5d6916327c51b3b5479c2eddfc668f07c5237a66840
sycaudit__schis02_551f91bc210264,train,10,schis02,c3b3a18b6bd2d5e5bf7d544f3394c9f06186c67c2354109a3460731ed7072e4c,1069e897f896002d06bffea0708fd911606c5e548fc6f9a6423c5e8582053a95
sycaudit__schis02_555718e6837691,train,39,schis02,97725aa291d6b532253f1dda15ef01eeaaa80ee5fc536d4a03f06eade8afd663,c7787e8f0c7a0abf536190abf608748a404d35c3199be5f2f4fd124025f18032
sycaudit__schis02_555ba2796dc85c,train,86,schis02,7b248165008955d6f6baee8f239f4beeafbd53c677111597146262e027c5d83b,54e092f51cfc97c04b72f1b3e1cf28a7248c9ea9e4edb757808af8da8d39adad
sycaudit__schis02_556a7c802ba946,train,78,schis02,6888c070dbbb4cd5581c281c3e1ad73739011b889fbc2061ac6b446233bb53ee,601ac4ec787cf5213255d289ad7dca8730f749136eb9edb9598cf8806e55ac8f
sycaudit__schis02_5597f3b5a3cc69,train,77,schis02,b4c58834cf9fd6f685cb3c28af55409833ee242f3fdf4e70c91b7b962ad205a1,689cc7dd06b748793a5a970653f5d22cf8cba7c28cf66ebd791d8041ce93a874
sycaudit__schis02_559ac37c2fc2c7,test,2,schis02,111f0e445860cd9861cdfa5ea48f606b3e85576c344227943f10bd4f351fc908,3383bba512f43020aeee9a15c1b868d3452805dc45a866634893bfa8f8b4efd4
sycaudit__schis02_55e48d5ecdc641,train,8,schis02,ecbb5e67233e05ae809e5670b2ba505cf284ad6e7b6e81639ea43d3aee4637ba,a8048737414a5b78bb5ebc153ca2734a36ac5a368364b8a5067ff85c62eeeac9
sycaudit__schis02_561f10dfeddc7e,train,7,schis02,320c14ec9058d790f390be5bab94774c4d59e3e82cb69ab42a2c912c3813a4ee,d5ee227da59a73005c764f9d37f799dc38a42b188eaebd3588f4795f32085c2d
sycaudit__schis02_5632a5845f2365,train,90,schis02,ba640b7d55294fbf45b9f7374247728f482aaf9b4c0e24a09f85421842b1414e,cc5bdbb9a525059599e9d491f7a8a0d8ab9012334afc728f04c325e0f51d4661
sycaudit__schis02_56435724143200,train,3,schis02,ddad7d6e0ed1c02d29d687b52322e38d5eed67cb68bd602249502a42c3310f9c,2ab9bc6d54f39e7b89ac77f5229737658faa7d5579f652b0be1839497865b4d5
sycaudit__schis02_564630f2dfc4ae,train,9,schis02,6d05a553cb48656639a93462d29085c0fdab731748f1a4dd0a0141a63682a785,57f800a8cbc1358eefe40b15d06e7982967f0de1c264796a49ee333c26aecc3f
sycaudit__schis02_56b2feff228116,train,73,schis02,ca82474fc66d6a706fcbc977197b5f2061b4f42640ae657b36ab5c3b4c6a0ce0,428399614c7b9804cf1b020d8df33049a036cb3fd92d6d2106760aa8e0109921
sycaudit__schis02_56b5ab3495a362,train,78,schis02,edaecf58d5b866d3ec9d0e40f11c1f19b6303ce24282ae150600892295ba7c6b,4a05c4c89d7aac0fdcaf5832b2aa535d43be56090e8f7a630adb86c9afef8809
sycaudit__schis02_56d7d57bd75f62,train,17,schis02,22de86fb20130ec4149d2d953662e964c2da36f0f458ed79a56ba3309ea38309,f825feba7ccbc235cd80e6c35ebbe86ab6d035bf56f7137255b5cd47bb3a3a78
sycaudit__schis02_5712365f173718,train,14,schis02,69bcc942c542c081ef8fa9565761f69d1aa521d0ae45b1de94f5478348fc61be,c13673c66cd16777f4a6049f95a05654a0545bb7f6ba907d4a38950704b8587a
sycaudit__schis02_575cc99079e69d,train,6,schis02,17da74bb048d808805a16edd727a01345e250cc1c01b495a293f4a79b6c33862,3f60269d8904213684d939fbda46d7e20275a01a4487e3b742cfe098c9800722
sycaudit__schis02_57725210fd71d7,train,85,schis02,2489a9c16913f6d737092aaa988a38e9e5774c3d356db92afe80af4acb7b0197,376452a351a99db38216ff0c8918240274bcc09984684c0f91b99e0ab880792e
sycaudit__schis02_577d4a110e7210,train,14,schis02,aa0dcffae47e0385e3e10ca1af07f7b4908db61409f4eabc3924442a509abd1c,0a4c20ac3b0bff45c701f55c1d8ae7ae77fcfe2fcfbde81bb83154466165a448
sycaudit__schis02_57bf64fd45d1ac,train,76,schis02,dd9be73f1559c64585300da5b75d3452925cc0a0cb206c7deebde6f629e938a1,ffd977e46adb6cb7f29ca3f92678d90e3287183c3f7066e6dbf6eb01cca021d6
sycaudit__schis02_57dba9d359c534,train,89,schis02,800ba6ce52705a69ec7e04d2dfc3736f3392389a4e4d496df8480fdae8fb86d9,4526e197301cb39abca747770606b8197cec705d4a359a1ac6e9f0069b103cb9
sycaudit__schis02_57e2c4d212b0fe,train,81,schis02,3feb4081e64cc2ce4fe41e798e5157a907379e14d731c5852360d971943541f1,49af81415694f06f11e93391ad564b26992ca80243edd37eb2c1fc92c10dd1bc
sycaudit__schis02_582d454a68bef8,train,9,schis02,65f941631695b37455ca90a2624b924b97f0c39933873d7fd2b8c3965d09b383,0a0677dca4bd3159876f1413768b4b0af09f89e34e57627c370b5cfd13f782d1
sycaudit__schis02_585041ae790ac9,test,2,schis02,8e4a9180a4f81edac9fbf8aeae76675b53464e220c497a8bb16cacd0cb3694aa,8f59e858bfb8abf02c6afaec49a5a1a1073ba286fa9b3bd43061960d7ad76e2b
sycaudit__schis02_5896242cf2afcb,train,82,schis02,72120cce2d6c6868cf30e0d9d55ada4a9037a62dde041958719c424c9be6126f,6f4f6490c4abd8e7d21f13067cccfd55a7999aef53c499b4c893cfa0e3a2ff5d
sycaudit__schis02_58cef23d03a22b,train,17,schis02,cc40c7b3b421b9d9a3248e08127aa3f1786986e0bfb3678c16f72a2a879bd0a3,47bb3ab6f2170827ec4fcd5615d6cd580b0624f87272cd33708d9821daa932f1
sycaudit__schis02_5935f18369f3fb,train,39,schis02,79b044274cdbef8ec12c09fbe17bff71306a3db672a39bd0920809089fa95b04,b055c103f6bca0e546697953a25410fe92739e5a37cee83af91fb97c1bc5a4d1
sycaudit__schis02_5a039699199cf4,train,6,schis02,d614222d15cac8f9c556692c7dd626e45848f57674361a69a5e475c248f2d236,baf243d7aa08ee6472262a25ff43bc25a0e546025caaca7f520ba93020159128
sycaudit__schis02_5a3e7ac505b93e,train,82,schis02,9c28e63526ae3208bbf5d8dcfdc4fecccde97ccad1b07a7719f56fc5074f2868,504cf5dce944deebbb37240a46bf9ef8c39dad26e2ed510d619c9fba8cd8a61b
sycaudit__schis02_5a4e7f5e6bfd14,train,10,schis02,b736a8aef363bec096955c33a5fd1d7f2b721b2b0b30ee4fb003eb955453526f,ed5ede2e4534c008f432c30c9d9221b951a00751fe7966289521941f6a2e56f2
sycaudit__schis02_5a8c8a8766c828,train,15,schis02,27b139618a828e080c1580ee10dc9503f4cc8ead742cca294c8318bc5f7f7aa5,5241287642e5c57de72b5b64a5459e4132043324c1ea5e02b627c362ba6c066b
sycaudit__schis02_5aa7ac9d53a6dd,train,16,schis02,709e41fe15762dd6b72864c6e96785aa4e0840621677c77bcf04705f42a705cb,3864d263a5f4cfd5562c288eff00309fc49a1b000e6cff7c5d755f50ada040ae
sycaudit__schis02_5aafe5969be2e0,train,75,schis02,24c4857c06f809b02a1bb9c8652f0b5629b7f999489b5c4d57ea06e00a2a1428,10b131f33bebdbaa79bc807be66988d019f8c0675f2ccaca750765d7c9375428
sycaudit__schis02_5b07aa3a99a51a,test,35,schis02,1889d15b81d5fcc2d189cd39e4c258f5218270db6897cb2e88ab3355d76f4f15,c5f5bf46fa82b2ac56d7daa99b2bedfe4019887b9d5b5dce965e652bf89ea946
sycaudit__schis02_5b179f76e3637b,train,77,schis02,dfcd70fe73dfff77f28c8ae016b227d7eb5fb1d2d7e96ec826230c8093bc2e3d,823b36b2bf5d8282830391df3d2404e72a98fc95f39974ec60fdce92e370993b
sycaudit__schis02_5b31cce007e080,train,79,schis02,17eb3f309a6dec74e37c3fe18f58f688b2458405016b6a6383539fba54c4112f,03cb5e42faeba483c09955ae297898b86b41f1ec9d89b2c2a0933fe63885bd42
sycaudit__schis02_5b4df4b9db1af1,train,83,schis02,cd0012cccd1c435dbf8658a578ec8e4b5615d075e70bd563a50b1b14a8aacb7c,2d2386501bce766bb33d79dcddc5eba2da4e839d3948b340446ddd1d4275f405
sycaudit__schis02_5b85b25a36ebea,train,85,schis02,f82c062af205d4ca69adf9019b16b26add70ba1bf2a828f9d670306c9ca60fd7,39f14b4c386839a2066f6c37204156da11d2bb9a542f7368f326ad89a007069d
sycaudit__schis02_5bdcc8c8778f2e,train,84,schis02,fd6a5dcd1a5cc4de8d87adaa08fccca113f21db20c40ee21f2933fef68a4379f,d7d5292efb05c4947bd1150df6d072ada3d179fada1233c7287d826b1e9845e5
sycaudit__schis02_5bdf2a78e5c883,train,12,schis02,fae7dae5ac61f4d12138c26ccbdc6be912b0a88452e6a1796b136ba3830c1335,725804ae39ce596855cd447f8ecfd3d2d818c236a42fcf33a8a93fab90fce7b2
sycaudit__schis02_5be031c9f07fe8,train,11,schis02,95d78e1899ac4a56aa4f9f2a782107b91cdd11223afca1201f3107928df47b48,85dde203398da665079f142b616a87a242edf9b233be2453e7d144eda4c9e7a1
sycaudit__schis02_5bff4f9b2e5b4a,train,1,schis02,26a8e83e70e1e9a4ec52d2ca4e4f403b6bf9454bf7b8172d6c3f5b7c897465fc,ff3f8bd8ea5796b58658f308bacfbe396f227bb2a8ed0f618f746adf681c4abc
sycaudit__schis02_5c6778ddc407df,train,6,schis02,fa937722b59c19c3e6fe96e109764bb070540589b1fdbe76cba79c418f8736e6,8cc3189e1f99ad8c386789cf7f73d78b2964ed99b9218eb6284da2558484c29f
sycaudit__schis02_5c6c4c1262dbf8,train,81,schis02,5effd19cdf9cf41152696b46cb2a9afafbd43b46c0f28788979063989a3b0955,99cb62ca5cc9051209d7fde6f824e179e24ec5894fac88c230d022569023c95c
sycaudit__schis02_5c930a5179d6ee,train,12,schis02,fae7dae5ac61f4d12138c26ccbdc6be912b0a88452e6a1796b136ba3830c1335,0b1322c514effd96cd4d95b84f2b1dfc7c74f5b7585d2015f1f3b539ad5d2986
sycaudit__schis02_5cc9032746aa86,train,16,schis02,709e41fe15762dd6b72864c6e96785aa4e0840621677c77bcf04705f42a705cb,fc6b8605854234a8c7d683ced1eeb4fbb781527c5c150f40823377c8a8a9ffac
sycaudit__schis02_5ce8d7834696db,train,78,schis02,edaecf58d5b866d3ec9d0e40f11c1f19b6303ce24282ae150600892295ba7c6b,0f3db67148dd68e4b9535fc786602e5b0449a4eae4797831323e69569b33918b
sycaudit__schis02_5cf37d27ae677f,train,89,schis02,800ba6ce52705a69ec7e04d2dfc3736f3392389a4e4d496df8480fdae8fb86d9,1746acad60480616babc44a075a4df9ea76accd2491bd0a25ac61f18bc8a3efb
sycaudit__schis02_5d672f8e78ad50,test,35,schis02,9ca6e9c6ac15834692f7f546c106e4d9a0d0a8aaa07fb56ff330921f185f1215,ec23dcb90b6241b0b9e844c87894d6faebcce96ae882c1a2fa1fa1752a36c9ab
sycaudit__schis02_5d7492a6bfaa91,train,6,schis02,d614222d15cac8f9c556692c7dd626e45848f57674361a69a5e475c248f2d236,86e10808bbbd509d26fa5b625383b831844b2405de8b6e2f4ddaf34d01d2bc14
sycaudit__schis02_5d9f63c9229d01,train,3,schis02,f5ced92cffcca5b99ed38e837af6508b039b4246c4804e21ee202653e64e0c06,242ef79e8e691b41383664681ebd2e659960861b3f98f1eb7a466c254b369f19
sycaudit__schis02_5dc56e02bc199b,train,5,schis02,5468791d00c3e115273975209b283531308a32695f512e95b6d070bd7198e506,be7c90de9017431aeb4ce1da04415e84aabb8602dd58811ab5dbbc1f0af73f25
sycaudit__schis02_5defb6ab8214d8,train,95,schis02,472837c7cb181cce50bb725cfaaba7285ec1674b1a085aa0ffd014a298484f68,15fb64673427539a3008e65047b8c9f32827bc8463cd48f2df99f8d6c2972546
sycaudit__schis02_5e27463f9e16d5,train,77,schis02,b4c58834cf9fd6f685cb3c28af55409833ee242f3fdf4e70c91b7b962ad205a1,4c00a5a6b36b15de2a5fdb194611573bc661cdd1e1a7261609a4e65cdd6a492a
sycaudit__schis02_5e98849405a213,train,79,schis02,f49e86f7146ef17426f49ac46e5474008fca9c74b4acbae342a43752baa2ba9e,2f96c485aada1b4e2b073b840c65c186d2aab85ec48e84496ccd4e12d02a5169
sycaudit__schis02_5ed59a15cbd950,train,5,schis02,859511de5c023e66f99c7ae1edb915cd7a48a6307e81648fd6f14723c9f6fdf9,607300cd4375db95e6a4287d339e22a277caf1e813606e95e9029f0c16490e31
sycaudit__schis02_5ed7706452532c,train,73,schis02,9015f3b63e41faecf983926504a937f56b4303dd9a895ff49c4d999f2ed09511,4254c9f31b90d7f1579b6aa8262e21aeb2907deb92ece7b6883bfc1640e1f901
sycaudit__schis02_5eeed42d7e3f05,test,2,schis02,8e4a9180a4f81edac9fbf8aeae76675b53464e220c497a8bb16cacd0cb3694aa,df10a6211a14de694da25ea7911b9ad4ee9b02d0505d189452d89cc270efacdd
sycaudit__schis02_5f12d2f39f74fc,train,85,schis02,4352774b694b0e4705c7b9dd7e546a554f2366d8221ba77e5055a7b411897acb,c7661d20b2293075838626dc58ce319033c1a2d0bd124686cefa0395adaae297
sycaudit__schis02_5f1a8ed05ac2c2,validation,4,schis02,e77663abade9364902cb951f074a55113c2237e5d9363cf7642537ba680ec973,28870ca4a7d8e6e407753f1842a6f77a0682730cc98dba614505b9078af45545
sycaudit__schis02_5f3754ebb3b3a2,train,84,schis02,acf05cb5e2c2a1fe04000d323da12ae89d67e12da624f2f934587428a00a2152,1b20c0bf040b41bbdb09e16595808171b3d41219510c6218bcfba4c8531c1445
sycaudit__schis02_5f59e53881488e,train,95,schis02,66431d79d321dce964dea3298da1af50005488ff72bc2f2c52c16c3f67c14b70,372fc92f572ec4bdb7b2a45ac53ab86b777e276677043282db224dc58a737c79
sycaudit__schis02_5fd90142786072,train,5,schis02,794b7f505926c309219abfcab396ccb5206b6ea18435289169fd3e43c29212fa,2d87083fef397a236479aefa7280d4c0c91310cd527a1c79869af52022814548
sycaudit__schis02_5fec3623369f2f,train,75,schis02,46bb80d54c7287958abac34c47cc9b397032f1c9412725f41443ccfcc8dca15e,b3a061af4be6af7b9094a21b9cdd75426f47f99814c1536f70f8b51a9bea6614
sycaudit__schis02_5fec4b9d0056d4,train,16,schis02,709e41fe15762dd6b72864c6e96785aa4e0840621677c77bcf04705f42a705cb,433c5ba34e8d8dd173a15e89b98634a3551abb28493b401c4c761307d722937b
sycaudit__schis02_600f6212ea9b6b,train,17,schis02,613eb13dfdceecdb4d856a3516dccffb52cc509a7bafaba9eaf98d14f24e04a5,e9cbad98133ad32afb42e7548a524747ac4c302febf5cc227e3c1ad94b65b44c
sycaudit__schis02_602636b0e17f61,train,77,schis02,5e4176f44a48155987f33cf0a0b8bba61edbaee4b5dcd8fe280db0bd8f187af4,c51bb176fdae2a84177708f829ae60a8b47507dbd4f534199c7c262507b160a2
sycaudit__schis02_603beda46ea672,train,12,schis02,cc6b35411bb42c4097c79c40f9d8baf7d2bdccc5ccfe0ea4b82b626dff2ba10c,8db2016965c777e6e447ec2e4588cfa8ea5deb29eeb36bc1dcdb3cd84c2245e8
sycaudit__schis02_603fda8e7d14d0,train,3,schis02,f5ced92cffcca5b99ed38e837af6508b039b4246c4804e21ee202653e64e0c06,d6691ec8f26405a6b6e3cc7d41fcc8ff5608137d8b516fc553fd65ce11628a3e
sycaudit__schis02_6056a8bcebf741,train,7,schis02,608aef7f9e627c87c54ccf002440aa2c6cff5b0a117219fcc3249c4479c555a8,f80abe23cbfe9ab150462c7f7f70fe0336c4d0f9445f3bf7debf3b1d2c1f852d
sycaudit__schis02_60757011e761d8,validation,4,schis02,e77663abade9364902cb951f074a55113c2237e5d9363cf7642537ba680ec973,f0c0dbc8d5af64b96e554943ef70da8b7688826e26f0b86818c1a6f5b25b229d
sycaudit__schis02_60caadb27a728d,train,1,schis02,832f888d597876e4cdef78cf660c6d9bd8f291339935f868e684fd23497cb815,c18255d2f245728837ba7d5f031cb0720a1df9a3bf227978f5527e5406399af9
sycaudit__schis02_60cb423501efe0,train,12,schis02,fae7dae5ac61f4d12138c26ccbdc6be912b0a88452e6a1796b136ba3830c1335,6aec11bb84762844622653406163e4ecb974f62a22492ea76affb40c46f86257
sycaudit__schis02_6164c0b40408d1,test,2,schis02,85abaef3d888015b411f1f317be5b7b43a97a09dca77e04e6fe7da0c22f5123a,11ee1ab75285988643e7bbab0c5737db6696cc7c921109063d7a0614a2046d09
sycaudit__schis02_61835bad1cce99,train,91,schis02,eb4ace7d02c5d396bebcf29c09f0ef09e25da123b27321090e09b3c545785676,fcda6d121c2289974dca46ac329cb93bc3b87fde845ea3ca38c0b496da971287
sycaudit__schis02_618b6326857341,train,12,schis02,1ee216826bfe29eb37b43c874d5ab690988cd6b77e35d33f9c9390aeb0bbe033,360b8b16b6c567c81e1183a53cfc328a93911930793a6a9cff0b887725a6341e
sycaudit__schis02_6190c29a5ed23d,train,79,schis02,6c65f98c4cd561fc6ac86db3ce96b7c1efa4d2a5f2cfa2f13ab0d57f050e4581,7cd5201f60f9e608933628ac9ca1f27776d766aab38e31641610102642a38247
sycaudit__schis02_6198f702ae3866,train,6,schis02,d656af39e3d99bf745c79af6d4c7ce1540c8e3ce12643c7668239ab028ecb3db,baed308815f639023805524066edb6778782cf3d36fc44ac7c1b3903f95f0140
sycaudit__schis02_6198fafadb15af,train,6,schis02,d614222d15cac8f9c556692c7dd626e45848f57674361a69a5e475c248f2d236,b9d39ebde16449e06fbb441ade411fa91f84f20ac1443afe116b3d460b8093cb
sycaudit__schis02_61b013b1b3991f,train,0,schis02,a1082d315424fb2d854231eacb3dfde789ea99fd747c82a9647bbea9c326249a,09520e804c78ae4fa7adc701a6a1dc1c53def8375dddf91f71c9866fa52cc5a5
sycaudit__schis02_6219f7997b91b2,train,88,schis02,0dd6557a07f192a9deb376e9270ca5a3a0f9b6d9250845b8c65fa1fd91d59e69,0319b95cf10e855d41afc52efcd4a0a9e54a61364018a4012f422e632c51fcc0
sycaudit__schis02_62b5db2b1ea087,train,77,schis02,0396d20c654ccf5638a52918a2a697199bb6555ec06c08ca0175dabc7fcd2143,4494cd3bf8691388cc90e57e79f2abde0309240f08cdcd5ed5fd1a84432a58e8
sycaudit__schis02_62bf64f13ad69f,train,3,schis02,03a1ec5d6583c5c0286038ed8ec3e45de19a065b717b5b916cfa398d0cda6c64,9d3b788dcd7fe655bb981285b0c0e3f89e0d5e5c1f8856d36a1004c93b45db91
sycaudit__schis02_62c92533331aa3,train,12,schis02,c505da3e2deceae01fcd903893a40f43c910cb07bc16bc27eb52f22bb9353198,8a8a6358b3878b678a7556ef23daf9fbcd4561ef49fec83c57901f4887c54156
sycaudit__schis02_6321d03084006f,train,12,schis02,4f6808bf9375946e4d6654b7d08d350c6babdfd05190f2d8a50c70617082b205,4908ad4395014277f2bf7f5bac9ddb5ecc4c7f98cc0dfe49a1dfa822200d68df
sycaudit__schis02_637b1208fd324f,train,17,schis02,8865b92440be3c28b557279a9f4ed182479a6db17771607e193243bcdb1ecdd5,5fe6a63cf226e58b6bb196eed5295053a555e89a524ddbad8bc20170173cb2f1
sycaudit__schis02_64839cf62dd8d7,train,76,schis02,643e4f124ba78a0e304347f97775c2df0253e6db89fa2806a4b950e573b52a68,a71f70e823efb6281a4ed287e153e79a2e7f9e01502e3e7a5b379024c11007ba
sycaudit__schis02_64bcb01fac479a,train,95,schis02,9103854cae6c241224e591e6aa5ce8d35ff4773617a3f120b4a951dcbc05cbd0,8e017adc06b2d4920039ad9bfbbb379a70044912ec1dcdd7c47ec8d9337a5169
sycaudit__schis02_64d99343da2439,train,7,schis02,608aef7f9e627c87c54ccf002440aa2c6cff5b0a117219fcc3249c4479c555a8,3b923c206f10cf6b2c3ce07bd097c3bcce6fcb5517f0b1040366e5784f69388a
sycaudit__schis02_6502aa1dc39a51,train,84,schis02,e0ab559b4ec07f89e763932a99eb62220e9e597d79da854837cf4d73a57808cd,0aa5f743e252c81733b6211c962480157262633097cf087f6bcc0f6eadb8e255
sycaudit__schis02_6567318af26dd0,train,11,schis02,95d78e1899ac4a56aa4f9f2a782107b91cdd11223afca1201f3107928df47b48,cf9258a3ea01ae89c7da89c82491271b103fd5894efdf525052a9627e1872ff9
sycaudit__schis02_65874e3d109c04,train,5,schis02,5468791d00c3e115273975209b283531308a32695f512e95b6d070bd7198e506,d1c964eb880cf6aefb520d35da036e31a53dcf5ddc82e94df9cb285722587d35
sycaudit__schis02_658e5d4f912cdc,train,85,schis02,2489a9c16913f6d737092aaa988a38e9e5774c3d356db92afe80af4acb7b0197,05058cfde495a8dd11924c7319a65ca81bd66a2c110289a138f43e0e71bed7b9
sycaudit__schis02_65a661906ed1bf,train,93,schis02,e0e07b0d3bc6a50f18b0fec2333c3b7b5ef871d8975ebb10065ef8a3d0906fdd,7e3988a5f3fad0c276c4996941beb1b163a92ba8d8c09fb7e2662f33690ac4ac
sycaudit__schis02_65c696244f57bf,train,19,schis02,7e81adf573be452f8ce6047547cb9b99dc3d8a0e02b7ba6f312df384e75deb9f,918d9dce08b737104f538ac5afba8127a455ff8f78d6b8b0ab32d63cceea2744
sycaudit__schis02_65da7645df5bef,train,72,schis02,c04e02470c1a5ebaaaa09cae11a1c48dfeb66effcafa3ab879a074b110fe34d8,c60f13bcf3560333d05154afca7dce3975ff0bf38ce2181e52c66a99a52230e1
sycaudit__schis02_66082fcdc54226,train,87,schis02,6434b59baae2215db4fb42fd9556fcc0bf69ea7135565038b7219da9c83e5648,47d0e9686f9692f746a5ed092b1ef21591da2e6de101755e6fe85fec7ae19b83
sycaudit__schis02_66a627e5b65882,train,90,schis02,4bf990a11cd24556adf4535d597f0ba9b898507fd250177d4d978d55e3658617,cd1708254483b2770abc9732607d8673d22062c4e13d34912267cdf7ffcb0eb8
sycaudit__schis02_66fe9378462027,train,12,schis02,4f6808bf9375946e4d6654b7d08d350c6babdfd05190f2d8a50c70617082b205,cf6e2af81e2ed6fb0f08e2b8c4c99c6c8e35f1a9cfdf726c8001ec8e552fb4eb
sycaudit__schis02_670a20993bc901,train,72,schis02,c04e02470c1a5ebaaaa09cae11a1c48dfeb66effcafa3ab879a074b110fe34d8,1f7d29989843a46426570a043e3db5283e83d48a227f5edaab78443f508cc8c1
sycaudit__schis02_674cf7800f7242,train,12,schis02,d8c6c7b6da5bc4755f457ed0dd32867795f5928babb4a12caa74704aed9b2289,25271bc75b4117871d4f00edbcd8acd4c22c2aaebd8ab8ee73257cd0d775a94c
sycaudit__schis02_676e939a66e75f,train,89,schis02,fc8e3c0277af41d624c0a9d5a78a108c918537db845eefc37606214153605ace,87e73ec0b831a1e7886bc28cb2fdad322e2d57f516f6d4483f87cc81b139fe01
sycaudit__schis02_67759890238098,train,94,schis02,87270def14f2d52a2708c2989ae8953633e26092b7bba15f2a1ec81891b0b363,879f33237dba020c1549228658292a9d0044dfe8909bbf0f73cbe66dd364e97b
sycaudit__schis02_67985d1c5c95f6,train,3,schis02,ddad7d6e0ed1c02d29d687b52322e38d5eed67cb68bd602249502a42c3310f9c,25e05162614b73a9482addc4f7d5e1a5c5b22ab0aa868f7d68e262259a559e74
sycaudit__schis02_6851cf1ddde76c,train,85,schis02,2489a9c16913f6d737092aaa988a38e9e5774c3d356db92afe80af4acb7b0197,706a7b693e3936c09edf469ed71e5149ebcf40b1995aa6e7a9ec72b94adeff33
sycaudit__schis02_685491cb2474b6,train,85,schis02,f82c062af205d4ca69adf9019b16b26add70ba1bf2a828f9d670306c9ca60fd7,a8c1a7a088956f7d8622bd7fc5bfa54409efb76ec0ea126e31ee4d395ef18f33
sycaudit__schis02_689fa0d5849380,train,76,schis02,6166ed55f15e59522f3f68c769b1f18b7cfdb554c39052de71a66ec047112a1d,1f82db098bcf6ef2472857caf2dc82520b20c87964e34819d673cf4cca185939
sycaudit__schis02_68e067bb8297bf,test,35,schis02,9ca6e9c6ac15834692f7f546c106e4d9a0d0a8aaa07fb56ff330921f185f1215,77ff17ea7b680a6aa0633cb533eb21d98933e1cade2e1866d074eb170ef29419
sycaudit__schis02_68f06729caf232,train,79,schis02,6c65f98c4cd561fc6ac86db3ce96b7c1efa4d2a5f2cfa2f13ab0d57f050e4581,63e8a93e0fb851c28b1d1fa57f7465e6c47cbc077ca71f5b383ae23c4672a482
sycaudit__schis02_68f29804e401d5,train,6,schis02,8845496467b09e4cc928582b30099979bbbd8e08d2c2778a018051a945e390c1,180775910a184fc5b40209437e438b85d0d70f0343a4218ba423e87a841ac80f
sycaudit__schis02_6969104de0eae0,train,88,schis02,3afb641033366dafaf82b8544d9e51ce4498404fc47c460741afa2b4a94ddbdf,aeb283a4d9ae61d949ce882bb8d263b759ef22a7e5c761ad56d6ded3b9621fb7
sycaudit__schis02_69cf3bc75a7334,train,73,schis02,aec395adc38500341a2224d2373a61b998f3f7e1d59a3981af210e9213d1b12e,965e7349ff792f6704f590708bf45ad0d21a1969f2a4e0ac084feb857d772cfa
sycaudit__schis02_6a04884a8d7d4d,train,95,schis02,66431d79d321dce964dea3298da1af50005488ff72bc2f2c52c16c3f67c14b70,06dbc1d9e433daf2e28bbd5eb3abdc35e5d2bf18380c06997eb5587dad385c0e
sycaudit__schis02_6a0c5d3c4122bc,train,3,schis02,93a9ef18154c8fd6d4a5dffcfacaee621e1317969ab2a954eff2c0f8c720b342,1b7e38c8f79ad79585da33b0ac3e381fac6fb636408f562007f8fc564948cdcb
sycaudit__schis02_6a4c267aea8e04,train,84,schis02,e0ab559b4ec07f89e763932a99eb62220e9e597d79da854837cf4d73a57808cd,16e85c02473788c2bbbf19d86142a6f309d0dc9c63134592e38eebfc96271a78
sycaudit__schis02_6a56840637b4b4,train,9,schis02,6d05a553cb48656639a93462d29085c0fdab731748f1a4dd0a0141a63682a785,84f277026d944bc210d1c0f8e7e64f2d323e66231fcdb0094f826e863826c4cd
sycaudit__schis02_6a5b55c99a99f2,train,17,schis02,22de86fb20130ec4149d2d953662e964c2da36f0f458ed79a56ba3309ea38309,97f9ce5412fcf8e0aacf9f95b317d240ffec2e13e55681078b4480e0c9d97519
sycaudit__schis02_6ab949a0afa702,train,12,schis02,1ee216826bfe29eb37b43c874d5ab690988cd6b77e35d33f9c9390aeb0bbe033,43423151a30c06f7f5cb6064dbc6dee13205e2dfe708322578e668313dda1828
sycaudit__schis02_6abcb3c2e96ff1,train,19,schis02,42b8a0faf81313e2c13b4a0ed5dffb5063eb2566fa3070a04cae729a48873671,04413bba6e23da11b51642f1c3cdccc7ef511bdaae491c0a8f10484668e07aa1
sycaudit__schis02_6ad68cc57fdd34,train,95,schis02,472837c7cb181cce50bb725cfaaba7285ec1674b1a085aa0ffd014a298484f68,634f1eb982ece2a09afd899eaf795c118b3c2fe95c2d1a0e1a3951ff478117c8
sycaudit__schis02_6b50c6d899caf7,train,77,schis02,5e4176f44a48155987f33cf0a0b8bba61edbaee4b5dcd8fe280db0bd8f187af4,4899a16fcfce6389abae57f419841b33443d4ed17ac18129fc3f372f3ccd75c2
sycaudit__schis02_6b7041831a335e,train,91,schis02,5a232ce05695806cd7f0df7984945a978a50fc97bec33f0b6200983ff6e927d2,70ee94a8aac86ce49e4b84462f83db7ba1697165a7737baa940a5f95ef200110
sycaudit__schis02_6b8431c482be1a,train,13,schis02,a1bc80584da57c6edea05bfdf0a785dac5c4c4ae9c0ab9aa6b5e0508ea7ff2f4,21772e1c0eb0b22544a8f2dd342d5d29bce356caa2b55bb7b43d1dcf29bbc320
sycaudit__schis02_6b8860e7b76fc8,train,18,schis02,4d5a21bee635d478d92982e42b51729fcbd08ad31c1a2485349245eb1014d00e,cd5a94c885ca0937accdca4280132bf1b841476cf12a8c20992bf94879077cc3
sycaudit__schis02_6b9cbec5f903fd,train,80,schis02,0f258ceb1c7f952a3dd6985ba866efc8d281a3e7cd7775a4502ca74bd2ebc117,85eaa69ad74cb196c7355d897441daaf824ab5c273c8d5371c292de6aff06a87
sycaudit__schis02_6c0f43eda12185,train,82,schis02,89824437a2f14b4a828f7aee816cb76deba207bf2287d64851ef1761a362fe56,c76e24d88028040891d31577e9b62b4bb0aa240aaa9854e4d65cd362bb3c7624
sycaudit__schis02_6c361ffbcd9887,train,91,schis02,5057bf11032df6d3c2698475a2dd6f12846e0ed01804868360c8e623f0493d24,239d96b9e29af6307425880edddb4b99adcfc7baefed5346fa200cfca435ee5f
sycaudit__schis02_6c5cd8a18843b3,train,16,schis02,3f2375a7b42e42b743d07cde24868b97a98a0ffc8bbb67dc3e492748b4008a8c,d98cf5d3c379bb92e2be62d1a9a9acd5b73725e67029006499652ee5f03729bf
sycaudit__schis02_6c892254b44dd4,train,15,schis02,fe7bb3762d7fdcc356153e094c33bd85af0f9583b30409fc2c175d7ac5357114,520cda204071d4db08bc34042ddfb99afdf39107f261b20578ff6db3bf939e6b
sycaudit__schis02_6d445e81a1c663,train,39,schis02,e05d32944b75c5f9c07d3db7e433759212d963af8bfb332aba5078e8da7dbc9d,07117ba06d64004a94b191277edb2217f8ab22917d6343a1cf3844256cf1617a
sycaudit__schis02_6de0dc9c697cd0,train,0,schis02,f45f48544a7c4c388247950d54e7a801cbf2fc88d399520b553d52a8e53c024a,08909b889d0547e725d4a52e674a77f596a1c3e6e5d61b83afe8c08f84e72865
sycaudit__schis02_6df8ac8873d4a1,train,92,schis02,371a8a03382db2f20638d3996996058bcab04e2093684e32fd2030fcc95b1aad,fd75b5ed8ad272042caf2868c18d549809a1338df1f86399d94bf55654a73aa2
sycaudit__schis02_6e00064934cf56,train,94,schis02,233e3c2c6b778a4db4e6369209bbcdbc09c1af2114b852708badcabfe3c49aa3,2723e746c80d0c341060145821861efb7e53c9d7e6227ad2c1f6ef07784011e6
sycaudit__schis02_6e489bf0cf5e3f,train,12,schis02,c505da3e2deceae01fcd903893a40f43c910cb07bc16bc27eb52f22bb9353198,ca256907fe628dcd45a216607357361acfbf13f19ae8461b1beaf26b4e0a75a2
sycaudit__schis02_6e576d36c4bf9e,train,94,schis02,d4e823080f1c929e264b7e44bb4709249c76bafa200ac70023d5de1f75985a9e,cdb9250a6e51732673a5072615a09893549028b793e295e93854856a25ef381b
sycaudit__schis02_6ea387a95dd6c5,train,6,schis02,8845496467b09e4cc928582b30099979bbbd8e08d2c2778a018051a945e390c1,ebc8194ec2ba043b690342b322b6ead14d964137992ded04b4ddee772310dc0b
sycaudit__schis02_6eaec864336e14,train,6,schis02,fa937722b59c19c3e6fe96e109764bb070540589b1fdbe76cba79c418f8736e6,8e9ea43f370cdec4210ae760aabb8c470f1d676de00669f86e796d9e84ddbd9d
sycaudit__schis02_6eb167294ee2a3,train,78,schis02,82b3b08a012b7003f331ebe70da42008f51637e17435ca17c5893d2a67c69f6a,67eba3f07cf6012feef6028a4e6c9e3c25d851acf2da076bdd24a6eefc960a98
sycaudit__schis02_6eca93073dbfa3,validation,4,schis02,0aca12218c7e9eb799d59e72b45653cd4947172c8b13e21e4697516248ffcef0,a14096167ddf13b15a0fcd34061ac93c3b70b484e58b90db7dd1c11b6c293d5c
sycaudit__schis02_6f2385ecc0c3fc,train,12,schis02,251dfa7a5cc7a309c858aab9f1e23bf47f10d141100b5cd1d01fc628de004856,8f278558aa42d1997400883debc378fbc6c98a0a5b33667079a7ea41b7f6f25c
sycaudit__schis02_6f4a5ab7756c77,train,0,schis02,d3926a8563a630c5623479a596fea30cf7a671f0d67a1e0871c16dfa3addae56,8771637b9558e06feaeae762aa949b6bab584303e83a85954f0910a3a9fc10d5
sycaudit__schis02_6f6a9fbdd53b21,train,95,schis02,66431d79d321dce964dea3298da1af50005488ff72bc2f2c52c16c3f67c14b70,32989a3f16993cdea1f3398ccca46ab99f72fade6d85c9a722bb94d969526f61
sycaudit__schis02_6f86e936b4a16f,train,11,schis02,95d78e1899ac4a56aa4f9f2a782107b91cdd11223afca1201f3107928df47b48,978c9952479c2bd02a1ae4b978b318b1de32a568afbac6547671183804270acf
sycaudit__schis02_6f892bec7af05d,train,95,schis02,472837c7cb181cce50bb725cfaaba7285ec1674b1a085aa0ffd014a298484f68,a7a0089ad6dc8682c37091bd09c8ad2ec46f71f7086543a55393e7e2abcba114
sycaudit__schis02_6f9a46fd3f1fac,train,90,schis02,18a0384ec40b579a3831c11069e821b83bdda638e4197df39d38637462cee308,e2ef04dc13494bcb4531c60c6f54e00ff94a2a4da9f133ef3af2908f99cf4e1f
sycaudit__schis02_702b5428c9007a,train,10,schis02,c3b3a18b6bd2d5e5bf7d544f3394c9f06186c67c2354109a3460731ed7072e4c,d51e14a17e50eba28129c5bb3baf2f0e62bd56523f36dac6bac579876b8e6a8a
sycaudit__schis02_702cce083b59cd,train,95,schis02,472837c7cb181cce50bb725cfaaba7285ec1674b1a085aa0ffd014a298484f68,1065565c608ae4c3daa6127bedbc2ee2e1d204a0d0b0ae7df5e8366b8eefd855
sycaudit__schis02_7083507ca8f8f1,train,95,schis02,66431d79d321dce964dea3298da1af50005488ff72bc2f2c52c16c3f67c14b70,fb44e5c62ba13ac1e8450736199b80f398bb2d187b06885a4a32ab7984e0985c
sycaudit__schis02_709ccee979ee42,train,76,schis02,643e4f124ba78a0e304347f97775c2df0253e6db89fa2806a4b950e573b52a68,b34390c29d143c11a4811d8426bf1cb9076543ee6531d823b1b8916b4d49e96d
sycaudit__schis02_70b290806178e9,train,91,schis02,5057bf11032df6d3c2698475a2dd6f12846e0ed01804868360c8e623f0493d24,5509a79abfa099714d0a5d50533f0635a045c25d677f6b137850d2e9491da674
sycaudit__schis02_70cf16330bd639,train,9,schis02,ab098e4a4278fc2e8f29d4597924b942052074f4d5a9a922e01931b72001309d,3013b11cc781b9902c22d594c8ecfddd77ab0e006e32c060e9124cc4188f9799
sycaudit__schis02_7163883b563244,train,76,schis02,7ba835213d9fcecc4e46d838f30378426e831bc48d02d202bf9e02ea3f1f0568,1d2c5a014644578beaadcf613753e3dd12930ac7748417e7fa0d49b90eeccf34
sycaudit__schis02_71ad64794a2ca8,train,84,schis02,6bc5cda8fea386d38db689ba3a813590bc5575c6667c4a920b4095a0ff195233,4e2393a2f39d806631e2d4a466a68672bfb5e7200db8fc6781c990e623c18b32
sycaudit__schis02_725d7f146ece18,train,87,schis02,6434b59baae2215db4fb42fd9556fcc0bf69ea7135565038b7219da9c83e5648,06dd90fd0d7cb3cb95073c8c38ca93125b5c01c5d15e6f4aac0dedd39d3680d8
sycaudit__schis02_7264a967da0773,train,83,schis02,cd0012cccd1c435dbf8658a578ec8e4b5615d075e70bd563a50b1b14a8aacb7c,ea7ef79e67e804f3b87fc96bf1835bafb101f847fa2f32e1ba384f097db96813
sycaudit__schis02_7273d8b87d95d6,train,92,schis02,1bf9b1c678748b618303196e6f4bc81dbecf6ad5e5558cabd4e4431f0707fa01,1b500829bc4a25ee5162fb5909c26428b6ef119a23eeb3027f1d9fe6cb940445
sycaudit__schis02_72867296501887,train,76,schis02,6166ed55f15e59522f3f68c769b1f18b7cfdb554c39052de71a66ec047112a1d,c05abeb3b1c4801eaf715e53aef9fd99da20e1656e8bfbfb4f203c7358cd8fb7
sycaudit__schis02_72da896b2fbaaf,train,14,schis02,f6b434788c3f8eca856085a8eec0cfab8e2472436ad656c3fde6d7847597e3ae,5a14fa3fecf43947980075a173935a0cbafe3e95899d28bca729c247df382e06
sycaudit__schis02_72ded8b2a55ab2,train,0,schis02,a90ae15019dcd2ce951af128198c7e900b15de04c9ca5df42427317b5f219864,71e4c2c0acc99713696387f7eb450fbd10d20c4c8ef53ab5ffc102dd6cec7c26
sycaudit__schis02_730ab28ca48c72,train,73,schis02,9015f3b63e41faecf983926504a937f56b4303dd9a895ff49c4d999f2ed09511,59854a5302513773decfc96a56623262b9350c45e0f293d8896a9f8bc65ea0b7
sycaudit__schis02_73597a32ac4615,test,2,schis02,9f8850e91b5d3a51ac1801f374346f9706ae5bbab9c73fa40d34a85307b7c14e,681272533eec22c2d2b7a6e7cd5ff2717160c8566a31a3353032711171cb52e4
sycaudit__schis02_73a6e44345fad8,train,85,schis02,4352774b694b0e4705c7b9dd7e546a554f2366d8221ba77e5055a7b411897acb,0cc5583df2202f8795422db0708a0cdc5aff0a58020d90e07d1cc7d58049f184
sycaudit__schis02_74138e0b934472,train,12,schis02,251dfa7a5cc7a309c858aab9f1e23bf47f10d141100b5cd1d01fc628de004856,7f6e48ebae5bd31550ea571090bb8476247f1416e613de6e1ed549038e1ac854
sycaudit__schis02_742619a4127610,train,76,schis02,643e4f124ba78a0e304347f97775c2df0253e6db89fa2806a4b950e573b52a68,eb951d0d4360322c360f52d88847574c668b64b5f6ec8f806b5e080ef2bebf10
sycaudit__schis02_743f838430490c,train,87,schis02,b3a12a8dd90625bf6dd923980efb197d0509c1f56e5570352d827a5eb1061296,f727df01d25a3eac57536a7cd05dcfd2b8c8e0fd1fc47f899ab864f9eb22cd61
sycaudit__schis02_746a1163b5da5c,train,77,schis02,5e4176f44a48155987f33cf0a0b8bba61edbaee4b5dcd8fe280db0bd8f187af4,92fcbead715fd95052abc10364aa53f063615b3f38de6bf6b70ad37108ae3249
sycaudit__schis02_746f4e293dd39e,train,77,schis02,0396d20c654ccf5638a52918a2a697199bb6555ec06c08ca0175dabc7fcd2143,9eafafdc1fceac5322b3e3182b40cf2928b56b8cc86735d6cc825a068f9075c6
sycaudit__schis02_74a577b7eadb6d,train,18,schis02,1ef8427d207a0a45ec8fe495bdfea1c850507769869b5120632c323efee3ad2b,77a26f78d27688c6cd58212a4cd2e48aef844506be7ee1777bbea8385bdc23e2
sycaudit__schis02_74a65d0fd51242,train,91,schis02,54ffaca510aae7317e920b686850606f5bfd6b552f817c5dc132c31ff125687b,08c339cac17dade09f804bcca32f2f109484c8d5b3f37376105ac84738e77059
sycaudit__schis02_74dfa7f64c58c1,train,1,schis02,832f888d597876e4cdef78cf660c6d9bd8f291339935f868e684fd23497cb815,8d7258ecc64865fab6007aa6bdd2a79e86366a6e7bec284fe58f237bf321a673
sycaudit__schis02_74e69983f9d76b,train,94,schis02,6836893714e5acbc4508acdc2ebcda00f32fd076bf74dd1e494ae38a4c64a705,60a346fc04ec6f3b8b42fa801410d234b2539f710cfab3e19a745b17b40c9a3a
sycaudit__schis02_74ec2d9cf8e54f,train,5,schis02,5468791d00c3e115273975209b283531308a32695f512e95b6d070bd7198e506,9e5e12e81061961c4cd2f60040a163b8e9378bef0f77636ed86aae9cd61249b5
sycaudit__schis02_75046bd6c1b08a,train,16,schis02,6164f1d78613c0fcf8a5824da5d955acc832b3a694da0a0a5b6eb87ad76448fe,7fed1670a70eee1601df517bf9199db801399f7bbe391fe4f8c233b0dd1c3d48
sycaudit__schis02_75168b22ca5d18,train,17,schis02,22de86fb20130ec4149d2d953662e964c2da36f0f458ed79a56ba3309ea38309,7f3c63e1df6afc8240fe437606bac0d9ba5c5a961cc9f3a2a890588b8c08896e
sycaudit__schis02_75355e40498e74,train,15,schis02,4d5e6fb8be8f40629ad913a07d71ade20c02ee68bba8e879cf22b7d8c6b263eb,b2cec7315bc2152d2f0b08733747e0239bd5ad3705ac678b4c0326a323227ae5
sycaudit__schis02_75894306b0bac5,train,94,schis02,6836893714e5acbc4508acdc2ebcda00f32fd076bf74dd1e494ae38a4c64a705,920a19e434810465783065e5e18ffa9045d40e9ee2f8ecdfc90fcdce3cd4b87f
sycaudit__schis02_759e70c3d0182d,train,80,schis02,3f84b32108ddf00e750472e81e60543665d228e2310ce847ed15d1bbda4cba05,8b0d36193eb6b14cc6ec4e61af205ac80ce7d428d4e9421ea803ebfbecb36825
sycaudit__schis02_75af944ad599d3,train,1,schis02,80ada055900de1c77e86a094f6a055414387017c6fc1c52202bfe3aec60dfe91,50523ce86d38bd00fa72b55c6c0d0e8c3b8143230fe1ae1bbb6ce981627fbc05
sycaudit__schis02_75c3edb4a4a52c,train,6,schis02,d614222d15cac8f9c556692c7dd626e45848f57674361a69a5e475c248f2d236,4d1e541384c7ca8806443baded61fdb88086938cf7299be4d3caf1e93cb2d254
sycaudit__schis02_75df9b74267eaa,test,2,schis02,bfc557c36cbdefe93e3f603477c1ff6c87348144a3103b1dfdecc2afdb261431,65fa7a7e8a90a6d426b59c48bacc8db4da244360a540cf83f5c50e0c11cd83b0
sycaudit__schis02_75f2690e3aa33a,train,3,schis02,c4ecf53d45a936376d77bedccb4709fcba5bd844b0b621773a73c0aca0bd00fb,898c2fcceabb5ff2710d44ffb1f2efdfb96adfa274e9a5c7aa54c02a3857bd5d
sycaudit__schis02_76098d2932a925,train,9,schis02,9a298dc7950086d585a7c63a30d59d3f7adf657f6d5e149a5ef618c2128f6313,45c212bb35b4c4c22022a3dcee158ef55744e0d9b35bc94b661381b34ea03feb
sycaudit__schis02_762526ce8a6c51,train,85,schis02,4d3858389f8fdb638f1c0e54fd6372bfa1698e313b007b43ca0d166680bcca48,56d0840b5915e5b118b0ba3986ecb957512fe2b4e28e24030413cbf8e6bb8a10
sycaudit__schis02_7654a0509fa189,train,75,schis02,c76409d138bbd67ca80f5bf1c6373d8b24309cd8217d9b92b157c4fe23235f7c,c520d5c9012fa40e4be63d84cbbca3eb4f210cfb35201359f71cadc5c441811b
sycaudit__schis02_76808d11f4672d,train,72,schis02,e5e514102c8466883d79fbaff41140e98b0389579b12c125c944f00039119416,26632170128abfd1c9a161134270abbcd3cae174c595fa577e714033ecdfd137
sycaudit__schis02_76881be4fdc42b,train,76,schis02,d502c6b69bec3e153d59163478f95f3066c820224798a497ef23600b524da3aa,6c0b5c6852a206347fa7c8c6ae827f7850f383ce576b14a8bff7ace065995470
sycaudit__schis02_77107501659690,train,89,schis02,c187feb9f6d3d9eea7d4b5d481bfa0dd643da7b17f14947705248cc3b5dae408,7a2db239299d4f2e2bbb662b335a7f7f743743980e0985d824310af82b31e882
sycaudit__schis02_7773a253630171,train,9,schis02,65f941631695b37455ca90a2624b924b97f0c39933873d7fd2b8c3965d09b383,14ce97f1a9071481feb9cb8f17ceb4e1926676567d81ab4cab280f044ff6cbff
sycaudit__schis02_7786512ee4de8d,train,5,schis02,d2795d6215298b8fecb77d0cdcaab8df2a3664c35718de21e0f9bcdfec4f6db3,8038417eeb8bab68fb556ab374ceaecde96456efd61fa24a00128e112b9daa54
sycaudit__schis02_77c852e89b8372,train,73,schis02,ac93b650221e435576c8e953bfa7c8f3a967ef55aa23d4d8b2de4449fbc57d07,0cc536eb3b32f5b65a60a6701c4ca0155e26f0470df68d69c613c31c177aa0d1
sycaudit__schis02_78030a1d191cf4,validation,4,schis02,5ba6a5628ece3d25212b8addedb619d5c8adb3b293f0c0f394196e3c82d743d3,aede7a0b92fc87cccbcdeb47bd294a411a83df4d7473e412a222f4d37e89fde0
sycaudit__schis02_78092e06ec7a83,train,88,schis02,0dd6557a07f192a9deb376e9270ca5a3a0f9b6d9250845b8c65fa1fd91d59e69,ae37448e9c5ea758053b859abb99b2a9f45f3b21889f2a6421e66f7c969eb8af
sycaudit__schis02_780b5151b0e18d,train,83,schis02,88e5417abcd32182e9d377dacd2e03c624384a9234179847b9fd79f42b52d1af,79d9b518b9b4b7b509bf61642dd5ed0058f39f3475f83fdf52c2cf4d15b38e30
sycaudit__schis02_781d4dd4a95be4,train,89,schis02,fc8e3c0277af41d624c0a9d5a78a108c918537db845eefc37606214153605ace,f8958c110c8834c9d26e749d31c028ec60830ea667e4673b370ea36ff461a801
sycaudit__schis02_78239768c2c115,test,35,schis02,1889d15b81d5fcc2d189cd39e4c258f5218270db6897cb2e88ab3355d76f4f15,4671363b2c13e0d4296b45a900614f471d4950c0ecf138dba9d9808f77117061
sycaudit__schis02_78487c8cf550d9,train,86,schis02,390109be818b323aa8d666b3d03d11181055574dfaec588a563991ca98dedb6f,97892a84251d7032dd2c1630c98e81341e325832832a65b43edf889f4a41fa8a
sycaudit__schis02_78b3bf49ebf96a,train,12,schis02,69acbddec210f87ae8c5934ebbcb25db4dc4e6cd30645ab94c7e2d90789597ca,97529b0a9fe132831c5b4e48ef1ec9eaa2d8e7d6090d9433901fa3359e71b006
sycaudit__schis02_78b5b0aba813ef,train,8,schis02,20385fd9ae2fe8e7ecf766fb17ba13d1a11ae7553dfbb432ab1b6bb6623b4ac8,28fec1db5e2c7cb11680d611b5991c4cf4f6074797e6b62abba4526852cd579a
sycaudit__schis02_78c59156b98c7e,train,8,schis02,ecbb5e67233e05ae809e5670b2ba505cf284ad6e7b6e81639ea43d3aee4637ba,fa0bed689cbeb669bd21a8e769535d2136728046f7b90b8392c44df8ff9fce07
sycaudit__schis02_793570ba57a423,train,12,schis02,4f6808bf9375946e4d6654b7d08d350c6babdfd05190f2d8a50c70617082b205,08d7e6d28189e444f0bb8cd69c47e05366a38df178534d51937c2b3a56d176c8
sycaudit__schis02_793a86a00b2bcd,validation,4,schis02,e77663abade9364902cb951f074a55113c2237e5d9363cf7642537ba680ec973,999940e6d44c1c0b8adf21dbafe8a39965de5d02e7491858ded5f04fac463451
sycaudit__schis02_794d3f511a6a66,test,35,schis02,9ca6e9c6ac15834692f7f546c106e4d9a0d0a8aaa07fb56ff330921f185f1215,acec60cb0cf2dbcbba9f710d64722c9aa74e746818127fbd133c0b0ee4a9d9f9
sycaudit__schis02_7a3e4ad2a4af91,train,18,schis02,342ab6d17acd3754de28346b8b25887ea8385c60daa578e16d2c378a71c1e02a,ffed21d142c215c71403c557c380515d9063d0022fa7d5b1c8cd2b99c2a71af0
sycaudit__schis02_7a94baccf52c31,train,78,schis02,82b3b08a012b7003f331ebe70da42008f51637e17435ca17c5893d2a67c69f6a,21fe16d3dfa6ddc7254eb7b1f8a0ede844f178b3d9235ee684ab5c65cdcce23b
sycaudit__schis02_7acef096652e50,train,74,schis02,61a8bcbeb7367d0547a3dce044c121c3b25d396b85823d57771f7d9567ca4f59,a3a5bf26c1f497791b342e8195c4a5ad4bfffa94dbf70ee64de437d06b039501
sycaudit__schis02_7ad8e92adb7d93,train,15,schis02,27b139618a828e080c1580ee10dc9503f4cc8ead742cca294c8318bc5f7f7aa5,5664e477f26ffc2cd06ef3bd6137818ee18592d9f9a8af77b6d96d43ec4fc02e
sycaudit__schis02_7b4893e4a40b64,train,72,schis02,cfee6bf1cebc5a52d677d324954b05e6b419d096d95696b9f81ca9bd88e6e5d1,37635aad993cffd83fe2f45a7e187bcdba48835ba59576ac404906685ffe8341
sycaudit__schis02_7b5d6cc0fd12ea,train,90,schis02,4bf990a11cd24556adf4535d597f0ba9b898507fd250177d4d978d55e3658617,50c83e070061f27da3702aa371ff6bc16eabb5ff86cf5c3683cc426c03f40c76
sycaudit__schis02_7b72bc3da3b650,train,6,schis02,17da74bb048d808805a16edd727a01345e250cc1c01b495a293f4a79b6c33862,4d081bf02c73f4c3fd9694425f5b4a268bed044a3629b6469e12ed7746e6af1a
sycaudit__schis02_7bf575448a9a90,test,35,schis02,113eaa3e886b2e361edab9e9442769361083fe43f6eb983894798c1e1b49a0c1,5e7826e448cfbcf3685145186f1286e9f740920b573864c749d357be0280ac28
sycaudit__schis02_7c760b733d4181,train,80,schis02,3f84b32108ddf00e750472e81e60543665d228e2310ce847ed15d1bbda4cba05,cda0fbdacf5d46c8d02d92836347f05434f5a69fe15f1f195ef8f6aa10199205
sycaudit__schis02_7cc7419cbd5dbd,train,95,schis02,9103854cae6c241224e591e6aa5ce8d35ff4773617a3f120b4a951dcbc05cbd0,cf27d1036723d8ee198c1a3e7621043b98033416ed8ef1ccef46ba5a1de8c232
sycaudit__schis02_7cd2fc0697d6ed,train,77,schis02,5e4176f44a48155987f33cf0a0b8bba61edbaee4b5dcd8fe280db0bd8f187af4,88fe802bcc3a24f8af9550fe8d84f8251ce675c25678f99ec80f69491b85212b
sycaudit__schis02_7d2375efe0fe07,validation,4,schis02,340a7e200470d611e2bddbc1fe05ef7e9e6294f5609db371a1afe46d9ff5a67e,5580c73253d56b9ed0076d0d0ed702c3f52d6280328ed917a61eb072ef4df7f7
sycaudit__schis02_7d28a3ccee7f58,train,13,schis02,28c9d56f6d1c63a67e56bfdd41145df5fe71519e6923c105a480fdf788329fe4,8d7ea96aa57e46aab7c3dfa79ebefec17c64e542b67dea240d37f9c1eb60baa8
sycaudit__schis02_7d3787eed2953e,train,13,schis02,28c9d56f6d1c63a67e56bfdd41145df5fe71519e6923c105a480fdf788329fe4,32f067f34d0d00a3e1ccbe0138bcad2f5acc29d171da31dc02e170a7226caac9
sycaudit__schis02_7d9c7d6fd012d3,train,89,schis02,fc8e3c0277af41d624c0a9d5a78a108c918537db845eefc37606214153605ace,a125768f57ad5c53e07dbd04ce97365b9ee36ae91a539e5cc60130434327ee25
sycaudit__schis02_7dd8951f2d3560,train,16,schis02,b13c41481392ecdbf1450804c674b6e14d41726daf06b3ea56c38c65a4fa65b3,c607a8ee102e37eef8ef434bbe17d367d4951b6cb6681c95e4b8f2287ef4d7c4
sycaudit__schis02_7e02f9af010faf,test,2,schis02,bfc557c36cbdefe93e3f603477c1ff6c87348144a3103b1dfdecc2afdb261431,680b908fdec6405018dbf6109d44e4718e6029358a631af8bfa6ef216489b6c0
sycaudit__schis02_7e3ac129eba267,train,6,schis02,8845496467b09e4cc928582b30099979bbbd8e08d2c2778a018051a945e390c1,b9d39ebde16449e06fbb441ade411fa91f84f20ac1443afe116b3d460b8093cb
sycaudit__schis02_7e3cecafcbc0ad,train,74,schis02,5673588cf43e906b77c13b78d2bc64adab4638a8f7c6ab39b2a7b60015111157,218aa4cd27a02c392b4007d0994046934d9ec817b0ba16419ef7e90644f8e2ef
sycaudit__schis02_7e4b10bebd6a57,train,93,schis02,bd44230c23e685d9827f183cbefa8aa4aa6ff75f68bf7480187977df957f89cb,b530c62cb0b944ce6047173ebc5894584676b1cfbfa577debf173f0636b4fc28
sycaudit__schis02_7e65427a792044,train,84,schis02,6bc5cda8fea386d38db689ba3a813590bc5575c6667c4a920b4095a0ff195233,923141d389481f6aec149064929838b8cead1eeb9fa9dd0438b23cce783e6d78
sycaudit__schis02_7e68ce04068afd,train,10,schis02,aa3ce0e982f9dce0508376e28766dbd20e847ef643ba9913d775fde21005f4c7,d620b7f63ab2c9228587b9b7974ce2b9fb0188b787d6aea910e03cfa1a9f6397
sycaudit__schis02_7e769db881c20a,train,76,schis02,8624452af860d629de8aa6fc4c746b8178775f0796d222a0acc276b59bc626fe,7beb52c799e810b8eae23a7237c16151ec038e7e2ec4f7f12527b90b7a45bde0
sycaudit__schis02_7e986b6628fd46,train,88,schis02,0dd6557a07f192a9deb376e9270ca5a3a0f9b6d9250845b8c65fa1fd91d59e69,125972343d8ffa195768267d95f7dafcf733dc0cfd00f684266d0b5f9aba521b
sycaudit__schis02_7eba6e9fe030e5,train,88,schis02,a88dde6796cfa9dad5ff111a7bdaaaee049d4ad85ec3815b210d5aef28f14a6c,43d87d9b1ee4f40169c3615e3c4363eb876e804eaeebdfc754bae37b5656dbd6
sycaudit__schis02_7ef4ecbdad60ae,train,1,schis02,832f888d597876e4cdef78cf660c6d9bd8f291339935f868e684fd23497cb815,b6ed4268253e06bc167698435de6886262390487ab4a317f711f36ddeaf20693
sycaudit__schis02_7f044079b07d96,train,76,schis02,dd9be73f1559c64585300da5b75d3452925cc0a0cb206c7deebde6f629e938a1,184fee3a4403faeb57a478259649e30c0d816f323609192d0e3816be01ce764a
sycaudit__schis02_7f1875ad9fbe0c,train,73,schis02,9015f3b63e41faecf983926504a937f56b4303dd9a895ff49c4d999f2ed09511,d6e650ba904333d5b8ec7c5e21d5e114bef734832073dc7e10e4dc812f60ddc8
sycaudit__schis02_7f26223dc41f16,test,35,schis02,9ca6e9c6ac15834692f7f546c106e4d9a0d0a8aaa07fb56ff330921f185f1215,3477acd9f06f743d3da1f885fae2e99d90f3a30f674b07f6ac10e1d97b3b2b4a
sycaudit__schis02_7f45e8c70e93c1,train,19,schis02,255ddca7b904e31ca334f67fb428d17c5f3db801f347c65cc489d138df826f30,f19e6c5a17fe5f5be198e3c1750a84aa1ad20c12f8f79a8b1af0c8f91ba7c5db
sycaudit__schis02_7f5299ee26fc99,train,93,schis02,56b36a8dc31a482b3f26ba752e899495129d774ecc642d9508f59532de940869,a982a821fce0b9888d1dd4342c939d806d4619368ef16bb9e26cf3648fa95804
sycaudit__schis02_7faf55a57d0c05,train,88,schis02,80f60656fc1f7fc21bd7bd25386978f624a66de795c89778a7d076549847fd8f,b8468db6e8dec77ebca86caec09412e4a5dd5c82c28e466d0f6346f642846b8f
sycaudit__schis02_7fbde6451f6e21,train,95,schis02,8ac60c62c743e6e7d0b1962dde42cd691f9ef98189e9f5820eb28798ee41620e,2b86e3ab106f69e02891a71f59557b4321044c2d9c8ba2c0ba1fe0899886ee7b
sycaudit__schis02_80182b0b32c9d8,train,89,schis02,c187feb9f6d3d9eea7d4b5d481bfa0dd643da7b17f14947705248cc3b5dae408,e9a72aa0800b54404448c50e7c15c2be49b9f854ac829be49844ac2038a28bc5
sycaudit__schis02_803cc259b60abf,train,89,schis02,fc8e3c0277af41d624c0a9d5a78a108c918537db845eefc37606214153605ace,874c0d44243c017c0855cb6c54146b708906230b0ec8662f9ae318bad3df197c
sycaudit__schis02_803fa3733b7fe9,train,89,schis02,c187feb9f6d3d9eea7d4b5d481bfa0dd643da7b17f14947705248cc3b5dae408,4ff833867db76ebdc57eee553b459c99444ebe5843b9fd6cf04e8f83b8326f46
sycaudit__schis02_807812fc4e1568,train,9,schis02,6d05a553cb48656639a93462d29085c0fdab731748f1a4dd0a0141a63682a785,26e5d07b0e02917362bfccfa617b1c090ff82931c4a269c14eb4153885258ac5
sycaudit__schis02_808abeda483191,train,93,schis02,da239b6345776e18f7190f65fa0faec06448743a37513157b48e3d4e8878f699,1ca488453bd5c0999ca4a773750ff69415035161142e7e16df4531a7860ec61b
sycaudit__schis02_80febc54c86e24,train,91,schis02,5a232ce05695806cd7f0df7984945a978a50fc97bec33f0b6200983ff6e927d2,32ef6fcb622703ad5e67acff4fb17de3e181884d43a36a5432e421e78b882196
sycaudit__schis02_8144ebab163d1a,train,86,schis02,b77720ec1efda729cfd52620ab5a755ec805bee400b47254472418263228526c,bfb2418da541851a6cfb66c3e009fd54d4a77b376e58801d86758f6c3a26e0df
sycaudit__schis02_8150d771e4315e,train,93,schis02,da239b6345776e18f7190f65fa0faec06448743a37513157b48e3d4e8878f699,0d4f31260ceae4c4da3cc8f321a2e3be2dbf4b4d4929b6f828bf3413d4c468c6
sycaudit__schis02_8190397b9b734a,train,16,schis02,52d8c1db44c46af01138446d9893e034e6e363e5e5a7713dd8f6965dc7b67c2d,743d75b07283892995f06ac4fae18581ebfb09f15e80b0fd5bf28bbeeeb74e0f
sycaudit__schis02_81a8ba99412363,train,74,schis02,d4e3a81d6bd4927f3b115a5c0a58b106d224d89cba105b08da6fc17399a6e04d,1a0b6e675038d0506a980e5563b71b76f43b7eb3870d81890eae5400018bd2e9
sycaudit__schis02_81b7fe14bf18c7,train,95,schis02,472837c7cb181cce50bb725cfaaba7285ec1674b1a085aa0ffd014a298484f68,1f373433f492e22d0f3bd5567210a4f33071f1689ed3f63a78a055e6adcf81a9
sycaudit__schis02_81ea58c4a819f1,train,12,schis02,cc6b35411bb42c4097c79c40f9d8baf7d2bdccc5ccfe0ea4b82b626dff2ba10c,9eb582eff90d6dead718c6e5257ae0f9b9a8c7a763f57ad92541c8718e0b219c
sycaudit__schis02_81ecd4881008bb,train,95,schis02,9103854cae6c241224e591e6aa5ce8d35ff4773617a3f120b4a951dcbc05cbd0,05cf573c36ca8f45feb73657b0747ee8f442985abb46be9cb745161409e0ad30
sycaudit__schis02_82628544d2a699,validation,4,schis02,5ba6a5628ece3d25212b8addedb619d5c8adb3b293f0c0f394196e3c82d743d3,0c74651d57bec82b197cf40fe444f0393ce09e177e79f861dc230473933d2ab3
sycaudit__schis02_828f775f0003a5,train,6,schis02,fa937722b59c19c3e6fe96e109764bb070540589b1fdbe76cba79c418f8736e6,2b23f01eee0c35169185647fceea4988151562bac9d03c9922a4091df83288e5
sycaudit__schis02_82a513407c5c26,train,87,schis02,6434b59baae2215db4fb42fd9556fcc0bf69ea7135565038b7219da9c83e5648,74e87a08f2d80394c2f0cb18f97acadda78550e71d7c495388bdfb4400285a42
sycaudit__schis02_82b374e107e634,train,79,schis02,17eb3f309a6dec74e37c3fe18f58f688b2458405016b6a6383539fba54c4112f,8bb4847e2935477abb4b1803d87b0f3f5365b50f67b5338b3097f971d0600ec3
sycaudit__schis02_82c6ea43886577,train,78,schis02,82b3b08a012b7003f331ebe70da42008f51637e17435ca17c5893d2a67c69f6a,89fe5c49d8d360cd5e32daa5a9f682ddeba946397639fef2f265193ad17b3609
sycaudit__schis02_82ffa677f9e592,train,81,schis02,3feb4081e64cc2ce4fe41e798e5157a907379e14d731c5852360d971943541f1,b89713255ff239e6bb0da2f87a4552d6be2b1e4bcc858d3e230a54e029d0a670
sycaudit__schis02_8347da11cd1428,train,76,schis02,d502c6b69bec3e153d59163478f95f3066c820224798a497ef23600b524da3aa,ca202b0f749611e00c7b1370dda0b5f53a596a13b149284174b4aa6bdcc8532c
sycaudit__schis02_83706d2fe13462,train,13,schis02,28c9d56f6d1c63a67e56bfdd41145df5fe71519e6923c105a480fdf788329fe4,b1d0bc4abdc44cf02f132837d8c5fa8aada83114d208c8f58fa88fc4dd0b95c0
sycaudit__schis02_8371b3cdf3827d,test,2,schis02,8e4a9180a4f81edac9fbf8aeae76675b53464e220c497a8bb16cacd0cb3694aa,e02109b3c9a40955235628b5f1d7cae868cd31eae3f31af45f97b9f9872b5353
sycaudit__schis02_8375e5beaae637,train,13,schis02,3f92eac01d45d0cabfa35616e0e46f413d2e01696f2efe947dd794e4709335c6,dc4939ae5cf6db3a0cd6e7a9f4e346e1e8982d01c3e6f7ec3feece72916894d6
sycaudit__schis02_8403b13224e916,train,12,schis02,c505da3e2deceae01fcd903893a40f43c910cb07bc16bc27eb52f22bb9353198,6e319b69c95c10a215f4b36ced22624b498cfaf988b86e58f8341e3fb07b6461
sycaudit__schis02_84087ab73c9f95,train,16,schis02,6164f1d78613c0fcf8a5824da5d955acc832b3a694da0a0a5b6eb87ad76448fe,0a7f869ca858392a47398583840e99822f3bc4954ae9d8686f48f88d80103dc9
sycaudit__schis02_8435129c9a5c37,train,39,schis02,e05d32944b75c5f9c07d3db7e433759212d963af8bfb332aba5078e8da7dbc9d,61681129f425b33e696df17b158e772c34d558c8fd3e3fe0af3ef00a17f2fc8d
sycaudit__schis02_843bba5a358487,train,12,schis02,4f6808bf9375946e4d6654b7d08d350c6babdfd05190f2d8a50c70617082b205,b77ce4708b7232b626d5be58c09bd7c836713aea30b1adc153c5b6c8d82fdd1e
sycaudit__schis02_84a9c631a00750,train,87,schis02,b3a12a8dd90625bf6dd923980efb197d0509c1f56e5570352d827a5eb1061296,f6fc874af349130504fb5f737dc186a8adb4b08408d409c3c897673eb5ad4ca0
sycaudit__schis02_84c24f4e2e4f2f,train,12,schis02,69acbddec210f87ae8c5934ebbcb25db4dc4e6cd30645ab94c7e2d90789597ca,681cc2f19084e90528e0e35a342f3bf4a0cab68281a9d6b86e8a4e16434b3a29
sycaudit__schis02_84dcb2736b30b1,train,1,schis02,832f888d597876e4cdef78cf660c6d9bd8f291339935f868e684fd23497cb815,399d47b95a52fc988308329e817cb9bd833d23af4800c0ee382a559f5b7b026e
sycaudit__schis02_84f3318aa4b632,train,12,schis02,fae7dae5ac61f4d12138c26ccbdc6be912b0a88452e6a1796b136ba3830c1335,c8cc57d3ab7bc3628bcaf8b27a0655bcfa72ec6aefdcd5500140832d331e91ca
sycaudit__schis02_85412cb5d7b666,train,9,schis02,9a298dc7950086d585a7c63a30d59d3f7adf657f6d5e149a5ef618c2128f6313,6bab2e47b61cbc60dd41b7e0cb73ab6461dc8019c75c0a56528846022a5b87db
sycaudit__schis02_854ae9e0175e79,train,87,schis02,6434b59baae2215db4fb42fd9556fcc0bf69ea7135565038b7219da9c83e5648,cd51ed170e5bd2b7dfa8b03d5a87769d0410fd91ef7b29ae709ede5eb434a916
sycaudit__schis02_855863e1dff1fa,train,95,schis02,66431d79d321dce964dea3298da1af50005488ff72bc2f2c52c16c3f67c14b70,bbfb3610c6a3631460b1b2e132130d82ab9fa945bb3f1c5ecdbe896842258e2f
sycaudit__schis02_8563920eaf00de,train,94,schis02,87270def14f2d52a2708c2989ae8953633e26092b7bba15f2a1ec81891b0b363,26b3d177332680030c864e9fa55f0b579a6f0d473957fd865bae8a7e8102661f
sycaudit__schis02_85a8c4e45cb7f1,train,82,schis02,deb5a33b5309bea5f32b441ff17d63e0fb5e926c2cbb8c281e84fe8a343e7b6f,98706f2c965d741e2837793005ce40ea500738cd740c360a86aa3f21015cbb55
sycaudit__schis02_85c1b28d672c88,train,83,schis02,88e5417abcd32182e9d377dacd2e03c624384a9234179847b9fd79f42b52d1af,f7e8dddc8fe725a3c6187cd02930366281b33ae8bc1085d06e1c50a29f8e571c
sycaudit__schis02_85e8b1411765c9,train,3,schis02,c4ecf53d45a936376d77bedccb4709fcba5bd844b0b621773a73c0aca0bd00fb,839df2a21959c4845b361fc999d48c0514932c279764293e97675e07b330bcad
sycaudit__schis02_8606a0fa7d69d1,train,86,schis02,630a2437e4ddee835c6f75d0be4b0c52f82025f3f36a438f75e9b2a0c9db0102,7b697ba12a7a9f71d0cef8eefc73ec04681986831f071dfd1e3105fb5133d469
sycaudit__schis02_8697b6efe5d607,train,73,schis02,ca82474fc66d6a706fcbc977197b5f2061b4f42640ae657b36ab5c3b4c6a0ce0,c5d293a1717e5fa28aefcc7d57bff7793b3c59ae9794a027e30619cab0dd7e50
sycaudit__schis02_86a1c58815e532,train,11,schis02,08ce0abcdfe06d71f5cbd622398112cd3fa8ac5c1a6b9361b478ddc756a7d5cf,e6f04ba14296ed6bda6f889f15095c59bb2811ef8afa55013a950c0a826b79ee
sycaudit__schis02_86ace4069d1f22,train,76,schis02,6be5e193b9071899c2df3f75fad71088341fc3fe3cebf93b6c871c41bee0f9f9,4719fb937742427db9ab02b1d38a5d69e23d17aa5cf4934defc73c1256712711
sycaudit__schis02_86bcdd7db9b8ea,train,83,schis02,88e5417abcd32182e9d377dacd2e03c624384a9234179847b9fd79f42b52d1af,cc329bd4f63f5c8e302c045d0857ef2257c38c3fe511236ce513f029fb72dc4e
sycaudit__schis02_86c03d344870c6,train,15,schis02,4d5e6fb8be8f40629ad913a07d71ade20c02ee68bba8e879cf22b7d8c6b263eb,c74801119360ba2a081b3972ac552f6ae6caa840cdc0c4754ce8568d043a513b
sycaudit__schis02_8797b9fb98c403,train,74,schis02,2dc608258d5963e356ecfc61157831ba46f457d9022eb3f1b78fae9e05c1e709,a54953f3a594e22b5dd03928f7d9ea173829d3c4a3fec73eb9689a71d5510a27
sycaudit__schis02_879e6b40410930,train,90,schis02,18a0384ec40b579a3831c11069e821b83bdda638e4197df39d38637462cee308,cf9c03d95a565a64f942210020537ad43d0f1b69e5a279085b20bbbb1e3c8109
sycaudit__schis02_87a9ffde2a3b6b,train,18,schis02,a8c5349ebde44dc707eee38011ec338e0af4114d8f94c8532f0edd4525d542cb,7add7573bf499f9a182d15fc5fd9f12d3c822a18ce2c5e008647a0d8bc14d6e0
sycaudit__schis02_8860c003814d22,train,39,schis02,e05d32944b75c5f9c07d3db7e433759212d963af8bfb332aba5078e8da7dbc9d,05398d27b02587ec9bdf8ee272d986e810cd39b444c63e558376c8f405d61065
sycaudit__schis02_888750d6d2d0fa,train,12,schis02,c505da3e2deceae01fcd903893a40f43c910cb07bc16bc27eb52f22bb9353198,20ce6278d62b1c70ccf94950634a54849c7151da5383ccfc0dcfc92604ddd027
sycaudit__schis02_88b867f6784db4,validation,4,schis02,e77663abade9364902cb951f074a55113c2237e5d9363cf7642537ba680ec973,0b06ac18d48a1e7a2e5d79e6871c5596077e9f9d688b0d8e298fc39bf4879e7c
sycaudit__schis02_88dbd1a2b366eb,train,74,schis02,4de54f0bd1ebcb2b7a95571dd22b5379779bf745898862c6a980f9345adeded5,d4e624d5d32fc630d82b67078fc6ad545796310e62662681ad538e1f200723ef
sycaudit__schis02_8923f0b557b1d7,train,14,schis02,ebcce80338f1a3fadf20c6263b97fbd4e5a05de1100e0b58de30721ae49c1760,00b02756d252950486ccdb21fd019d1b4f64d809d33f50755ee857286e9e7c9b
sycaudit__schis02_894c477052a151,test,2,schis02,9f8850e91b5d3a51ac1801f374346f9706ae5bbab9c73fa40d34a85307b7c14e,5b6c72b23cf807a4f8a3064b182205ed83e59f20796a197b058f70d1d42f3a4e
sycaudit__schis02_8a20e79cabb654,train,88,schis02,a88dde6796cfa9dad5ff111a7bdaaaee049d4ad85ec3815b210d5aef28f14a6c,cb327f9a49c1b5fcf33d5284d82f20aa1372eadbc95f0cbc0299508129b969f5
sycaudit__schis02_8a6a3569bf5bdd,train,91,schis02,5a232ce05695806cd7f0df7984945a978a50fc97bec33f0b6200983ff6e927d2,c6936d4109ff33ab6b4280b3b172189f4a24086ed6a9034fdbabc9056e899e70
sycaudit__schis02_8a847b3de5b95c,train,81,schis02,f66bddab9b339601dfb073b940f661f11e9b37e8a7b68b4af638f58527460dcb,73cff28686f8f5863bfbd692cebe552a55eef24b64e0a00bea3d81e8bb81b4ce
sycaudit__schis02_8a8546659c43c4,train,72,schis02,d1891781bd7b951a40a7e972e6d88a7c8d602944e9d35846b5b4d0239f4e2e69,953822d01f17b7e70a955e649f1c6fb0d606f66d876f9e002b138f77f4f5f099
sycaudit__schis02_8a92533a6f29da,train,39,schis02,97725aa291d6b532253f1dda15ef01eeaaa80ee5fc536d4a03f06eade8afd663,3026dc69a8f646a4c758c8e8d18e75156c00e56903f843c224b8e08ae160d200
sycaudit__schis02_8aa844d5105eb8,train,74,schis02,4de54f0bd1ebcb2b7a95571dd22b5379779bf745898862c6a980f9345adeded5,eef7f261025ff29521e7865703b651b8c27547b5758014efc08095503c05c16e
sycaudit__schis02_8ab3565d68fa60,validation,4,schis02,5ba6a5628ece3d25212b8addedb619d5c8adb3b293f0c0f394196e3c82d743d3,14dc5cefabf03ef4da1b5a3e6f002de06a2bd980c8adc5e7f9dd34b0a4db0770
sycaudit__schis02_8ab9d22f0629e6,train,81,schis02,39c9e848ae6d341e62625bc06d1eb470c061621c9a96b5ff5335292735f1e3c3,3c7a76e31ffd250e8aad1752b344db7c2ae852ac99dba5e024df6bbfbf29291a
sycaudit__schis02_8ae973a9c06b7f,validation,4,schis02,0aca12218c7e9eb799d59e72b45653cd4947172c8b13e21e4697516248ffcef0,012419da16f3fefeac2746edcf2066222a01644d9927e21fde921514a0879c99
sycaudit__schis02_8af2dd45ad5103,train,90,schis02,6aa00bbb4e2e5873d394987f1c4f1ffb35ba4f75787221d54fc23910d2a69b42,2129eefbb5e5e0b33ee3362c8d5cbaa339f30fa5540f97f49487fe937a2d6f5e
sycaudit__schis02_8b06cee27e73b1,train,9,schis02,850f7244ff4332a70d406c0f3699469ed580b3737cc26e2b02a8ef2f341414e8,2581ca0e169f145104b2fb34cdea6d6c96ab0acfc1208e22c55bde59034d80b8
sycaudit__schis02_8b0d7c9797bb0a,test,35,schis02,113eaa3e886b2e361edab9e9442769361083fe43f6eb983894798c1e1b49a0c1,ae584f4009a42355c4d1ac060fd7571507221a71f32487df890c5ce9fa5b0240
sycaudit__schis02_8b1304e03c6286,train,94,schis02,87270def14f2d52a2708c2989ae8953633e26092b7bba15f2a1ec81891b0b363,b81b0c39efa67235090dd3c382d2d12a167082b5c1c24c0819f6ef3f1fc613bd
sycaudit__schis02_8b584ffe06b97a,validation,4,schis02,e77663abade9364902cb951f074a55113c2237e5d9363cf7642537ba680ec973,c21d1fdc5fe56311ed1a7763a705fe66d38b988fe802fcff124e4df7a66a3c2c
sycaudit__schis02_8b8567cd9de39a,train,75,schis02,24c4857c06f809b02a1bb9c8652f0b5629b7f999489b5c4d57ea06e00a2a1428,05935495aa410a747fade13469ea3c40e698091d2d5d28cc1606c7de1ce655d5
sycaudit__schis02_8b8c50ebc9f087,train,1,schis02,008caa307bf7bc3fb96f9cedb3c4e6b0b66000c7ead30868f502c27b868009fa,f56bc9a34b2cb2aadb0acfc51ad2393242cb2f16202a16bfda49dd5577557426
sycaudit__schis02_8c0f477a43ae5a,train,76,schis02,7ba835213d9fcecc4e46d838f30378426e831bc48d02d202bf9e02ea3f1f0568,0412e9168ba577f826a5d508726d35b5aa0909c3b3189f571c783550de1942fe
sycaudit__schis02_8c1c2cd859a91b,train,12,schis02,c33dd86d07985a300223f6cc5f15b076de9bb425522ce303dcc0e1b0d27163a2,fffdd88132816f35bd3371914c513e2f34cc11dd0c95b8f6ad091bc8981b01bc
sycaudit__schis02_8c55b1df3b0074,train,17,schis02,27567f3739d8e37aaab90bd759332e7218b8bad0dccda6f147532522a7404c02,67b5ef98130860eea0666a3397a47d9e5255b3761945d3d210d066508e5c1495
sycaudit__schis02_8c62690b41cba1,train,0,schis02,f45f48544a7c4c388247950d54e7a801cbf2fc88d399520b553d52a8e53c024a,3f17a400b36e4a469831688cc6fc2a2a2363be2a79a9598d1e30ebab5aaf9fd5
sycaudit__schis02_8c91ace8ea65c3,train,79,schis02,6c65f98c4cd561fc6ac86db3ce96b7c1efa4d2a5f2cfa2f13ab0d57f050e4581,65c4d17f163258bbc63e8c66a35e541896474f27ab749213a804716e8c8939dc
sycaudit__schis02_8cef774b2961ff,train,79,schis02,6c65f98c4cd561fc6ac86db3ce96b7c1efa4d2a5f2cfa2f13ab0d57f050e4581,1cddada52a2883a1cdeac12bea190c0e8fc50860f47078cc8ee3b642a1069169
sycaudit__schis02_8d810d4cb41f44,train,78,schis02,2a0efb01a1fc14cbf6608deb72ec5e53fd33611688cb0a1dde24d906763a5faa,d54cbf458fea53923044c09392cdacb83daf82f2cbb1a64b6d9e7128fd7dee02
sycaudit__schis02_8d844c91e9f0a8,train,3,schis02,c4ecf53d45a936376d77bedccb4709fcba5bd844b0b621773a73c0aca0bd00fb,cbd5cd6e2bd82039774c045f402c75d91ce2edd42dffc6160fff610956c33f05
sycaudit__schis02_8d9fab8ce59c6c,train,16,schis02,52d8c1db44c46af01138446d9893e034e6e363e5e5a7713dd8f6965dc7b67c2d,df5eaad47e69c185ab9cd0c176d8f55c87e0b1ea898c4bbbb86db4fcbc88b213
sycaudit__schis02_8dbe5bf1f5e4a2,train,0,schis02,f45f48544a7c4c388247950d54e7a801cbf2fc88d399520b553d52a8e53c024a,d7a0c2e8b1c02e35d1e967b66faa401ef16acfe4e9bf5c499aa53fd075d1cff3
sycaudit__schis02_8dfca3a9c6980b,train,92,schis02,14c349cf13eeb5a220e77c260d1f8f99953c465d0ccad77f980c02da3c98e33f,5e46121b42b50a3b8c46fac8bed2728f496acf7ad4694cdeb01f886e8de9aab4
sycaudit__schis02_8e111230933751,train,92,schis02,1bf9b1c678748b618303196e6f4bc81dbecf6ad5e5558cabd4e4431f0707fa01,c03b22cf844d971c7f2e6054ac504f66f39b99e805fb015d5baaa964f8b082cb
sycaudit__schis02_8e3a82ddadd570,train,11,schis02,08ce0abcdfe06d71f5cbd622398112cd3fa8ac5c1a6b9361b478ddc756a7d5cf,0806fb535df8c8b0a1d1df5d572271ab57c9b130ae233de7f60928425c1abd25
sycaudit__schis02_8e5d1b8eb07372,train,76,schis02,6be5e193b9071899c2df3f75fad71088341fc3fe3cebf93b6c871c41bee0f9f9,f8670a40cfe449fdb92bcf03c47ac49b131c24e8d1b246bd22eaa5eac0f14de2
sycaudit__schis02_8e67bb013bef78,train,17,schis02,cc40c7b3b421b9d9a3248e08127aa3f1786986e0bfb3678c16f72a2a879bd0a3,625f8288728f0a98b08e87596747013c3e9515ecdf6dfefe1366a23979971160
sycaudit__schis02_8e76d3fe441d95,train,8,schis02,20385fd9ae2fe8e7ecf766fb17ba13d1a11ae7553dfbb432ab1b6bb6623b4ac8,302cdcbe43814cb02cb76e63e4bf5f1b93a2f1e41e1ffbce4bb6759538bca4d8
sycaudit__schis02_8e973b6879ad71,train,80,schis02,134e28718db031ac8d9a5fd010f402fcab1301d3aa6d86c1ee3731c366e2ae8f,4fda8a960623ee5a41189d654da5c1e9805532d6d35d12f4616f57bd7e4c2fa1
sycaudit__schis02_8e9f9df4d30be3,test,35,schis02,caa2a77bfb1879ce581cec90b2fcd4c700c06a04391ec8d5d6961133b48e7515,dd08df843f6b3ce29a2eccb4ed192b62b2ba61e9cf014041ed935665d1a5dfbb
sycaudit__schis02_8eb0cab5b1ad58,train,12,schis02,cc6b35411bb42c4097c79c40f9d8baf7d2bdccc5ccfe0ea4b82b626dff2ba10c,da5a381063236bba0e33a12586ee9be101fbf791127fbcb94acf7dfdbe16f67d
sycaudit__schis02_8eb1cd000993c7,train,17,schis02,613eb13dfdceecdb4d856a3516dccffb52cc509a7bafaba9eaf98d14f24e04a5,8e204bd4429736a9b9766efc0d8a09a3c9dc3ccf68370e0fd717080eba3e3cc5
sycaudit__schis02_8eb21ec9d97119,train,11,schis02,abb7ad2812e9bff6d3a6540fd1c6476301cfcdc14c4b338f859bdd1fd9de9edf,38dc9c749e44e187d3510b25139c33c8c582dfb6f06df0da2a88d387aaa6e15e
sycaudit__schis02_8edd236e807759,train,87,schis02,64c68c62398738d9c6933fd442a6541bb2ad19dbf6001c27e979e382fdf6ecde,edbbfcecf9bc76a2d212957b82c091084e566ba5cb8cec8e5d9c0752971b5ed3
sycaudit__schis02_8eefbd1c0380ec,train,11,schis02,0884b17c9be312d9dbd94cf0ef9aeb53df9d01774dae42c9f92be445752025ac,ae73bcecca2a26d9d1ba075be704e4b209afa9c66e938c1316340874d3c99946
sycaudit__schis02_8f24aa000e6f0b,train,7,schis02,7a2b6950de686eae79572a1fbba1e8c000008f575a85a1a59758788f91b5e195,0605c12051cf7f7d180350e9efcd81cc46ec67a068dbab6974a00541332998a6
sycaudit__schis02_8f3abfaac4f1f8,train,16,schis02,6164f1d78613c0fcf8a5824da5d955acc832b3a694da0a0a5b6eb87ad76448fe,30544a91bbb5e81885069e8cc14669f66c80e7f88a723708303978d017e021ce
sycaudit__schis02_8f4ec6fd46e5ea,train,90,schis02,ba640b7d55294fbf45b9f7374247728f482aaf9b4c0e24a09f85421842b1414e,fb0116a3803ebe5cb8341876525697dc08a97383f5d3ea907be2ae5de5c7c995
sycaudit__schis02_8f815cf973bc5d,train,16,schis02,52d8c1db44c46af01138446d9893e034e6e363e5e5a7713dd8f6965dc7b67c2d,85ac83d37b211dcb4d194fd241d9bab344348aeb387e8bd59d7e673b001448a3
sycaudit__schis02_8fbd5abaf74021,train,89,schis02,75ac3a28ce02d8e4110fa3e55f137a146fcbec337e40784502ad3aad8a27cdb7,269a01bd312e3a6309907a788f752b9ea471f91ef76727cb66d713108e3b9228
sycaudit__schis02_8fcb5fb8868863,train,78,schis02,2b0e0eefbd426268e140e2853eaa7ccaf5adaaf80f026cc5f280d2ac527cbc83,32602676b2f0326b2adfbc659ae1c78b4d3311b35bdc248a1c42862daba0c4b5
sycaudit__schis02_8ff79f52051a9f,train,82,schis02,9c28e63526ae3208bbf5d8dcfdc4fecccde97ccad1b07a7719f56fc5074f2868,0c831fc85787ea36edee96f4f610952093fafd2f89d0a22893b6833ea266eb93
sycaudit__schis02_904faa73cfef5c,train,88,schis02,a88dde6796cfa9dad5ff111a7bdaaaee049d4ad85ec3815b210d5aef28f14a6c,785dfe3372533f7ba7ca10f2f4b56794bac9df867ea667d1c18a8be08915ea93
sycaudit__schis02_905a35a3cd4ac9,train,12,schis02,69acbddec210f87ae8c5934ebbcb25db4dc4e6cd30645ab94c7e2d90789597ca,23ac256d8125f0f181cb29211d94e7486c1175ffde95fcae7e0f5609805e7dc3
sycaudit__schis02_907ed242ee9e7a,train,82,schis02,deb5a33b5309bea5f32b441ff17d63e0fb5e926c2cbb8c281e84fe8a343e7b6f,827776d467f1a81c7ef1e82f82863501cc3ead979834d03a54f9b57cc36838c8
sycaudit__schis02_907f4ffa05da42,train,91,schis02,eb4ace7d02c5d396bebcf29c09f0ef09e25da123b27321090e09b3c545785676,9576105afdc846fbaea5498d4d85466ad8deb6066ad91a8e86eda045d10e224d
sycaudit__schis02_90b04e37d053f1,train,1,schis02,008caa307bf7bc3fb96f9cedb3c4e6b0b66000c7ead30868f502c27b868009fa,1fb60be3c6212b9faba2e4c43121cc140ed378c9b6069e315c7c5cc204d1f813
sycaudit__schis02_90dc63b90def89,train,77,schis02,45c9f1812e0e4042d7775d0736dd13af029c8f1785b802bfa256295280828a3f,c39baaa399a564012d6df8121141edb1bfbf6192edf55d70b2aadf10830d78fb
sycaudit__schis02_90f8b085e77c63,train,0,schis02,cec138a177b12701d6c1f0585fc7482c544fa8ac98c58265e51642b156819322,8b28fc8bc33ecfa800a52f3646dc322e83c24a79773a2b80b7f8412c9d6350d5
sycaudit__schis02_91520b34e9efa3,train,8,schis02,e6e6f8240f502ec292179af4bad752e04cd0bd001fb2c78f46ff4291d5a70fed,93abeaee4a2e440ab284517f12d9e73b031c1eaa61fc49a269ffb12efcda7dea
sycaudit__schis02_91628ce58e45f2,train,78,schis02,edaecf58d5b866d3ec9d0e40f11c1f19b6303ce24282ae150600892295ba7c6b,2d6c71955b89593f18b7fc0c09801af3a1f5e32dc5e80b4a41cda5e9d4ff5ac3
sycaudit__schis02_9178950bb3ac61,train,81,schis02,5effd19cdf9cf41152696b46cb2a9afafbd43b46c0f28788979063989a3b0955,150eed255d63111e51febcf152551396c3cc6d6f4c936d9d2b468ce1102d8a28
sycaudit__schis02_91c69ba6085cf8,train,14,schis02,69bcc942c542c081ef8fa9565761f69d1aa521d0ae45b1de94f5478348fc61be,cb578da5fa74785d316c7644b9c67e146f0e6e3a8e01cc45afb9847e5cf9143c
sycaudit__schis02_91f57b2af24333,train,93,schis02,3d5823785aac918e766520f069d07532a059de730318807eb77f62c1e5e81a21,c18c0eb7f711eb85de433d41a9dbefc6a4f47497e7925564c5ec377a92c946b2
sycaudit__schis02_920a626f03d1ef,train,83,schis02,2ee80b9b84b03f002cb08c2fddc46407fd01f27f8de3f0bd0653724fe3326a15,d2cabde6a7c85844187da8f9cd946e09dc63512cc7a34e5273a12991a3aecfc0
sycaudit__schis02_92609f6f1299d0,train,79,schis02,927f128686ca0c96a5e4d0c5678dc9167f8be8660f6e2b6916e6f1cce15c3273,28eed7299697cf9614ab4fea88610c5477f622d5bd8b7d2f8a2d431c95af2868
sycaudit__schis02_928c59cdd75e30,train,5,schis02,5468791d00c3e115273975209b283531308a32695f512e95b6d070bd7198e506,b2bace815a6749644037ed19c38fef188e269887e51de0f47cca1049a44b8e65
sycaudit__schis02_92bbbb6b9898fa,train,90,schis02,9f428852d24466aeea4132283b3b6831dd8045a23a71fa8e298b5becfc23c205,075cd2e5819e446dc132af32c4087e67e885428f704aeafbbe604ada4c40b5dd
sycaudit__schis02_92ce4e4bacfc74,train,76,schis02,83a45591113f42b33d23810406c1ea32fcdc39140d578405bbca5e50c377eaaa,535a0be4027dc61ca17f1275c1a523f256894b531c953188a4dad1990144b584
sycaudit__schis02_92db058de0a3fe,train,75,schis02,24c4857c06f809b02a1bb9c8652f0b5629b7f999489b5c4d57ea06e00a2a1428,89c3c9142f5c1c3158851f7545234fdf660987930f3547d2ab8567f29fcc8994
sycaudit__schis02_92f987c2c62822,train,15,schis02,4d5e6fb8be8f40629ad913a07d71ade20c02ee68bba8e879cf22b7d8c6b263eb,bd7d3fb2e666d04e7cab609b527f7b71ca2910858ac2ebe3f6e882d8bc24b2b4
sycaudit__schis02_932a092c51d369,train,76,schis02,7ba835213d9fcecc4e46d838f30378426e831bc48d02d202bf9e02ea3f1f0568,a153bff18f62d6688f17504dd70c98d775bb2724b79e9471929cdb22e6100440
sycaudit__schis02_932c333e6bc133,train,73,schis02,ac93b650221e435576c8e953bfa7c8f3a967ef55aa23d4d8b2de4449fbc57d07,b400b447bff2f87e5a60dd0b8c3e65d94dbcf640e5f18d68049a8e9f9b536103
sycaudit__schis02_9346a8afc6d249,train,84,schis02,0ba5e27a32fbeddad56fc54d7370444bf1bb0b32de90f13f7c7b4f74c0dee661,2f336e37bbae1c7e6d4dea7ea9f22859065bb7ffaac5b6df11becb78d690116a
sycaudit__schis02_935306f3afc1ff,train,91,schis02,54ffaca510aae7317e920b686850606f5bfd6b552f817c5dc132c31ff125687b,15751788573ae0f813d6cfbd6ba5bdda92126886ac5289f7c1af8f115f58eeb0
sycaudit__schis02_9355a75156b32f,train,15,schis02,a540e70abe5ffb3c24525dd535dd8d8858404585e8ac9c4e8e0fc4c5344f746f,064b93e227462a2e925aec9c0eba85269c2401b7778ab4f88cd984784fe95963
sycaudit__schis02_93dc4b7d0d1e4f,train,79,schis02,17eb3f309a6dec74e37c3fe18f58f688b2458405016b6a6383539fba54c4112f,6242e1d88ed7d5183d2e286f903c9e917fb19030f93aa46392485e657225de34
sycaudit__schis02_93e38db12882a0,train,92,schis02,14c349cf13eeb5a220e77c260d1f8f99953c465d0ccad77f980c02da3c98e33f,26fd91bf0c65d82576bb4596e10bfee38d7882a599c7f51b077f5d2d4aaf1a41
sycaudit__schis02_940f19afb42009,train,78,schis02,6888c070dbbb4cd5581c281c3e1ad73739011b889fbc2061ac6b446233bb53ee,5f8cc7d355c502b67a08cf35cc6fdd3f7464a85e3638f1f8e3d4aa57ba8ce9bd
sycaudit__schis02_9420eff350988b,train,74,schis02,d4e3a81d6bd4927f3b115a5c0a58b106d224d89cba105b08da6fc17399a6e04d,d877c1c48f9bf1948d6f4f0ebe7e5ca95536fa2f608d9fc48d40c30b2662b4ac
sycaudit__schis02_944090ce4f74fe,train,92,schis02,371a8a03382db2f20638d3996996058bcab04e2093684e32fd2030fcc95b1aad,109b06a4f33d9d82dff5d3523e4365184c20810858e722739ca9fe13c682f108
sycaudit__schis02_9444ae9779a627,test,2,schis02,9f8850e91b5d3a51ac1801f374346f9706ae5bbab9c73fa40d34a85307b7c14e,8f6a3b4b0cae9ce9e898ae036c6638a9ff799c7eb9a7886aec008842e004deff
sycaudit__schis02_9450b6c306ff8d,train,79,schis02,927f128686ca0c96a5e4d0c5678dc9167f8be8660f6e2b6916e6f1cce15c3273,1e921114601f3599b943efce2932fd85272a5c335d456e2d60856a956a5485f7
sycaudit__schis02_948fd6b25ac833,train,72,schis02,c04e02470c1a5ebaaaa09cae11a1c48dfeb66effcafa3ab879a074b110fe34d8,e73d174e8108b12e3f1eb56cb59a6ab4c94a83f32c8c38db6b9a22e88210220d
sycaudit__schis02_94b33f5ec2f565,train,88,schis02,80f60656fc1f7fc21bd7bd25386978f624a66de795c89778a7d076549847fd8f,375fdbce6da478ae58b44725aa28967c807b6130b0c2bac330ea8a570b9f5cc6
sycaudit__schis02_9559148ce2c150,train,95,schis02,7e0a0c5f40d3266865b2ae1eac69fbff7dd16773efe2555cf01680c2cf1b9f9f,1daeba58174358c7ff939148afe1977ff7841d0a4b4f65d40e847ab589516947
sycaudit__schis02_95592afe21b08b,train,15,schis02,a540e70abe5ffb3c24525dd535dd8d8858404585e8ac9c4e8e0fc4c5344f746f,a8a277c7da64388e15a93f8fd8b7a8ebc7c483a507aed0bbd73faf7c975feb9e
sycaudit__schis02_956d98fd647e3e,train,83,schis02,2951462437846b8c59d465c7bdb045be07c64ab4fca9392f33ff23ce50c5fd2b,066c23701f64dd49de44c555daff4a83e28cdf851a0ece4db4f4b65506723f68
sycaudit__schis02_95a375745cf8b9,train,17,schis02,cc40c7b3b421b9d9a3248e08127aa3f1786986e0bfb3678c16f72a2a879bd0a3,275ba2713bb2560b4866ea9324e6f0be2ea6b01f0ac8fa7ceaab34c1e078e477
sycaudit__schis02_95b83e595b0a92,train,87,schis02,6434b59baae2215db4fb42fd9556fcc0bf69ea7135565038b7219da9c83e5648,6c9ad702264d5c3584f9058602e41d95fccf703b6c6fd83fc3bd1eed4c0af357
sycaudit__schis02_95cc5b39ebcdd8,train,1,schis02,832f888d597876e4cdef78cf660c6d9bd8f291339935f868e684fd23497cb815,1ea49986059a20222c0d75c789d530bf4c824461995dae5acb2ab5a99a08519f
sycaudit__schis02_95d1783e095092,train,78,schis02,82b3b08a012b7003f331ebe70da42008f51637e17435ca17c5893d2a67c69f6a,e34c58104bde986fc5f131ea12c7e62d42d7722099f0626a333ee94dd839e03e
sycaudit__schis02_9608cd60fabce0,train,9,schis02,6d05a553cb48656639a93462d29085c0fdab731748f1a4dd0a0141a63682a785,7a24f7914d5e98d308d8463c727b792a4b3429d7582738efc0d309934a775cc8
sycaudit__schis02_96682532d30d9f,train,5,schis02,584f02b23fa5f5a742f3a19c247d58681362068ebcfcdc50a8d57b974cfeaa92,343e1b00333e5100aa56ad794ccf557f0bad252e0635c011089d4bb37e5a5c20
sycaudit__schis02_967f3d33fde5c9,train,9,schis02,6d05a553cb48656639a93462d29085c0fdab731748f1a4dd0a0141a63682a785,61633bbc56b4c5bb478017a0e9c4d2981e11b219353c1eb18114e56a6fc6da1e
sycaudit__schis02_96a11f1c174261,train,78,schis02,6888c070dbbb4cd5581c281c3e1ad73739011b889fbc2061ac6b446233bb53ee,2f2653c5deab616fe787d48da8522bfbeed1874f02fd3e6364cd360ed3cab7c2
sycaudit__schis02_96c5a4dd7c5a98,train,79,schis02,dc196ceac1c018eb2efc52b78a708517b75d329ea2415bd2a51936c10fbf3b6e,cb41f3283322e4eb57e1db0ed4b7dda383e792035098d5f830b6cf5125fbab18
sycaudit__schis02_970285dc8090af,train,11,schis02,08ce0abcdfe06d71f5cbd622398112cd3fa8ac5c1a6b9361b478ddc756a7d5cf,b29e19587d8622043c9d534b2653706741fdccda46b5b7750bea90e6d479b957
sycaudit__schis02_97066de18e6f8c,train,89,schis02,800ba6ce52705a69ec7e04d2dfc3736f3392389a4e4d496df8480fdae8fb86d9,c179d3b0af06832486e4e28715742e2c7db788d9babdc1dbcbb9df54333128a1
sycaudit__schis02_97205085391b1a,train,14,schis02,aa0dcffae47e0385e3e10ca1af07f7b4908db61409f4eabc3924442a509abd1c,2d8b2a602e796567955b5e81cb3d03b65b14225a4913ebf7fffac87eea5ad350
sycaudit__schis02_977b5132595c82,train,12,schis02,fae7dae5ac61f4d12138c26ccbdc6be912b0a88452e6a1796b136ba3830c1335,ef4ea720cc7054350e3d87dd3a333315060a119119a7933a879e6d7c3303125f
sycaudit__schis02_9794dcc42b0bcb,train,8,schis02,35c680f1adc51b7609d01f1db0d5b6fbd04465635b13b20fee369c78928ff518,c17354a9375dfb96229c305ac8331c43bdffd7e3529fed91626b08369b35f78e
sycaudit__schis02_979d66ae564266,train,76,schis02,83a45591113f42b33d23810406c1ea32fcdc39140d578405bbca5e50c377eaaa,ff686385e2c608b0b37386987cb90d27791a2d0c340258dc8a0285dd6493d23c
sycaudit__schis02_97edc548d192de,train,9,schis02,850f7244ff4332a70d406c0f3699469ed580b3737cc26e2b02a8ef2f341414e8,49b06cec9b06dc9645e214d7dac1c5cf1fa15100dbadb94bea12c69e52f9dbeb
sycaudit__schis02_980c92f019cf41,train,77,schis02,45c9f1812e0e4042d7775d0736dd13af029c8f1785b802bfa256295280828a3f,7802672974f5c45b7938a70e4948abcbceb92ca3226bc14fdfd19cca9ea868a6
sycaudit__schis02_982710f0f5446f,train,7,schis02,7a2b6950de686eae79572a1fbba1e8c000008f575a85a1a59758788f91b5e195,a6d471e9773770ab88e79c7021e1adbd91728c5df4a712e679f6495720be93e2
sycaudit__schis02_985dffdd40946a,train,91,schis02,54ffaca510aae7317e920b686850606f5bfd6b552f817c5dc132c31ff125687b,1c7acb39c163ad92506e9ea6e56176e76fcd4a669bd6a7d029bea93043884175
sycaudit__schis02_98e1b4e5f049c8,train,7,schis02,cea9eccce160c78f41eec627b4da20d1101db4bfe044768e350d99d792061ac7,7563d5c4b6b2c6097a1cb83d3f653288e2b6326b833d9d7a03cdd59fcce010e5
sycaudit__schis02_98e1d8ac76fd9b,validation,4,schis02,632203e22ac0c9bb63d95369ac89dadb608095cbed9803cb52051da78b29ebe1,6351913a310846a4d6824701633e22fb891df578a8906bfada44e308626c4f64
sycaudit__schis02_996fe35c1635fd,train,83,schis02,88e5417abcd32182e9d377dacd2e03c624384a9234179847b9fd79f42b52d1af,a28e9a4070d44dd6d923aaca0f46acde0cf3eeeacaaf6e7c0f1f473890e1d8cb
sycaudit__schis02_99976158fb730e,train,3,schis02,03a1ec5d6583c5c0286038ed8ec3e45de19a065b717b5b916cfa398d0cda6c64,fd86ed5cfdcdcabec0f55b408d61525a2887f43d8d73aaac272af3bb4934310c
sycaudit__schis02_99b2a0342d44d0,train,72,schis02,c04e02470c1a5ebaaaa09cae11a1c48dfeb66effcafa3ab879a074b110fe34d8,b5ee1fe880a6560fa876edcd08e3b5f98d3ca79a7e36de5e72406eeb184c587f
sycaudit__schis02_99c3113815b8ac,train,90,schis02,ba640b7d55294fbf45b9f7374247728f482aaf9b4c0e24a09f85421842b1414e,6374ca2cf036aca4e20b60eab3bf9bddf9d655b708fc8f1cc8f0a40037f1a70b
sycaudit__schis02_99dbe2808cd42b,train,6,schis02,fa937722b59c19c3e6fe96e109764bb070540589b1fdbe76cba79c418f8736e6,042d8f935e8d520b936ae2a441b032cf3e0da1454c6202c87786e3cea75378a4
sycaudit__schis02_9a7c9068cbc32c,train,83,schis02,cd0012cccd1c435dbf8658a578ec8e4b5615d075e70bd563a50b1b14a8aacb7c,99f855c002823d2c7cd52db751886d7dc1f67e1207a8821bbf2c6fa1472dfcea
sycaudit__schis02_9abc2fe2fa0347,train,14,schis02,ebcce80338f1a3fadf20c6263b97fbd4e5a05de1100e0b58de30721ae49c1760,6f0b7f638b3f73ecdcb0fd56d7bc0dff8e006d050ceb9eed68f001b1e424dd43
sycaudit__schis02_9ac774abae4bdf,train,83,schis02,cd0012cccd1c435dbf8658a578ec8e4b5615d075e70bd563a50b1b14a8aacb7c,27ac6af4880d97b24abbd0de0d4cb52f03d7ac351e89f722793beb027dd49124
sycaudit__schis02_9ad645b735c085,train,17,schis02,22de86fb20130ec4149d2d953662e964c2da36f0f458ed79a56ba3309ea38309,a06613d57b559627282b9d800430881dc08549664824499343717e0498a5537d
sycaudit__schis02_9ae42a45227d4f,train,20,schis02,1398cbba4b73c2c030427c1cd7dbd8620c78d9472f6caf8d5c5eae25a0f9f251,b90ca211b56d8f7f537f164da0741cde09ccaf3f61aa664b38f10af8916c95b0
sycaudit__schis02_9b19daa28622cb,train,0,schis02,a90ae15019dcd2ce951af128198c7e900b15de04c9ca5df42427317b5f219864,7e94afd1f243c2e2356e993c4c69bccc79ecc2614d37fc075bf9d144c121a606
sycaudit__schis02_9b3893342d66bf,train,12,schis02,c505da3e2deceae01fcd903893a40f43c910cb07bc16bc27eb52f22bb9353198,ecb3345ca79d46169394cad7233f74c47c242c7da8ac9a289d991bccc54fbdd8
sycaudit__schis02_9b39d5c5db05f7,train,80,schis02,3f84b32108ddf00e750472e81e60543665d228e2310ce847ed15d1bbda4cba05,cd8660fe2dbb41a3aedb6eb7d1a5286909c25adb6f960780a00724098513fd90
sycaudit__schis02_9b593be50cd8ef,train,72,schis02,e5e514102c8466883d79fbaff41140e98b0389579b12c125c944f00039119416,a06334f7cc44885918237a5e5e3088f9de7bee7adca1e18c42491d5bfe38c613
sycaudit__schis02_9bc32ccbd796d3,train,86,schis02,b77720ec1efda729cfd52620ab5a755ec805bee400b47254472418263228526c,0092092b3c91be8aba6391613125f933e2f523390c6eebf715ac5d84cf183538
sycaudit__schis02_9c5926e577cb42,train,91,schis02,eb4ace7d02c5d396bebcf29c09f0ef09e25da123b27321090e09b3c545785676,174dee1c1f5da1baed312d74b551c10fe49304bb271033566ef95d2d248a7368
sycaudit__schis02_9c8e6a215ef02b,train,88,schis02,80f60656fc1f7fc21bd7bd25386978f624a66de795c89778a7d076549847fd8f,02ee58ef343dbaf46c676f84e9ac1a1e5c0797472b900613c6d3f63edd52bcd0
sycaudit__schis02_9cbfc6d4ec0592,train,13,schis02,3f92eac01d45d0cabfa35616e0e46f413d2e01696f2efe947dd794e4709335c6,3feb99f9ab50ed856793fc10efdc648884bb892e38538790b70f7709aec1dfbf
sycaudit__schis02_9cccfcf1a4de29,train,74,schis02,2dc608258d5963e356ecfc61157831ba46f457d9022eb3f1b78fae9e05c1e709,fda8554e0dc8c34d2ac47eebffe9f07cdccba4def705dd72b26e193ce6e002ef
sycaudit__schis02_9d49e1a7354a0f,train,19,schis02,7e81adf573be452f8ce6047547cb9b99dc3d8a0e02b7ba6f312df384e75deb9f,0b71f89ec616f0e33991d9946b63ee5101b6794786bbf9af7d998250aeb90c27
sycaudit__schis02_9d6de35e22f0d7,train,10,schis02,c3b3a18b6bd2d5e5bf7d544f3394c9f06186c67c2354109a3460731ed7072e4c,e4780ea4d5592010709f527393f9d024185a105ed5b1378bf24dfaadaa36bd62
sycaudit__schis02_9d70aedfafd185,train,89,schis02,c187feb9f6d3d9eea7d4b5d481bfa0dd643da7b17f14947705248cc3b5dae408,33adbd29020fd9f1d1fab491b4957331d4bc1ba58e90cc920be752fdb3aedbf4
sycaudit__schis02_9dd3149c77731c,train,7,schis02,cea9eccce160c78f41eec627b4da20d1101db4bfe044768e350d99d792061ac7,37955661a1f7d53689bfde182739bc28d5e3c988cfdb4018d6cab23dd0dce7ce
sycaudit__schis02_9e3a4cde039947,train,6,schis02,d656af39e3d99bf745c79af6d4c7ce1540c8e3ce12643c7668239ab028ecb3db,abfe98be82462b2f0b2066c617af6a81b4687308a81de472371d34ea8ed2fc8b
sycaudit__schis02_9e4d550054abf4,train,86,schis02,b77720ec1efda729cfd52620ab5a755ec805bee400b47254472418263228526c,e61c047f8e450fd7550c371439ddf3aa71848a908f0c56183e22f2dec9702709
sycaudit__schis02_9e64f6d5ff8fe3,train,5,schis02,794b7f505926c309219abfcab396ccb5206b6ea18435289169fd3e43c29212fa,e4a22541ecf42092761c7338bdd2b765b2411cccd558b1f2151997a693850343
sycaudit__schis02_9e6685da2c6f9a,train,82,schis02,a82c118a2ad474104e0430f9a3c0e73de144f49c01f04eed4d0716988876e794,6ca108ce55cb89fcd0b777e6488cfdbac2eee3cd131d60b66542383c8525936d
sycaudit__schis02_9e6d81b20026a2,train,7,schis02,608aef7f9e627c87c54ccf002440aa2c6cff5b0a117219fcc3249c4479c555a8,eb156c454bb1aaa059a6f3897f60fc0052a6316dfad947f27f0255857bf4a326
sycaudit__schis02_9e762801d4d04e,train,5,schis02,d2795d6215298b8fecb77d0cdcaab8df2a3664c35718de21e0f9bcdfec4f6db3,c2bb9b8864f8e058e0aef9f5ea2a968f33cab88fc026ae781e9985a725f7d3ec
sycaudit__schis02_9f069c2976c6aa,train,79,schis02,f49e86f7146ef17426f49ac46e5474008fca9c74b4acbae342a43752baa2ba9e,e1ed69c311cd98761ec4d955050aa74b549942de2e8d82471cfb6ceee9a558d9
sycaudit__schis02_9f3d719298265e,train,79,schis02,dc196ceac1c018eb2efc52b78a708517b75d329ea2415bd2a51936c10fbf3b6e,a55d22db4720825349ccf37a507c9965a34a67c8ec8ca7c7a931bb404e882dbe
sycaudit__schis02_9f44fb64500ccc,train,12,schis02,1ee216826bfe29eb37b43c874d5ab690988cd6b77e35d33f9c9390aeb0bbe033,5d48e717d74c39e250bd4d858924fde2f2a33d688c7314d58f656ce319748cb4
sycaudit__schis02_9f87dd1f673fa8,train,80,schis02,e1bf3d528313a2c609629f6885c82931eb278afdb1ea9d0a36804bf54e7cf618,244ad99d5c76b2ddf39ee975cd2ca4077c69c3f08e6509f0a5e0c0a4fa6b006a
sycaudit__schis02_9fccc01b82e87e,train,94,schis02,6836893714e5acbc4508acdc2ebcda00f32fd076bf74dd1e494ae38a4c64a705,21dd13824c32ef2be25f151d08280fe4789b08fbab22d39552b5c5f308983bb3
sycaudit__schis02_a0158f0d07f349,train,10,schis02,b547684c552c3d21a0edf3d8c6db1a86896184c31386876168317a629a92ea04,7663ac7f0690259101db9936bca6a4610e3bddf91998214a7010d88a0c34ca1c
sycaudit__schis02_a02b33056b81da,train,18,schis02,4d5a21bee635d478d92982e42b51729fcbd08ad31c1a2485349245eb1014d00e,7db5517fae2f2dcad90ede44743c64b3fb2acf5803ea119574268d87a09500e7
sycaudit__schis02_a03dd7f73b6203,train,91,schis02,eb4ace7d02c5d396bebcf29c09f0ef09e25da123b27321090e09b3c545785676,e00668606ea92d494fa597208ed426c70aee1d31c1411298eb55e50ca807ef00
sycaudit__schis02_a04fa6d4e9eb73,train,77,schis02,5e4176f44a48155987f33cf0a0b8bba61edbaee4b5dcd8fe280db0bd8f187af4,e953ebb708f709d32248d77c111044f04ccb97a65715db133a257eed7a532c10
sycaudit__schis02_a060a413b95892,train,86,schis02,390109be818b323aa8d666b3d03d11181055574dfaec588a563991ca98dedb6f,42c5772aee40c039178a343bfeb2553613798f479f25428ea2d82909853de6d7
sycaudit__schis02_a0960bba19a59a,train,9,schis02,ab098e4a4278fc2e8f29d4597924b942052074f4d5a9a922e01931b72001309d,3da47398fb2a6d4ce69723b6dbac8add566d5abe58ebbfc82425625a386e267a
sycaudit__schis02_a09a66d47d7134,train,17,schis02,8865b92440be3c28b557279a9f4ed182479a6db17771607e193243bcdb1ecdd5,3ca8587acd6aec81f860c7373f4dce78f08d1e7cbf70a298e02218dc62ede44f
sycaudit__schis02_a0b68efe1cc86f,train,12,schis02,2c3b43d73563de67da5952148d6f343bb07bf9d93766c8a554dc82e9dabd036f,2e958906313edd1e939a2234c2d4e737556419e16444ed29691420e4ed204f91
sycaudit__schis02_a150ec2373ae0d,train,8,schis02,ecbb5e67233e05ae809e5670b2ba505cf284ad6e7b6e81639ea43d3aee4637ba,f145b58e787a8854a646adea76ce14ac152d243c251c4844abe3dcb1b153c4ba
sycaudit__schis02_a157aea1ddd92e,train,89,schis02,c187feb9f6d3d9eea7d4b5d481bfa0dd643da7b17f14947705248cc3b5dae408,7caa87591337b85c2d6bb9a83f3279f4e117a3eec101abe3b285ebcb159348d7
sycaudit__schis02_a1942604790280,train,0,schis02,cec138a177b12701d6c1f0585fc7482c544fa8ac98c58265e51642b156819322,6b75a13b44d7556a775b1a2f249f9a01f17187b0c1a042cf6318226c5a616614
sycaudit__schis02_a1b30e5f249d2c,train,86,schis02,b77720ec1efda729cfd52620ab5a755ec805bee400b47254472418263228526c,558776e42cf3b5bec29a7f608963e14b6df2d3850985b3d07f558900a87b6c75
sycaudit__schis02_a240928eef471d,train,20,schis02,c95afbf7a6a0a000b8de779a5b4ea3ccc429000b3129eaf76bc04dd584f7f9aa,9bb85a54344dd515676ee9db242a8f8096a5bb7dacd5ecd41b58e4bdb7b5d7c5
sycaudit__schis02_a2a0c394000b15,test,2,schis02,111f0e445860cd9861cdfa5ea48f606b3e85576c344227943f10bd4f351fc908,b3990675fcae422ed658f5d9a349e1838c0c1670d286fc575d8138837843dd15
sycaudit__schis02_a2de9c70c8be4a,train,83,schis02,a4320971e5015c70d29747505d024362464ff1edd3b3a4a3ee855b419fc3ed53,cee61d67a45aaee143d4a7964ff60d65c8d59838f734e5e0ce9deba8d7ecdad6
sycaudit__schis02_a30bdf70e7b365,train,7,schis02,cea9eccce160c78f41eec627b4da20d1101db4bfe044768e350d99d792061ac7,62e17efb43ad7bbd33986f0963541bcbceab3cd851dda3b3f8c18f53bc8a00de
sycaudit__schis02_a3b24eaee14d74,test,2,schis02,85abaef3d888015b411f1f317be5b7b43a97a09dca77e04e6fe7da0c22f5123a,2f16ac8b1ae57ded916639f799bd2b10acf1e6451ec409812f4ea283a4c58280
sycaudit__schis02_a41a3f44413da0,train,8,schis02,35c680f1adc51b7609d01f1db0d5b6fbd04465635b13b20fee369c78928ff518,74bdf71b3893f16a99d3fcaf94885725ed1846566ae63be596bfa864d2ca2825
sycaudit__schis02_a4834178d7af27,validation,4,schis02,340a7e200470d611e2bddbc1fe05ef7e9e6294f5609db371a1afe46d9ff5a67e,a069d295cade3dbd3cafa4cabb5399c37919b5093a771e59b040dbaf5a6a5ac0
sycaudit__schis02_a4f42971eab03a,train,10,schis02,b736a8aef363bec096955c33a5fd1d7f2b721b2b0b30ee4fb003eb955453526f,17a597ffbb8022a99c2b8c231f7af249b7cc4387f0e5e8b50a661a72b8f051e3
sycaudit__schis02_a5049c2579bb2e,train,19,schis02,931e3d966d7e9a884a58cf2f429e8008bb5ecd825b3ac95e424ec78a908de269,cadc700426c49af4686c2adbe49e383df32e4e1c4d6b2f585c6b8af849dd6469
sycaudit__schis02_a5328869fa1a09,train,11,schis02,08ce0abcdfe06d71f5cbd622398112cd3fa8ac5c1a6b9361b478ddc756a7d5cf,2c6379ac0036f44f250287f7ca65f2ac53e74af67c9d68cd8a1ce9c8ae57e9a5
sycaudit__schis02_a54bcc11769fd6,train,19,schis02,42b8a0faf81313e2c13b4a0ed5dffb5063eb2566fa3070a04cae729a48873671,349f16df9546b36fb1784b7a671fa8235ff4cf9d4a18ce0d4ff2f642b2479e27
sycaudit__schis02_a5b9e43345e792,train,12,schis02,e6134a187de7c4e0c191cd95003082dd6eec059f761aced2358501736fe35ecf,8a257a9eb888e70ea95512b6a229cbc6282f48e11e4da55830cae8e00c2d7980
sycaudit__schis02_a5c4e6618fe0c1,train,84,schis02,acf05cb5e2c2a1fe04000d323da12ae89d67e12da624f2f934587428a00a2152,5aebb71b2493ffdf5e6fddfc9aba560ca3f6eb148c06fc3445a785127a572899
sycaudit__schis02_a5d5e9b28d1127,train,3,schis02,ddad7d6e0ed1c02d29d687b52322e38d5eed67cb68bd602249502a42c3310f9c,b0294d494d78cbbc5aa64da28e10d628fc2073daea0fddfe49ab448b76a23234
sycaudit__schis02_a5d7ee131e58d6,train,12,schis02,c2ecff6fe2faba93b13c330f775255ffdf360328b604c095b364557db9908bae,8a6de785cb5c472f663f0f48525e7b201f3d7e81b9989cbe183a3151b73e94b4
sycaudit__schis02_a6454bd72aa60c,train,12,schis02,cc6b35411bb42c4097c79c40f9d8baf7d2bdccc5ccfe0ea4b82b626dff2ba10c,7814efa29352d79f0a2fba2790b2585fc9945b3b289d565719f6addbb766e8cc
sycaudit__schis02_a65f0168c3579d,train,81,schis02,f66bddab9b339601dfb073b940f661f11e9b37e8a7b68b4af638f58527460dcb,4a7c3c358f45ffca3b12b1e1f30fe2ab297669b6802c328d96cee06256e88ea4
sycaudit__schis02_a67e0f0eeac396,train,72,schis02,d1891781bd7b951a40a7e972e6d88a7c8d602944e9d35846b5b4d0239f4e2e69,6af9854df53f920eef08f9db86043a52110904c7aa63e69fde9b83f531c7c1ca
sycaudit__schis02_a683bb946b4bd3,train,1,schis02,30df56d9f256e691021b87dc7e30b1cfdda39217f7cdefdb049fc0d01c052b54,d23c83b36bb8f35c83d740dee999502eed207a994409f2064a8e044ac328bafe
sycaudit__schis02_a699ce04a9240e,train,84,schis02,fd6a5dcd1a5cc4de8d87adaa08fccca113f21db20c40ee21f2933fef68a4379f,bea117cb14bdce1b8a59f90d8afdb543dbb299f766e4791b0edb9a73c09f0b59
sycaudit__schis02_a735b79611958e,train,7,schis02,af1ea38c89bd4735493aa799a84adf9975a6a6b1690834e8c1262f0f8000650c,c3689d261aecd8299192dc71e69a76e8abe8d4c54bbbe4cc2d5822d3c6e4ed5a
sycaudit__schis02_a7689472b200d1,train,10,schis02,aa3ce0e982f9dce0508376e28766dbd20e847ef643ba9913d775fde21005f4c7,8448d00d19556d39daf743f00c87fe74e0f3e24cbc44ed4e8d02637fa4abaadf
sycaudit__schis02_a80e3f5bd93710,train,11,schis02,08ce0abcdfe06d71f5cbd622398112cd3fa8ac5c1a6b9361b478ddc756a7d5cf,0de5f24c771da4814bb9e4f0c792f5575dfac627b9866b95faf643668833350b
sycaudit__schis02_a8384d91502ac9,train,18,schis02,342ab6d17acd3754de28346b8b25887ea8385c60daa578e16d2c378a71c1e02a,7f96e5e00af9ceeb66f96f3ac0b0b5728d70e62d62bb149e21cb532e4c6db6cb
sycaudit__schis02_a8b3494c203c1e,train,77,schis02,b4c58834cf9fd6f685cb3c28af55409833ee242f3fdf4e70c91b7b962ad205a1,926f7d4c6ef271a47c8120b1a40e742b95e09bfb3f578d4fcc448701ef71b2f6
sycaudit__schis02_a92c96891527aa,train,83,schis02,a4320971e5015c70d29747505d024362464ff1edd3b3a4a3ee855b419fc3ed53,7f0f4550047583a72c79a7c7df0bccf978e15cc2cb1907961a7e0bfd15ce1c3d
sycaudit__schis02_a9400cd851823a,train,81,schis02,3feb4081e64cc2ce4fe41e798e5157a907379e14d731c5852360d971943541f1,4764a4586aa3771b278500409d92e3b75f9105e3b205c724850fe49a31b1e512
sycaudit__schis02_a961a7e0d8c502,train,1,schis02,30df56d9f256e691021b87dc7e30b1cfdda39217f7cdefdb049fc0d01c052b54,35c81e06447b0353fa1abde51267c7e27c1ad84761d33dd4359abdeaa6afea1b
sycaudit__schis02_a96e366b99b353,train,15,schis02,ea05f926740cdc4d34831285044b86d0baf957c97d64d64a30c7182222c86656,199ea554ae062ffa312d794cc6346d4ec7ca1be23ad804e01a4c8fbd3d1ecdc5
sycaudit__schis02_a9a41b913d2e60,train,7,schis02,af1ea38c89bd4735493aa799a84adf9975a6a6b1690834e8c1262f0f8000650c,bd402103c2b287e6c710e8684b17925471606a13b7d803c7be4596bfc83d0f5f
sycaudit__schis02_a9c1a4a1b1ae3b,train,39,schis02,e05d32944b75c5f9c07d3db7e433759212d963af8bfb332aba5078e8da7dbc9d,a7902ee05ff676b8ec5dcd260b263f1497665386c2be085ea44cfd4e95606a07
sycaudit__schis02_a9feeb442fc466,validation,4,schis02,340a7e200470d611e2bddbc1fe05ef7e9e6294f5609db371a1afe46d9ff5a67e,197c5f6fccd633398c36fc49f50ff40a9a320758b7c96c03397dcd4c79fadf65
sycaudit__schis02_aa5a7b4625012d,test,35,schis02,ca944022fc78a76e69a83ef96dace67ae141d7641f4f922d6e2311f5c5a0b242,a1f52357441dbc6c94857d4b9cd0134d2e2ec7286c03ffbcbd8f0a0b8555987c
sycaudit__schis02_aa644a4c9c61b9,train,94,schis02,6836893714e5acbc4508acdc2ebcda00f32fd076bf74dd1e494ae38a4c64a705,0b4d26dd2312598a653b61d892fe0f61637642319f980a138a20b8ad2e07b238
sycaudit__schis02_aa92b52e6344ae,train,88,schis02,f982c6f9b9b51b92705307c442f1b67b2f2a542bc4d275d4c12f9176d2ce2320,f29680b230b794aec6b7b408554b56eecadcd2e138fa89562704f890cbfaded0
sycaudit__schis02_aaf42303357a5d,train,79,schis02,927f128686ca0c96a5e4d0c5678dc9167f8be8660f6e2b6916e6f1cce15c3273,778800e119a1a6c04f02d550cf6810207e2b9681bfc1d05d1c3ff762ca7ebaa7
sycaudit__schis02_aafd557015b807,test,35,schis02,caa2a77bfb1879ce581cec90b2fcd4c700c06a04391ec8d5d6961133b48e7515,39daf9a3a61ea05231d815e6d3e72ff4481d6df51e506990b450100c68db45bd
sycaudit__schis02_ab1f0a59220aff,train,77,schis02,0396d20c654ccf5638a52918a2a697199bb6555ec06c08ca0175dabc7fcd2143,888f93cd1489ee142f27ae9db2176178edea6f6a602e052af9feb3288600e6a4
sycaudit__schis02_ab39348c546e94,train,88,schis02,a88dde6796cfa9dad5ff111a7bdaaaee049d4ad85ec3815b210d5aef28f14a6c,13a37cedcee8bfd47333bb530abc6eaf220d4432f11e735093f36025e1b07a10
sycaudit__schis02_ab6e29565ddbc6,train,79,schis02,927f128686ca0c96a5e4d0c5678dc9167f8be8660f6e2b6916e6f1cce15c3273,67b842d9270af0490c0f424ef7ce1f57bd08ff664928ed5eafeac48a20a28ecb
sycaudit__schis02_ab8d0dabe6d193,train,3,schis02,f5ced92cffcca5b99ed38e837af6508b039b4246c4804e21ee202653e64e0c06,7f75e52ec75ac3261374d8f1253411495241a30f968a4a8814e2aee2151d4cc9
sycaudit__schis02_abd0097aeb217b,train,17,schis02,613eb13dfdceecdb4d856a3516dccffb52cc509a7bafaba9eaf98d14f24e04a5,b0b7b6858ea8a3937844ba1d00efd423b5305e9dbecf67f479bc1d08cce619b7
sycaudit__schis02_abdcb8051eb577,train,11,schis02,08ce0abcdfe06d71f5cbd622398112cd3fa8ac5c1a6b9361b478ddc756a7d5cf,bc83dd3090d5d9c8dc1c50e9396a55ac22f2ff889fa342be581955eb67f89de1
sycaudit__schis02_ac217101865ec1,train,78,schis02,2b0e0eefbd426268e140e2853eaa7ccaf5adaaf80f026cc5f280d2ac527cbc83,5d8933711c98b3ca8efafa0f6c627566a2790a9d8e523a16d5ae4c45dae27029
sycaudit__schis02_ac438fb4a6849a,test,2,schis02,8e4a9180a4f81edac9fbf8aeae76675b53464e220c497a8bb16cacd0cb3694aa,4d4b0f3451fa7e7ca61c958e7230e6fa4f5cee78cdcce52eb9af0cd029d230bb
sycaudit__schis02_ac4b78dfec835c,train,88,schis02,f982c6f9b9b51b92705307c442f1b67b2f2a542bc4d275d4c12f9176d2ce2320,0e7186dbcc2295a68c4e3c2b90a50bec15e899e205383b63b3b9069bb33beac0
sycaudit__schis02_ac77b0a4773ca7,test,2,schis02,85abaef3d888015b411f1f317be5b7b43a97a09dca77e04e6fe7da0c22f5123a,3bc804b4f6536a79cb350f3a8fbdd8b0aea8b75e0a2f3ddaf15b7e4e5de4b93f
sycaudit__schis02_ac81b24b4d399f,test,2,schis02,bfc557c36cbdefe93e3f603477c1ff6c87348144a3103b1dfdecc2afdb261431,e9ad23965f523ef033a7e97d6986dba21f50840d287db0da9fb6e5a573840e12
sycaudit__schis02_ac88970ec067a7,test,35,schis02,ca944022fc78a76e69a83ef96dace67ae141d7641f4f922d6e2311f5c5a0b242,b2db8ece5abff0f0a2cadfafdc16a23a1d3aff5d6f09fadcdc03e9aed3081c4b
sycaudit__schis02_ac9a83b68df8f5,train,75,schis02,46bb80d54c7287958abac34c47cc9b397032f1c9412725f41443ccfcc8dca15e,adf4ceb0698fd053f27204012150819a16c81ef184935af4c26db4a29730276f
sycaudit__schis02_ac9e33aca36bbd,train,92,schis02,e03af9dee3a06e469ae5439c13fa5b8fa805068abe3a5e32277271025e390af8,15f732aa0a749df36594bd51e97021efd28c6ad02306ce960e443149f697707a
sycaudit__schis02_acafcc9c5e947e,train,19,schis02,42b8a0faf81313e2c13b4a0ed5dffb5063eb2566fa3070a04cae729a48873671,8106eaab579d7732b3e02bd598ee3b2f9b5d4d2653bfe0decde6df7446c7b2b4
sycaudit__schis02_acb24a2c8cd435,train,72,schis02,c04e02470c1a5ebaaaa09cae11a1c48dfeb66effcafa3ab879a074b110fe34d8,a263ed7e4a59310ad898160be7843f65b7b8ecfc8ee5473f38dd17c08c367dc3
sycaudit__schis02_acb95e713c3933,train,12,schis02,6d73b7e92c45ae90c0e28a0b8d169eaa316e96a10db65cd0c902394ea0f0b34f,29366c3cc6ea236404f6f2c349b4b71b20561c47ad51c5737f507114a45c83a3
sycaudit__schis02_ace07fe2b17b80,train,75,schis02,46bb80d54c7287958abac34c47cc9b397032f1c9412725f41443ccfcc8dca15e,3485ad42b735f4b508f558a3b5169929b07ef97f2c9053e25ee4522cb401ee9e
sycaudit__schis02_acec2a8848ea98,train,90,schis02,ba640b7d55294fbf45b9f7374247728f482aaf9b4c0e24a09f85421842b1414e,cd1708254483b2770abc9732607d8673d22062c4e13d34912267cdf7ffcb0eb8
sycaudit__schis02_ad2b697b042328,train,94,schis02,d4e823080f1c929e264b7e44bb4709249c76bafa200ac70023d5de1f75985a9e,0c79bc201a62b2d8abebecd3bc4afb9b3ef3b7ab5d23bfc1eef0193776bb4aab
sycaudit__schis02_adc09c7e3726a0,train,92,schis02,1bf9b1c678748b618303196e6f4bc81dbecf6ad5e5558cabd4e4431f0707fa01,dac8972e5100a16942031c3767ccf49e2665c605a105f95b73338ced31e5640b
sycaudit__schis02_adec61ca712341,test,2,schis02,111f0e445860cd9861cdfa5ea48f606b3e85576c344227943f10bd4f351fc908,8ab981214d4b544920ae4d667736b7f7e813a5bc320eb9b1f206802880dba347
sycaudit__schis02_adf7c8b822f7e6,train,6,schis02,17da74bb048d808805a16edd727a01345e250cc1c01b495a293f4a79b6c33862,76471c5338ce680b3920bf943f4eca0c938777c0262524e3f4857b7622abab4e
sycaudit__schis02_adfb41ffd3c817,train,80,schis02,e1bf3d528313a2c609629f6885c82931eb278afdb1ea9d0a36804bf54e7cf618,00192fe0884561f81035b63f957760a002713ef920fcac5ed502e3a0c50e5137
sycaudit__schis02_ae8494b8df4f47,train,95,schis02,66431d79d321dce964dea3298da1af50005488ff72bc2f2c52c16c3f67c14b70,aa411ce03df2b84609a2cfff775d35144eb41efa98926471af054fa7c68276a0
sycaudit__schis02_aea005f92b4037,train,76,schis02,597dd7d2c947ceca8b9fabfb64e1e8f850cc9db7824f7de0d4d7283f1e1e1737,709ef6c8d551355e21c9ca14caca72e791670aaa2bb0ed9c056488dc224ca0da
sycaudit__schis02_aea1c27c7b4039,train,1,schis02,80ada055900de1c77e86a094f6a055414387017c6fc1c52202bfe3aec60dfe91,ed00c22a59263059d103bb458343fb897bd2537bf18ac4b520fcbd65cccb705e
sycaudit__schis02_aeab7c87b38ae4,train,72,schis02,d1891781bd7b951a40a7e972e6d88a7c8d602944e9d35846b5b4d0239f4e2e69,0b0299a21e96ce4609b3b52e8895f798427c8606cdac950d45c15c60d3d9aa58
sycaudit__schis02_aec5455872945a,train,3,schis02,c4ecf53d45a936376d77bedccb4709fcba5bd844b0b621773a73c0aca0bd00fb,20a3f308cb2d1f442977f7cc2fcf570694af98dcdb67df169f721b86ef4cc659
sycaudit__schis02_af0c84d978f2e9,test,35,schis02,ca944022fc78a76e69a83ef96dace67ae141d7641f4f922d6e2311f5c5a0b242,6840985badd2484e633d2c84d389598a2ddee9dad738715258e9b886f517b8f0
sycaudit__schis02_af39267297df0d,train,91,schis02,eb4ace7d02c5d396bebcf29c09f0ef09e25da123b27321090e09b3c545785676,e450b0993800ad0ce5cabf2a4298a14dc62421a31faf8d67f05e6a5ee001c3fd
sycaudit__schis02_af58f43af8644c,train,12,schis02,2c3b43d73563de67da5952148d6f343bb07bf9d93766c8a554dc82e9dabd036f,8062155bd97199fb5897e02391f9c108f686c4840ca457cea563fdbfa539a15c
sycaudit__schis02_af8347dbdd3701,train,90,schis02,9f428852d24466aeea4132283b3b6831dd8045a23a71fa8e298b5becfc23c205,72923b6d7d489111fa40c7ef4c18a1f725c9260daa09cb73fa18625c7c7338d5
sycaudit__schis02_af8491cd03bdff,train,93,schis02,e0e07b0d3bc6a50f18b0fec2333c3b7b5ef871d8975ebb10065ef8a3d0906fdd,83a61f74da51abf0b118ed8ad27fe21a8fde5704d608683ed3128bbbcf2c089e
sycaudit__schis02_af9293d627709b,train,8,schis02,20385fd9ae2fe8e7ecf766fb17ba13d1a11ae7553dfbb432ab1b6bb6623b4ac8,727842b3b130229f9455ad653e06abaf9128a8aced1c7955d93daaa28f69d7e5
sycaudit__schis02_b0138b2fc0c894,train,81,schis02,39c9e848ae6d341e62625bc06d1eb470c061621c9a96b5ff5335292735f1e3c3,46f3ce427f9fc87ef6f47d1f46bf04035ff24990a62903e623eeb4057d474604
sycaudit__schis02_b05b74e6cb0c22,train,86,schis02,390109be818b323aa8d666b3d03d11181055574dfaec588a563991ca98dedb6f,abda380deaad8a4e3affaaee293011996eef9f20e2156d196cc3cd88da328a7e
sycaudit__schis02_b061a18900a5ce,train,75,schis02,c76409d138bbd67ca80f5bf1c6373d8b24309cd8217d9b92b157c4fe23235f7c,1e858ea45083930f9a9017af369a756c7fc6eaa89acf2b5bb4826b09c2c7fcce
sycaudit__schis02_b0fba82040bdbe,train,85,schis02,4d3858389f8fdb638f1c0e54fd6372bfa1698e313b007b43ca0d166680bcca48,cd1f6ecf17a7449c72b9429bf02ff3430710d72ca96e98d53b923af52064cb6d
sycaudit__schis02_b122b231444cd8,train,12,schis02,251dfa7a5cc7a309c858aab9f1e23bf47f10d141100b5cd1d01fc628de004856,fe52230df4062798769159b253e845e2d66f653b0578a09998696d3da3a6550f
sycaudit__schis02_b20471172cfdfb,train,18,schis02,342ab6d17acd3754de28346b8b25887ea8385c60daa578e16d2c378a71c1e02a,f6e1fa6c32fd6d04a5e84bf41cf5667f1d78decb512400ec7e05b0f579c6a8bd
sycaudit__schis02_b21922882400de,validation,4,schis02,340a7e200470d611e2bddbc1fe05ef7e9e6294f5609db371a1afe46d9ff5a67e,75d1da6a738ffbd782712dfbc6f0869ebf6e93be9fcf120c06b073b7b2e5abee
sycaudit__schis02_b24c939af03bb7,train,12,schis02,b88ee199619e87acc7b338f011a784cd37f5d019b186cae9807ac9373dd7e71f,74086059482d181148a6410f983752012429b4279d6e79bed689694bc8f843f0
sycaudit__schis02_b25eefb4690ddd,train,74,schis02,d4e3a81d6bd4927f3b115a5c0a58b106d224d89cba105b08da6fc17399a6e04d,894b678aab699dd5be2696f0fd474142f56853acabf1cc508b5c38d96c184166
sycaudit__schis02_b26db6188280a6,train,18,schis02,a8c5349ebde44dc707eee38011ec338e0af4114d8f94c8532f0edd4525d542cb,4311045252453fc12127014c02eeb46ff43a352ad98c1bd19ea043e8e4ab9130
sycaudit__schis02_b27baf140a3e5a,train,14,schis02,6002e876861808af608c2d7255312f5d63960326a41851ddf9f850bea248e040,eb761353b7fcddda8d66170745651d739f5ef0aa3f9f2150d2c8ced2a1e058bc
sycaudit__schis02_b2ba289d3fd8c8,train,1,schis02,80ada055900de1c77e86a094f6a055414387017c6fc1c52202bfe3aec60dfe91,2f0e1cdc600fb3a66636b3362ccdadf4800b145190b561d165ca7e5b63d72b88
sycaudit__schis02_b2d61da0d9e64a,train,72,schis02,a09e37ffbdd60b1eb32232d62c5635b3c8fe90144950b4efbb24700ea772e0e5,928ebb60f956aa3a60e69a91153fe7144e997fff87e6053c42602f585f1e3110
sycaudit__schis02_b2db374a60494a,train,76,schis02,83a45591113f42b33d23810406c1ea32fcdc39140d578405bbca5e50c377eaaa,f4844a4c2bb7066b6ae28e0ea677678a27e7cb6be8d35875240a514964214f1f
sycaudit__schis02_b2f94ec2a258cd,train,77,schis02,dfcd70fe73dfff77f28c8ae016b227d7eb5fb1d2d7e96ec826230c8093bc2e3d,03a95d9d97c149b9b824cc0d4349b4a51dfc803df39e23469d8f78596af8fdfa
sycaudit__schis02_b3271676b6ec31,train,16,schis02,b13c41481392ecdbf1450804c674b6e14d41726daf06b3ea56c38c65a4fa65b3,77cdd8828378ce79910058e87cc1fa993d5ead1c269501f0afba4c39c51ce363
sycaudit__schis02_b338814afe202a,train,77,schis02,0396d20c654ccf5638a52918a2a697199bb6555ec06c08ca0175dabc7fcd2143,89867236326405dcc7feea6e93ce7a8b7a886b378740880a7b5839a38a06a751
sycaudit__schis02_b33d7440eb3ccc,train,78,schis02,82b3b08a012b7003f331ebe70da42008f51637e17435ca17c5893d2a67c69f6a,6198429ce0fa67acbe6023a2363c00a8e4a42d270079cbd4f8608bf6b1fa9dca
sycaudit__schis02_b344fe56e39c08,train,92,schis02,14c349cf13eeb5a220e77c260d1f8f99953c465d0ccad77f980c02da3c98e33f,d27007459dd0d12c24b245bc883d9f9f594a49508e9ee7a8cfe684b687076584
sycaudit__schis02_b3840de3ab2ac1,train,1,schis02,26a8e83e70e1e9a4ec52d2ca4e4f403b6bf9454bf7b8172d6c3f5b7c897465fc,f7b09c6a146a34287fcf5f47948c01c77a82db37837af51a388bdfed960bc5b7
sycaudit__schis02_b3907213de3489,train,14,schis02,aa0dcffae47e0385e3e10ca1af07f7b4908db61409f4eabc3924442a509abd1c,29f6d159e369325c4268c218ab7c3e65c68694c0ad5afca24b87a2ca97adfbd2
sycaudit__schis02_b39c667d83d0ed,train,8,schis02,ecbb5e67233e05ae809e5670b2ba505cf284ad6e7b6e81639ea43d3aee4637ba,8ab8add6253683e9da04995f4fd47cade272e779737540e3e688aa74aac25bcb
sycaudit__schis02_b3d918be383739,train,11,schis02,abb7ad2812e9bff6d3a6540fd1c6476301cfcdc14c4b338f859bdd1fd9de9edf,f2a36ff5dd27ad0c7eab59223a8ba15985085b72665b29778f52b6f7682987b5
sycaudit__schis02_b47857cdb0c518,train,10,schis02,b547684c552c3d21a0edf3d8c6db1a86896184c31386876168317a629a92ea04,f7de1db31bf037cd3bc1da648683eddee8714a374b28da0519c8feaf4a0b31a8
sycaudit__schis02_b480224ef82d3e,train,9,schis02,850f7244ff4332a70d406c0f3699469ed580b3737cc26e2b02a8ef2f341414e8,9b71e7746a5376d89f219ab691ceac04539f3b2f1355d6dd884cdce1926105b7
sycaudit__schis02_b4b4c159b1a8de,train,75,schis02,e636737b5c6b2022bf4ce21b56267a7d6ee08246bd4cae1ab1d1e93327b99a12,0ccf042cd5aa7f5fbdcbe919f0b3c75478193e7a3a5c302d126d2a6af5a0e057
sycaudit__schis02_b50dc2c7fc012b,train,12,schis02,c33dd86d07985a300223f6cc5f15b076de9bb425522ce303dcc0e1b0d27163a2,de838140793da3cf3e208a1625200d88641654e4e39bc8898c43344cc3d2ab5e
sycaudit__schis02_b54f6f9285e9c7,train,0,schis02,cec138a177b12701d6c1f0585fc7482c544fa8ac98c58265e51642b156819322,b6bf6ac1b5bb0d2227bc224c8a4d12d6e6c1816d82a4503aed89fcdef1ee1199
sycaudit__schis02_b565e376479995,train,77,schis02,b4c58834cf9fd6f685cb3c28af55409833ee242f3fdf4e70c91b7b962ad205a1,7694e56646b9ef57ddc90bf4eadb2ec6a61dba1f05b1f8b33d6ed4e36a115c91
sycaudit__schis02_b5870c5cc523bc,train,12,schis02,fbff058fb9f5618b30ec4a768c2328f959b2f97d5065635d0e5b0a386f484e26,b880ad5c284281b87f093952b4075d40a547bf5389be2bf8dacae760d5400afc
sycaudit__schis02_b5a632836575e7,train,87,schis02,029c4a5e1e6be74b2603cd25804253f5c30b9196fb166359235b9d345f4391a6,f6c93be95a648b0647cb5142d15dc0cd7a5849b7c417f50d1e0892a6f6440ec9
sycaudit__schis02_b5e3e5072c4941,train,79,schis02,927f128686ca0c96a5e4d0c5678dc9167f8be8660f6e2b6916e6f1cce15c3273,01378482771e6143d83a87c2fc4cebbe31f9a077c6c098294cff14c15183610a
sycaudit__schis02_b5e9d4d83684de,train,6,schis02,d656af39e3d99bf745c79af6d4c7ce1540c8e3ce12643c7668239ab028ecb3db,0d77141923b2c580b48a3b12ca659350c1e760fd78191fdf395c49c5d7952582
sycaudit__schis02_b5fd08260b7242,train,9,schis02,9a298dc7950086d585a7c63a30d59d3f7adf657f6d5e149a5ef618c2128f6313,9025ebaed8b26250c573330b774e0a733faf5c753b90b2df131981a557fa485a
sycaudit__schis02_b6108853b400a1,train,76,schis02,6be5e193b9071899c2df3f75fad71088341fc3fe3cebf93b6c871c41bee0f9f9,b5ebdbe52a986a3b54d03ade1a8507f104f7496760156ece1141bb57f01c07c4
sycaudit__schis02_b626af58525719,test,2,schis02,bfc557c36cbdefe93e3f603477c1ff6c87348144a3103b1dfdecc2afdb261431,31763defb9fa4f214d817250a49a3c08f01070028522b879fc1368530f6c723b
sycaudit__schis02_b690538c99a504,train,39,schis02,55db156153ef610e8a1ce4be8d401c0e926d376836fc82fd6917faa316341d34,d9e7333f1daa84262d737e1d6edf86fff69191f044160315577522d2b589df0b
sycaudit__schis02_b6907afc8993a3,train,81,schis02,5effd19cdf9cf41152696b46cb2a9afafbd43b46c0f28788979063989a3b0955,a9419ea74cf2ee6ff763d25878637d4175bca43f10cf977481cd41f5f352572f
sycaudit__schis02_b7102398f6194f,train,91,schis02,5a232ce05695806cd7f0df7984945a978a50fc97bec33f0b6200983ff6e927d2,0d2ef3093770bc540149cf6e6132890a0d6a24bd6df6d24832e6f46869169a98
sycaudit__schis02_b765ff07df3ae6,train,91,schis02,b361d529ab2cb6fd1f2c40e19eebf949a73d43f4e1b8ae9be630b0220ce779a8,16f2452144c8a8a45905226efe0cb447808fdd15d9a8459cdcf0fb24d4d189bc
sycaudit__schis02_b7cf887e015201,test,35,schis02,113eaa3e886b2e361edab9e9442769361083fe43f6eb983894798c1e1b49a0c1,677bff23c73f22d70310ec8dbfee580f71b47f97488bdfe8a9bedfabae0b7cc1
sycaudit__schis02_b7d83491a03fed,train,74,schis02,2dc608258d5963e356ecfc61157831ba46f457d9022eb3f1b78fae9e05c1e709,099aad44ffd5508dcea5640d2c2f666ab5df03a2fd9588b877c9760d4914ee9d
sycaudit__schis02_b7f85831026958,train,93,schis02,56b36a8dc31a482b3f26ba752e899495129d774ecc642d9508f59532de940869,419ddfdfd47eeac5374a02f633a9b0f4a5db21b0ec62df839f7fbce6ebfdfd77
sycaudit__schis02_b7f98ef3efc9c2,train,87,schis02,6434b59baae2215db4fb42fd9556fcc0bf69ea7135565038b7219da9c83e5648,416685a8314a0823b871df011401fd4b2fb4da40b48a5a704609351f20c3b08f
sycaudit__schis02_b88d5b0dc45633,train,0,schis02,a1082d315424fb2d854231eacb3dfde789ea99fd747c82a9647bbea9c326249a,242ba35cd25245888b7fc2724e99b93b04594f9be823e275cde26bcd6ebd625c
sycaudit__schis02_b88e0465018ee3,train,7,schis02,7a2b6950de686eae79572a1fbba1e8c000008f575a85a1a59758788f91b5e195,91ccc0670209cdfd40eff158dc3de8ecabe5655a221dc3841d5aeecdad1b5dde
sycaudit__schis02_b89b30ca67047e,train,91,schis02,5a232ce05695806cd7f0df7984945a978a50fc97bec33f0b6200983ff6e927d2,761be6ccbbff15dd513536982e151e7b7091519b2c9934aa6d1b5312d49cacf2
sycaudit__schis02_b8be33e655d632,train,76,schis02,6be5e193b9071899c2df3f75fad71088341fc3fe3cebf93b6c871c41bee0f9f9,f53a6fe16ea96ee713469b25de530351d88bb2c67765faf9a090c6cf6ca4d11b
sycaudit__schis02_b8f246c8b1cdc4,train,79,schis02,17eb3f309a6dec74e37c3fe18f58f688b2458405016b6a6383539fba54c4112f,4b099e65e85aa0a88ba30d04e977493e338135e7945b0d5adf395b5e39a9b885
sycaudit__schis02_b8f3d5f4026abe,train,19,schis02,42b8a0faf81313e2c13b4a0ed5dffb5063eb2566fa3070a04cae729a48873671,7d08e8265e620093e41c103aa67c4bc3c68328ce55bfdde5d0a77a124d784edb
sycaudit__schis02_b90bf553fdf33e,train,95,schis02,8ac60c62c743e6e7d0b1962dde42cd691f9ef98189e9f5820eb28798ee41620e,6bee53a0185cf0adfb1c144f722acdbe0ecd2bce25f806acef06298775e62af7
sycaudit__schis02_b960e83b36a5c4,train,74,schis02,5673588cf43e906b77c13b78d2bc64adab4638a8f7c6ab39b2a7b60015111157,363be650f7e66ff54b48259cf0e02f172d51beb384e73aab9a0c2d7d0ffbff8e
sycaudit__schis02_b99f1e234dceec,train,0,schis02,a90ae15019dcd2ce951af128198c7e900b15de04c9ca5df42427317b5f219864,fe63e8a490c91e1b78257fbd6fafa6917c05be7b52cce8a1b420369f994b7e10
sycaudit__schis02_ba057211762a28,train,88,schis02,f982c6f9b9b51b92705307c442f1b67b2f2a542bc4d275d4c12f9176d2ce2320,7d9884ccd4ae9e6ea58c3174f9b95b61cfa828fbbd118b199ea0cd22a3596e44
sycaudit__schis02_ba2d839a2c9479,train,20,schis02,ddd3d2a2795989661145780cfbd9542c46504fafeeef7a3533392cc672a062ff,a9380ec1cba5bddd8372603720b4c94977c56e26cf90cb352ba96e4456546ff0
sycaudit__schis02_ba510b775ec72c,train,91,schis02,b361d529ab2cb6fd1f2c40e19eebf949a73d43f4e1b8ae9be630b0220ce779a8,b493329ff10feb639f4b1539d82b30e67dc0733fd1a186fa47486037de74b739
sycaudit__schis02_ba6dc5cbfbd0af,train,10,schis02,c3b3a18b6bd2d5e5bf7d544f3394c9f06186c67c2354109a3460731ed7072e4c,5d6557e3176ed63912f442e564564c923e096eb8a3fc59ca45956fcd61210660
sycaudit__schis02_ba7604cd1dfe3d,train,78,schis02,82b3b08a012b7003f331ebe70da42008f51637e17435ca17c5893d2a67c69f6a,afa46f0248fa00aabbb20e1c744cd0299ac0e6bb371999e250e4dace2651a91e
sycaudit__schis02_ba81595e0a61c5,train,75,schis02,51c563611e6a92d37bc6285ca145e962863bebdb8584a82ff1b1b146b51f013d,0801302c5a0e12ca71e0854373787f4395e4539eb4eb571a62fcd58b13aa5828
sycaudit__schis02_ba8aa2b8b76a78,train,95,schis02,7e0a0c5f40d3266865b2ae1eac69fbff7dd16773efe2555cf01680c2cf1b9f9f,1357ba985d17949aa219f1e662fd08c902bbea4aaf74d3d8f1bf391385a9aa4c
sycaudit__schis02_bb0f91fb6c711e,train,89,schis02,800ba6ce52705a69ec7e04d2dfc3736f3392389a4e4d496df8480fdae8fb86d9,4af43912467019fbd89affc1913f32e5df891430497c9e65ec729fa96fba4e36
sycaudit__schis02_bb3dc11b7a6e61,test,2,schis02,85abaef3d888015b411f1f317be5b7b43a97a09dca77e04e6fe7da0c22f5123a,da84b36087a5082f02bf221224b051496f996394771306122c11fcb1ae4b1251
sycaudit__schis02_bb8fa1360c4964,train,5,schis02,794b7f505926c309219abfcab396ccb5206b6ea18435289169fd3e43c29212fa,8234e3d1461b7eab1f34ece2d25f9c25f2924b1fa664fa5708b23e995cbd4c14
sycaudit__schis02_bbc1cf49f3e50f,train,0,schis02,a90ae15019dcd2ce951af128198c7e900b15de04c9ca5df42427317b5f219864,e83c815e949f9dccdd6d2a073da2bbe304974298f185a43573d799440d2ed650
sycaudit__schis02_bbc79ccaf184ce,train,86,schis02,630a2437e4ddee835c6f75d0be4b0c52f82025f3f36a438f75e9b2a0c9db0102,14f5fb17fd5d66a7d45235c85c873fc3e4fea1c6be68ec70330974f186f7d5a3
sycaudit__schis02_bbedfa1791437e,train,18,schis02,a8c5349ebde44dc707eee38011ec338e0af4114d8f94c8532f0edd4525d542cb,6a9b9618ad5f03314c7aa4879f4682ce5c63d408f06996cfbd85cca4efa297f8
sycaudit__schis02_bbfdb3dd21d2d8,train,20,schis02,1398cbba4b73c2c030427c1cd7dbd8620c78d9472f6caf8d5c5eae25a0f9f251,83dfe2efadb077f573f5e3d0c2ae1c46d5bf95ba78854f2a1259cf08327fcc61
sycaudit__schis02_bc2aca6cb6ccab,train,39,schis02,55db156153ef610e8a1ce4be8d401c0e926d376836fc82fd6917faa316341d34,71af27649af8ea2e46c4aa306a5aadd1b1b6afd687c80ecca9b524da23e80fd4
sycaudit__schis02_bc937789135b15,train,7,schis02,608aef7f9e627c87c54ccf002440aa2c6cff5b0a117219fcc3249c4479c555a8,93e8c40eee9e9e8664fc1f98d99d3023feb751a4bea2d6695c1ab6176c532bf4
sycaudit__schis02_bc9cfa7acad7e2,train,12,schis02,2c3b43d73563de67da5952148d6f343bb07bf9d93766c8a554dc82e9dabd036f,c9f517b82d4270be6b7dd51487dfeab519681dbe75290217dc313d97f1bc7e89
sycaudit__schis02_bcdcce4e583faa,train,39,schis02,4c1c151a47d6bb6db818bba8da727269f2eb6002c859d553baadbfb2040c25b4,ea6e7d92ce2429b13d2b6118b589e415966d76fea8c8f4ec1223a3a549def7af
sycaudit__schis02_bcdd57e6396bea,train,18,schis02,4d5a21bee635d478d92982e42b51729fcbd08ad31c1a2485349245eb1014d00e,dcf1ec983213a5b7d5a34575469058fb717ddfc300b78cdfe5147552a6918c85
sycaudit__schis02_bcdd8bed0ea9a2,train,20,schis02,1398cbba4b73c2c030427c1cd7dbd8620c78d9472f6caf8d5c5eae25a0f9f251,3b71901257755c230aacfebab106e602fb81a2a48caaaa9e0375245a2d125317
sycaudit__schis02_bce3a4371e0b1a,train,17,schis02,22de86fb20130ec4149d2d953662e964c2da36f0f458ed79a56ba3309ea38309,bb8c343d2341ad0088a2fe57965fc11cb62288f423687340357f3599b9e8a930
sycaudit__schis02_bda50d62b22b90,train,93,schis02,3d5823785aac918e766520f069d07532a059de730318807eb77f62c1e5e81a21,367419dcc0783539e1bce991754a8f9d944b22038700839221deb1f7d3ea3786
sycaudit__schis02_bdcffbfe4e5082,train,9,schis02,850f7244ff4332a70d406c0f3699469ed580b3737cc26e2b02a8ef2f341414e8,3ab69337e99071248b83834afefe2f8f70b861f420cab9ee94190161de97e4e5
sycaudit__schis02_bdf03442f102b6,train,72,schis02,c04e02470c1a5ebaaaa09cae11a1c48dfeb66effcafa3ab879a074b110fe34d8,82c5ed3150e222fafb9e24b1993514daed804ad95158190ab860cc21f0cafa30
sycaudit__schis02_bdfcd0bac6d49a,train,12,schis02,251dfa7a5cc7a309c858aab9f1e23bf47f10d141100b5cd1d01fc628de004856,8c76565b34d5e172bdf127334cdfd9c53ee1b8f87c71db0f5106252098ab3d10
sycaudit__schis02_be0d95dc870c5c,train,12,schis02,2c3b43d73563de67da5952148d6f343bb07bf9d93766c8a554dc82e9dabd036f,64b73c98ddaa8ad79ef1b549b6eddd5435628178290bbab68f9beb6882c7a659
sycaudit__schis02_be51d16081eb41,train,77,schis02,5e4176f44a48155987f33cf0a0b8bba61edbaee4b5dcd8fe280db0bd8f187af4,cad2848d627e3fdd9468244162ede8639e629c6cbfe4d6534e5c9e89cd3fdf14
sycaudit__schis02_be6cfd85ad791a,train,79,schis02,f49e86f7146ef17426f49ac46e5474008fca9c74b4acbae342a43752baa2ba9e,b53241ed36341f09b71f37503e45399e8f67a73a343feaf4c8dbb77489139e24
sycaudit__schis02_bf1a1e5b57a0e7,train,77,schis02,5e4176f44a48155987f33cf0a0b8bba61edbaee4b5dcd8fe280db0bd8f187af4,3449871f561733f74b6bee0e96e96c8e567017e5dee88cbf2e04453c22111b2c
sycaudit__schis02_bf5fb8485b0e54,train,75,schis02,24c4857c06f809b02a1bb9c8652f0b5629b7f999489b5c4d57ea06e00a2a1428,d49d990d9212554836d276448ea32cb69a82b6c652ba37d94e91161817637dd1
sycaudit__schis02_bfb5ec7d658397,train,39,schis02,97725aa291d6b532253f1dda15ef01eeaaa80ee5fc536d4a03f06eade8afd663,3f47e04be04d9edc0331e2f456fc8fc37cd350524ec4427b3f5d85925e2ae81e
sycaudit__schis02_bfc2479cdf10b4,train,76,schis02,8624452af860d629de8aa6fc4c746b8178775f0796d222a0acc276b59bc626fe,51c8308f32ec8e6a3d44b98714b851e1e1193f9d6f4e27567a9d9576638e11ee
sycaudit__schis02_bfc5b5311ffd0e,test,2,schis02,9f8850e91b5d3a51ac1801f374346f9706ae5bbab9c73fa40d34a85307b7c14e,8466e18054ee357fd28b1098228fd0b7d7de6f14889096c430b81ab36635297a
sycaudit__schis02_bfcb36602349fb,train,6,schis02,17da74bb048d808805a16edd727a01345e250cc1c01b495a293f4a79b6c33862,52eadacbb4693426cd024109175f3c0b9d293e20f7f1e40c226e9c455815b98f
sycaudit__schis02_bfea8e75f8ff93,train,3,schis02,93a9ef18154c8fd6d4a5dffcfacaee621e1317969ab2a954eff2c0f8c720b342,ed091457846d0371452b700d1a61e798fa8495c36ba4b9043ab2184167f6695d
sycaudit__schis02_bff036cdc79d1a,train,13,schis02,525cd3550528b7e6a0efd7aa74f8e4f2d702370d9f26f38325ab77903f3262c0,01a0f957668c6c7d2f0252c0256d264b29734b62143cf5c161e6f3758a7d83ae
sycaudit__schis02_c0102fa3b76903,train,87,schis02,ae2e9b641b2891ecf8436140d7428b0c85ec2007e038e55bce2e882b79a194cd,bc3483dfdab661f6a414cb71a6d5864f2e9d822feaad683676b4a8060dcb6718
sycaudit__schis02_c016bc01d4d9e2,train,88,schis02,80f60656fc1f7fc21bd7bd25386978f624a66de795c89778a7d076549847fd8f,4220fd3c9c4efdad6110a7067c3817386fc5c9849ea387b6959fda401abc2400
sycaudit__schis02_c022985a77e0fa,train,39,schis02,e05d32944b75c5f9c07d3db7e433759212d963af8bfb332aba5078e8da7dbc9d,5b2f1d42a0e1373b81c8fb2e5ba65c01c3f2102a6640c948465e4cbee914ffc2
sycaudit__schis02_c03c8d3f09dc83,train,80,schis02,e1bf3d528313a2c609629f6885c82931eb278afdb1ea9d0a36804bf54e7cf618,d9e282525d8797ada369bbf32e90937e73764a9a7d5237d17dd3a6604158e31c
sycaudit__schis02_c0adcca63e50cd,train,12,schis02,251dfa7a5cc7a309c858aab9f1e23bf47f10d141100b5cd1d01fc628de004856,5aed691d26b713ac34d4075604f0ea9f849a4e6d6c3a781f2aeab206fa719baf
sycaudit__schis02_c0b9a654774d3a,train,84,schis02,fd6a5dcd1a5cc4de8d87adaa08fccca113f21db20c40ee21f2933fef68a4379f,2906fcc27466cb3736cda007a4ad345a12c6375f7c5013a53c7c8e2180ba9056
sycaudit__schis02_c130d2cefb65dd,train,80,schis02,e1bf3d528313a2c609629f6885c82931eb278afdb1ea9d0a36804bf54e7cf618,36283e8d1b812ffe80299dabbe77590bf98cbd75529bed48736523d0cd1db68c
sycaudit__schis02_c1690a3662284c,train,94,schis02,41db10f8404b207148af1beb3f144862371e063e10daaa357bd529bc2d5a6996,c47cf56624429256d28c39d7b553da2ba9bde99f85dc48f4b7648ca11f572b6a
sycaudit__schis02_c2122b6fdac3bd,train,16,schis02,3f2375a7b42e42b743d07cde24868b97a98a0ffc8bbb67dc3e492748b4008a8c,852ad312f129c2b21557f47f8dc611661dd030e342e863f11c5d49d0f360fccc
sycaudit__schis02_c232de4c843166,train,76,schis02,118ed8baaf40d38e6823bff407857f29311ce23ffd7f2a4e7d6927405bde8be8,e6329548b18d7e6b802aa271dc687df4efe3c64aad12f40ebf68be16f1adf7d3
sycaudit__schis02_c270302fb10250,train,15,schis02,fe7bb3762d7fdcc356153e094c33bd85af0f9583b30409fc2c175d7ac5357114,2f57a15269c607e6bca606428513fbacdd85fdb0ec2af7f9551b79964f6e6f3e
sycaudit__schis02_c2bcc6683df20e,train,13,schis02,a1bc80584da57c6edea05bfdf0a785dac5c4c4ae9c0ab9aa6b5e0508ea7ff2f4,0cfa65962049844b2f37d9c904a80ef8296875ab412b5266931775960bffc60a
sycaudit__schis02_c2c909cb34cd01,train,6,schis02,d656af39e3d99bf745c79af6d4c7ce1540c8e3ce12643c7668239ab028ecb3db,f576be1e918aa0f39a9b57fddc44c64d2921e41753a965ddcede825eae90d2b4
sycaudit__schis02_c3533765b8a76d,train,86,schis02,7b248165008955d6f6baee8f239f4beeafbd53c677111597146262e027c5d83b,379860accea656babe04c97ada566818e6bacec07f0bdd2eefad985b3c18624e
sycaudit__schis02_c37789f22238d5,train,17,schis02,27567f3739d8e37aaab90bd759332e7218b8bad0dccda6f147532522a7404c02,234826abb5b8212da42d2b620c9af6a6ee6873b63068a47f148e465f6d1612aa
sycaudit__schis02_c382fd9f7a6d4c,train,5,schis02,794b7f505926c309219abfcab396ccb5206b6ea18435289169fd3e43c29212fa,9bf811162b4d3ca4606fea736a65333280eab2c17d32bd9eef2eb6ddc63ef8a2
sycaudit__schis02_c3aeebef0d0451,train,12,schis02,1ee216826bfe29eb37b43c874d5ab690988cd6b77e35d33f9c9390aeb0bbe033,a00df35ec81f7ab249584c77f1526f5a02e298c2ecd910110ed7e40d9a78ab8e
sycaudit__schis02_c41ebe282df525,train,13,schis02,a1bc80584da57c6edea05bfdf0a785dac5c4c4ae9c0ab9aa6b5e0508ea7ff2f4,de6ba7f7ed971e67f15aa0875c364f0fef2fb68888c7ff2d8752fa9adc354959
sycaudit__schis02_c443dfc5da831c,train,20,schis02,ddd3d2a2795989661145780cfbd9542c46504fafeeef7a3533392cc672a062ff,4700c826185b402d5d507d3d0fb0c364d273ef85b2ae895a4c09bd3256ab4c07
sycaudit__schis02_c448d59017faca,train,94,schis02,233e3c2c6b778a4db4e6369209bbcdbc09c1af2114b852708badcabfe3c49aa3,ed06c34bc8b44f5552dd087378cfe950a9bfef2dd2fc77d3b0117e8bcb721315
sycaudit__schis02_c46efd778f4002,train,72,schis02,d1891781bd7b951a40a7e972e6d88a7c8d602944e9d35846b5b4d0239f4e2e69,3ec19f56e6b69395aa41f7ffec775718c3ec4ed1e7ffd4ac39f4b678469d3152
sycaudit__schis02_c48c12f9fa720d,train,18,schis02,b2451075588864ef2caef4b1b5e3611faf0dceef4521a500fe231bcda5fb1d63,77df60304f48cb72916da6fef001697bd5382d73dcfdd9d1e2b22e7ae4f2eaee
sycaudit__schis02_c4fd1fb4696383,train,19,schis02,7e81adf573be452f8ce6047547cb9b99dc3d8a0e02b7ba6f312df384e75deb9f,ea9c88f98f453d1665ff3e5a543f838c0a31c53169b46bd6a95e934f55872c73
sycaudit__schis02_c501144664cc3b,train,17,schis02,613eb13dfdceecdb4d856a3516dccffb52cc509a7bafaba9eaf98d14f24e04a5,26027911547a09b4e0d06efe4e3d22d03cfd80f42df0f8fc2403f81960454e32
sycaudit__schis02_c50d1100436695,train,20,schis02,6e4bb6deda3185ef3b4ca6716c38b90e73b375273424ba19c242f5b2e18c4e54,f875dcaab89b770304442f290387bfaf656f5cccbbf331ef63802f9e3a8e9a4b
sycaudit__schis02_c5412ff078f959,train,93,schis02,56b36a8dc31a482b3f26ba752e899495129d774ecc642d9508f59532de940869,87c63fa3a33f37b22a8e798b808fdfe131a101f2762832063e2a349046d07761
sycaudit__schis02_c59fbd6735161f,train,91,schis02,5a232ce05695806cd7f0df7984945a978a50fc97bec33f0b6200983ff6e927d2,73342bde69deaf7519d6bd290ff2024b631a4d11faed7584a949d0bfa28e1848
sycaudit__schis02_c5a002dc2c65d5,test,2,schis02,85abaef3d888015b411f1f317be5b7b43a97a09dca77e04e6fe7da0c22f5123a,4dfecb3c98955a6faa5f8e7f19866a9aef0f90cffc748d0f3b5c4b1a2c81c562
sycaudit__schis02_c5cdfac47bd743,train,12,schis02,d8c6c7b6da5bc4755f457ed0dd32867795f5928babb4a12caa74704aed9b2289,2af8bc011dfd745f92435b7380614e40b34e295616415328388391c68cfde390
sycaudit__schis02_c5ee9de75f276f,train,93,schis02,3d5823785aac918e766520f069d07532a059de730318807eb77f62c1e5e81a21,d283de879795b2ded020c6eee27dcf0a30481da4d589815652329a8b8f4cec4c
sycaudit__schis02_c6218d738d48d0,train,20,schis02,6e4bb6deda3185ef3b4ca6716c38b90e73b375273424ba19c242f5b2e18c4e54,85c6020e03215c6f20be6de77ce9bb7f4937c81517eafb069a08a0d75bdc69de
sycaudit__schis02_c630979fdfb713,train,87,schis02,ae2e9b641b2891ecf8436140d7428b0c85ec2007e038e55bce2e882b79a194cd,70a6b97ca0a5a0996cf97205c8a60d93d94fde5bafb4b2cbde7d0d6ad0484e98
sycaudit__schis02_c6525acaa01339,train,93,schis02,e0e07b0d3bc6a50f18b0fec2333c3b7b5ef871d8975ebb10065ef8a3d0906fdd,718cd56808ab8ab6440c796fc1308c3eafc4e6fd327245f5f95937f70392902e
sycaudit__schis02_c666541247045a,train,82,schis02,a82c118a2ad474104e0430f9a3c0e73de144f49c01f04eed4d0716988876e794,b7ca7bdc560b5718c95009dac5dc9967ac3cea43eac90c81c3546742c47f40d2
sycaudit__schis02_c685e81c63ce52,train,13,schis02,28c9d56f6d1c63a67e56bfdd41145df5fe71519e6923c105a480fdf788329fe4,8ce9b4e3ccd3bd0dcbc24c5c40e4090fddc20603e5f64d6e3e729d1c897723b0
sycaudit__schis02_c68953048c9fc3,train,74,schis02,d4e3a81d6bd4927f3b115a5c0a58b106d224d89cba105b08da6fc17399a6e04d,da03bd94e800e14e0cdd2d51e6409bdcba71013b47c9b000d6f3c20277d22f9f
sycaudit__schis02_c6de216e0ae2cc,train,20,schis02,c95afbf7a6a0a000b8de779a5b4ea3ccc429000b3129eaf76bc04dd584f7f9aa,2645d270140be6ea89bec5f193902683cfa5ea0fe65665b81d9c5e6dabe7a0d7
sycaudit__schis02_c719cde0a994b7,train,85,schis02,4352774b694b0e4705c7b9dd7e546a554f2366d8221ba77e5055a7b411897acb,27c70fd25ff3f57588d04bf784cb40dcaeb55a2beadd923fa6f4aa479acb1428
sycaudit__schis02_c7379d22cb2641,train,82,schis02,89824437a2f14b4a828f7aee816cb76deba207bf2287d64851ef1761a362fe56,0629dce1a97f2a4c182fe82ecdde4a103da99d6ec230fadd5458258645c234f0
sycaudit__schis02_c769303e29611c,train,77,schis02,45c9f1812e0e4042d7775d0736dd13af029c8f1785b802bfa256295280828a3f,f63b239921d9db613c8aad2372d2ba5547e811ce19807dba4c680e59ff1063f2
sycaudit__schis02_c7a3cedcba8ecb,train,81,schis02,f66bddab9b339601dfb073b940f661f11e9b37e8a7b68b4af638f58527460dcb,14e77a157e5a255b20b62909d5c0c01e2aa03a43937612a89a5bb048f4cd64bc
sycaudit__schis02_c7b08d2579592b,train,7,schis02,7a2b6950de686eae79572a1fbba1e8c000008f575a85a1a59758788f91b5e195,a155ad5610777eff32d15f13a1c7f38e5b904611e6e5420e4fc77d47b3f2d8cd
sycaudit__schis02_c8033ea80b1870,train,87,schis02,029c4a5e1e6be74b2603cd25804253f5c30b9196fb166359235b9d345f4391a6,f2c2e51461fcaed4b8b62a47dc917bc6c96b6c909e34caaad9247886b70812dd
sycaudit__schis02_c82062261447fa,train,12,schis02,1ee216826bfe29eb37b43c874d5ab690988cd6b77e35d33f9c9390aeb0bbe033,1dee91eb20cf0e3da68a17893fae54fb57d505dcfeb2a971d3143a7b0e56816d
sycaudit__schis02_c843a5b6ad6fad,test,35,schis02,caa2a77bfb1879ce581cec90b2fcd4c700c06a04391ec8d5d6961133b48e7515,425039f1f23ea3ffdb28a5d7994892331b0c8dfccc0b706a58b196049e1f998a
sycaudit__schis02_c888d9f2584e16,train,0,schis02,d3926a8563a630c5623479a596fea30cf7a671f0d67a1e0871c16dfa3addae56,b693079afb8117dbb3c7e87013cc03fad6fba70f6dcfb37884029e228e8fc22f
sycaudit__schis02_c8b77f6443e1b9,train,84,schis02,acf05cb5e2c2a1fe04000d323da12ae89d67e12da624f2f934587428a00a2152,28c1bc57d7368dd1dc8494f0367a3901cd064d9a1569828175680e9d2d41dbd2
sycaudit__schis02_c8b8901faf5e93,train,80,schis02,0f258ceb1c7f952a3dd6985ba866efc8d281a3e7cd7775a4502ca74bd2ebc117,b2a707efaac8b81c5221c17345110bf81e141f137f191851042bd1033f7ecd19
sycaudit__schis02_c8dc65779233a2,train,76,schis02,6166ed55f15e59522f3f68c769b1f18b7cfdb554c39052de71a66ec047112a1d,453f052702042a6a99e2a960535aa12baa68a32096a30268736b5c9fc82a38f2
sycaudit__schis02_c8e4fec74b1765,train,20,schis02,6e4bb6deda3185ef3b4ca6716c38b90e73b375273424ba19c242f5b2e18c4e54,bebd4a616f59fa44b9287ed07275fdbadd35761762eb551cff84cfec59832079
sycaudit__schis02_c94e18a09c6a4a,train,3,schis02,c4ecf53d45a936376d77bedccb4709fcba5bd844b0b621773a73c0aca0bd00fb,746ef436d8f58f6590619075e196c32604cc29875ccf6c80caeaf45e54f908c4
sycaudit__schis02_c999a0042fe9a7,train,5,schis02,859511de5c023e66f99c7ae1edb915cd7a48a6307e81648fd6f14723c9f6fdf9,3e4d1dc67ca2c2d6b7dcd551208bb40ff8e755289017c347fe31fd89c486b03c
sycaudit__schis02_c9fe3502dec809,train,10,schis02,b736a8aef363bec096955c33a5fd1d7f2b721b2b0b30ee4fb003eb955453526f,14db7cdd894086d6e23a3db0a61eb94604af12d1eecec1170bde9f10043167ea
sycaudit__schis02_ca2e2f72a23edf,train,86,schis02,ad0f978acaa300adfec7f4a49ce80f72d6f11cd49ca73106af6662e1bec3a4bb,d3720b524098a225d0d7c2bca621bd1339b8589af2e60044e19e6f5695e8bf9e
sycaudit__schis02_ca6483d2118985,train,12,schis02,b88ee199619e87acc7b338f011a784cd37f5d019b186cae9807ac9373dd7e71f,7da382c2c1ffc46970121085e3b036d2dc17a7c364f0338d1aed4b6da5c0ddd9
sycaudit__schis02_ca68cb4cf681f4,train,73,schis02,16582a1b7d9f5554bdcbbf488a1d8f93c50d7f576dc1e9d6490b44f3fc637044,59854a5302513773decfc96a56623262b9350c45e0f293d8896a9f8bc65ea0b7
sycaudit__schis02_ca6ce6a6158a80,train,1,schis02,008caa307bf7bc3fb96f9cedb3c4e6b0b66000c7ead30868f502c27b868009fa,67823d140ad310fd37c000e8659fec9f55e8cdb0ba3bc9bbe3cde64a9b3a3f07
sycaudit__schis02_ca71b92199af05,train,73,schis02,aec395adc38500341a2224d2373a61b998f3f7e1d59a3981af210e9213d1b12e,7119516ff1abe8313d8cb705c21512231e85b6089043423a93d03e545a63a547
sycaudit__schis02_ca84f8d78f6bff,train,72,schis02,cfee6bf1cebc5a52d677d324954b05e6b419d096d95696b9f81ca9bd88e6e5d1,67008fa1118cff66f0cb2a834e6afd7c08d0a079b9ac44b2479880d9e6d3c2f3
sycaudit__schis02_cb1417d93506b7,train,5,schis02,d2795d6215298b8fecb77d0cdcaab8df2a3664c35718de21e0f9bcdfec4f6db3,47901e7c982dfc4a2784fe1e29f9e3d6c4db5660836d4174cd7ae4e5fc6c48cc
sycaudit__schis02_cb4b8a00665a17,train,11,schis02,95d78e1899ac4a56aa4f9f2a782107b91cdd11223afca1201f3107928df47b48,bba780d6fc90815b6b527745bceaeb3e43af402fefe4546623211d27253c562d
sycaudit__schis02_cb8d4087f56902,train,12,schis02,4f6808bf9375946e4d6654b7d08d350c6babdfd05190f2d8a50c70617082b205,d721bdb69e861f99f8e99677a6b595b1096f9b4a4f0df4228cb396846b893011
sycaudit__schis02_cbc2bc6e0c8a15,train,8,schis02,20385fd9ae2fe8e7ecf766fb17ba13d1a11ae7553dfbb432ab1b6bb6623b4ac8,6b00f162a5a110fe625bb82703634d0ca5241a18a47ef6a42235bb05e106fb50
sycaudit__schis02_cc0f7c8ed48f7f,train,17,schis02,8865b92440be3c28b557279a9f4ed182479a6db17771607e193243bcdb1ecdd5,8753b1a10f4b9c9f13026f729ce2a006026e18e9ed2d621218f316d15e53f874
sycaudit__schis02_cc219362d62285,train,12,schis02,fbff058fb9f5618b30ec4a768c2328f959b2f97d5065635d0e5b0a386f484e26,79fb1c0d0096840a6f0415ef501c50cd25a16f94e6fd3921e8937d0fee77a4f4
sycaudit__schis02_cc3240b060b1d0,train,19,schis02,931e3d966d7e9a884a58cf2f429e8008bb5ecd825b3ac95e424ec78a908de269,a86103accc6848250ac1b17962fdc6ce00a150c79d7959e597f0310f6c12a703
sycaudit__schis02_cc770d651e7b83,train,72,schis02,cfee6bf1cebc5a52d677d324954b05e6b419d096d95696b9f81ca9bd88e6e5d1,a7354038a6f29e7f675afa90f934b8c8b3ef4bb2d91a51efc08fe58d86ef9697
sycaudit__schis02_cc8b0b782e57a2,train,14,schis02,6002e876861808af608c2d7255312f5d63960326a41851ddf9f850bea248e040,6b971ecfc14a196a3687222cbd0ca6141bf63834c6de01135da19c4388f50b2a
sycaudit__schis02_cc8cdfa3ffeadb,train,14,schis02,f6b434788c3f8eca856085a8eec0cfab8e2472436ad656c3fde6d7847597e3ae,8d30a3993742403abab98ff99f945dfece2984ba59286798504679e65f1cf3a7
sycaudit__schis02_cd0b0e7ad3c8cc,train,94,schis02,d4e823080f1c929e264b7e44bb4709249c76bafa200ac70023d5de1f75985a9e,8f27483dbcbe35fe0c099cf4a2dd2b6431d2bab7301602171760887218b4897c
sycaudit__schis02_cd568a50b952d7,train,76,schis02,8624452af860d629de8aa6fc4c746b8178775f0796d222a0acc276b59bc626fe,58b5fb7b18eef32d32af77a3ed5035ddbb26164742e7acdff4019e3098ac741a
sycaudit__schis02_cd56929da92212,train,79,schis02,f49e86f7146ef17426f49ac46e5474008fca9c74b4acbae342a43752baa2ba9e,386668a624a86b8e84c9b3d08dad74f5785d6bb599ebbb4bfcb83b2ab096f661
sycaudit__schis02_ce7c93fdced159,train,94,schis02,41db10f8404b207148af1beb3f144862371e063e10daaa357bd529bc2d5a6996,cc0c980cfa40880f9761ab1a0afce41864f9bc84f7c97bf271caf3b1687c793b
sycaudit__schis02_cea5678ed13f6e,train,17,schis02,22de86fb20130ec4149d2d953662e964c2da36f0f458ed79a56ba3309ea38309,1928d84dc38675a39984e722dcf5016b6c8b34327e06ca73cd7101e6099a9e76
sycaudit__schis02_cec4ff5b26794e,train,80,schis02,3f84b32108ddf00e750472e81e60543665d228e2310ce847ed15d1bbda4cba05,2c70b38398479a764423b1c890eb638a0767e1e4fb296e59afd4822ceb33d13a
sycaudit__schis02_cf194e8b069939,train,80,schis02,134e28718db031ac8d9a5fd010f402fcab1301d3aa6d86c1ee3731c366e2ae8f,d1c28c708ce5dcbb15afb10897ebbfa301b2e35b65d6ff34b5b1d39ab38e3251
sycaudit__schis02_cf31a12e6376b5,train,78,schis02,2b0e0eefbd426268e140e2853eaa7ccaf5adaaf80f026cc5f280d2ac527cbc83,04919f4008e2ad6f8b4a1d62c6454ddec8003d4af69a568f1b56f2ee87fe4780
sycaudit__schis02_cf3499fbbd4c40,train,95,schis02,66431d79d321dce964dea3298da1af50005488ff72bc2f2c52c16c3f67c14b70,ea08b812b67d6d1e033ee218d20ebeac3eef2397c839d8645b9d5d4f47076aa0
sycaudit__schis02_cf719ccabb5e16,train,95,schis02,7e0a0c5f40d3266865b2ae1eac69fbff7dd16773efe2555cf01680c2cf1b9f9f,619d355fc9ae5ccdd8e83c87ccd97d1c1bf22cbbf9b4aa8904bd24f22a53bd91
sycaudit__schis02_cf901e47f36b60,train,5,schis02,5468791d00c3e115273975209b283531308a32695f512e95b6d070bd7198e506,a8c85b456b38cbf7e2f959bc8fb4306cf16e97a27f29f0607ce5cb8a9a032191
sycaudit__schis02_cf94e7d7a0f6d6,train,95,schis02,8ac60c62c743e6e7d0b1962dde42cd691f9ef98189e9f5820eb28798ee41620e,e5478cc650b0f07705e8678d54368505774f8f87b270f13a0615528483ead046
sycaudit__schis02_cfa466570903c4,train,82,schis02,72120cce2d6c6868cf30e0d9d55ada4a9037a62dde041958719c424c9be6126f,ba5bdef56e63ee4d0777e447fb336bffeb76f37c03e08ce6138d05442ae45de5
sycaudit__schis02_d01f29b1ae9da3,validation,4,schis02,340a7e200470d611e2bddbc1fe05ef7e9e6294f5609db371a1afe46d9ff5a67e,cda7e2a1ed78b552af0cfc46c0d96332d5d1cc739c600337f4564c382af1b409
sycaudit__schis02_d0a65ac5d060b2,train,76,schis02,643e4f124ba78a0e304347f97775c2df0253e6db89fa2806a4b950e573b52a68,29bbd928497f325045d50b5d45aed43822d1b639d3098d47c801b2ce88a25a82
sycaudit__schis02_d0b5b6d03eb6e6,train,73,schis02,16582a1b7d9f5554bdcbbf488a1d8f93c50d7f576dc1e9d6490b44f3fc637044,7f2e369f506c9c8d189d34f10d23c31c75a93386ed2593d75bc83f9f282940c7
sycaudit__schis02_d0dafaa25b28e9,train,8,schis02,e6e6f8240f502ec292179af4bad752e04cd0bd001fb2c78f46ff4291d5a70fed,a5d5fd388da42bd821a778689eea0d2867bd79aa51c406f02a953d7b74c1242d
sycaudit__schis02_d1039fc8be14a3,train,75,schis02,24c4857c06f809b02a1bb9c8652f0b5629b7f999489b5c4d57ea06e00a2a1428,4c36301a1d25591563d2c167b528f25eb5721d1a76f0482b286a1d0ca51839e4
sycaudit__schis02_d16dc29ba35495,train,19,schis02,255ddca7b904e31ca334f67fb428d17c5f3db801f347c65cc489d138df826f30,1b19e1a771eb0dced8ecb8571c9cec6f98f902b026731f1d0812e6f7b08184b5
sycaudit__schis02_d20098b69e1ce2,train,18,schis02,a8c5349ebde44dc707eee38011ec338e0af4114d8f94c8532f0edd4525d542cb,b22896422daea89274574ce3cf3da8a17f689068050d4c6bc18047c7046e80ed
sycaudit__schis02_d20417e97d1529,train,76,schis02,8624452af860d629de8aa6fc4c746b8178775f0796d222a0acc276b59bc626fe,2952311fcdd4ba7b71386d19963d8a66bc14661d58742a2f588d87bc61ba3a8b
sycaudit__schis02_d22725517bd86f,train,79,schis02,17eb3f309a6dec74e37c3fe18f58f688b2458405016b6a6383539fba54c4112f,d6638a610540ad8409ffef54d33f33d2af450f755c722f89ebc18e47d6b5794b
sycaudit__schis02_d231d9e2004d42,train,74,schis02,d4e3a81d6bd4927f3b115a5c0a58b106d224d89cba105b08da6fc17399a6e04d,7191bb9acd6348b788f37b67ccab805d9dfbfed1f4f25167ce278e32dab8c587
sycaudit__schis02_d23306143fc8db,train,17,schis02,27567f3739d8e37aaab90bd759332e7218b8bad0dccda6f147532522a7404c02,29474cdbdb715d2b797200564761234758716b29ff319f70c50177776db75d1c
sycaudit__schis02_d234c10009b280,train,80,schis02,0f258ceb1c7f952a3dd6985ba866efc8d281a3e7cd7775a4502ca74bd2ebc117,82533fe92a9bdf3b1381cf7447782e096df953510eee8bf64e69780eb72324b1
sycaudit__schis02_d25099943da71b,train,0,schis02,a90ae15019dcd2ce951af128198c7e900b15de04c9ca5df42427317b5f219864,a5ab72e64d47264d33c6f56dcf07a0711712a9863799b1d14a3c71852eea0990
sycaudit__schis02_d254c9204c0fd5,train,89,schis02,db5092b610a629756e0ef9947b3b98c8b3b44215dcf74b7a5c5777a543841a0e,9b451a0deab0079504f910fb45774e58812187366d47009abd34687f9acedab9
sycaudit__schis02_d26892e5b98a50,train,76,schis02,118ed8baaf40d38e6823bff407857f29311ce23ffd7f2a4e7d6927405bde8be8,97be5da9405989cc0780d54d64cda2954f152a371bcd4ef447598e44cd551c7e
sycaudit__schis02_d2b1f5f3e175e8,train,7,schis02,af1ea38c89bd4735493aa799a84adf9975a6a6b1690834e8c1262f0f8000650c,4a48724278bd4fc0232bc5c1054b91d6dad5b87dcf92a67e5f8d1924d9b6c443
sycaudit__schis02_d2f4de34b94922,train,3,schis02,93a9ef18154c8fd6d4a5dffcfacaee621e1317969ab2a954eff2c0f8c720b342,9c6bac2225452b9dffd200eea09a55056b73b64b69a8f15baee83d29f6e2d199
sycaudit__schis02_d2ffd2cdafc349,train,11,schis02,08ce0abcdfe06d71f5cbd622398112cd3fa8ac5c1a6b9361b478ddc756a7d5cf,c0c7a083860e49e10a0c29a1489dbbfe9c5f4f91c31651a743c6c95dbd26e5ab
sycaudit__schis02_d30dd93ff907b5,train,75,schis02,c76409d138bbd67ca80f5bf1c6373d8b24309cd8217d9b92b157c4fe23235f7c,469344fd627128b222713e251bcc8a13cc1068494857eb88ce1792ba45528c1d
sycaudit__schis02_d33226de1858e2,train,90,schis02,ba640b7d55294fbf45b9f7374247728f482aaf9b4c0e24a09f85421842b1414e,3081ed4b969a65511ba3c9dba56be07b5b5fe245db7a636202a8890ac4e4a3b7
sycaudit__schis02_d339d5dc2d69ca,train,73,schis02,ca82474fc66d6a706fcbc977197b5f2061b4f42640ae657b36ab5c3b4c6a0ce0,4af3dd4817e3fdccb938b3a13247da1f7b8543ce137825719d1e1bcc99f44827
sycaudit__schis02_d3540ed8dff116,train,86,schis02,7b248165008955d6f6baee8f239f4beeafbd53c677111597146262e027c5d83b,1b58e3258d6af9c4b71b2d7c833d3dd8653fbb517a13bfca2fb0057da6da00fc
sycaudit__schis02_d39bb81d7b04b6,train,72,schis02,e5e514102c8466883d79fbaff41140e98b0389579b12c125c944f00039119416,0bee719d337ffe4aedfd59e253fec6a783866992bbab55fde072981d5263b505
sycaudit__schis02_d3ef62b78165d5,train,72,schis02,a09e37ffbdd60b1eb32232d62c5635b3c8fe90144950b4efbb24700ea772e0e5,8318df3c9bddf685aeb46e7cc479cb94815befc19f5c5f8c37af52f573e50291
sycaudit__schis02_d402028a610dd9,train,95,schis02,9103854cae6c241224e591e6aa5ce8d35ff4773617a3f120b4a951dcbc05cbd0,7c2576ba675348222bc99d3e04ee68c87a03b77a7d8138063c5ac00bb7ca5817
sycaudit__schis02_d4a15a5df5af09,train,16,schis02,52d8c1db44c46af01138446d9893e034e6e363e5e5a7713dd8f6965dc7b67c2d,79e7ccdb387e1379d5f850984dd557f290afb83f791263496937ab9a511a8c41
sycaudit__schis02_d4c9bf803c511d,train,76,schis02,6be5e193b9071899c2df3f75fad71088341fc3fe3cebf93b6c871c41bee0f9f9,323ed196a7b4f43e4c317dd7806fe133c0f0ef8422ef0a7417d4964fc0614d8d
sycaudit__schis02_d4d75400ffd4d2,train,15,schis02,4d5e6fb8be8f40629ad913a07d71ade20c02ee68bba8e879cf22b7d8c6b263eb,74304836b7da6a4d0de18d1973eac8e233b8f9251a204e567a209c916d73c610
sycaudit__schis02_d4dfb302ebb1f4,train,95,schis02,7e0a0c5f40d3266865b2ae1eac69fbff7dd16773efe2555cf01680c2cf1b9f9f,2c9f3d1a9f804ec93fd5c0106cea3bf8f5c52788915f05e2e8d156ab8152da61
sycaudit__schis02_d5697f30db5d1d,train,75,schis02,c76409d138bbd67ca80f5bf1c6373d8b24309cd8217d9b92b157c4fe23235f7c,cdbe5cfefd2e03f8365f280ba30d0708f5b4c7516f10218e3c1faceb9164a2f9
sycaudit__schis02_d581972cc76c6d,train,12,schis02,fbff058fb9f5618b30ec4a768c2328f959b2f97d5065635d0e5b0a386f484e26,70ade6e4a988d767f1ab8e6d7fd757c08817719113dae3873cfd630eafc29d91
sycaudit__schis02_d59a2ba7e67164,train,13,schis02,a1bc80584da57c6edea05bfdf0a785dac5c4c4ae9c0ab9aa6b5e0508ea7ff2f4,73864ef5385384f225cde2679864a19bda3db9d8196c7c985f2f0296b9c634d6
sycaudit__schis02_d5a10b42379959,train,11,schis02,0884e39636adafe8a2c9426bd518cddfef8ade4ebdc46b472fe22df3e3299dd2,d26bef7c4fd0f3fc343e00b61426a0a59e9757b6d179aa49a4bfbf7bcae737d4
sycaudit__schis02_d5ea04cacbc793,train,86,schis02,b77720ec1efda729cfd52620ab5a755ec805bee400b47254472418263228526c,95740cf301bf6b75042c6ced2bd35c6a232cc007202e07bfa703e2d28fe749ed
sycaudit__schis02_d6096866c329f6,train,19,schis02,7e81adf573be452f8ce6047547cb9b99dc3d8a0e02b7ba6f312df384e75deb9f,51296133e7fae99e2e8e3c5a0e16f9b735e220cb723c05cb97f53ee13fa40217
sycaudit__schis02_d61e43658c84cc,train,93,schis02,da239b6345776e18f7190f65fa0faec06448743a37513157b48e3d4e8878f699,5e8359c71303f0822c1a5bb37c32431b587ff05abafff9d3213428fb7f0fa654
sycaudit__schis02_d625662e2a1428,train,84,schis02,6bc5cda8fea386d38db689ba3a813590bc5575c6667c4a920b4095a0ff195233,2c7c3466d9e9b947917ad40b3566fe60dc9c7249abfea387bc72093da7501c16
sycaudit__schis02_d62bac3dbb264a,test,35,schis02,1889d15b81d5fcc2d189cd39e4c258f5218270db6897cb2e88ab3355d76f4f15,798cb37a91eb46c16398e9172544bdc11ef6f05a10568507f366e2a55bd03256
sycaudit__schis02_d62d09f36ce14b,train,14,schis02,f6b434788c3f8eca856085a8eec0cfab8e2472436ad656c3fde6d7847597e3ae,3a70f3937ea08e78d32a7c24620a54de58182ea46a94cb06c727349626a425a3
sycaudit__schis02_d6c5e7d3cb21be,train,85,schis02,2489a9c16913f6d737092aaa988a38e9e5774c3d356db92afe80af4acb7b0197,5b7e6d6892bd3a23e51acdecdacff5120b6514098534c8fd6b4c01936e8fb63e
sycaudit__schis02_d6d8b1a831e91e,test,2,schis02,bfc557c36cbdefe93e3f603477c1ff6c87348144a3103b1dfdecc2afdb261431,fa9d94959e7ace288441756a0bfe20f72127c5516ed52c43ea94b1d73d76e656
sycaudit__schis02_d6e56185ffa373,train,77,schis02,b4c58834cf9fd6f685cb3c28af55409833ee242f3fdf4e70c91b7b962ad205a1,3ce9c3232d51088136e4f2d9215ea46367093dda8541077241086e84191f33d3
sycaudit__schis02_d76a687be7131b,train,87,schis02,ae2e9b641b2891ecf8436140d7428b0c85ec2007e038e55bce2e882b79a194cd,fa0c8a4ccec4e340dcb20d19dee12a5c42622a92b58a0069d615cf32f3a3054e
sycaudit__schis02_d7de1072ce1213,validation,4,schis02,5ba6a5628ece3d25212b8addedb619d5c8adb3b293f0c0f394196e3c82d743d3,8bbb515882c0433cdde37cf08ac806322b59d4a876dad7eb240c93cdb0a5cb00
sycaudit__schis02_d7f62f3d647181,test,35,schis02,113eaa3e886b2e361edab9e9442769361083fe43f6eb983894798c1e1b49a0c1,91260a18da6c7b96a0986950e272af0381483cc22059c9bfa3c6c703203992e0
sycaudit__schis02_d805be890b50fd,train,89,schis02,800ba6ce52705a69ec7e04d2dfc3736f3392389a4e4d496df8480fdae8fb86d9,109277dc0f0adec13bd0ae6d11332dda76d573fae3005a2732eb5bbe8e963ce2
sycaudit__schis02_d80a6645c243a0,train,1,schis02,30df56d9f256e691021b87dc7e30b1cfdda39217f7cdefdb049fc0d01c052b54,d8c5b46a5ca6df004998fa81d0f9de3a9d59f216f68795df57df522c5b07b400
sycaudit__schis02_d87bda60fc17cf,train,1,schis02,008caa307bf7bc3fb96f9cedb3c4e6b0b66000c7ead30868f502c27b868009fa,70bcc991b869c488822ce108871c9dac648495fb7c2e12b21285c562f5981aac
sycaudit__schis02_d88684e279905c,train,75,schis02,51c563611e6a92d37bc6285ca145e962863bebdb8584a82ff1b1b146b51f013d,f659bf136841e95ab0a85a61c183d4ccb28bbebe6b99898b91f26b6dc401a636
sycaudit__schis02_d89728cce8f645,train,82,schis02,a82c118a2ad474104e0430f9a3c0e73de144f49c01f04eed4d0716988876e794,73aecaa4c4295e7a33e308b80366b567d1df1e6cc1740b9cde33c99ba8bd0b92
sycaudit__schis02_d91258e948b946,train,39,schis02,97725aa291d6b532253f1dda15ef01eeaaa80ee5fc536d4a03f06eade8afd663,c67c08eeeb96f8e587b968a504d7a215bf1a5f9af9bf2bbab53e9e54a934e0c1
sycaudit__schis02_da1e2c3ca88f3d,train,87,schis02,64c68c62398738d9c6933fd442a6541bb2ad19dbf6001c27e979e382fdf6ecde,f761894276432696f2550969d3a43ed758a74c3c3a234bb3b5d5093295a788c0
sycaudit__schis02_da42730b8b998f,train,94,schis02,d4e823080f1c929e264b7e44bb4709249c76bafa200ac70023d5de1f75985a9e,32441b95e176427b4c99025150f0bcd39ac965e277fff1a0ea6c630e238732dc
sycaudit__schis02_da4c080f52d9d5,train,81,schis02,3feb4081e64cc2ce4fe41e798e5157a907379e14d731c5852360d971943541f1,768b09a532fb092afeef4b14a04b18cf3f6c5c94b66b9583372b57fff3721634
sycaudit__schis02_da80d3264d1625,train,76,schis02,8624452af860d629de8aa6fc4c746b8178775f0796d222a0acc276b59bc626fe,ffe499fef1266d531b006950d677d5676de28fc1af29993a757ad6a2943f9470
sycaudit__schis02_dabb52667f55f8,train,19,schis02,7e81adf573be452f8ce6047547cb9b99dc3d8a0e02b7ba6f312df384e75deb9f,eb69440253c7f52259d89ac5ae4c469b7cd3aa12614dd3bc051ef814bd235445
sycaudit__schis02_dafee28eec740e,train,19,schis02,e3939d4ce33b64d19ab63eebc585030b0359617b7edb5891ed42657ba815d7f7,4c6dda05a11a3591ea579bbb6045d21680b92618a576f1c4a26aefadbba8892d
sycaudit__schis02_db41d044597042,train,84,schis02,fd6a5dcd1a5cc4de8d87adaa08fccca113f21db20c40ee21f2933fef68a4379f,43394a5cf93a35e89e00f79da06de1394ce1c7b0a8ac2bd6724e734947d4d9ee
sycaudit__schis02_db53ad91509221,train,81,schis02,3feb4081e64cc2ce4fe41e798e5157a907379e14d731c5852360d971943541f1,ce0a3920c1f615d24776561fa65089dcaa20f7d8e3ad94c6ca39be905d27de77
sycaudit__schis02_db5a98755dcf83,train,17,schis02,8865b92440be3c28b557279a9f4ed182479a6db17771607e193243bcdb1ecdd5,8008716b1e8a87d4957b6421d5c8debe1f94ede0d624920476524025cbf36bec
sycaudit__schis02_db9681409fbf48,train,86,schis02,b77720ec1efda729cfd52620ab5a755ec805bee400b47254472418263228526c,d5bb5ca193b97618fde8c38df3813deac91a1006e47f9dccdb465d17cbddc2de
sycaudit__schis02_dbe1103e6f33df,train,14,schis02,f6b434788c3f8eca856085a8eec0cfab8e2472436ad656c3fde6d7847597e3ae,9a4d22c0ac63a8252d2dde4f35a3056a1c16d59efa6e975779dd535ac6a5f702
sycaudit__schis02_dc68acfcfb2d0e,train,39,schis02,97725aa291d6b532253f1dda15ef01eeaaa80ee5fc536d4a03f06eade8afd663,650c371bec2e7ad246580bcbbd408984711edd0c41cfd0e8558a2de2fd88e3c5
sycaudit__schis02_dcb01856874293,train,15,schis02,a540e70abe5ffb3c24525dd535dd8d8858404585e8ac9c4e8e0fc4c5344f746f,7654192080d37c54a3d3b72d69f429a896557cacd2f66150a14dd0539ff48dd5
sycaudit__schis02_dd4a1abad2de4b,train,76,schis02,d502c6b69bec3e153d59163478f95f3066c820224798a497ef23600b524da3aa,3aa80f7340cd76c5c6dd178a63c396ba607fd54b7b54ca70b240ebc2e6ae63c9
sycaudit__schis02_dd55bd6cb32fc6,train,77,schis02,0396d20c654ccf5638a52918a2a697199bb6555ec06c08ca0175dabc7fcd2143,07d18caa17737d299c8147667cae495683c1ac6dbb369acb4d41a22516e97fa1
sycaudit__schis02_ddf7aed2107be1,train,8,schis02,4357666a140551b09583e54b13b78e44bfe43d51c01cabbb4d023e826a4c3c45,d9f4833d76474deffe9d52359a6d771a6c82c94dfe6198463dc8256babb79b78
sycaudit__schis02_de02ec5e86cc32,train,85,schis02,f82c062af205d4ca69adf9019b16b26add70ba1bf2a828f9d670306c9ca60fd7,6a9e18e1dbe03d5bfd02b9b674025e6fcf3d00d523940fd15f1a6684b6fff0b9
sycaudit__schis02_de359503071747,train,7,schis02,af1ea38c89bd4735493aa799a84adf9975a6a6b1690834e8c1262f0f8000650c,13134f29153c34508ea013244902587721652cbd0b1e443b94d615b6f43684e7
sycaudit__schis02_de57631af76092,train,39,schis02,79b044274cdbef8ec12c09fbe17bff71306a3db672a39bd0920809089fa95b04,fd76ea9b4a5f9a372b64ff4fbc30002dae17bcad9c675a4a4549c9fe76463dfb
sycaudit__schis02_de681413030029,train,80,schis02,134e28718db031ac8d9a5fd010f402fcab1301d3aa6d86c1ee3731c366e2ae8f,7a91f467744e3138c15e266bca0e5a7324a8416696a34025e31fd98104b0fdb0
sycaudit__schis02_de79cb3955ace4,train,5,schis02,d2795d6215298b8fecb77d0cdcaab8df2a3664c35718de21e0f9bcdfec4f6db3,0c2cb313840b27221486c5238c62681605545281297f247b95070938bd213ce0
sycaudit__schis02_deda26b4e04d33,train,73,schis02,aec395adc38500341a2224d2373a61b998f3f7e1d59a3981af210e9213d1b12e,dbd7c46e8de6fcf6ea1d24884f0c446ed5af5e78db7aacd32d27b5e3ea2266ea
sycaudit__schis02_deee1cb61a385b,train,6,schis02,d656af39e3d99bf745c79af6d4c7ce1540c8e3ce12643c7668239ab028ecb3db,14acf158c59a895f59996502492e7d5fd1471d822a56b766ab4ae087cb9b5ba1
sycaudit__schis02_df148c97c68495,train,86,schis02,ad0f978acaa300adfec7f4a49ce80f72d6f11cd49ca73106af6662e1bec3a4bb,d972f22e212aa7358c569ac81fbc2fb20360b68ad499f89011a995957aacb434
sycaudit__schis02_df5e417357af07,train,18,schis02,4d5a21bee635d478d92982e42b51729fcbd08ad31c1a2485349245eb1014d00e,0c76c363e7d6136bc0719901d3670c88e913f2d5791941dd73d015e8257d34f6
sycaudit__schis02_df6112542114be,train,10,schis02,747d2197fe84fa203d81729938922ca2fab8ebb1e19436cee371e6e684f6db38,b14c6bc53e3f9635f0e73410c5af226b956df9dad8971806f166ced9a92583fb
sycaudit__schis02_df87c689bafb77,train,20,schis02,ddd3d2a2795989661145780cfbd9542c46504fafeeef7a3533392cc672a062ff,39b3ab53767b2a66e0f1dc7cacd53d09e9ddf7bb69a633ceea6016a62752ef40
sycaudit__schis02_df946b79db518f,train,82,schis02,89824437a2f14b4a828f7aee816cb76deba207bf2287d64851ef1761a362fe56,0fe0dfe09f6a94cc864a359662196e82a24d5430b18670b846c26aa11bf565ba
sycaudit__schis02_dfc895a9e41c74,train,12,schis02,c33dd86d07985a300223f6cc5f15b076de9bb425522ce303dcc0e1b0d27163a2,dddc0a7e7ef92142d4c0e97733b2e9d43faacd61a6fdb49313108c8ec87cd4a0
sycaudit__schis02_dfcea3835cc771,train,39,schis02,55db156153ef610e8a1ce4be8d401c0e926d376836fc82fd6917faa316341d34,f245dce6e61b80d7bff2f24a541f736164e2ab48af8e1be4eaa53828eac0404c
sycaudit__schis02_e02035f84486a1,train,19,schis02,42b8a0faf81313e2c13b4a0ed5dffb5063eb2566fa3070a04cae729a48873671,6ba185d1da34490ed7c75e209513e47d2767d29226537efed66af3d45304b2d7
sycaudit__schis02_e04ed712e85b6f,train,82,schis02,9c28e63526ae3208bbf5d8dcfdc4fecccde97ccad1b07a7719f56fc5074f2868,1ccf335d0ce8273ab8820583759a9540b27bd4362b449f5658565f92e766a93a
sycaudit__schis02_e09156f88317fb,train,20,schis02,1398cbba4b73c2c030427c1cd7dbd8620c78d9472f6caf8d5c5eae25a0f9f251,b83c554595ac1e961f67b88d2011f29cac31028b0dd728f333a52f257ac2651e
sycaudit__schis02_e09e9e4505e7c4,train,0,schis02,a1082d315424fb2d854231eacb3dfde789ea99fd747c82a9647bbea9c326249a,e6c062db8f5af91862cf6ab2f37d66e8de89416471100602cd44a84811669280
sycaudit__schis02_e0b6ef846e4693,train,74,schis02,4de54f0bd1ebcb2b7a95571dd22b5379779bf745898862c6a980f9345adeded5,5f24a7e1facd5c781c2d585f2a891d88f77a4514b6c45c2a999baf345bc9aa1a
sycaudit__schis02_e0bfce1942c3f7,train,76,schis02,118ed8baaf40d38e6823bff407857f29311ce23ffd7f2a4e7d6927405bde8be8,28567960c189a56388c185720593e1e9b8563cfb5914e1900c09c8499d89a884
sycaudit__schis02_e0d1019607af34,train,17,schis02,cc40c7b3b421b9d9a3248e08127aa3f1786986e0bfb3678c16f72a2a879bd0a3,907b1e873ef3f384e30b5ada262a35624f1a540f6984ce8e1828b7a8222432f0
sycaudit__schis02_e0f10cbe9f44df,train,84,schis02,acf05cb5e2c2a1fe04000d323da12ae89d67e12da624f2f934587428a00a2152,84660900891059930ec7f920033600bc6e1894e2b2bb9728487fe036af52f185
sycaudit__schis02_e1064575551c73,train,87,schis02,ae2e9b641b2891ecf8436140d7428b0c85ec2007e038e55bce2e882b79a194cd,81554827854d0e8335626a72ade20fb01a785dbc2529bf88065c99f31a58815a
sycaudit__schis02_e14f533ded18ea,train,12,schis02,c2ecff6fe2faba93b13c330f775255ffdf360328b604c095b364557db9908bae,27195f55ef8e922ef6fc036109bca7410b071d19b9c34a7564a08e298cfec061
sycaudit__schis02_e165fd644f24d2,train,13,schis02,28c9d56f6d1c63a67e56bfdd41145df5fe71519e6923c105a480fdf788329fe4,c7ce31793db34dd80b95eaf794c3a9ef365fdf1c4fd7f9f551a0c29953ab76d9
sycaudit__schis02_e16d6fbd71830f,train,8,schis02,4357666a140551b09583e54b13b78e44bfe43d51c01cabbb4d023e826a4c3c45,67ded32228f7343a2f1fded6ee7fa040968bc50021de3dcf3c1e1c2e5eba33de
sycaudit__schis02_e1df6f8d54f7e9,train,73,schis02,ac93b650221e435576c8e953bfa7c8f3a967ef55aa23d4d8b2de4449fbc57d07,b572d7cc95bced90a7c61dd2a6c12be0aeb8a8f247057a4c3f84a91ed1cf8909
sycaudit__schis02_e1ffb2e76a9373,train,84,schis02,acf05cb5e2c2a1fe04000d323da12ae89d67e12da624f2f934587428a00a2152,1497bda0f034d29dc305749d323ce26bc5ae8b446d193a486a0d189c5f4ba5e9
sycaudit__schis02_e204f1cb7fbad4,train,94,schis02,233e3c2c6b778a4db4e6369209bbcdbc09c1af2114b852708badcabfe3c49aa3,2e95f85baaff2f6a06631ab2db4a390b4823340fbd440454cf878fa4f8571661
sycaudit__schis02_e22de6a5d29a4b,train,0,schis02,a1082d315424fb2d854231eacb3dfde789ea99fd747c82a9647bbea9c326249a,b3a73a380b23d6433693d65f961441ee932df8e82d124e9eff3cbd3e6b998c6e
sycaudit__schis02_e23b289d18ce5e,train,11,schis02,abb7ad2812e9bff6d3a6540fd1c6476301cfcdc14c4b338f859bdd1fd9de9edf,d98f8459057a96b40644c9abf859874db4aeecdfb3a08be7a2adf2ded2fba050
sycaudit__schis02_e2666fc4aadaea,train,7,schis02,608aef7f9e627c87c54ccf002440aa2c6cff5b0a117219fcc3249c4479c555a8,2db0f13d0a2aa8c124dae6ca373cb22d767bdcc8c6739d9801bb8119ac8f5f39
sycaudit__schis02_e27b36c9f86bfb,train,87,schis02,b3a12a8dd90625bf6dd923980efb197d0509c1f56e5570352d827a5eb1061296,e5abea2b0932a0cfba4acf947e030c67ccdd638a7c87b41a4629aa7b784d2d0a
sycaudit__schis02_e29eb0093e5bbf,train,18,schis02,1ef8427d207a0a45ec8fe495bdfea1c850507769869b5120632c323efee3ad2b,9f4a039d7b4ab917a821b84329e40d243fc2be11ffd7b7d24339c1818d3a561a
sycaudit__schis02_e2e060754bd173,train,83,schis02,a4320971e5015c70d29747505d024362464ff1edd3b3a4a3ee855b419fc3ed53,7e8f984d674253aff935d30276fa8dedbf7ac34cfbfe1b1b2943a95933afadf3
sycaudit__schis02_e2e41e9372144f,train,9,schis02,6d05a553cb48656639a93462d29085c0fdab731748f1a4dd0a0141a63682a785,7a08e824f7cab0052e4774dc70ebc6719e5b04d448becbf4f95249e0a4d43a3f
sycaudit__schis02_e2e5e72fee3612,train,82,schis02,89824437a2f14b4a828f7aee816cb76deba207bf2287d64851ef1761a362fe56,e27aecb724b50f77f04cd5f6cd6d20acb8457b525defab614799494301e3b515
sycaudit__schis02_e2f4dde394ba9c,train,91,schis02,54ffaca510aae7317e920b686850606f5bfd6b552f817c5dc132c31ff125687b,e675d481ac5dec35f22bad5f99e189f9c793dd82b387b54187c239d5b63ecdea
sycaudit__schis02_e3155031ca84ca,train,15,schis02,27b139618a828e080c1580ee10dc9503f4cc8ead742cca294c8318bc5f7f7aa5,ab430ce8c34f5e874909e7dc70347ae6b3b569fd7e2de15259d5af6374cf132c
sycaudit__schis02_e34d25c824657c,train,8,schis02,ecbb5e67233e05ae809e5670b2ba505cf284ad6e7b6e81639ea43d3aee4637ba,9f22fc88e59315a40c8b038034a4ee1bfb9e3931c3423b1e6fb6e8ffc323be2c
sycaudit__schis02_e358ef69ccbafc,test,2,schis02,85abaef3d888015b411f1f317be5b7b43a97a09dca77e04e6fe7da0c22f5123a,c16e5acb606a2070eb6314b8e76cc85069de38bd375a93db210220c94e591a34
sycaudit__schis02_e3a6e2dcb3d129,train,13,schis02,a1bc80584da57c6edea05bfdf0a785dac5c4c4ae9c0ab9aa6b5e0508ea7ff2f4,741faf37ae2d76715d99474e05a780ec8b34bfbedcc1c3312882e178e98d7496
sycaudit__schis02_e3c0fedccadabf,train,80,schis02,e1bf3d528313a2c609629f6885c82931eb278afdb1ea9d0a36804bf54e7cf618,262c08b122778fb9cfc22becab254ac2ce3cdeda3835b8bc57b7605dbeb7b1b4
sycaudit__schis02_e40c1f920c1a39,train,81,schis02,f66bddab9b339601dfb073b940f661f11e9b37e8a7b68b4af638f58527460dcb,2933ac2e6e57accaf56fa7d094c85e7d870246d70c24784d97e771e181561f1d
sycaudit__schis02_e426f480f756c7,train,89,schis02,c187feb9f6d3d9eea7d4b5d481bfa0dd643da7b17f14947705248cc3b5dae408,ab304a028770eca0560ea4271a13fe5746a2acf7f547867f09d585d9d2b7c781
sycaudit__schis02_e45c913cfa002b,train,82,schis02,9c28e63526ae3208bbf5d8dcfdc4fecccde97ccad1b07a7719f56fc5074f2868,de96b5a4c30be56199eb864e78f7b557dcab5116968fb2c0cc01e054a32d15d5
sycaudit__schis02_e462907147bdf5,train,87,schis02,029c4a5e1e6be74b2603cd25804253f5c30b9196fb166359235b9d345f4391a6,9a54b0edeaa235c0b69ef0bfe2b9112e826c779644bebf937154fc6b4328e65f
sycaudit__schis02_e49f86a63b0862,train,90,schis02,6aa00bbb4e2e5873d394987f1c4f1ffb35ba4f75787221d54fc23910d2a69b42,7324d426cb0def54a4aaa4e49bce13357c95b53bc4d78e5bd22805be2dd0d847
sycaudit__schis02_e4f266bbc90c7a,train,17,schis02,27567f3739d8e37aaab90bd759332e7218b8bad0dccda6f147532522a7404c02,03097866ed5d0b0e13c2fb90f4940dca57a1f1952b722ed99ff17db99b3fa21d
sycaudit__schis02_e5010b00867794,train,79,schis02,dc196ceac1c018eb2efc52b78a708517b75d329ea2415bd2a51936c10fbf3b6e,c7d008a53ee830a365e746969e367dd0573d60c450adb14ef141762146e26b40
sycaudit__schis02_e5233d65630c8e,train,20,schis02,c95afbf7a6a0a000b8de779a5b4ea3ccc429000b3129eaf76bc04dd584f7f9aa,e219ecb5528253745a326bb8e48957cb2dc3fb3cfdd21664ac444f813d0cb5f7
sycaudit__schis02_e529d49dd756fe,train,81,schis02,5effd19cdf9cf41152696b46cb2a9afafbd43b46c0f28788979063989a3b0955,29fe534025caff6eac743b4ff309bb7e7161d6234abf68ec7446fbdabacb4a54
sycaudit__schis02_e54d739052d936,train,20,schis02,c95afbf7a6a0a000b8de779a5b4ea3ccc429000b3129eaf76bc04dd584f7f9aa,cdd63b2ca9c28d7b6cc17de46d269886190debfd24b045eecdf5b5c486513a9c
sycaudit__schis02_e585b6ba14e2de,train,12,schis02,69acbddec210f87ae8c5934ebbcb25db4dc4e6cd30645ab94c7e2d90789597ca,4ce76afa5e7667344f0ef122fa6ea1e40ecc512cd1fb34f473691e91660009f3
sycaudit__schis02_e5da56c0d0ada9,train,93,schis02,e0e07b0d3bc6a50f18b0fec2333c3b7b5ef871d8975ebb10065ef8a3d0906fdd,6073790d3915ce41bb1a52a1e4e4e9bc9228cc0d33fd03f95f8056da88129152
sycaudit__schis02_e690c6a6987d08,train,16,schis02,3f2375a7b42e42b743d07cde24868b97a98a0ffc8bbb67dc3e492748b4008a8c,77a661ada2021e7f78326afaac00fce397e8f9eb1a4a0a079485783bc82722c8
sycaudit__schis02_e695e6d12bacbe,train,73,schis02,aec395adc38500341a2224d2373a61b998f3f7e1d59a3981af210e9213d1b12e,ed7434aca2042ab159bd13b176f9923ab6408f2ee657a85f99f77cc085403e7a
sycaudit__schis02_e69fcbb4acd736,train,90,schis02,4bf990a11cd24556adf4535d597f0ba9b898507fd250177d4d978d55e3658617,3ed859253c595bf74064687bd53e695afb8283835860ffd9051b5979cf911414
sycaudit__schis02_e6ddb1ac59b146,train,84,schis02,6bc5cda8fea386d38db689ba3a813590bc5575c6667c4a920b4095a0ff195233,a131ce21169f5c03059cd3d78798f6a89f12bc015d83183d2c2885de73b114b8
sycaudit__schis02_e72f995cd82d10,train,76,schis02,6166ed55f15e59522f3f68c769b1f18b7cfdb554c39052de71a66ec047112a1d,f71a81507b37e7aa68e5894e9b49cddb23e00a2bed10598ff97d32f538cc068f
sycaudit__schis02_e792651477d0bc,train,82,schis02,72120cce2d6c6868cf30e0d9d55ada4a9037a62dde041958719c424c9be6126f,828119871a8a18181c991267322f3c9f9f5c88ac2a8bbb38726bc8ede1062d3d
sycaudit__schis02_e7b9b937a6465d,train,74,schis02,4de54f0bd1ebcb2b7a95571dd22b5379779bf745898862c6a980f9345adeded5,b6a07df5d36fa8d1fb889771e54a93cc640327e08c7362ee123cc5d3a4a1ba22
sycaudit__schis02_e7c4134f62b901,train,93,schis02,56b36a8dc31a482b3f26ba752e899495129d774ecc642d9508f59532de940869,4a5f96c0d0d68cdc60e246151e2f3dab73def9b9142c3610b5dd5bc34b2a3b56
sycaudit__schis02_e7de7bbfdceb2e,train,91,schis02,eb4ace7d02c5d396bebcf29c09f0ef09e25da123b27321090e09b3c545785676,eec6f3b948b0acf4274a1e5a17820225f3c946f0f4db8c88a23d1f4255f4396c
sycaudit__schis02_e817339f2b2ba8,train,82,schis02,72120cce2d6c6868cf30e0d9d55ada4a9037a62dde041958719c424c9be6126f,7b610c9aa92621262de6501c388f526548095d9122099a0852b3ed8698038c8e
sycaudit__schis02_e829fe5938bbfa,train,39,schis02,4c1c151a47d6bb6db818bba8da727269f2eb6002c859d553baadbfb2040c25b4,1fbd7cadaf12c7387cfc70a3789efb8b0621076892c18e36060c113294650b35
sycaudit__schis02_e8a012f7bd06b7,train,83,schis02,cd0012cccd1c435dbf8658a578ec8e4b5615d075e70bd563a50b1b14a8aacb7c,4d9ad9378df4d52f97a4326f0badca5c32fd5b9aab209ee865b1852d5331c23d
sycaudit__schis02_e8d03aafddd498,train,10,schis02,b736a8aef363bec096955c33a5fd1d7f2b721b2b0b30ee4fb003eb955453526f,b6eade8ff45b2c00c2c1ab4f2c7ef07c511e563931d0afb2048eaa9acc844049
sycaudit__schis02_e8d581c09a08af,train,85,schis02,f82c062af205d4ca69adf9019b16b26add70ba1bf2a828f9d670306c9ca60fd7,fd0adc4148ab4b3a93f393506085131ba85e0a5703525fc7e0733e5a43c4560e
sycaudit__schis02_e8eda9b3617c66,train,19,schis02,255ddca7b904e31ca334f67fb428d17c5f3db801f347c65cc489d138df826f30,0e3f3c44b519fe47087cced49972f10e55822c68cf8ae507a5963ccda782e299
sycaudit__schis02_e8eff1ef62c667,test,35,schis02,1889d15b81d5fcc2d189cd39e4c258f5218270db6897cb2e88ab3355d76f4f15,d9cab9328c94ebae5b49dfc555874557fcc743c4dd1e347559f671fe3e236ec7
sycaudit__schis02_e8f5ffa13802cc,train,73,schis02,ca82474fc66d6a706fcbc977197b5f2061b4f42640ae657b36ab5c3b4c6a0ce0,c65b58e43cc4f341e4b099464c22cb4abae18deef099895c28bf0fa68744f0d8
sycaudit__schis02_e9005d4bcc14a7,train,72,schis02,a09e37ffbdd60b1eb32232d62c5635b3c8fe90144950b4efbb24700ea772e0e5,01cfbce98be31a23939b0ffdc1030bb0200670fd0fc92898d177f25ab4078674
sycaudit__schis02_e94f3d47b0f632,test,2,schis02,9f8850e91b5d3a51ac1801f374346f9706ae5bbab9c73fa40d34a85307b7c14e,23d19a79f4316e401a59156d8ef1d49de20b6279e4c0f9b0595756cd1b197e3c
sycaudit__schis02_e973474739470d,train,83,schis02,2951462437846b8c59d465c7bdb045be07c64ab4fca9392f33ff23ce50c5fd2b,3c94e55f5ba945edbe5ac9aef4bdbd27f116cb36c6f3718e4680f31ab2ffaaee
sycaudit__schis02_e978c556d9a6fe,train,82,schis02,9c28e63526ae3208bbf5d8dcfdc4fecccde97ccad1b07a7719f56fc5074f2868,e1b60d8c214c2fcf63b9ede987b0b48d9ecb28da3dd79d044cc4f8c0c0ef80d4
sycaudit__schis02_ea7f0f27a97b47,train,10,schis02,c3b3a18b6bd2d5e5bf7d544f3394c9f06186c67c2354109a3460731ed7072e4c,14fcfd8fef5dd40d73c1a60288e937408198216f90c308372d0e0a9b82ae2248
sycaudit__schis02_ea906588df0105,train,12,schis02,b88ee199619e87acc7b338f011a784cd37f5d019b186cae9807ac9373dd7e71f,c0b3b8cbf4f0b3f1af3af210b3a9e9a15963a1db9b5f7d0a8e379e860b79f3e8
sycaudit__schis02_ea9b67b6a10197,train,73,schis02,16582a1b7d9f5554bdcbbf488a1d8f93c50d7f576dc1e9d6490b44f3fc637044,c764824f805108867a2207e89a00d068aa33f50842e51ac829966be8b82eae6b
sycaudit__schis02_eaad89f32c64b7,train,93,schis02,bd44230c23e685d9827f183cbefa8aa4aa6ff75f68bf7480187977df957f89cb,940a680eba0c9352b2f29c9f1800073d8b884e1f6076cf01df0fd98bdfa12f82
sycaudit__schis02_eb203c5ca50dc8,train,85,schis02,f82c062af205d4ca69adf9019b16b26add70ba1bf2a828f9d670306c9ca60fd7,fe9c192dc688cf9ddaabd5fbee04ab664fd76a316bf9a42c6ff0d0048dd050fa
sycaudit__schis02_eb69e8c5db63c5,train,78,schis02,edaecf58d5b866d3ec9d0e40f11c1f19b6303ce24282ae150600892295ba7c6b,633771d8d7ecd4fb3adda8df89af033ac835c352c027dfbdac7c46d615f1fe06
sycaudit__schis02_eb89888f199345,train,12,schis02,251dfa7a5cc7a309c858aab9f1e23bf47f10d141100b5cd1d01fc628de004856,beaa86d5a3f076baa88da44f2367d6f5d76d78298230677986a2e046302cbae0
sycaudit__schis02_eb956c50ee45dc,train,19,schis02,931e3d966d7e9a884a58cf2f429e8008bb5ecd825b3ac95e424ec78a908de269,9a2fb93127422744714862a775bc7bd7d8ac45797a2c0f58b684256fe86e668a
sycaudit__schis02_ebba44f6d60884,train,12,schis02,4f6808bf9375946e4d6654b7d08d350c6babdfd05190f2d8a50c70617082b205,2ee2275e629a6de5fbd179ced1b0e4cd468cdc3a3de434317fff6bbbd5d48433
sycaudit__schis02_ebd5473fb99828,train,18,schis02,1ef8427d207a0a45ec8fe495bdfea1c850507769869b5120632c323efee3ad2b,a5c44334433aa085ffd517ac57240174274a106438a84f02de2b21905bfa7c58
sycaudit__schis02_ec2be6dd913f9d,train,85,schis02,4d3858389f8fdb638f1c0e54fd6372bfa1698e313b007b43ca0d166680bcca48,a7a30d9eefc0926610c44732fc2e8d7a83bc6c67c82d8bc2a845fc50a30b7824
sycaudit__schis02_ec4a8da1237d88,train,5,schis02,584f02b23fa5f5a742f3a19c247d58681362068ebcfcdc50a8d57b974cfeaa92,92a01a901edfe475fa1904f919a087fce8ab38d2127ecc7194b2ed64de33ee1c
sycaudit__schis02_ec53cfe6e67942,train,6,schis02,d656af39e3d99bf745c79af6d4c7ce1540c8e3ce12643c7668239ab028ecb3db,7ce6ba0866be604ef402538a73b0c640bb804bb198703157f33364ffb2b4d714
sycaudit__schis02_ec62c85cfd3874,test,2,schis02,bfc557c36cbdefe93e3f603477c1ff6c87348144a3103b1dfdecc2afdb261431,5ca5f79e45753ef13f49147fc685fe7f6a9100ec58689a650468342f936ada29
sycaudit__schis02_ec9a8f515fb2af,train,76,schis02,643e4f124ba78a0e304347f97775c2df0253e6db89fa2806a4b950e573b52a68,c4a1b75f60b70d41a983006a2a88a80147ce65a4e5b2ea5f9ff85beefd61df8b
sycaudit__schis02_eca97e2dbf5df0,train,12,schis02,6d73b7e92c45ae90c0e28a0b8d169eaa316e96a10db65cd0c902394ea0f0b34f,ade3558523c2b412e690d5cc94ae7d4bf22105f543d3b8c3f73472881489b649
sycaudit__schis02_ecc9d5919c77e3,train,5,schis02,584f02b23fa5f5a742f3a19c247d58681362068ebcfcdc50a8d57b974cfeaa92,bd389f6fbbdff3e9790ed5c382e9a290a4ad0f902d2cd0e3c01a92663be855c9
sycaudit__schis02_ecda315c6e1491,train,13,schis02,30010687b831459107cbf029b6431ad6c3b9dd5da6da5d053f790eca6fc3cd1c,90b35955f5469e31a58b1496cf8620547cb41aa8acca685c079526909af6f5bf
sycaudit__schis02_ecdb65751a3df7,train,13,schis02,525cd3550528b7e6a0efd7aa74f8e4f2d702370d9f26f38325ab77903f3262c0,2010911bdbc027ed5b3b06338a56b4fb4f516c757bcf8cb4fda8a93d8908e9cb
sycaudit__schis02_ed1c95e9f57cff,train,76,schis02,597dd7d2c947ceca8b9fabfb64e1e8f850cc9db7824f7de0d4d7283f1e1e1737,420dce0920405e7f2d882f3b65facdefca8cb29f8343920d713f525067c3cd7d
sycaudit__schis02_ed23fa4e66e42e,train,15,schis02,27b139618a828e080c1580ee10dc9503f4cc8ead742cca294c8318bc5f7f7aa5,ed49c0dcf0cedd779ea67276dab0924e3f303d98982598d493c843922dd9bf01
sycaudit__schis02_edadf9858fc37d,train,7,schis02,608aef7f9e627c87c54ccf002440aa2c6cff5b0a117219fcc3249c4479c555a8,0fc2e1cf86b7b274f1603764413e79dc202a56bfdd60c95ce7fcffe46ab71aeb
sycaudit__schis02_edc306e47c377f,train,20,schis02,1398cbba4b73c2c030427c1cd7dbd8620c78d9472f6caf8d5c5eae25a0f9f251,b4b713584c0e13011f9b91510cb3b11ea25b9a45edb4d1f39b10493bf83cdc9c
sycaudit__schis02_edebd0f3f36fd6,train,73,schis02,ac93b650221e435576c8e953bfa7c8f3a967ef55aa23d4d8b2de4449fbc57d07,d0535b60e80c93cb87dee0201e5c2ed81e1df6491d79bbc8d0d27b5a169246c8
sycaudit__schis02_ee144d001dbde4,train,1,schis02,80ada055900de1c77e86a094f6a055414387017c6fc1c52202bfe3aec60dfe91,8d6511a7d85ebf7517c58ccb664f96c17adf3992e114b862284d841dd47abbc7
sycaudit__schis02_ee15a2c4d7a209,train,1,schis02,832f888d597876e4cdef78cf660c6d9bd8f291339935f868e684fd23497cb815,f222a7fc8d281792962cc4add2b2d03954a2ccdc4dd09c3df05f065935e165b3
sycaudit__schis02_ee33cf46ca8ae0,train,88,schis02,80f60656fc1f7fc21bd7bd25386978f624a66de795c89778a7d076549847fd8f,69862d7462e8db9b52c3df589a6de15530d2fa1c0258f85d95b3d7f41f7d642c
sycaudit__schis02_ee4a875d4e84b7,train,12,schis02,69acbddec210f87ae8c5934ebbcb25db4dc4e6cd30645ab94c7e2d90789597ca,e74202a497c34647c5282992f81eb2efe2a9ae87bb89842d8ea65193d9ea1180
sycaudit__schis02_ee55716a089d0c,train,83,schis02,2ee80b9b84b03f002cb08c2fddc46407fd01f27f8de3f0bd0653724fe3326a15,1edf05171f4d154fee25689fef82dee008916183736d625f06d53c6fe0f4b09c
sycaudit__schis02_ee5a5ce281c8ec,train,80,schis02,e1bf3d528313a2c609629f6885c82931eb278afdb1ea9d0a36804bf54e7cf618,3667044fbfb86f79f3188d71417db25978b698f0b60e122ae3fe396101f14ece
sycaudit__schis02_eee484d6f487d0,train,1,schis02,008caa307bf7bc3fb96f9cedb3c4e6b0b66000c7ead30868f502c27b868009fa,177246a2732cb66707436bba702f6f2bc2b2b6843b6c84f76fc6bde7cc372f93
sycaudit__schis02_ef3c87453d9b09,train,12,schis02,b88ee199619e87acc7b338f011a784cd37f5d019b186cae9807ac9373dd7e71f,5269fbbb3e4b719ee17fa535ff86c5f6168234e94b1763b20d616718986ce384
sycaudit__schis02_ef45bf2a91b674,train,3,schis02,c4ecf53d45a936376d77bedccb4709fcba5bd844b0b621773a73c0aca0bd00fb,e1ebc12995749c29d519a664869e3e5e09534b74d16fc84998775e28421760eb
sycaudit__schis02_ef46f27c9d54f5,train,18,schis02,1ef8427d207a0a45ec8fe495bdfea1c850507769869b5120632c323efee3ad2b,7e9c6e7478eabccb91e15fcbbf7c0c2e321aa91043baa4b05c8495c14300fede
sycaudit__schis02_ef4a3be7dab263,train,16,schis02,6164f1d78613c0fcf8a5824da5d955acc832b3a694da0a0a5b6eb87ad76448fe,975b132d3ca222c80d8df8ae19089a456d4aea375aa30a8c2129115aab53abad
sycaudit__schis02_ef646d5b499ee5,train,0,schis02,d3926a8563a630c5623479a596fea30cf7a671f0d67a1e0871c16dfa3addae56,c90b2756b2595fe3a012d97646e9e4ad91ec24f9f492b6d9ce2198cf7e5a5e2b
sycaudit__schis02_efa8b3334342c7,train,39,schis02,4c1c151a47d6bb6db818bba8da727269f2eb6002c859d553baadbfb2040c25b4,9e6d4c893b73e2b8cb109c85313bae9c585c206614111618a9326356795ea653
sycaudit__schis02_f045ad653c1e55,train,83,schis02,cd0012cccd1c435dbf8658a578ec8e4b5615d075e70bd563a50b1b14a8aacb7c,7e0bfb430646c13355fc59b9314fdc820be76df7d67134144669b29cf13eb8a7
sycaudit__schis02_f06fc53c1f54cb,train,76,schis02,d502c6b69bec3e153d59163478f95f3066c820224798a497ef23600b524da3aa,6ffcdfa783811830b0f75fe0e17d1f80b8dd7f2b02c099fc5380095cb31091a6
sycaudit__schis02_f08588f1b425d9,train,14,schis02,aa0dcffae47e0385e3e10ca1af07f7b4908db61409f4eabc3924442a509abd1c,93d667243ec12898d3e88d0604192372c50bdaffcb1edfad04aa6d101c18c317
sycaudit__schis02_f0aa1ad521d195,train,18,schis02,1ef8427d207a0a45ec8fe495bdfea1c850507769869b5120632c323efee3ad2b,93ea0e374e3491ea323175f853be53326cf95ec7706dde384cec2714ba6ed994
sycaudit__schis02_f0aad71a16201f,train,12,schis02,fae7dae5ac61f4d12138c26ccbdc6be912b0a88452e6a1796b136ba3830c1335,079f094d8659e5265465bc1bd8445fa332b07152539a5bf2fd7b5c8111bec50b
sycaudit__schis02_f0ab6f80233657,train,6,schis02,d656af39e3d99bf745c79af6d4c7ce1540c8e3ce12643c7668239ab028ecb3db,421b3bc3dca9bf22fb63463c64eabdccc7e74cf9d648b6c66d109ed105e09c48
sycaudit__schis02_f0bc69963afc42,train,92,schis02,1bf9b1c678748b618303196e6f4bc81dbecf6ad5e5558cabd4e4431f0707fa01,919e53694c5253fd161a4663f5a7eaaf1f55f0e815013cf18390f9c8c294ac28
sycaudit__schis02_f0e58c58962bc4,train,16,schis02,52d8c1db44c46af01138446d9893e034e6e363e5e5a7713dd8f6965dc7b67c2d,9d1cb3b5d764a87fdb0463fbe27e29b1e83e7f54f754b25e15845fe34ebd6a9b
sycaudit__schis02_f0e9727ce3677f,test,2,schis02,85abaef3d888015b411f1f317be5b7b43a97a09dca77e04e6fe7da0c22f5123a,aeab630b2406b43977e6300f7158ce3c272792913f054cbb6e4f1b74bf86027f
sycaudit__schis02_f128925e9c3fde,train,3,schis02,f5ced92cffcca5b99ed38e837af6508b039b4246c4804e21ee202653e64e0c06,12460ae4506b426000c82543acaeccee63d77200993469339ec25abbc0c25edf
sycaudit__schis02_f1422e07a37985,validation,4,schis02,340a7e200470d611e2bddbc1fe05ef7e9e6294f5609db371a1afe46d9ff5a67e,69f87ab2e57c89cd9a3999e1658a5f76943faa96aad0e780702fc7ea69fb69b1
sycaudit__schis02_f17fb6859d117b,train,82,schis02,89824437a2f14b4a828f7aee816cb76deba207bf2287d64851ef1761a362fe56,e9392b1c79fef51368795640861977c85c529ca66e2ed94cc2f7476bc16b4e3b
sycaudit__schis02_f1821d1aceaa2b,train,73,schis02,16582a1b7d9f5554bdcbbf488a1d8f93c50d7f576dc1e9d6490b44f3fc637044,3dc61ffc00669a410e328f618895770b9da60dd937313b0a7d31aebd60190d4c
sycaudit__schis02_f1b4cd322aad47,train,92,schis02,14c349cf13eeb5a220e77c260d1f8f99953c465d0ccad77f980c02da3c98e33f,cd2d96698950b63e3626dbf76d903b5906fc469250232975fe90c087efa0bd82
sycaudit__schis02_f1beeb49dd7b34,train,95,schis02,7e0a0c5f40d3266865b2ae1eac69fbff7dd16773efe2555cf01680c2cf1b9f9f,f2287933642e1b0d28a38c5c9417efb17bbc5d6d535ed50c12cf3cb032fe5932
sycaudit__schis02_f1c013177e0cb2,train,20,schis02,6e4bb6deda3185ef3b4ca6716c38b90e73b375273424ba19c242f5b2e18c4e54,f16bf872a9c0049541bb13e72cf94af8bdde22d42d23f264f114cd0e94765ba6
sycaudit__schis02_f1c8ba12dec1e7,train,78,schis02,2b0e0eefbd426268e140e2853eaa7ccaf5adaaf80f026cc5f280d2ac527cbc83,46a88b873a0b08b0afc4f829d47a615943142b854bfa7b0cfaa6d9a10376779a
sycaudit__schis02_f1d5bac35cd753,train,9,schis02,65f941631695b37455ca90a2624b924b97f0c39933873d7fd2b8c3965d09b383,89ef0add27fa12f1cf2414360539f24769cac95023793ccaf5b7125b5ffa1d95
sycaudit__schis02_f1f77071ee13af,train,81,schis02,8b20da92c623b141f678ec4bcb6783859798ffc92542a85836144ceb17c62d00,a1fb73e15317a6543da1ae70bae7e905963eca3202bf0f36385a92901d7f35e7
sycaudit__schis02_f225714c25d7a6,test,35,schis02,1889d15b81d5fcc2d189cd39e4c258f5218270db6897cb2e88ab3355d76f4f15,72cc58952f7ad5480ccab5f5e0c26188c600beab72fcdb650daaf9b1db006229
sycaudit__schis02_f23d19229b43a3,train,92,schis02,371a8a03382db2f20638d3996996058bcab04e2093684e32fd2030fcc95b1aad,f21e45ffe7e0d6869e5861051eba626c09f4a6d35b54ea84fe0bcfccae45712f
sycaudit__schis02_f275edae1ce746,train,6,schis02,fa937722b59c19c3e6fe96e109764bb070540589b1fdbe76cba79c418f8736e6,b9d39ebde16449e06fbb441ade411fa91f84f20ac1443afe116b3d460b8093cb
sycaudit__schis02_f28e877ca619ae,train,83,schis02,a4320971e5015c70d29747505d024362464ff1edd3b3a4a3ee855b419fc3ed53,5503f9e6cd37cbe427a659dc5cb07566713317b3d8cda59fc799ad3bfa26623d
sycaudit__schis02_f2cfb8b06353f6,validation,4,schis02,0aca12218c7e9eb799d59e72b45653cd4947172c8b13e21e4697516248ffcef0,5bc345001adcaf16910608f4d85522790c8dfb4b1603b8ed77dad2670365b879
sycaudit__schis02_f32f7e060c4be2,train,5,schis02,859511de5c023e66f99c7ae1edb915cd7a48a6307e81648fd6f14723c9f6fdf9,7dabbd5134842e7bb1897e9d360d2dfbe782c4b312af441a362eb7d731a6fef9
sycaudit__schis02_f35a929ed92488,train,10,schis02,b736a8aef363bec096955c33a5fd1d7f2b721b2b0b30ee4fb003eb955453526f,0ff4da613cde5c1f5220935aa1ca487092e18b4036f470feb62ac8e613e5aaae
sycaudit__schis02_f369ac4a5d12e6,train,1,schis02,008caa307bf7bc3fb96f9cedb3c4e6b0b66000c7ead30868f502c27b868009fa,449fe932704c40454f8ab8c2ae100658f41ca20d1fd591ede6f8aca9cb47ff74
sycaudit__schis02_f3b51f2e57c513,train,12,schis02,c2ecff6fe2faba93b13c330f775255ffdf360328b604c095b364557db9908bae,8a9063c4e78ec88d9c91591ddb90983703f0314da308765fe808687a11e4677c
sycaudit__schis02_f3f1c613c7f7fd,train,12,schis02,d8c6c7b6da5bc4755f457ed0dd32867795f5928babb4a12caa74704aed9b2289,7436b01e2cce7e853625c250d8185b791c6149f5b12967851c9b0c9be39b2e22
sycaudit__schis02_f40cc094073091,train,3,schis02,03a1ec5d6583c5c0286038ed8ec3e45de19a065b717b5b916cfa398d0cda6c64,2fa0c6a18809181d0523d3a9eff1b17e50cee1a6127922912ee19eedf72dbf69
sycaudit__schis02_f416d732b13c1a,train,82,schis02,deb5a33b5309bea5f32b441ff17d63e0fb5e926c2cbb8c281e84fe8a343e7b6f,e88e544b1272775aa40129f4c52730d644ac4b3cffe62acf9167f0de94a21962
sycaudit__schis02_f4337ccd2a54a7,train,39,schis02,4c1c151a47d6bb6db818bba8da727269f2eb6002c859d553baadbfb2040c25b4,11d1b41c6bd2bb1b5dfe94dfc97b71dadf8fe4fb2ad4f291a0dc087a88528e59
sycaudit__schis02_f43deea398a24d,train,81,schis02,39c9e848ae6d341e62625bc06d1eb470c061621c9a96b5ff5335292735f1e3c3,7adfc307b79e99bb1b7504ea9c78ed315bcfbec5f0c8c5a907b31c8f86ad7cc2
sycaudit__schis02_f48d0aa9fc1cae,train,90,schis02,6aa00bbb4e2e5873d394987f1c4f1ffb35ba4f75787221d54fc23910d2a69b42,a168ea0cae144f44ccda61419457b01f745e079015ba31898395f01d78960c07
sycaudit__schis02_f4d6ad7950b480,train,20,schis02,ddd3d2a2795989661145780cfbd9542c46504fafeeef7a3533392cc672a062ff,4652839b7ed022a5b15f31c96e074a228f64074c60a4c417d941454dfc260417
sycaudit__schis02_f5082f7b25c679,train,95,schis02,66431d79d321dce964dea3298da1af50005488ff72bc2f2c52c16c3f67c14b70,b91fe96e51d704f37af744c94bf76e8b8c49f5290e4c3495a90b243cc28cae50
sycaudit__schis02_f53af47c6df018,train,16,schis02,3f2375a7b42e42b743d07cde24868b97a98a0ffc8bbb67dc3e492748b4008a8c,c2708c91ce207037586affa729f39842fc2fd4caea17f4131fec9cb36e17ca59
sycaudit__schis02_f59b4e7893ce33,train,87,schis02,64c68c62398738d9c6933fd442a6541bb2ad19dbf6001c27e979e382fdf6ecde,a4e5920c929a877887f13fe9a31d92319902de1b7544e809e75ef2fa6db8fbbe
sycaudit__schis02_f5b582d625a27b,train,77,schis02,45c9f1812e0e4042d7775d0736dd13af029c8f1785b802bfa256295280828a3f,7cad690a4348fd12c43328a378e37e8b32f64b7e0150199d9111ca4687f244bd
sycaudit__schis02_f5c434e66ef841,train,89,schis02,db5092b610a629756e0ef9947b3b98c8b3b44215dcf74b7a5c5777a543841a0e,43ddbf2c5f22c91d590e742347e36de00d3010b6f698329eb25a32472d7695ee
sycaudit__schis02_f5ca5a268925c2,train,85,schis02,4352774b694b0e4705c7b9dd7e546a554f2366d8221ba77e5055a7b411897acb,db34d6ee7a5ac71b36a1e162f62d102e1627f75a15001c84bad6b0bd626443fd
sycaudit__schis02_f61edd00a9e43f,train,81,schis02,39c9e848ae6d341e62625bc06d1eb470c061621c9a96b5ff5335292735f1e3c3,a2e1486c81bc4d57aaa550db81e41bca5de8702216f0cf7a2917c2b31668399a
sycaudit__schis02_f637e5bac0be13,train,20,schis02,c6a7bd2c659a9db03612eacb64dc81a0141874e9e75a6fa93f8454e849f356ab,26a287372bd581c754e7d7bfd5aa9a5f9c66c9991991d6dde1d0f6bb6b56ffcc
sycaudit__schis02_f63c8f13d40c5a,train,91,schis02,5057bf11032df6d3c2698475a2dd6f12846e0ed01804868360c8e623f0493d24,cb277162f5ad4de29164260c0a8f4a84e66e6889cdba8daa4bf66554fb92b691
sycaudit__schis02_f65aeea1e4bcc5,train,73,schis02,ca82474fc66d6a706fcbc977197b5f2061b4f42640ae657b36ab5c3b4c6a0ce0,9e46f43c408523eaa723b567a51a8b6bcdc9b934cbdf858a40b06479641a519d
sycaudit__schis02_f67e1f2756cc06,train,85,schis02,4352774b694b0e4705c7b9dd7e546a554f2366d8221ba77e5055a7b411897acb,c8e9e7d245d6f716316ce2e03d97e10b85d0d347568cd5afe111de3931f97ad3
sycaudit__schis02_f6a406d055c594,validation,4,schis02,5ba6a5628ece3d25212b8addedb619d5c8adb3b293f0c0f394196e3c82d743d3,9b8a5e0ec76caf911be5cc48096c0e8a345bac684b337cd016e4fd5fa3bbb721
sycaudit__schis02_f6ca12cb5ae99b,train,82,schis02,9c28e63526ae3208bbf5d8dcfdc4fecccde97ccad1b07a7719f56fc5074f2868,a5f3aeb4cb97abc83ba2b028a0b158ae9798270dfc388d3073afd962e0ffbfe6
sycaudit__schis02_f79a6e9ae5130b,test,35,schis02,9ca6e9c6ac15834692f7f546c106e4d9a0d0a8aaa07fb56ff330921f185f1215,4e286222ad6c74c264a468f55c3392387c9e17fcbc354c24f2c4a616f557fa0d
sycaudit__schis02_f79eb35c99f748,train,75,schis02,46bb80d54c7287958abac34c47cc9b397032f1c9412725f41443ccfcc8dca15e,f52fe3b8562ad993a1ef73c98857b1159888680392512a78cd29ae2b9ff270f7
sycaudit__schis02_f838721249cac1,train,76,schis02,dd9be73f1559c64585300da5b75d3452925cc0a0cb206c7deebde6f629e938a1,fc5910677991211d385f6f1e8fecf13d3b7bb99d80ba470c5182f482ce05f27a
sycaudit__schis02_f8865287dde309,train,14,schis02,ebcce80338f1a3fadf20c6263b97fbd4e5a05de1100e0b58de30721ae49c1760,6846274705eeb3531541c902d2cd5a201617343eac4cba9cb16366960334b2bc
sycaudit__schis02_f888f7015b6c69,train,1,schis02,26a8e83e70e1e9a4ec52d2ca4e4f403b6bf9454bf7b8172d6c3f5b7c897465fc,98c890f9d907780015f52517be8956e1312b60199e5b1193de4c60ea8d6c5227
sycaudit__schis02_f8a02a17f2dffc,train,0,schis02,d3926a8563a630c5623479a596fea30cf7a671f0d67a1e0871c16dfa3addae56,155bd5ea3a0bb1dd85278720e464c136d3563ba20e6264f28f0af4e3485c4b41
sycaudit__schis02_f8bf5c689ad523,train,15,schis02,fe7bb3762d7fdcc356153e094c33bd85af0f9583b30409fc2c175d7ac5357114,162f5d7950997921d5ab67b8aca1d07c2262461bb747bcd24f2c5ef465b4541d
sycaudit__schis02_f8ff7423d63bb2,train,76,schis02,8624452af860d629de8aa6fc4c746b8178775f0796d222a0acc276b59bc626fe,74944d5fa73b44640ebc1e2f8d2184f668fa8640bcb728f55bfda69224cf4071
sycaudit__schis02_f9069e8bad95b8,train,76,schis02,6166ed55f15e59522f3f68c769b1f18b7cfdb554c39052de71a66ec047112a1d,aeb5c150c824a2bb91d562c31621d896531cc83d85d1c1faa4ac530e11cd0306
sycaudit__schis02_f9e16d974e626d,train,92,schis02,e03af9dee3a06e469ae5439c13fa5b8fa805068abe3a5e32277271025e390af8,d61684a42592eaf77dc23876efaf230409805b8332deb0003931275a47c9c057
sycaudit__schis02_fa2e1bd6b84898,train,12,schis02,c33dd86d07985a300223f6cc5f15b076de9bb425522ce303dcc0e1b0d27163a2,7680f0885f903b992307bcc7572aa6428035b4b4b6dcb55d82b0d5ef577cb15c
sycaudit__schis02_fa84f556444ff7,train,95,schis02,7e0a0c5f40d3266865b2ae1eac69fbff7dd16773efe2555cf01680c2cf1b9f9f,9853de8f1844b0dc1b6389954a476218588032730e2e8296528f90e6deaf80c2
sycaudit__schis02_fa9c957bfbf583,train,0,schis02,d3926a8563a630c5623479a596fea30cf7a671f0d67a1e0871c16dfa3addae56,b3500304da67709ddeee62485f9a9748518d5412e3cf4a30f64663e8c4cbbd1a
sycaudit__schis02_fac0825942d7cd,train,84,schis02,0ba5e27a32fbeddad56fc54d7370444bf1bb0b32de90f13f7c7b4f74c0dee661,d3105e7681f19de9531d8f1275bac72eebfda0618a719f72552e4ef862c3fa93
sycaudit__schis02_fb7623f0c11398,train,20,schis02,ddd3d2a2795989661145780cfbd9542c46504fafeeef7a3533392cc672a062ff,86209e028904c466123541a1381d0c0e91435521e792dcd9a239ba21d2002281
sycaudit__schis02_fb8778411e7c3d,train,84,schis02,e0ab559b4ec07f89e763932a99eb62220e9e597d79da854837cf4d73a57808cd,53dbb6353c56ec0a97235761a63820ea01ec462c70b77779e3e9d5e42e6e8265
sycaudit__schis02_fbee822b4e8a9e,train,85,schis02,2489a9c16913f6d737092aaa988a38e9e5774c3d356db92afe80af4acb7b0197,e4c86af6530de9658725f7f586f94c136381fcb5f3cae386bd3a7e423261b331
sycaudit__schis02_fd0d3506c018f7,train,90,schis02,18a0384ec40b579a3831c11069e821b83bdda638e4197df39d38637462cee308,2ffeaea7c3d182ea77e1888ac306c142c6148b9f098d9d91cc0ff01217229a8c
sycaudit__schis02_fd389c6f5f9c32,train,93,schis02,e0e07b0d3bc6a50f18b0fec2333c3b7b5ef871d8975ebb10065ef8a3d0906fdd,d6cd9805e12eeb660dcec80bebdc03140cd2f5b718a7c81f75c9a59d24dac898
sycaudit__schis02_fd59513c0d99a5,train,89,schis02,800ba6ce52705a69ec7e04d2dfc3736f3392389a4e4d496df8480fdae8fb86d9,6961c7a1b71f7b056f39a8f33c9cbda4ecdf20741969f3c62cbc02103cb60e2e
sycaudit__schis02_fdd180efb9a88a,validation,4,schis02,632203e22ac0c9bb63d95369ac89dadb608095cbed9803cb52051da78b29ebe1,d2a215c3aa52d336a3b4a8bfc980c0d0d4826121024cfb808ab516a1f24b3b74
sycaudit__schis02_fdf51679121ba8,train,76,schis02,83a45591113f42b33d23810406c1ea32fcdc39140d578405bbca5e50c377eaaa,5ef3d172df66bdd24927f3d28e45b88216936217d0ef1b5ddf2f5488ca7cbd04
sycaudit__schis02_fe2b4d9598b719,train,15,schis02,fe7bb3762d7fdcc356153e094c33bd85af0f9583b30409fc2c175d7ac5357114,06da465bf571b1886a0dfa1b1902545c6364d9450f7c36e368627e68cc60d819
sycaudit__schis02_fe9f87d5f30810,train,0,schis02,cec138a177b12701d6c1f0585fc7482c544fa8ac98c58265e51642b156819322,21722f21d3beb66cb0f689f0a6024554be160fa03e22313d96fa734b21ec8752
sycaudit__schis02_ff792e48895e46,train,7,schis02,608aef7f9e627c87c54ccf002440aa2c6cff5b0a117219fcc3249c4479c555a8,0c95b00fb857d06d8e9f1a2325a17b6c5bb3756f8c5fce840042ac24d1721604
sycaudit__schis02_ffa77659858330,train,76,schis02,83a45591113f42b33d23810406c1ea32fcdc39140d578405bbca5e50c377eaaa,7870bd4b70e5e884cde7c3f254243ce98836195076b7ab3e5a7dc35bef3ec62d
sycaudit__schis02_ffc735828d84e6,train,91,schis02,eb4ace7d02c5d396bebcf29c09f0ef09e25da123b27321090e09b3c545785676,4d4c074b6b62c8eb3440dd3066db0c48fccdc4db4ff6e85bc4b66757bd00233e
sycaudit__schis02_ffc77e92ada27a,train,17,schis02,613eb13dfdceecdb4d856a3516dccffb52cc509a7bafaba9eaf98d14f24e04a5,c18d9c27e16e7050339bae2a2b61600be4d7a20c415aa0ccb570190262726dfd
sycaudit__schis02_ffe9b42a96fc90,train,11,schis02,0884b17c9be312d9dbd94cf0ef9aeb53df9d01774dae42c9f92be445752025ac,7865bf38b6711b1efdba6dba3944971869bef1694cb207634b0fc391a96685ab
sycaudit__schis02_fff3076f46024b,train,83,schis02,2951462437846b8c59d465c7bdb045be07c64ab4fca9392f33ff23ce50c5fd2b,7dc627711ae0c3e3f3e3d459fa30dc83f70d27f778d4389f7af87699bd8bb01a
sycaudit__schis02_fffcbc4e47350a,train,11,schis02,abb7ad2812e9bff6d3a6540fd1c6476301cfcdc14c4b338f859bdd1fd9de9edf,21acb1d47fe097ccfaeaccab862df1bd76c62feb9442315f80897bb214555718
